{
  "dataset_id": "ds003478:sub-006:rest_Rest_run-02",
  "subject": "sub-006",
  "session": null,
  "reliability_axes": {
    "m": 0.7363973300170071,
    "d": 0.9737007182499229,
    "e": 0.8459517365625306
  },
  "reliability_subcoords": {
    "m_a": 0.722969217826855,
    "m_e": 0.9650827880741635,
    "m_o": 0.9470584532830096,
    "d_n": 0.8564915995516775,
    "d_l": 0.9713380075488232,
    "d_s": 0.989449011390199,
    "e_e": 0.8910324930623295,
    "e_s": 0.742973906177244,
    "e_m": null
  }
}