{
  "dataset_id": "ds003478:sub-077:rest_Rest_run-01",
  "subject": "sub-077",
  "session": null,
  "reliability_axes": {
    "m": 0.48165523593564924,
    "d": 0.8431006569258781,
    "e": 0.657618170226977
  },
  "reliability_subcoords": {
    "m_a": 0.8679808730138742,
    "m_e": 0.6574944603537487,
    "m_o": 0.7032644496703316,
    "d_n": 0.39058642876433314,
    "d_l": 0.8906105526877545,
    "d_s": 0.8495025730678123,
    "e_e": 0.7974791736363427,
    "e_s": 0.7956015593916836,
    "e_m": 0.7339120993413775
  }
}