{
  "dataset_id": "ds003478:sub-077:rest_Rest_run-01",
  "subject": "sub-077",
  "session": null,
  "coverage": {
    "epochs": 126,
    "seconds": 504.0
  },
  "artifacts": {
    "methods": [
      "none"
    ],
    "bad_eeg_channels": [],
    "n_bad_eeg_channels": 0,
    "stem_collisions": {}
  },
  "ensemble": {
    "var_by_subcoord": {
      "m_a": 0.006985608488321304,
      "m_e": 6.488008511951193e-05,
      "m_o": 0.0010617412626743317,
      "d_n": 0.010626808740198612,
      "d_l": 0.02879314124584198,
      "d_s": 0.11439560353755951,
      "e_e": 9.201396833054612e-14,
      "e_s": 0.00418786471709609,
      "e_m": 0.0
    },
    "var_mean": 0.01845729423076704,
    "var_max": 0.11439560353755951
  },
  "reliability": {
    "axes": {
      "m": 0.48165523593564924,
      "d": 0.8431006569258781,
      "e": 0.657618170226977
    },
    "subcoords": {
      "m_a": 0.8679808730138742,
      "m_e": 0.6574944603537487,
      "m_o": 0.7032644496703316,
      "d_n": 0.39058642876433314,
      "d_l": 0.8906105526877545,
      "d_s": 0.8495025730678123,
      "e_e": 0.7974791736363427,
      "e_s": 0.7956015593916836,
      "e_m": 0.7339120993413775
    }
  },
  "dist_summary": {
    "axes": {
      "m": {
        "n": 126,
        "nan_frac": 0.0,
        "mean": 0.07424932633367708,
        "median": 0.08690571039915085,
        "std": 0.3432317742081756,
        "iqr": 0.49625952541828156,
        "mad": 0.24393898248672485,
        "mad_sigma": 0.36166393543481823,
        "skewness": 0.135484536073169,
        "kurtosis_excess": -0.24167333057603368,
        "delta_mean_median": -0.012656384065473772
      },
      "d": {
        "n": 126,
        "nan_frac": 0.0,
        "mean": 0.7576746200839619,
        "median": 0.20949450135231018,
        "std": 1.2356350363091713,
        "iqr": 2.440801218152046,
        "mad": 0.8624725639820099,
        "mad_sigma": 1.2787018233597278,
        "skewness": 0.2958173071113082,
        "kurtosis_excess": -1.558697883626012,
        "delta_mean_median": 0.5481801187316517
      },
      "e": {
        "n": 126,
        "nan_frac": 0.0,
        "mean": 0.23738669842067692,
        "median": 0.25830595195293427,
        "std": 0.34632235004295464,
        "iqr": 0.4109401125460863,
        "mad": 0.2093140222132206,
        "mad_sigma": 0.3103289693333208,
        "skewness": -0.23029880003652015,
        "kurtosis_excess": -0.28051097482268395,
        "delta_mean_median": -0.020919253532257348
      }
    },
    "subcoords": {
      "m_a": {
        "n": 126,
        "nan_frac": 0.0,
        "mean": 0.16815248672066938,
        "median": -0.035190215334296227,
        "std": 0.8103220335536212,
        "iqr": 1.4995710104703903,
        "mad": 0.7030505333095789,
        "mad_sigma": 1.0423427206847815,
        "skewness": 0.15039624161992665,
        "kurtosis_excess": -1.2925711511377664,
        "delta_mean_median": 0.2033427020549656
      },
      "m_e": {
        "n": 126,
        "nan_frac": 0.0,
        "mean": -0.07140868427490608,
        "median": -0.04730246402323246,
        "std": 0.3818709081391876,
        "iqr": 0.6056471727788448,
        "mad": 0.301858389750123,
        "mad_sigma": 0.4475352486435324,
        "skewness": 0.012126220090575684,
        "kurtosis_excess": -0.6447925441446456,
        "delta_mean_median": -0.024106220251673624
      },
      "m_o": {
        "n": 126,
        "nan_frac": 0.0,
        "mean": 0.1228981027231803,
        "median": 0.0004977751523256302,
        "std": 0.8106452849003578,
        "iqr": 1.320696011185646,
        "mad": 0.6100599300116301,
        "mad_sigma": 0.9044748522352427,
        "skewness": 0.2868045941335394,
        "kurtosis_excess": -0.6714834213196732,
        "delta_mean_median": 0.12240032757085467
      },
      "d_n": {
        "n": 126,
        "nan_frac": 0.0,
        "mean": 0.061093929238499156,
        "median": -0.028928473591804504,
        "std": 0.762451409167662,
        "iqr": 0.6085781082510948,
        "mad": 0.3100537359714508,
        "mad_sigma": 0.45968566895127294,
        "skewness": 2.3645792899503797,
        "kurtosis_excess": 9.473502410907361,
        "delta_mean_median": 0.09002240283030366
      },
      "d_l": {
        "n": 126,
        "nan_frac": 0.0,
        "mean": 1.1312619347332253,
        "median": 0.013492043130099773,
        "std": 1.8292533946641956,
        "iqr": 3.7474036812782288,
        "mad": 0.6625493718311191,
        "mad_sigma": 0.9822956986768171,
        "skewness": 0.46581579354644137,
        "kurtosis_excess": -1.5939127169027996,
        "delta_mean_median": 1.1177698916031256
      },
      "d_s": {
        "n": 126,
        "nan_frac": 0.0,
        "mean": 0.9074915448528906,
        "median": 0.2941322326660156,
        "std": 1.6877790306226588,
        "iqr": 3.1935060173273087,
        "mad": 1.2348424196243286,
        "mad_sigma": 1.8307773713350295,
        "skewness": 0.3340009365860612,
        "kurtosis_excess": -1.437765340083207,
        "delta_mean_median": 0.613359312186875
      },
      "e_e": {
        "n": 126,
        "nan_frac": 0.0,
        "mean": 0.09157495943474628,
        "median": -1.3131648302078247e-06,
        "std": 0.8424774279044135,
        "iqr": 1.4210417717695236,
        "mad": 0.6744894068688154,
        "mad_sigma": 0.9999979946237056,
        "skewness": -0.015824448785899645,
        "kurtosis_excess": -0.8520746378045643,
        "delta_mean_median": 0.09157627259957649
      },
      "e_s": {
        "n": 126,
        "nan_frac": 0.0,
        "mean": 0.43267868559748407,
        "median": 0.25071607530117035,
        "std": 0.6006307381771041,
        "iqr": 1.1437711101025343,
        "mad": 0.43869975209236145,
        "mad_sigma": 0.6504162524521351,
        "skewness": 0.37341176772010015,
        "kurtosis_excess": -1.208502571194786,
        "delta_mean_median": 0.18196261029631372
      },
      "e_m": {
        "n": 126,
        "nan_frac": 0.0,
        "mean": 0.33268544772669434,
        "median": -2.3283064365386963e-07,
        "std": 1.6982252118901056,
        "iqr": 1.3720905482769012,
        "mad": 0.6744906902313232,
        "mad_sigma": 0.9999998973369598,
        "skewness": 1.9353633479643557,
        "kurtosis_excess": 4.394907501142037,
        "delta_mean_median": 0.332685680557338
      }
    }
  },
  "entropy_provisional": {},
  "tau_summary": {
    "axes": {
      "m": {
        "tau_sec": 8.0,
        "dt_sec": 4.0,
        "max_lag_sec": 60.0,
        "threshold": 0.36787944117144233,
        "nan_frac": 0.0,
        "nan_policy": "strict"
      },
      "d": {
        "tau_sec": 32.0,
        "dt_sec": 4.0,
        "max_lag_sec": 60.0,
        "threshold": 0.36787944117144233,
        "nan_frac": 0.0,
        "nan_policy": "strict"
      },
      "e": {
        "tau_sec": 8.0,
        "dt_sec": 4.0,
        "max_lag_sec": 60.0,
        "threshold": 0.36787944117144233,
        "nan_frac": 0.0,
        "nan_policy": "strict"
      }
    },
    "subcoords": {
      "m_a": {
        "tau_sec": 32.0,
        "dt_sec": 4.0,
        "max_lag_sec": 60.0,
        "threshold": 0.36787944117144233,
        "nan_frac": 0.0,
        "nan_policy": "strict"
      },
      "m_e": {
        "tau_sec": 16.0,
        "dt_sec": 4.0,
        "max_lag_sec": 60.0,
        "threshold": 0.36787944117144233,
        "nan_frac": 0.0,
        "nan_policy": "strict"
      },
      "m_o": {
        "tau_sec": 20.0,
        "dt_sec": 4.0,
        "max_lag_sec": 60.0,
        "threshold": 0.36787944117144233,
        "nan_frac": 0.0,
        "nan_policy": "strict"
      },
      "d_n": {
        "tau_sec": 8.0,
        "dt_sec": 4.0,
        "max_lag_sec": 60.0,
        "threshold": 0.36787944117144233,
        "nan_frac": 0.0,
        "nan_policy": "strict"
      },
      "d_l": {
        "tau_sec": 36.0,
        "dt_sec": 4.0,
        "max_lag_sec": 60.0,
        "threshold": 0.36787944117144233,