{
  "dataset_id": "ds003478:sub-053:rest_Rest_run-02",
  "subject": "sub-053",
  "session": null,
  "reliability_axes": {
    "m": 0.1140814750546733,
    "d": 0.6204386369022079,
    "e": 0.7803820634925965
  },
  "reliability_subcoords": {
    "m_a": 0.4915367726738794,
    "m_e": 0.3130846457862284,
    "m_o": 0.3333735584814895,
    "d_n": 0.3205248396076755,
    "d_l": 0.7406448621632842,
    "d_s": 0.7558358254635713,
    "e_e": 0.6730508292392369,
    "e_s": 0.6741202355967542,
    "e_m": 0.7132468001008987
  }
}