{
  "dataset_id": "ds003478:sub-053:rest_Rest_run-02",
  "subject": "sub-053",
  "session": null,
  "coverage": {
    "epochs": 41,
    "seconds": 164.0
  },
  "artifacts": {
    "methods": [
      "none"
    ],
    "bad_eeg_channels": [],
    "n_bad_eeg_channels": 0,
    "stem_collisions": {}
  },
  "ensemble": {
    "var_by_subcoord": {
      "m_a": 0.03468283265829086,
      "m_e": 0.001215140800923109,
      "m_o": 0.0011626232881098986,
      "d_n": 0.022602465003728867,
      "d_l": 0.005088350735604763,
      "d_s": 0.03535029664635658,
      "e_e": 0.0,
      "e_s": 0.02565694972872734,
      "e_m": 0.0
    },
    "var_mean": 0.013973184317971269,
    "var_max": 0.03535029664635658
  },
  "reliability": {
    "axes": {
      "m": 0.1140814750546733,
      "d": 0.6204386369022079,
      "e": 0.7803820634925965
    },
    "subcoords": {
      "m_a": 0.4915367726738794,
      "m_e": 0.3130846457862284,
      "m_o": 0.3333735584814895,
      "d_n": 0.3205248396076755,
      "d_l": 0.7406448621632842,
      "d_s": 0.7558358254635713,
      "e_e": 0.6730508292392369,
      "e_s": 0.6741202355967542,
      "e_m": 0.7132468001008987
    }
  },
  "dist_summary": {
    "axes": {
      "m": {
        "n": 41,
        "nan_frac": 0.0,
        "mean": -0.07822220608955477,
        "median": -0.21923568844795227,
        "std": 0.5444636125079301,
        "iqr": 0.8127876222133636,
        "mad": 0.3812169134616852,
        "mad_sigma": 0.5651921958982944,
        "skewness": 0.4538211014568257,
        "kurtosis_excess": -0.33886967879782226,
        "delta_mean_median": 0.1410134823583975
      },
      "d": {
        "n": 41,
        "nan_frac": 0.0,
        "mean": 0.22495959694610862,
        "median": 0.1646619290113449,
        "std": 0.6057668377843446,
        "iqr": 1.1757044792175293,
        "mad": 0.6071803420782089,
        "mad_sigma": 0.9002055751651525,
        "skewness": 0.0013394102329291342,
        "kurtosis_excess": -1.4018332396768285,
        "delta_mean_median": 0.06029766793476371
      },
      "e": {
        "n": 41,
        "nan_frac": 0.0,
        "mean": -0.025990508031100035,
        "median": -0.006787327118217945,
        "std": 0.4565330640140863,
        "iqr": 0.535191684961319,
        "mad": 0.27062508184462786,
        "mad_sigma": 0.4012287463428452,
        "skewness": 0.7445003814412163,
        "kurtosis_excess": 2.4046184848756553,
        "delta_mean_median": -0.01920318091288209
      }
    },
    "subcoords": {
      "m_a": {
        "n": 41,
        "nan_frac": 0.0,
        "mean": -0.04359269060376214,
        "median": 0.12832923233509064,
        "std": 0.9550799901825769,
        "iqr": 1.2595565617084503,
        "mad": 0.5579671710729599,
        "mad_sigma": 0.8272421278327703,
        "skewness": 0.1359833159413343,
        "kurtosis_excess": -0.04222069896058489,
        "delta_mean_median": -0.17192192293885278
      },
      "m_e": {
        "n": 41,
        "nan_frac": 0.0,
        "mean": -0.1443059162077744,
        "median": -0.10317462682723999,
        "std": 0.38136826052178613,
        "iqr": 0.45943815261125565,
        "mad": 0.23431983590126038,
        "mad_sigma": 0.34740258870720864,
        "skewness": -0.8677635662739199,
        "kurtosis_excess": 1.0819806240882661,
        "delta_mean_median": -0.0411312893805344
      },
      "m_o": {
        "n": 41,
        "nan_frac": 0.0,
        "mean": -0.04516498799004206,
        "median": -0.1753738671541214,
        "std": 0.8345669045311167,
        "iqr": 1.207142949104309,
        "mad": 0.5563685148954391,
        "mad_sigma": 0.824871960183978,
        "skewness": 0.2654135210430997,
        "kurtosis_excess": 0.002744147645300732,
        "delta_mean_median": 0.13020887916407933
      },
      "d_n": {
        "n": 41,
        "nan_frac": 0.0,
        "mean": 0.0188723722609078,
        "median": -0.08262771368026733,
        "std": 0.5808531553210107,
        "iqr": 0.7964139580726624,
        "mad": 0.4670863449573517,
        "mad_sigma": 0.6925022150337695,
        "skewness": 0.728151007056,
        "kurtosis_excess": 0.14742343061332042,
        "delta_mean_median": 0.10150008594117513
      },
      "d_l": {
        "n": 41,
        "nan_frac": 0.0,
        "mean": 0.3400418345884579,
        "median": 0.03929579257965088,
        "std": 1.0102951966218836,
        "iqr": 1.8472082614898682,
        "mad": 0.7045621871948242,
        "mad_sigma": 1.0445838987350464,
        "skewness": 0.3487970158058514,
        "kurtosis_excess": -1.3570720368952731,
        "delta_mean_median": 0.300746042008807
      },
      "d_s": {
        "n": 41,
        "nan_frac": 0.0,
        "mean": 0.2559459412970194,
        "median": 0.05118292570114136,
        "std": 0.889035933043915,
        "iqr": 1.41629558801651,
        "mad": 0.6450807452201843,
        "mad_sigma": 0.9563967128634452,
        "skewness": 0.4012973413924389,
        "kurtosis_excess": -0.6878445720785198,
        "delta_mean_median": 0.20476301559587806
      },
      "e_e": {
        "n": 41,
        "nan_frac": 0.0,
        "mean": -0.16015900521561865,
        "median": 0.0,
        "std": 0.9122475234051054,
        "iqr": 1.2306309044361115,
        "mad": 0.674490749835968,
        "mad_sigma": 0.9999999857068061,
        "skewness": -0.08242223653192728,
        "kurtosis_excess": -0.517880902099193,
        "delta_mean_median": -0.16015900521561865
      },
      "e_s": {
        "n": 41,
        "nan_frac": 0.0,
        "mean": 0.16657879548828777,
        "median": 0.13209857046604156,
        "std": 0.6388162186466291,
        "iqr": 0.7802370339632034,
        "mad": 0.3904200941324234,
        "mad_sigma": 0.5788368315607308,
        "skewness": 0.306904168197624,
        "kurtosis_excess": -0.34676201783470706,
        "delta_mean_median": 0.03448022502224621
      },
      "e_m": {
        "n": 41,
        "nan_frac": 0.0,
        "mean": -0.20431525010343005,
        "median": 0.0,
        "std": 1.1117226859466025,
        "iqr": 1.4406371116638184,
        "mad": 0.674490749835968,
        "mad_sigma": 0.9999999857068061,
        "skewness": -0.5636926770643738,
        "kurtosis_excess": 1.0336135051997095,
        "delta_mean_median": -0.20431525010343005
      }
    }
  },
  "entropy_provisional": {},
  "tau_summary": {
    "axes": {
      "m": {
        "tau_sec": 8.0,
        "dt_sec": 4.0,
        "max_lag_sec": 60.0,
        "threshold": 0.36787944117144233,
        "nan_frac": 0.0,
        "nan_policy": "strict"
      },
      "d": {
        "tau_sec": 8.0,
        "dt_sec": 4.0,
        "max_lag_sec": 60.0,
        "threshold": 0.36787944117144233,
        "nan_frac": 0.0,
        "nan_policy": "strict"
      },
      "e": {
        "tau_sec": 8.0,
        "dt_sec": 4.0,
        "max_lag_sec": 60.0,
        "threshold": 0.36787944117144233,
        "nan_frac": 0.0,
        "nan_policy": "strict"
      }
    },
    "subcoords": {
      "m_a": {
        "tau_sec": 8.0,
        "dt_sec": 4.0,
        "max_lag_sec": 60.0,
        "threshold": 0.36787944117144233,
        "nan_frac": 0.0,
        "nan_policy": "strict"
      },
      "m_e": {
        "tau_sec": 8.0,
        "dt_sec": 4.0,
        "max_lag_sec": 60.0,
        "threshold": 0.36787944117144233,
        "nan_frac": 0.0,
        "nan_policy": "strict"
      },
      "m_o": {
        "tau_sec": 8.0,
        "dt_sec": 4.0,
        "max_lag_sec": 60.0,
        "threshold": 0.36787944117144233,
        "nan_frac": 0.0,
        "nan_policy": "strict"
      },
      "d_n": {
        "tau_sec": 8.0,
        "dt_sec": 4.0,
        "max_lag_sec": 60.0,
        "threshold": 0.36787944117144233,
        "nan_frac": 0.0,
        "nan_policy": "strict"
      },
      "d_l": {
        "tau_sec": 8.0,
        "dt_sec": 4.0,
        "max_lag_sec": 60.0,
        "threshold": 0.36787944117144233,
        "nan_frac": 0.0,
        "nan_policy": "strict"
      },