{
  "dataset_id": "ds003478:sub-103:rest_Rest_run-01",
  "subject": "sub-103",
  "session": null,
  "reliability_axes": {
    "m": 0.6504725333843907,
    "d": 0.7518167713223443,
    "e": 0.7031053503946592
  },
  "reliability_subcoords": {
    "m_a": 0.6375692072108529,
    "m_e": 0.8691442060494354,
    "m_o": 0.8630794138325287,
    "d_n": 0.8266933117489685,
    "d_l": 0.6977963853835998,
    "d_s": 0.8629644290898962,
    "e_e": 0.8331976088738758,
    "e_s": 0.4846414666518301,
    "e_m": 0.5951771017251779
  }
}