{
  "dataset_id": "ds003478:sub-103:rest_Rest_run-01",
  "subject": "sub-103",
  "session": null,
  "coverage": {
    "epochs": 125,
    "seconds": 500.0
  },
  "artifacts": {
    "methods": [
      "none"
    ],
    "bad_eeg_channels": [
      "CPZ",
      "CZ"
    ],
    "n_bad_eeg_channels": 2,
    "stem_collisions": {}
  },
  "ensemble": {
    "var_by_subcoord": {
      "m_a": 0.004829101264476776,
      "m_e": 0.002778605092316866,
      "m_o": 0.0025654444471001625,
      "d_n": 0.007478395476937294,
      "d_l": 0.004982771351933479,
      "d_s": 0.0099108861759305,
      "e_e": 0.0,
      "e_s": 0.0013967419508844614,
      "e_m": 0.0
    },
    "var_mean": 0.0037713273066199487,
    "var_max": 0.0099108861759305
  },
  "reliability": {
    "axes": {
      "m": 0.6504725333843907,
      "d": 0.7518167713223443,
      "e": 0.7031053503946592
    },
    "subcoords": {
      "m_a": 0.6375692072108529,
      "m_e": 0.8691442060494354,
      "m_o": 0.8630794138325287,
      "d_n": 0.8266933117489685,
      "d_l": 0.6977963853835998,
      "d_s": 0.8629644290898962,
      "e_e": 0.8331976088738758,
      "e_s": 0.4846414666518301,
      "e_m": 0.5951771017251779
    }
  },
  "dist_summary": {
    "axes": {
      "m": {
        "n": 125,
        "nan_frac": 0.0,
        "mean": -0.17667956296913326,
        "median": -0.23375371098518372,
        "std": 0.46257957439087527,
        "iqr": 0.6550653427839279,
        "mad": 0.296657457947731,
        "mad_sigma": 0.439824347153306,
        "skewness": 0.3295212356928775,
        "kurtosis_excess": -0.29806509208420007,
        "delta_mean_median": 0.05707414801605046
      },
      "d": {
        "n": 125,
        "nan_frac": 0.0,
        "mean": 0.025065220668911935,
        "median": 0.12268052995204926,
        "std": 0.6733948154221883,
        "iqr": 1.0066917538642883,
        "mad": 0.5029705911874771,
        "mad_sigma": 0.7457041984945535,
        "skewness": 0.08842996298672795,
        "kurtosis_excess": -0.4744422034543052,
        "delta_mean_median": -0.09761530928313732
      },
      "e": {
        "n": 125,
        "nan_frac": 0.0,
        "mean": 0.17212855944037436,
        "median": 0.11313505470752716,
        "std": 0.5562833828773516,
        "iqr": 0.8661207258701324,
        "mad": 0.4071752578020096,
        "mad_sigma": 0.6036780372172593,
        "skewness": 0.6373703109760817,
        "kurtosis_excess": 0.052615580425907194,
        "delta_mean_median": 0.0589935047328472
      }
    },
    "subcoords": {
      "m_a": {
        "n": 125,
        "nan_frac": 0.0,
        "mean": -0.27909883845411243,
        "median": -0.13030633330345154,
        "std": 0.9880804059260923,
        "iqr": 1.1302334368228912,
        "mad": 0.548317164182663,
        "mad_sigma": 0.812935027617216,
        "skewness": -0.5497922394513386,
        "kurtosis_excess": -0.007489401417686281,
        "delta_mean_median": -0.1487925051506609
      },
      "m_e": {
        "n": 125,
        "nan_frac": 0.0,
        "mean": -0.15402168005146086,
        "median": -0.05728556588292122,
        "std": 0.3390178787142305,
        "iqr": 0.5945281982421875,
        "mad": 0.2474578209221363,
        "mad_sigma": 0.36688096529915926,
        "skewness": -0.5173948854425597,
        "kurtosis_excess": -0.7070927386111214,
        "delta_mean_median": -0.09673611416853964
      },
      "m_o": {
        "n": 125,
        "nan_frac": 0.0,
        "mean": -0.06326152302324772,
        "median": 0.1001344695687294,
        "std": 0.6881311933460214,
        "iqr": 1.2880327105522156,
        "mad": 0.5864115580916405,
        "mad_sigma": 0.8694137760266661,
        "skewness": -0.0974022010267139,
        "kurtosis_excess": -1.3418641609069886,
        "delta_mean_median": -0.16339599259197712
      },
      "d_n": {
        "n": 125,
        "nan_frac": 0.0,
        "mean": -0.029960456609725954,
        "median": -0.1539757251739502,
        "std": 0.5559286909028774,
        "iqr": 0.5397092401981354,
        "mad": 0.2484644055366516,
        "mad_sigma": 0.36837332764863967,
        "skewness": 2.1328714682545553,
        "kurtosis_excess": 7.008928680883905,
        "delta_mean_median": 0.12401526856422423
      },
      "d_l": {
        "n": 125,
        "nan_frac": 0.0,
        "mean": 0.0011411660285666585,
        "median": 0.15465685725212097,
        "std": 1.1863638375541672,
        "iqr": 1.8456340432167053,
        "mad": 0.8528158962726593,
        "mad_sigma": 1.2643848478138446,
        "skewness": -0.19439315938208745,
        "kurtosis_excess": -0.685642220135235,
        "delta_mean_median": -0.15351569122355432
      },
      "d_s": {
        "n": 125,
        "nan_frac": 0.0,
        "mean": 0.1933886829018593,
        "median": -0.03780612349510193,
        "std": 0.9042080541996816,
        "iqr": 1.4212520122528076,
        "mad": 0.6616824567317963,
        "mad_sigma": 0.9810104103505611,
        "skewness": 0.7001928586814425,
        "kurtosis_excess": -0.07164487050556545,
        "delta_mean_median": 0.23119480639696122
      },
      "e_e": {
        "n": 125,
        "nan_frac": 0.0,
        "mean": -0.10222056894004344,
        "median": 0.0,
        "std": 0.7892757214644209,
        "iqr": 1.4757943153381348,
        "mad": 0.674490749835968,
        "mad_sigma": 0.9999999857068061,
        "skewness": -0.11307123500107011,
        "kurtosis_excess": -1.3283805466883354,
        "delta_mean_median": -0.10222056894004344
      },
      "e_s": {
        "n": 125,
        "nan_frac": 0.0,
        "mean": 0.5242056348323823,
        "median": 0.265144020318985,
        "std": 1.041299780251813,
        "iqr": 1.1970678865909576,
        "mad": 0.5104789733886719,
        "mad_sigma": 0.7568361259460449,
        "skewness": 0.9544838824382921,
        "kurtosis_excess": 0.3551943164082454,
        "delta_mean_median": 0.25906161451339726
      },
      "e_m": {
        "n": 125,
        "nan_frac": 0.0,
        "mean": 0.669094843864441,
        "median": 0.0,
        "std": 1.3258395620716736,
        "iqr": 1.348981499671936,
        "mad": 0.674490749835968,
        "mad_sigma": 0.9999999857068061,
        "skewness": 1.173980807890915,
        "kurtosis_excess": 0.8143234808810496,
        "delta_mean_median": 0.669094843864441
      }
    }
  },
  "entropy_provisional": {},
  "tau_summary": {
    "axes": {
      "m": {
        "tau_sec": 8.0,
        "dt_sec": 4.0,
        "max_lag_sec": 60.0,
        "threshold": 0.36787944117144233,
        "nan_frac": 0.0,
        "nan_policy": "strict"
      },
      "d": {
        "tau_sec": 12.0,
        "dt_sec": 4.0,
        "max_lag_sec": 60.0,
        "threshold": 0.36787944117144233,
        "nan_frac": 0.0,
        "nan_policy": "strict"
      },
      "e": {
        "tau_sec": 20.0,
        "dt_sec": 4.0,
        "max_lag_sec": 60.0,
        "threshold": 0.36787944117144233,
        "nan_frac": 0.0,
        "nan_policy": "strict"
      }
    },
    "subcoords": {
      "m_a": {
        "tau_sec": 8.0,
        "dt_sec": 4.0,
        "max_lag_sec": 60.0,
        "threshold": 0.36787944117144233,
        "nan_frac": 0.0,
        "nan_policy": "strict"
      },
      "m_e": {
        "tau_sec": 28.0,
        "dt_sec": 4.0,
        "max_lag_sec": 60.0,
        "threshold": 0.36787944117144233,
        "nan_frac": 0.0,
        "nan_policy": "strict"
      },
      "m_o": {
        "tau_sec": 32.0,
        "dt_sec": 4.0,
        "max_lag_sec": 60.0,
        "threshold": 0.36787944117144233,
        "nan_frac": 0.0,
        "nan_policy": "strict"
      },
      "d_n": {
        "tau_sec": 8.0,
        "dt_sec": 4.0,
        "max_lag_sec": 60.0,
        "threshold": 0.36787944117144233,
        "nan_frac": 0.0,
        "nan_policy": "strict"
      },
      "d_l": {
        "tau_sec": 8.0,
        "dt_sec": 4.0,
        "max_lag_sec": 60.0,
        "threshold": 0.36787944117144233,
        "nan_frac": 0.0,