{
  "dataset_id": "ds003478:sub-015:rest_Rest_run-02",
  "subject": "sub-015",
  "session": null,
  "reliability_axes": {
    "m": 0.7277288969917083,
    "d": 0.7276972239415351,
    "e": 0.6660412232396884
  },
  "reliability_subcoords": {
    "m_a": 0.5074663045791964,
    "m_e": 0.8851942868508096,
    "m_o": 0.9142862211726938,
    "d_n": 0.5225123790624001,
    "d_l": 0.7092086399307074,
    "d_s": 0.8215910750556438,
    "e_e": 0.9481958643948655,
    "e_s": 0.2850892647411832,
    "e_m": 0.8589464527049805
  }
}