{
  "dataset_id": "ds003478:sub-015:rest_Rest_run-02",
  "subject": "sub-015",
  "session": null,
  "coverage": {
    "epochs": 41,
    "seconds": 164.0
  },
  "artifacts": {
    "methods": [
      "none"
    ],
    "bad_eeg_channels": [],
    "n_bad_eeg_channels": 0,
    "stem_collisions": {}
  },
  "ensemble": {
    "var_by_subcoord": {
      "m_a": 0.049972616136074066,
      "m_e": 0.0649549588561058,
      "m_o": 0.002667624969035387,
      "d_n": 0.0007678443798795342,
      "d_l": 0.04771069064736366,
      "d_s": 0.018793461844325066,
      "e_e": 0.0,
      "e_s": 0.012213746085762978,
      "e_m": 0.0
    },
    "var_mean": 0.021897882546505168,
    "var_max": 0.0649549588561058
  },
  "reliability": {
    "axes": {
      "m": 0.7277288969917083,
      "d": 0.7276972239415351,
      "e": 0.6660412232396884
    },
    "subcoords": {
      "m_a": 0.5074663045791964,
      "m_e": 0.8851942868508096,
      "m_o": 0.9142862211726938,
      "d_n": 0.5225123790624001,
      "d_l": 0.7092086399307074,
      "d_s": 0.8215910750556438,
      "e_e": 0.9481958643948655,
      "e_s": 0.2850892647411832,
      "e_m": 0.8589464527049805
    }
  },
  "dist_summary": {
    "axes": {
      "m": {
        "n": 41,
        "nan_frac": 0.0,
        "mean": -0.013810741022320055,
        "median": -0.24744786322116852,
        "std": 0.5872841757847936,
        "iqr": 0.5846664905548096,
        "mad": 0.23980440199375153,
        "mad_sigma": 0.355534006395936,
        "skewness": 1.4364188647405585,
        "kurtosis_excess": 0.9228497848558277,
        "delta_mean_median": 0.23363712219884847
      },
      "d": {
        "n": 41,
        "nan_frac": 0.0,
        "mean": 0.5040307580379815,
        "median": 0.22341446578502655,
        "std": 1.0553789411546766,
        "iqr": 2.027595341205597,
        "mad": 0.8398799151182175,
        "mad_sigma": 1.245205962154269,
        "skewness": 0.27881376176155226,
        "kurtosis_excess": -1.2886596811551256,
        "delta_mean_median": 0.2806162922529549
      },
      "e": {
        "n": 41,
        "nan_frac": 0.0,
        "mean": 0.22747974463443205,
        "median": 0.24792635440826416,
        "std": 0.5060370548272688,
        "iqr": 0.7219510227441788,
        "mad": 0.4050585627555847,
        "mad_sigma": 0.6005398251414299,
        "skewness": 0.4563834887819501,
        "kurtosis_excess": -0.5295235799137004,
        "delta_mean_median": -0.020446609773832114
      }
    },
    "subcoords": {
      "m_a": {
        "n": 41,
        "nan_frac": 0.0,
        "mean": 0.17431061642199028,
        "median": 0.04069183021783829,
        "std": 1.1327954996443448,
        "iqr": 0.7531763017177582,
        "mad": 0.39103805273771286,
        "mad_sigma": 0.579753016988933,
        "skewness": 0.8272763514251251,
        "kurtosis_excess": 0.8583576817564409,
        "delta_mean_median": 0.133618786204152
      },
      "m_e": {
        "n": 41,
        "nan_frac": 0.0,
        "mean": -0.18630893042924382,
        "median": -0.14706219732761383,
        "std": 0.29809775445504594,
        "iqr": 0.530802309513092,
        "mad": 0.2915845066308975,
        "mad_sigma": 0.43230318953096863,
        "skewness": 0.015723959382044364,
        "kurtosis_excess": -1.4664956441915673,
        "delta_mean_median": -0.03924673310162999
      },
      "m_o": {
        "n": 41,
        "nan_frac": 0.0,
        "mean": -0.06216908773271049,
        "median": 0.21719111502170563,
        "std": 0.8090477103572389,
        "iqr": 1.5176224112510681,
        "mad": 0.9768189340829849,
        "mad_sigma": 1.4482317516714334,
        "skewness": 0.18605489505705652,
        "kurtosis_excess": -1.3448926226929283,
        "delta_mean_median": -0.2793602027544161
      },
      "d_n": {
        "n": 41,
        "nan_frac": 0.0,
        "mean": 0.07591330205521933,
        "median": -0.050592511892318726,
        "std": 0.5522097157592757,
        "iqr": 0.7046889066696167,
        "mad": 0.32482191920280457,
        "mad_sigma": 0.48158097741007805,
        "skewness": 1.6223483564959744,
        "kurtosis_excess": 2.660953265634288,
        "delta_mean_median": 0.12650581394753807
      },
      "d_l": {
        "n": 41,
        "nan_frac": 0.0,
        "mean": 0.6408363522552862,
        "median": 0.36874255537986755,
        "std": 1.627500596730206,
        "iqr": 2.8734891414642334,
        "mad": 1.4117304384708405,
        "mad_sigma": 2.0930315480768678,
        "skewness": 0.03008014519940417,
        "kurtosis_excess": -1.3311829733123348,
        "delta_mean_median": 0.2720937968754187
      },
      "d_s": {
        "n": 41,
        "nan_frac": 0.0,
        "mean": 0.8678812784392659,
        "median": 0.34907713532447815,
        "std": 1.545437434106075,
        "iqr": 2.8791295289993286,
        "mad": 1.1246702373027802,
        "mad_sigma": 1.6674360938251018,
        "skewness": 0.46416149910429316,
        "kurtosis_excess": -1.324058937620019,
        "delta_mean_median": 0.5188041431147877
      },
      "e_e": {
        "n": 41,
        "nan_frac": 0.0,
        "mean": -0.30032040991979403,
        "median": 0.0,
        "std": 0.8545251455893962,
        "iqr": 1.7029172778129578,
        "mad": 0.6744906902313232,
        "mad_sigma": 0.9999998973369598,
        "skewness": -0.2080167265951932,
        "kurtosis_excess": -1.6208590517976744,
        "delta_mean_median": -0.30032040991979403
      },
      "e_s": {
        "n": 41,
        "nan_frac": 0.0,
        "mean": 0.9628515203551549,
        "median": 0.9207124710083008,
        "std": 0.9204191786951987,
        "iqr": 1.0688688158988953,
        "mad": 0.5529075264930725,
        "mad_sigma": 0.8197406987786292,
        "skewness": 0.3631193300175167,
        "kurtosis_excess": -0.0009183805427599445,
        "delta_mean_median": 0.042139049346854085
      },
      "e_m": {
        "n": 41,
        "nan_frac": 0.0,
        "mean": -0.015865304666321453,
        "median": 0.0,
        "std": 1.1549054029052035,
        "iqr": 1.3026829361915588,
        "mad": 0.674490749835968,
        "mad_sigma": 0.9999999857068061,
        "skewness": -0.2841787689927913,
        "kurtosis_excess": 0.22710965981402076,
        "delta_mean_median": -0.015865304666321453
      }
    }
  },
  "entropy_provisional": {},
  "tau_summary": {
    "axes": {
      "m": {
        "tau_sec": 16.0,
        "dt_sec": 4.0,
        "max_lag_sec": 60.0,
        "threshold": 0.36787944117144233,
        "nan_frac": 0.0,
        "nan_policy": "strict"
      },
      "d": {
        "tau_sec": 28.0,
        "dt_sec": 4.0,
        "max_lag_sec": 60.0,
        "threshold": 0.36787944117144233,
        "nan_frac": 0.0,
        "nan_policy": "strict"
      },
      "e": {
        "tau_sec": 16.0,
        "dt_sec": 4.0,
        "max_lag_sec": 60.0,
        "threshold": 0.36787944117144233,
        "nan_frac": 0.0,
        "nan_policy": "strict"
      }
    },
    "subcoords": {
      "m_a": {
        "tau_sec": 8.0,
        "dt_sec": 4.0,
        "max_lag_sec": 60.0,
        "threshold": 0.36787944117144233,
        "nan_frac": 0.0,
        "nan_policy": "strict"
      },
      "m_e": {
        "tau_sec": 28.0,
        "dt_sec": 4.0,
        "max_lag_sec": 60.0,
        "threshold": 0.36787944117144233,
        "nan_frac": 0.0,
        "nan_policy": "strict"
      },
      "m_o": {
        "tau_sec": 28.0,
        "dt_sec": 4.0,
        "max_lag_sec": 60.0,
        "threshold": 0.36787944117144233,
        "nan_frac": 0.0,
        "nan_policy": "strict"
      },
      "d_n": {
        "tau_sec": 8.0,
        "dt_sec": 4.0,
        "max_lag_sec": 60.0,
        "threshold": 0.36787944117144233,
        "nan_frac": 0.0,
        "nan_policy": "strict"
      },
      "d_l": {
        "tau_sec": 24.0,
        "dt_sec": 4.0,
        "max_lag_sec": 60.0,
        "threshold": 0.36787944117144233,
        "nan_frac": 0.0,
        "nan_policy": "strict"
      },