{
  "dataset_id": "ds003478:sub-046:rest_Rest_run-01",
  "subject": "sub-046",
  "session": null,
  "reliability_axes": {
    "m": 0.6839404482750302,
    "d": 0.541042747194481,
    "e": 0.6579931417675892
  },
  "reliability_subcoords": {
    "m_a": 0.6337407407766381,
    "m_e": 0.797054311851568,
    "m_o": 0.7645011516820952,
    "d_n": 0.5425467781860335,
    "d_l": 0.5552849835095386,
    "d_s": 0.8214433223242371,
    "e_e": 0.6745784254064464,
    "e_s": 0.5392861166328086,
    "e_m": null
  }
}