{
  "dataset_id": "ds003478:sub-072:rest_Rest_run-02",
  "subject": "sub-072",
  "session": null,
  "reliability_axes": {
    "m": 0.4286569116690237,
    "d": 0.8384266734965385,
    "e": 0.3288896316716978
  },
  "reliability_subcoords": {
    "m_a": 0.7739180647284191,
    "m_e": 0.6158659142148873,
    "m_o": 0.4290852422815904,
    "d_n": 0.6193608881753028,
    "d_l": 0.8407858493874799,
    "d_s": 0.8899846058697379,
    "e_e": 0.40114186809235836,
    "e_s": 0.7768042045984771,
    "e_m": 0.7878947676555519
  }
}