{
  "dataset_id": "ds003478:sub-072:rest_Rest_run-02",
  "subject": "sub-072",
  "session": null,
  "coverage": {
    "epochs": 51,
    "seconds": 204.0
  },
  "artifacts": {
    "methods": [
      "none"
    ],
    "bad_eeg_channels": [
      "CB2"
    ],
    "n_bad_eeg_channels": 1,
    "stem_collisions": {}
  },
  "ensemble": {
    "var_by_subcoord": {
      "m_a": 0.007908564060926437,
      "m_e": 0.04964107275009155,
      "m_o": 0.0020111326593905687,
      "d_n": 0.00416610948741436,
      "d_l": 0.1663587987422943,
      "d_s": 0.42397400736808777,
      "e_e": 0.0,
      "e_s": 0.029356662184000015,
      "e_m": 0.0
    },
    "var_mean": 0.07593514969468945,
    "var_max": 0.42397400736808777
  },
  "reliability": {
    "axes": {
      "m": 0.4286569116690237,
      "d": 0.8384266734965385,
      "e": 0.3288896316716978
    },
    "subcoords": {
      "m_a": 0.7739180647284191,
      "m_e": 0.6158659142148873,
      "m_o": 0.4290852422815904,
      "d_n": 0.6193608881753028,
      "d_l": 0.8407858493874799,
      "d_s": 0.8899846058697379,
      "e_e": 0.40114186809235836,
      "e_s": 0.7768042045984771,
      "e_m": 0.7878947676555519
    }
  },
  "dist_summary": {
    "axes": {
      "m": {
        "n": 51,
        "nan_frac": 0.0,
        "mean": -0.0029319577357348275,
        "median": -0.047688160091638565,
        "std": 0.5005617690950344,
        "iqr": 0.5399868339300156,
        "mad": 0.27996888384222984,
        "mad_sigma": 0.4150818671844899,
        "skewness": 0.4813170282816705,
        "kurtosis_excess": -0.41979708737045085,
        "delta_mean_median": 0.04475620235590374
      },
      "d": {
        "n": 51,
        "nan_frac": 0.0,
        "mean": 0.6362265352999755,
        "median": 0.1765231490135193,
        "std": 0.9397384885398996,
        "iqr": 1.6656656302511692,
        "mad": 0.44386178255081177,
        "mad_sigma": 0.6580694788098335,
        "skewness": 0.5693371629345902,
        "kurtosis_excess": -1.2511805520185957,
        "delta_mean_median": 0.45970338628645624
      },
      "e": {
        "n": 51,
        "nan_frac": 0.0,
        "mean": 0.18986508146147518,
        "median": 0.21219338476657867,
        "std": 0.46437311746650867,
        "iqr": 0.540406497195363,
        "mad": 0.27652721107006073,
        "mad_sigma": 0.409979243132472,
        "skewness": -1.216088485667989,
        "kurtosis_excess": 4.589665018030053,
        "delta_mean_median": -0.022328303305103492
      }
    },
    "subcoords": {
      "m_a": {
        "n": 51,
        "nan_frac": 0.0,
        "mean": -0.29316052173574764,
        "median": -0.02958725392818451,
        "std": 0.9498427111745003,
        "iqr": 2.0145115852355957,
        "mad": 0.7320985049009323,
        "mad_sigma": 1.0854092433661222,
        "skewness": -0.3303342411617597,
        "kurtosis_excess": -1.5082197141978018,
        "delta_mean_median": -0.2635732678075631
      },
      "m_e": {
        "n": 51,
        "nan_frac": 0.0,
        "mean": 0.2916855776280749,
        "median": 0.21877504885196686,
        "std": 0.6804772586679029,
        "iqr": 0.8936148583889008,
        "mad": 0.4467860162258148,
        "mad_sigma": 0.662404947656393,
        "skewness": 0.1860189124687704,
        "kurtosis_excess": -0.7314034266493383,
        "delta_mean_median": 0.07291052877610804
      },
      "m_o": {
        "n": 51,
        "nan_frac": 0.0,
        "mean": 0.03685040700742427,
        "median": 0.05418139323592186,
        "std": 0.7489105655643559,
        "iqr": 1.1458468735218048,
        "mad": 0.5990303717553616,
        "mad_sigma": 0.888122429164499,
        "skewness": -0.11092443246609973,
        "kurtosis_excess": -0.6825751432420861,
        "delta_mean_median": -0.01733098622849759
      },
      "d_n": {
        "n": 51,
        "nan_frac": 0.0,
        "mean": 0.08112049424180798,
        "median": -0.17849788069725037,
        "std": 0.6823391152063601,
        "iqr": 1.089980274438858,
        "mad": 0.40659382939338684,
        "mad_sigma": 0.6028160114586353,
        "skewness": 0.8746404976082311,
        "kurtosis_excess": -0.3848249919660969,
        "delta_mean_median": 0.25961837493905837
      },
      "d_l": {
        "n": 51,
        "nan_frac": 0.0,
        "mean": 0.9068621052976917,
        "median": -0.02684137225151062,
        "std": 1.5863308818396264,
        "iqr": 2.7964481562376022,
        "mad": 0.6415652930736542,
        "mad_sigma": 0.9511847035109996,
        "skewness": 0.650534151267809,
        "kurtosis_excess": -1.2285438768741148,
        "delta_mean_median": 0.9337034775492024
      },
      "d_s": {
        "n": 51,
        "nan_frac": 0.0,
        "mean": 0.8349116888700747,
        "median": 0.2900456190109253,
        "std": 1.2690870901363922,
        "iqr": 2.2386662252247334,
        "mad": 0.6026826500892639,
        "mad_sigma": 0.8935372970223426,
        "skewness": 0.7135986954220251,
        "kurtosis_excess": -1.087923267717677,
        "delta_mean_median": 0.5448660698591494
      },
      "e_e": {
        "n": 51,
        "nan_frac": 0.0,
        "mean": 0.054619163110413975,
        "median": 0.0,
        "std": 0.940381659813903,
        "iqr": 1.2547458112239838,
        "mad": 0.6744906902313232,
        "mad_sigma": 0.9999998973369598,
        "skewness": -0.7434103869094811,
        "kurtosis_excess": 2.0002540148299737,
        "delta_mean_median": 0.054619163110413975
      },
      "e_s": {
        "n": 51,
        "nan_frac": 0.0,
        "mean": 0.39579685782904134,
        "median": 0.29352936148643494,
        "std": 0.512034511371163,
        "iqr": 0.7492724284529686,
        "mad": 0.3158580958843231,
        "mad_sigma": 0.46829121295809745,
        "skewness": 0.18471232655449699,
        "kurtosis_excess": -0.8348187315143694,
        "delta_mean_median": 0.1022674963426064
      },
      "e_m": {
        "n": 51,
        "nan_frac": 0.0,
        "mean": -0.23409010560763086,
        "median": 0.0,
        "std": 0.931468707474336,
        "iqr": 1.6523154377937317,
        "mad": 0.674490749835968,
        "mad_sigma": 0.9999999857068061,
        "skewness": -0.37073432502108017,
        "kurtosis_excess": -1.1566849784861133,
        "delta_mean_median": -0.23409010560763086
      }
    }
  },
  "entropy_provisional": {},
  "tau_summary": {
    "axes": {
      "m": {
        "tau_sec": 8.0,
        "dt_sec": 4.0,
        "max_lag_sec": 60.0,
        "threshold": 0.36787944117144233,
        "nan_frac": 0.0,
        "nan_policy": "strict"
      },
      "d": {
        "tau_sec": 28.0,
        "dt_sec": 4.0,
        "max_lag_sec": 60.0,
        "threshold": 0.36787944117144233,
        "nan_frac": 0.0,
        "nan_policy": "strict"
      },
      "e": {
        "tau_sec": 8.0,
        "dt_sec": 4.0,
        "max_lag_sec": 60.0,
        "threshold": 0.36787944117144233,
        "nan_frac": 0.0,
        "nan_policy": "strict"
      }
    },
    "subcoords": {
      "m_a": {
        "tau_sec": 16.0,
        "dt_sec": 4.0,
        "max_lag_sec": 60.0,
        "threshold": 0.36787944117144233,
        "nan_frac": 0.0,
        "nan_policy": "strict"
      },
      "m_e": {
        "tau_sec": 8.0,
        "dt_sec": 4.0,
        "max_lag_sec": 60.0,
        "threshold": 0.36787944117144233,
        "nan_frac": 0.0,
        "nan_policy": "strict"
      },
      "m_o": {
        "tau_sec": 8.0,
        "dt_sec": 4.0,
        "max_lag_sec": 60.0,
        "threshold": 0.36787944117144233,
        "nan_frac": 0.0,
        "nan_policy": "strict"
      },
      "d_n": {
        "tau_sec": 8.0,
        "dt_sec": 4.0,
        "max_lag_sec": 60.0,
        "threshold": 0.36787944117144233,
        "nan_frac": 0.0,
        "nan_policy": "strict"
      },
      "d_l": {
        "tau_sec": 24.0,
        "dt_sec": 4.0,
        "max_lag_sec": 60.0,
        "threshold": 0.36787944117144233,
        "nan_frac": 0.0,
        "nan_policy": "strict"
      },