{
  "dataset_id": "ds003478:sub-111:rest_Rest_run-01",
  "subject": "sub-111",
  "session": null,
  "reliability_axes": {
    "m": 0.7441946745487282,
    "d": 0.887685856458901,
    "e": 0.6153710464635791
  },
  "reliability_subcoords": {
    "m_a": 0.9172195656498114,
    "m_e": 0.7647006120616713,
    "m_o": 0.7811506083470052,
    "d_n": 0.5370932957856623,
    "d_l": 0.8883438123504677,
    "d_s": 0.8715077075412456,
    "e_e": 0.7421160122711565,
    "e_s": 0.806650810345244,
    "e_m": 0.678088396780083
  }
}