{
  "dataset_id": "ds003478:sub-111:rest_Rest_run-01",
  "subject": "sub-111",
  "session": null,
  "coverage": {
    "epochs": 113,
    "seconds": 452.0
  },
  "artifacts": {
    "methods": [
      "none"
    ],
    "bad_eeg_channels": [],
    "n_bad_eeg_channels": 0,
    "stem_collisions": {}
  },
  "ensemble": {
    "var_by_subcoord": {
      "m_a": 0.0006198795745149255,
      "m_e": 0.00010048365948023275,
      "m_o": 0.0012660084757953882,
      "d_n": 0.0018277864437550306,
      "d_l": 0.03111928515136242,
      "d_s": 0.04064303636550903,
      "e_e": 0.0,
      "e_s": 0.01087198220193386,
      "e_m": 0.0
    },
    "var_mean": 0.009605384652483432,
    "var_max": 0.04064303636550903
  },
  "reliability": {
    "axes": {
      "m": 0.7441946745487282,
      "d": 0.887685856458901,
      "e": 0.6153710464635791
    },
    "subcoords": {
      "m_a": 0.9172195656498114,
      "m_e": 0.7647006120616713,
      "m_o": 0.7811506083470052,
      "d_n": 0.5370932957856623,
      "d_l": 0.8883438123504677,
      "d_s": 0.8715077075412456,
      "e_e": 0.7421160122711565,
      "e_s": 0.806650810345244,
      "e_m": 0.678088396780083
    }
  },
  "dist_summary": {
    "axes": {
      "m": {
        "n": 113,
        "nan_frac": 0.0,
        "mean": -0.05749793808940237,
        "median": -0.052578430622816086,
        "std": 0.48175031366315796,
        "iqr": 0.6212260574102402,
        "mad": 0.3293786458671093,
        "mad_sigma": 0.4883367803625762,
        "skewness": 0.3069940646998901,
        "kurtosis_excess": -0.06047167447049917,
        "delta_mean_median": -0.004919507466586287
      },
      "d": {
        "n": 113,
        "nan_frac": 0.0,
        "mean": 0.7170166643460042,
        "median": 0.11766128987073898,
        "std": 1.1397775152566834,
        "iqr": 2.2073218375444412,
        "mad": 0.5377055630087852,
        "mad_sigma": 0.797202267716825,
        "skewness": 0.5835200516945352,
        "kurtosis_excess": -1.2999065926961533,
        "delta_mean_median": 0.5993553744752652
      },
      "e": {
        "n": 113,
        "nan_frac": 0.0,
        "mean": 0.18951539844027268,
        "median": 0.14146026968955994,
        "std": 0.4292620680961269,
        "iqr": 0.5715379118919373,
        "mad": 0.2768172025680542,
        "mad_sigma": 0.4104091845273971,
        "skewness": 0.11873656699369164,
        "kurtosis_excess": 0.7015786128352599,
        "delta_mean_median": 0.048055128750712744
      }
    },
    "subcoords": {
      "m_a": {
        "n": 113,
        "nan_frac": 0.0,
        "mean": 0.06706608467105883,
        "median": -0.10481242835521698,
        "std": 0.7861749469965995,
        "iqr": 1.3131080269813538,
        "mad": 0.7109390646219254,
        "mad_sigma": 1.0540382572084666,
        "skewness": 0.11982844074387451,
        "kurtosis_excess": -1.21662724855702,
        "delta_mean_median": 0.17187851302627583
      },
      "m_e": {
        "n": 113,
        "nan_frac": 0.0,
        "mean": -0.2509221839100386,
        "median": -0.09734567999839783,
        "std": 0.6561686733161709,
        "iqr": 0.7508466094732285,
        "mad": 0.3746190071105957,
        "mad_sigma": 0.5554101399421691,
        "skewness": -0.791051443534436,
        "kurtosis_excess": -0.08351245233097959,
        "delta_mean_median": -0.1535765039116408
      },
      "m_o": {
        "n": 113,
        "nan_frac": 0.0,
        "mean": 0.00728792151584562,
        "median": 0.09864827990531921,
        "std": 0.8660770652771514,
        "iqr": 1.142972707748413,
        "mad": 0.5937292873859406,
        "mad_sigma": 0.8802630414783954,
        "skewness": -0.22415807100192514,
        "kurtosis_excess": -0.604918192497248,
        "delta_mean_median": -0.0913603583894736
      },
      "d_n": {
        "n": 113,
        "nan_frac": 0.0,
        "mean": 0.09248716031423712,
        "median": 0.021293163299560547,
        "std": 0.5738069565927867,
        "iqr": 0.7372345328330994,
        "mad": 0.36954933404922485,
        "mad_sigma": 0.5478938426613807,
        "skewness": 0.8604162038827152,
        "kurtosis_excess": 1.2190015354241481,
        "delta_mean_median": 0.07119399701467657
      },
      "d_l": {
        "n": 113,
        "nan_frac": 0.0,
        "mean": 1.0114714691365978,
        "median": 0.025068022310733795,
        "std": 1.7049459999405445,
        "iqr": 3.40735587477684,
        "mad": 0.6212419047951698,
        "mad_sigma": 0.9210532480493188,
        "skewness": 0.5386272159122052,
        "kurtosis_excess": -1.4708733421578684,
        "delta_mean_median": 0.986403446825864
      },
      "d_s": {
        "n": 113,
        "nan_frac": 0.0,
        "mean": 0.9699160264458804,
        "median": 0.09504273533821106,
        "std": 1.6644756103828704,
        "iqr": 2.9463512897491455,
        "mad": 0.5658576190471649,
        "mad_sigma": 0.8389405059993267,
        "skewness": 0.7271595083445024,
        "kurtosis_excess": -1.0924306479682253,
        "delta_mean_median": 0.8748732911076693
      },
      "e_e": {
        "n": 113,
        "nan_frac": 0.0,
        "mean": 0.009981255203617357,
        "median": 0.0,
        "std": 0.9550256847364689,
        "iqr": 1.3239367008209229,
        "mad": 0.674490749835968,
        "mad_sigma": 0.9999999857068061,
        "skewness": -0.20440834021785062,
        "kurtosis_excess": 0.43869490975803815,
        "delta_mean_median": 0.009981255203617357
      },
      "e_s": {
        "n": 113,
        "nan_frac": 0.0,
        "mean": 0.4537607289323237,
        "median": 0.3181036710739136,
        "std": 0.6422433661176825,
        "iqr": 1.0139971375465393,
        "mad": 0.445841521024704,
        "mad_sigma": 0.6610046390712261,
        "skewness": 0.5447861663609279,
        "kurtosis_excess": -0.8401905392290288,
        "delta_mean_median": 0.13565705785841015
      },
      "e_m": {
        "n": 113,
        "nan_frac": 0.0,
        "mean": -0.18475359302442684,
        "median": 0.0,
        "std": 0.6404937896385892,
        "iqr": 1.2089483141899109,
        "mad": 0.6744908094406128,
        "mad_sigma": 1.0000000740766524,
        "skewness": 0.18154087837319632,
        "kurtosis_excess": -1.3803663908522252,
        "delta_mean_median": -0.18475359302442684
      }
    }
  },
  "entropy_provisional": {},
  "tau_summary": {
    "axes": {
      "m": {
        "tau_sec": 16.0,
        "dt_sec": 4.0,
        "max_lag_sec": 60.0,
        "threshold": 0.36787944117144233,
        "nan_frac": 0.0,
        "nan_policy": "strict"
      },
      "d": {
        "tau_sec": 28.0,
        "dt_sec": 4.0,
        "max_lag_sec": 60.0,
        "threshold": 0.36787944117144233,
        "nan_frac": 0.0,
        "nan_policy": "strict"
      },
      "e": {
        "tau_sec": 8.0,
        "dt_sec": 4.0,
        "max_lag_sec": 60.0,
        "threshold": 0.36787944117144233,
        "nan_frac": 0.0,
        "nan_policy": "strict"
      }
    },
    "subcoords": {
      "m_a": {
        "tau_sec": 24.0,
        "dt_sec": 4.0,
        "max_lag_sec": 60.0,
        "threshold": 0.36787944117144233,
        "nan_frac": 0.0,
        "nan_policy": "strict"
      },
      "m_e": {
        "tau_sec": 16.0,
        "dt_sec": 4.0,
        "max_lag_sec": 60.0,
        "threshold": 0.36787944117144233,
        "nan_frac": 0.0,
        "nan_policy": "strict"
      },
      "m_o": {
        "tau_sec": 20.0,
        "dt_sec": 4.0,
        "max_lag_sec": 60.0,
        "threshold": 0.36787944117144233,
        "nan_frac": 0.0,
        "nan_policy": "strict"
      },
      "d_n": {
        "tau_sec": 8.0,
        "dt_sec": 4.0,
        "max_lag_sec": 60.0,
        "threshold": 0.36787944117144233,
        "nan_frac": 0.0,
        "nan_policy": "strict"
      },
      "d_l": {
        "tau_sec": 28.0,
        "dt_sec": 4.0,
        "max_lag_sec": 60.0,
        "threshold": 0.36787944117144233,
        "nan_frac": 0.0,
        "nan_policy": "strict"
      },