{
  "dataset_id": "ds003478:sub-051:rest_Rest_run-02",
  "subject": "sub-051",
  "session": null,
  "reliability_axes": {
    "m": 0.5979080666924921,
    "d": 0.546227469127457,
    "e": 0.48731094779329237
  },
  "reliability_subcoords": {
    "m_a": 0.6617618744953172,
    "m_e": 0.6240515380628824,
    "m_o": 0.6797746645298861,
    "d_n": 0.9002150889394405,
    "d_l": 0.36238312064164363,
    "d_s": 0.5764113413923716,
    "e_e": 0.6502704763842594,
    "e_s": 0.6440838520988346,
    "e_m": 0.7927468465147705
  }
}