{
  "dataset_id": "ds003478:sub-051:rest_Rest_run-02",
  "subject": "sub-051",
  "session": null,
  "coverage": {
    "epochs": 48,
    "seconds": 192.0
  },
  "artifacts": {
    "methods": [
      "none"
    ],
    "bad_eeg_channels": [
      "CP2"
    ],
    "n_bad_eeg_channels": 1,
    "stem_collisions": {}
  },
  "ensemble": {
    "var_by_subcoord": {
      "m_a": 0.0002847428258974105,
      "m_e": 0.0029728026129305363,
      "m_o": 0.02000943012535572,
      "d_n": 0.010191256180405617,
      "d_l": 0.01172863319516182,
      "d_s": 0.0014537782408297062,
      "e_e": 4.3486018280226857e-13,
      "e_s": 0.009849745780229568,
      "e_m": 0.0
    },
    "var_mean": 0.006276709884582805,
    "var_max": 0.02000943012535572
  },
  "reliability": {
    "axes": {
      "m": 0.5979080666924921,
      "d": 0.546227469127457,
      "e": 0.48731094779329237
    },
    "subcoords": {
      "m_a": 0.6617618744953172,
      "m_e": 0.6240515380628824,
      "m_o": 0.6797746645298861,
      "d_n": 0.9002150889394405,
      "d_l": 0.36238312064164363,
      "d_s": 0.5764113413923716,
      "e_e": 0.6502704763842594,
      "e_s": 0.6440838520988346,
      "e_m": 0.7927468465147705
    }
  },
  "dist_summary": {
    "axes": {
      "m": {
        "n": 48,
        "nan_frac": 0.0,
        "mean": 0.036264191245815404,
        "median": 0.09257015585899353,
        "std": 0.5990312782972848,
        "iqr": 0.9218256175518036,
        "mad": 0.46083711087703705,
        "mad_sigma": 0.683237100586295,
        "skewness": -0.6194853435075371,
        "kurtosis_excess": -0.09930708442737535,
        "delta_mean_median": -0.056305964613178126
      },
      "d": {
        "n": 48,
        "nan_frac": 0.0,
        "mean": 0.6115607230397776,
        "median": 0.22369083762168884,
        "std": 1.103682151589272,
        "iqr": 1.7916274592280388,
        "mad": 0.6844779700040817,
        "mad_sigma": 1.0148070383280514,
        "skewness": 0.8054770441047131,
        "kurtosis_excess": -0.40066550884928676,
        "delta_mean_median": 0.38786988541808876
      },
      "e": {
        "n": 48,
        "nan_frac": 0.0,
        "mean": 0.035388073446786926,
        "median": 0.02696822304278612,
        "std": 0.551195670320991,
        "iqr": 0.7381048947572708,
        "mad": 0.33302177768200636,
        "mad_sigma": 0.4937380875913426,
        "skewness": -0.6663083127733551,
        "kurtosis_excess": 0.8570955532495232,
        "delta_mean_median": 0.008419850404000805
      }
    },
    "subcoords": {
      "m_a": {
        "n": 48,
        "nan_frac": 0.0,
        "mean": -0.06759570295980666,
        "median": 0.003189407871104777,
        "std": 0.9026497861367481,
        "iqr": 1.249115452170372,
        "mad": 0.6522106596967205,
        "mad_sigma": 0.9669675240663578,
        "skewness": -0.39209045331223075,
        "kurtosis_excess": -0.7958461607785874,
        "delta_mean_median": -0.07078511083091144
      },
      "m_e": {
        "n": 48,
        "nan_frac": 0.0,
        "mean": 0.12584148269767562,
        "median": 0.27203598618507385,
        "std": 0.5571867062511561,
        "iqr": 0.7762171104550362,
        "mad": 0.38508176803588867,
        "mad_sigma": 0.5709222292900085,
        "skewness": -0.5848645438769167,
        "kurtosis_excess": -0.5342672036019,
        "delta_mean_median": -0.14619450348739824
      },
      "m_o": {
        "n": 48,
        "nan_frac": 0.0,
        "mean": 0.06987669966959704,
        "median": 0.23240934312343597,
        "std": 0.8253879917172975,
        "iqr": 1.1839647740125656,
        "mad": 0.5532896667718887,
        "mad_sigma": 0.8203072599560022,
        "skewness": 0.30266474837460033,
        "kurtosis_excess": 0.8179465184062722,
        "delta_mean_median": -0.16253264345383894
      },
      "d_n": {
        "n": 48,
        "nan_frac": 0.0,
        "mean": 0.4937537292620012,
        "median": 0.07331709563732147,
        "std": 1.7048933134285689,
        "iqr": 1.0520271584391594,
        "mad": 0.6243755668401718,
        "mad_sigma": 0.9256992153972387,
        "skewness": 1.8314626400313534,
        "kurtosis_excess": 2.8601198463884225,
        "delta_mean_median": 0.4204366336246797
      },
      "d_l": {
        "n": 48,
        "nan_frac": 0.0,
        "mean": 0.6228955225863805,
        "median": 0.09104294143617153,
        "std": 1.3978537637125428,
        "iqr": 2.144189700484276,
        "mad": 0.7293466683477163,
        "mad_sigma": 1.0813293704923241,
        "skewness": 0.9391929351753451,
        "kurtosis_excess": -0.3326596495869425,
        "delta_mean_median": 0.531852581150209
      },
      "d_s": {
        "n": 48,
        "nan_frac": 0.0,
        "mean": 0.7887355756635467,
        "median": 0.3874136805534363,
        "std": 1.2713883972513826,
        "iqr": 1.7784687727689743,
        "mad": 0.7820197492837906,
        "mad_sigma": 1.1594224802881479,
        "skewness": 0.9611762003324671,
        "kurtosis_excess": 0.12966330463398856,
        "delta_mean_median": 0.4013218951101104
      },
      "e_e": {
        "n": 48,
        "nan_frac": 0.0,
        "mean": -0.2580714412033558,
        "median": 0.0,
        "std": 1.2133030749321385,
        "iqr": 1.3402633517980576,
        "mad": 0.6744907200336456,
        "mad_sigma": 0.999999941521883,
        "skewness": -1.0074657014645216,
        "kurtosis_excess": 0.5692995285905482,
        "delta_mean_median": -0.2580714412033558
      },
      "e_s": {
        "n": 48,
        "nan_frac": 0.0,
        "mean": 0.39748122488769394,
        "median": 0.19924019277095795,
        "std": 0.5065354176894147,
        "iqr": 0.7413775138556957,
        "mad": 0.26098109781742096,
        "mad_sigma": 0.3869305756241083,
        "skewness": 0.6598037590168154,
        "kurtosis_excess": -0.6904038515791822,
        "delta_mean_median": 0.198241032116736
      },
      "e_m": {
        "n": 48,
        "nan_frac": 0.0,
        "mean": 0.8668161953488985,
        "median": 0.0,
        "std": 2.040076325560189,
        "iqr": 1.517604187130928,
        "mad": 0.674490749835968,
        "mad_sigma": 0.9999999857068061,
        "skewness": 1.4756441860006537,
        "kurtosis_excess": 0.8108885836464395,
        "delta_mean_median": 0.8668161953488985
      }
    }
  },
  "entropy_provisional": {},
  "tau_summary": {
    "axes": {
      "m": {
        "tau_sec": 8.0,
        "dt_sec": 4.0,
        "max_lag_sec": 60.0,
        "threshold": 0.36787944117144233,
        "nan_frac": 0.0,
        "nan_policy": "strict"
      },
      "d": {
        "tau_sec": 8.0,
        "dt_sec": 4.0,
        "max_lag_sec": 60.0,
        "threshold": 0.36787944117144233,
        "nan_frac": 0.0,
        "nan_policy": "strict"
      },
      "e": {
        "tau_sec": 8.0,
        "dt_sec": 4.0,
        "max_lag_sec": 60.0,
        "threshold": 0.36787944117144233,
        "nan_frac": 0.0,
        "nan_policy": "strict"
      }
    },
    "subcoords": {
      "m_a": {
        "tau_sec": 16.0,
        "dt_sec": 4.0,
        "max_lag_sec": 60.0,
        "threshold": 0.36787944117144233,
        "nan_frac": 0.0,
        "nan_policy": "strict"
      },
      "m_e": {
        "tau_sec": 8.0,
        "dt_sec": 4.0,
        "max_lag_sec": 60.0,
        "threshold": 0.36787944117144233,
        "nan_frac": 0.0,
        "nan_policy": "strict"
      },
      "m_o": {
        "tau_sec": 8.0,
        "dt_sec": 4.0,
        "max_lag_sec": 60.0,
        "threshold": 0.36787944117144233,
        "nan_frac": 0.0,
        "nan_policy": "strict"
      },
      "d_n": {
        "tau_sec": 16.0,
        "dt_sec": 4.0,
        "max_lag_sec": 60.0,
        "threshold": 0.36787944117144233,
        "nan_frac": 0.0,
        "nan_policy": "strict"
      },
      "d_l": {
        "tau_sec": 8.0,
        "dt_sec": 4.0,
        "max_lag_sec": 60.0,
        "threshold": 0.36787944117144233,
        "nan_frac": 0.0,
        "nan_policy": "strict"
      },