{
  "dataset_id": "ds003478:sub-025:rest_Rest_run-01",
  "subject": "sub-025",
  "session": null,
  "reliability_axes": {
    "m": 0.45052752067174867,
    "d": 0.5005209422848539,
    "e": 0.5948756734618021
  },
  "reliability_subcoords": {
    "m_a": 0.5204420922023892,
    "m_e": 0.4169545900990458,
    "m_o": 0.43999916825104896,
    "d_n": 0.6277328778258576,
    "d_l": 0.4763583196515837,
    "d_s": 0.48918270863908125,
    "e_e": 0.5061297858822615,
    "e_s": 0.46566763346406015,
    "e_m": 0.512130888838864
  }
}