{
  "dataset_id": "ds003478:sub-025:rest_Rest_run-01",
  "subject": "sub-025",
  "session": null,
  "coverage": {
    "epochs": 127,
    "seconds": 508.0
  },
  "artifacts": {
    "methods": [
      "none"
    ],
    "bad_eeg_channels": [],
    "n_bad_eeg_channels": 0,
    "stem_collisions": {}
  },
  "ensemble": {
    "var_by_subcoord": {
      "m_a": 0.0008471119217574596,
      "m_e": 0.00462377117946744,
      "m_o": 0.0042172996327281,
      "d_n": 0.003812236711382866,
      "d_l": 0.001878707087598741,
      "d_s": 0.007734470069408417,
      "e_e": 0.0,
      "e_s": 0.00165236322209239,
      "e_m": 0.0
    },
    "var_mean": 0.002751773313826157,
    "var_max": 0.007734470069408417
  },
  "reliability": {
    "axes": {
      "m": 0.45052752067174867,
      "d": 0.5005209422848539,
      "e": 0.5948756734618021
    },
    "subcoords": {
      "m_a": 0.5204420922023892,
      "m_e": 0.4169545900990458,
      "m_o": 0.43999916825104896,
      "d_n": 0.6277328778258576,
      "d_l": 0.4763583196515837,
      "d_s": 0.48918270863908125,
      "e_e": 0.5061297858822615,
      "e_s": 0.46566763346406015,
      "e_m": 0.512130888838864
    }
  },
  "dist_summary": {
    "axes": {
      "m": {
        "n": 127,
        "nan_frac": 0.0,
        "mean": -0.08772730765961419,
        "median": 0.0035633083898574114,
        "std": 0.7551939022094425,
        "iqr": 0.9832670986652374,
        "mad": 0.45030999812297523,
        "mad_sigma": 0.6676296032171231,
        "skewness": -0.5771235205010489,
        "kurtosis_excess": 0.007649887265162025,
        "delta_mean_median": -0.0912906160494716
      },
      "d": {
        "n": 127,
        "nan_frac": 0.0,
        "mean": 0.12530987394064314,
        "median": 0.25579333305358887,
        "std": 0.5135148117112057,
        "iqr": 0.8060286492109299,
        "mad": 0.3831048607826233,
        "mad_sigma": 0.5679912665963173,
        "skewness": -0.2054648765816521,
        "kurtosis_excess": -0.8427777387393758,
        "delta_mean_median": -0.13048345911294573
      },
      "e": {
        "n": 127,
        "nan_frac": 0.0,
        "mean": 0.058455975036921466,
        "median": 0.0172109492123127,
        "std": 0.5009667503291647,
        "iqr": 0.6886336803436279,
        "mad": 0.3415169008076191,
        "mad_sigma": 0.506332957137376,
        "skewness": 0.2463271586537955,
        "kurtosis_excess": -0.43153503233120416,
        "delta_mean_median": 0.04124502582460877
      }
    },
    "subcoords": {
      "m_a": {
        "n": 127,
        "nan_frac": 0.0,
        "mean": -0.21350857498872233,
        "median": 0.015765303745865822,
        "std": 0.939794379254639,
        "iqr": 1.4005479216575623,
        "mad": 0.6531350072473288,
        "mad_sigma": 0.9683379617448895,
        "skewness": -0.7592051497197325,
        "kurtosis_excess": -0.2697242937804849,
        "delta_mean_median": -0.22927387873458815
      },
      "m_e": {
        "n": 127,
        "nan_frac": 0.0,
        "mean": -0.0735954782195888,
        "median": -0.07479744404554367,
        "std": 0.6878767697146606,
        "iqr": 0.8841317892074585,
        "mad": 0.4659591540694237,
        "mad_sigma": 0.6908310418233276,
        "skewness": -0.30058855763654946,
        "kurtosis_excess": 0.05537885899018535,
        "delta_mean_median": 0.0012019658259548732
      },
      "m_o": {
        "n": 127,
        "nan_frac": 0.0,
        "mean": 0.06829909264228277,
        "median": 0.06348418444395065,
        "std": 0.8706736852379312,
        "iqr": 1.086530476808548,
        "mad": 0.5493739917874336,
        "mad_sigma": 0.814501880224049,
        "skewness": 0.20071214333730888,
        "kurtosis_excess": 0.021763464034628477,
        "delta_mean_median": 0.004814908198332121
      },
      "d_n": {
        "n": 127,
        "nan_frac": 0.0,
        "mean": 0.26293472894357417,
        "median": 0.16192185878753662,
        "std": 0.781235951758071,
        "iqr": 0.9022103846073151,
        "mad": 0.42936721444129944,
        "mad_sigma": 0.6365798321306705,
        "skewness": 0.8764178317306099,
        "kurtosis_excess": 1.1023391388040853,
        "delta_mean_median": 0.10101287015603755
      },
      "d_l": {
        "n": 127,
        "nan_frac": 0.0,
        "mean": 0.02530994930663916,
        "median": 0.06596501171588898,
        "std": 0.7491099903060202,
        "iqr": 1.311500370502472,
        "mad": 0.6757010668516159,
        "mad_sigma": 1.0017944017142058,
        "skewness": 0.16438414070810553,
        "kurtosis_excess": -1.1369022855890025,
        "delta_mean_median": -0.04065506240924982
      },
      "d_s": {
        "n": 127,
        "nan_frac": 0.0,
        "mean": 0.17240813755848278,
        "median": 0.18005669116973877,
        "std": 0.6603336231885986,
        "iqr": 0.8408017307519913,
        "mad": 0.41901952028274536,
        "mad_sigma": 0.6212383407711982,
        "skewness": 0.6995561536873623,
        "kurtosis_excess": 1.340209904220922,
        "delta_mean_median": -0.007648553611255993
      },
      "e_e": {
        "n": 127,
        "nan_frac": 0.0,
        "mean": -0.08524046701701783,
        "median": 0.0,
        "std": 1.0431210042038401,
        "iqr": 1.3152882754802704,
        "mad": 0.6744906902313232,
        "mad_sigma": 0.9999998973369598,
        "skewness": -0.23971996489903824,
        "kurtosis_excess": -0.19764142362544757,
        "delta_mean_median": -0.08524046701701783
      },
      "e_s": {
        "n": 127,
        "nan_frac": 0.0,
        "mean": 0.23927105270971463,
        "median": 0.09180296957492828,
        "std": 0.5876483074901243,
        "iqr": 0.6023318395018578,
        "mad": 0.2603961080312729,
        "mad_sigma": 0.38606326976716515,
        "skewness": 1.4130752131885025,
        "kurtosis_excess": 1.9420339387793444,
        "delta_mean_median": 0.14746808313478635
      },
      "e_m": {
        "n": 127,
        "nan_frac": 0.0,
        "mean": 0.3930103708439925,
        "median": 0.0,
        "std": 1.4199818216853781,
        "iqr": 1.348981499671936,
        "mad": 0.674490749835968,
        "mad_sigma": 0.9999999857068061,
        "skewness": 1.7273535372185913,
        "kurtosis_excess": 2.4601807667801374,
        "delta_mean_median": 0.3930103708439925
      }
    }
  },
  "entropy_provisional": {},
  "tau_summary": {
    "axes": {
      "m": {
        "tau_sec": 8.0,
        "dt_sec": 4.0,
        "max_lag_sec": 60.0,
        "threshold": 0.36787944117144233,
        "nan_frac": 0.0,
        "nan_policy": "strict"
      },
      "d": {
        "tau_sec": 8.0,
        "dt_sec": 4.0,
        "max_lag_sec": 60.0,
        "threshold": 0.36787944117144233,
        "nan_frac": 0.0,
        "nan_policy": "strict"
      },
      "e": {
        "tau_sec": 8.0,
        "dt_sec": 4.0,
        "max_lag_sec": 60.0,
        "threshold": 0.36787944117144233,
        "nan_frac": 0.0,
        "nan_policy": "strict"
      }
    },
    "subcoords": {
      "m_a": {
        "tau_sec": 8.0,
        "dt_sec": 4.0,
        "max_lag_sec": 60.0,
        "threshold": 0.36787944117144233,
        "nan_frac": 0.0,
        "nan_policy": "strict"
      },
      "m_e": {
        "tau_sec": 8.0,
        "dt_sec": 4.0,
        "max_lag_sec": 60.0,
        "threshold": 0.36787944117144233,
        "nan_frac": 0.0,
        "nan_policy": "strict"
      },
      "m_o": {
        "tau_sec": 8.0,
        "dt_sec": 4.0,
        "max_lag_sec": 60.0,
        "threshold": 0.36787944117144233,
        "nan_frac": 0.0,
        "nan_policy": "strict"
      },
      "d_n": {
        "tau_sec": 8.0,
        "dt_sec": 4.0,
        "max_lag_sec": 60.0,
        "threshold": 0.36787944117144233,
        "nan_frac": 0.0,
        "nan_policy": "strict"
      },
      "d_l": {
        "tau_sec": 8.0,
        "dt_sec": 4.0,
        "max_lag_sec": 60.0,
        "threshold": 0.36787944117144233,
        "nan_frac": 0.0,
        "nan_policy": "strict"
      },