{
  "dataset_id": "ds003478:sub-009:rest_Rest_run-01",
  "subject": "sub-009",
  "session": null,
  "reliability_axes": {
    "m": 0.6543299547446172,
    "d": 0.7191083024625743,
    "e": 0.8668903082878283
  },
  "reliability_subcoords": {
    "m_a": 0.8096546857014892,
    "m_e": 0.6630479254228655,
    "m_o": 0.5130514273101453,
    "d_n": 0.41381666250477417,
    "d_l": 0.8252037497690229,
    "d_s": 0.6879479371048732,
    "e_e": 0.8481767670497563,
    "e_s": 0.7211029392982804,
    "e_m": null
  }
}