{
  "dataset_id": "ds003478:sub-024:rest_Rest_run-01",
  "subject": "sub-024",
  "session": null,
  "reliability_axes": {
    "m": 0.7815757115528748,
    "d": 0.7101690914996255,
    "e": 0.7303879100721231
  },
  "reliability_subcoords": {
    "m_a": 0.7852856212007228,
    "m_e": 0.7590799191371183,
    "m_o": 0.7886180799957045,
    "d_n": 0.5444253883449951,
    "d_l": 0.7702885344458517,
    "d_s": 0.7823632668373275,
    "e_e": 0.7931421852957639,
    "e_s": 0.8048671198221484,
    "e_m": 0.5222823431328736
  }
}