{
  "dataset_id": "ds003478:sub-024:rest_Rest_run-01",
  "subject": "sub-024",
  "session": null,
  "coverage": {
    "epochs": 115,
    "seconds": 460.0
  },
  "artifacts": {
    "methods": [
      "none"
    ],
    "bad_eeg_channels": [],
    "n_bad_eeg_channels": 0,
    "stem_collisions": {}
  },
  "ensemble": {
    "var_by_subcoord": {
      "m_a": 0.015176222659647465,
      "m_e": 0.001649743877351284,
      "m_o": 0.0005549776833504438,
      "d_n": 0.0047342414036393166,
      "d_l": 0.003960488364100456,
      "d_s": 0.015839384868741035,
      "e_e": 0.0,
      "e_s": 0.0012516279239207506,
      "e_m": 0.0
    },
    "var_mean": 0.004796298531194528,
    "var_max": 0.015839384868741035
  },
  "reliability": {
    "axes": {
      "m": 0.7815757115528748,
      "d": 0.7101690914996255,
      "e": 0.7303879100721231
    },
    "subcoords": {
      "m_a": 0.7852856212007228,
      "m_e": 0.7590799191371183,
      "m_o": 0.7886180799957045,
      "d_n": 0.5444253883449951,
      "d_l": 0.7702885344458517,
      "d_s": 0.7823632668373275,
      "e_e": 0.7931421852957639,
      "e_s": 0.8048671198221484,
      "e_m": 0.5222823431328736
    }
  },
  "dist_summary": {
    "axes": {
      "m": {
        "n": 115,
        "nan_frac": 0.0,
        "mean": -0.35262999863404293,
        "median": -0.22932963073253632,
        "std": 0.8543909477916374,
        "iqr": 1.3486429154872894,
        "mad": 0.6899018436670303,
        "mad_sigma": 1.022848473420739,
        "skewness": -0.24545266693719583,
        "kurtosis_excess": -0.5951302291789435,
        "delta_mean_median": -0.12330036790150661
      },
      "d": {
        "n": 115,
        "nan_frac": 0.0,
        "mean": 0.16240302167349474,
        "median": 0.11538346856832504,
        "std": 0.6021440002373425,
        "iqr": 0.7452157288789749,
        "mad": 0.3762950524687767,
        "mad_sigma": 0.5578950447902083,
        "skewness": 0.3665726423278707,
        "kurtosis_excess": 0.07170734130827894,
        "delta_mean_median": 0.0470195531051697
      },
      "e": {
        "n": 115,
        "nan_frac": 0.0,
        "mean": 0.15079113319516183,
        "median": 0.13718341290950775,
        "std": 0.5183894569451242,
        "iqr": 0.6517052873969078,
        "mad": 0.3338214159011841,
        "mad_sigma": 0.49492363121509547,
        "skewness": 0.2918923238627099,
        "kurtosis_excess": -0.040400957256763625,
        "delta_mean_median": 0.013607720285654074
      }
    },
    "subcoords": {
      "m_a": {
        "n": 115,
        "nan_frac": 0.0,
        "mean": -0.8708961557769014,
        "median": -0.12533776462078094,
        "std": 1.6784188658493497,
        "iqr": 2.2093766629695892,
        "mad": 0.8561205416917801,
        "mad_sigma": 1.269284315112233,
        "skewness": -0.9897870755738887,
        "kurtosis_excess": -0.056631986716301874,
        "delta_mean_median": -0.7455583911561204
      },
      "m_e": {
        "n": 115,
        "nan_frac": 0.0,
        "mean": -0.0935238601680359,
        "median": -0.05937441065907478,
        "std": 0.38583550642186787,
        "iqr": 0.4357696399092674,
        "mad": 0.22947241738438606,
        "mad_sigma": 0.34021580601409074,
        "skewness": -0.34583140114010413,
        "kurtosis_excess": -0.10470719700695374,
        "delta_mean_median": -0.03414944950896112
      },
      "m_o": {
        "n": 115,
        "nan_frac": 0.0,
        "mean": 0.0447403259008475,
        "median": -0.06700217723846436,
        "std": 1.014105941006488,
        "iqr": 1.3627879917621613,
        "mad": 0.6773744821548462,
        "mad_sigma": 1.0042754072427749,
        "skewness": 0.4459533170196928,
        "kurtosis_excess": 0.7829478156310801,
        "delta_mean_median": 0.11174250313931186
      },
      "d_n": {
        "n": 115,
        "nan_frac": 0.0,
        "mean": 0.21906216300052145,
        "median": 0.13080322742462158,
        "std": 0.5973387195953189,
        "iqr": 0.6522324532270432,
        "mad": 0.31849780678749084,
        "mad_sigma": 0.4722048483431339,
        "skewness": 1.2156201164139042,
        "kurtosis_excess": 2.1117065897433784,
        "delta_mean_median": 0.08825893557589987
      },
      "d_l": {
        "n": 115,
        "nan_frac": 0.0,
        "mean": 0.07303146357121675,
        "median": 0.20004384219646454,
        "std": 0.9875963372438685,
        "iqr": 0.9910724312067032,
        "mad": 0.49998612701892853,
        "mad_sigma": 0.7412794319182634,
        "skewness": -0.22474115039887907,
        "kurtosis_excess": -0.0855649895978785,
        "delta_mean_median": -0.12701237862524778
      },
      "d_s": {
        "n": 115,
        "nan_frac": 0.0,
        "mean": 0.3229569677749406,
        "median": -0.021758172661066055,
        "std": 1.0228384611925725,
        "iqr": 1.5034694969654083,
        "mad": 0.5363142751157284,
        "mad_sigma": 0.7951395442865788,
        "skewness": 1.020362896303577,
        "kurtosis_excess": 0.33667041031433875,
        "delta_mean_median": 0.34471514043600665
      },
      "e_e": {
        "n": 115,
        "nan_frac": 0.0,
        "mean": -0.2071992227362226,
        "median": 0.0,
        "std": 0.9622631470730846,
        "iqr": 1.3424044698476791,
        "mad": 0.6744906902313232,
        "mad_sigma": 0.9999998973369598,
        "skewness": -0.7515718969758564,
        "kurtosis_excess": 0.2444259649110152,
        "delta_mean_median": -0.2071992227362226
      },
      "e_s": {
        "n": 115,
        "nan_frac": 0.0,
        "mean": 0.6565064171410125,
        "median": 0.18712176382541656,
        "std": 1.3122408385250386,
        "iqr": 1.8650875091552734,
        "mad": 0.700519934296608,
        "mad_sigma": 1.0385908545881508,
        "skewness": 0.932541500392928,
        "kurtosis_excess": -0.3872106297706934,
        "delta_mean_median": 0.469384653315596
      },
      "e_m": {
        "n": 115,
        "nan_frac": 0.0,
        "mean": -0.15759754028657208,
        "median": 0.0,
        "std": 1.157579934686164,
        "iqr": 1.407019317150116,
        "mad": 0.6744906902313232,
        "mad_sigma": 0.9999998973369598,
        "skewness": -0.8798224504907449,
        "kurtosis_excess": 1.0115690761250482,
        "delta_mean_median": -0.15759754028657208
      }
    }
  },
  "entropy_provisional": {},
  "tau_summary": {
    "axes": {
      "m": {
        "tau_sec": 12.0,
        "dt_sec": 4.0,
        "max_lag_sec": 60.0,
        "threshold": 0.36787944117144233,
        "nan_frac": 0.0,
        "nan_policy": "strict"
      },
      "d": {
        "tau_sec": 8.0,
        "dt_sec": 4.0,
        "max_lag_sec": 60.0,
        "threshold": 0.36787944117144233,
        "nan_frac": 0.0,
        "nan_policy": "strict"
      },
      "e": {
        "tau_sec": 12.0,
        "dt_sec": 4.0,
        "max_lag_sec": 60.0,
        "threshold": 0.36787944117144233,
        "nan_frac": 0.0,
        "nan_policy": "strict"
      }
    },
    "subcoords": {
      "m_a": {
        "tau_sec": 12.0,
        "dt_sec": 4.0,
        "max_lag_sec": 60.0,
        "threshold": 0.36787944117144233,
        "nan_frac": 0.0,
        "nan_policy": "strict"
      },
      "m_e": {
        "tau_sec": 12.0,
        "dt_sec": 4.0,
        "max_lag_sec": 60.0,
        "threshold": 0.36787944117144233,
        "nan_frac": 0.0,
        "nan_policy": "strict"
      },
      "m_o": {
        "tau_sec": 20.0,
        "dt_sec": 4.0,
        "max_lag_sec": 60.0,
        "threshold": 0.36787944117144233,
        "nan_frac": 0.0,
        "nan_policy": "strict"
      },
      "d_n": {
        "tau_sec": 8.0,
        "dt_sec": 4.0,
        "max_lag_sec": 60.0,
        "threshold": 0.36787944117144233,
        "nan_frac": 0.0,
        "nan_policy": "strict"
      },
      "d_l": {
        "tau_sec": 8.0,
        "dt_sec": 4.0,
        "max_lag_sec": 60.0,
        "threshold": 0.36787944117144233,
        "nan_frac": 0.0,
        "nan_policy": "strict"
      },