{
  "dataset_id": "ds003478:sub-058:rest_Rest_run-02",
  "subject": "sub-058",
  "session": null,
  "reliability_axes": {
    "m": 0.6665637022274872,
    "d": 0.5152594603282626,
    "e": 0.5987100440173582
  },
  "reliability_subcoords": {
    "m_a": 0.9009918150542241,
    "m_e": 0.5763863802303197,
    "m_o": 0.3153345082484194,
    "d_n": 0.7099137253805475,
    "d_l": 0.7755377320810266,
    "d_s": 0.7624849460133735,
    "e_e": 0.7198219501473031,
    "e_s": 0.9216205030977869,
    "e_m": 0.7948664862066575
  }
}