{
  "dataset_id": "ds003478:sub-058:rest_Rest_run-02",
  "subject": "sub-058",
  "session": null,
  "coverage": {
    "epochs": 53,
    "seconds": 212.0
  },
  "artifacts": {
    "methods": [
      "none"
    ],
    "bad_eeg_channels": [],
    "n_bad_eeg_channels": 0,
    "stem_collisions": {}
  },
  "ensemble": {
    "var_by_subcoord": {
      "m_a": 0.006976735778152943,
      "m_e": 0.013942001387476921,
      "m_o": 0.011112507432699203,
      "d_n": 0.023171786218881607,
      "d_l": 0.011743448674678802,
      "d_s": 0.011634521186351776,
      "e_e": 0.0,
      "e_s": 0.009134495630860329,
      "e_m": 0.0
    },
    "var_mean": 0.009746166256566843,
    "var_max": 0.023171786218881607
  },
  "reliability": {
    "axes": {
      "m": 0.6665637022274872,
      "d": 0.5152594603282626,
      "e": 0.5987100440173582
    },
    "subcoords": {
      "m_a": 0.9009918150542241,
      "m_e": 0.5763863802303197,
      "m_o": 0.3153345082484194,
      "d_n": 0.7099137253805475,
      "d_l": 0.7755377320810266,
      "d_s": 0.7624849460133735,
      "e_e": 0.7198219501473031,
      "e_s": 0.9216205030977869,
      "e_m": 0.7948664862066575
    }
  },
  "dist_summary": {
    "axes": {
      "m": {
        "n": 53,
        "nan_frac": 0.0,
        "mean": -0.01218193595490928,
        "median": -0.03715142607688904,
        "std": 0.5330295815598558,
        "iqr": 0.7388298809528351,
        "mad": 0.3712443709373474,
        "mad_sigma": 0.5504069043517112,
        "skewness": 0.49688674294990687,
        "kurtosis_excess": 0.03094637286887858,
        "delta_mean_median": 0.024969490121979757
      },
      "d": {
        "n": 53,
        "nan_frac": 0.0,
        "mean": 0.6060814485986242,
        "median": 0.7641772627830505,
        "std": 0.6639946172610824,
        "iqr": 0.9016920626163483,
        "mad": 0.5490893423557281,
        "mad_sigma": 0.8140798589766025,
        "skewness": -0.3223265991757193,
        "kurtosis_excess": -0.8148338439966736,
        "delta_mean_median": -0.1580958141844263
      },
      "e": {
        "n": 53,
        "nan_frac": 0.0,
        "mean": 0.05982951322166284,
        "median": 0.05619141459465027,
        "std": 0.5551341997716723,
        "iqr": 0.8018029034137726,
        "mad": 0.41192033886909485,
        "mad_sigma": 0.61071309440732,
        "skewness": -0.33192077127297465,
        "kurtosis_excess": -0.38155378937543016,
        "delta_mean_median": 0.003638098627012573
      }
    },
    "subcoords": {
      "m_a": {
        "n": 53,
        "nan_frac": 0.0,
        "mean": -0.09533983686903738,
        "median": -0.004424285143613815,
        "std": 0.7425722852546714,
        "iqr": 1.4712608456611633,
        "mad": 0.7273857705295086,
        "mad_sigma": 1.0784221433870493,
        "skewness": -0.1220933730136725,
        "kurtosis_excess": -1.2949644813911607,
        "delta_mean_median": -0.09091555172542357
      },
      "m_e": {
        "n": 53,
        "nan_frac": 0.0,
        "mean": -0.049170160595819634,
        "median": -0.039697978645563126,
        "std": 0.34255496406799124,
        "iqr": 0.531719908118248,
        "mad": 0.2651274688541889,
        "mad_sigma": 0.39307798532322047,
        "skewness": 0.3086353298304771,
        "kurtosis_excess": -0.4746465685542649,
        "delta_mean_median": -0.009472181950256509
      },
      "m_o": {
        "n": 53,
        "nan_frac": 0.0,
        "mean": 0.1475989895890344,
        "median": 0.023762794211506844,
        "std": 0.8364877081525316,
        "iqr": 0.7145785987377167,
        "mad": 0.3476485926657915,
        "mad_sigma": 0.5154238034863025,
        "skewness": 1.1425693565527748,
        "kurtosis_excess": 1.254649875389009,
        "delta_mean_median": 0.12383619537752755
      },
      "d_n": {
        "n": 53,
        "nan_frac": 0.0,
        "mean": 0.8403227871881341,
        "median": 0.27057650685310364,
        "std": 1.4171979015587002,
        "iqr": 2.2750149369239807,
        "mad": 1.0030312836170197,
        "mad_sigma": 1.4870941810905933,
        "skewness": 0.481621102509579,
        "kurtosis_excess": -1.0419488924158484,
        "delta_mean_median": 0.5697462803350305
      },
      "d_l": {
        "n": 53,
        "nan_frac": 0.0,
        "mean": 0.3871148109857766,
        "median": -0.07067295908927917,
        "std": 1.0222736897121887,
        "iqr": 1.812034785747528,
        "mad": 0.5030001103878021,
        "mad_sigma": 0.7457479636609554,
        "skewness": 0.6143173765960417,
        "kurtosis_excess": -1.1140457449842098,
        "delta_mean_median": 0.4577877700750558
      },
      "d_s": {
        "n": 53,
        "nan_frac": 0.0,
        "mean": 0.8290528102584604,
        "median": 0.7904785871505737,
        "std": 0.9583724583910768,
        "iqr": 1.6119454503059387,
        "mad": 0.8185968995094299,
        "mad_sigma": 1.2136517632126806,
        "skewness": 0.13652802556128812,
        "kurtosis_excess": -1.1228461961354623,
        "delta_mean_median": 0.03857422310788672
      },
      "e_e": {
        "n": 53,
        "nan_frac": 0.0,
        "mean": -0.14632207041008854,
        "median": 0.0,
        "std": 1.1328376011211678,
        "iqr": 1.0672172009944916,
        "mad": 0.6744906902313232,
        "mad_sigma": 0.9999998973369598,
        "skewness": -0.4311259944819804,
        "kurtosis_excess": 0.10368767369105347,
        "delta_mean_median": -0.14632207041008854
      },
      "e_s": {
        "n": 53,
        "nan_frac": 0.0,
        "mean": 0.3560291234192983,
        "median": 0.16313108801841736,
        "std": 0.6490137786126953,
        "iqr": 1.122890904545784,
        "mad": 0.6100628077983856,
        "mad_sigma": 0.9044791188418865,
        "skewness": 0.20523670883574016,
        "kurtosis_excess": -1.3467104632765765,
        "delta_mean_median": 0.19289803540088096
      },
      "e_m": {
        "n": 53,
        "nan_frac": 0.0,
        "mean": -0.22066732070777775,
        "median": 0.0,
        "std": 1.0575775564301308,
        "iqr": 1.483784794807434,
        "mad": 0.674490749835968,
        "mad_sigma": 0.9999999857068061,
        "skewness": -0.8130214316033045,
        "kurtosis_excess": 0.0094822425035761,
        "delta_mean_median": -0.22066732070777775
      }
    }
  },
  "entropy_provisional": {},
  "tau_summary": {
    "axes": {
      "m": {
        "tau_sec": 8.0,
        "dt_sec": 4.0,
        "max_lag_sec": 60.0,
        "threshold": 0.36787944117144233,
        "nan_frac": 0.0,
        "nan_policy": "strict"
      },
      "d": {
        "tau_sec": 24.0,
        "dt_sec": 4.0,
        "max_lag_sec": 60.0,
        "threshold": 0.36787944117144233,
        "nan_frac": 0.0,
        "nan_policy": "strict"
      },
      "e": {
        "tau_sec": 8.0,
        "dt_sec": 4.0,
        "max_lag_sec": 60.0,
        "threshold": 0.36787944117144233,
        "nan_frac": 0.0,
        "nan_policy": "strict"
      }
    },
    "subcoords": {
      "m_a": {
        "tau_sec": 40.0,
        "dt_sec": 4.0,
        "max_lag_sec": 60.0,
        "threshold": 0.36787944117144233,
        "nan_frac": 0.0,
        "nan_policy": "strict"
      },
      "m_e": {
        "tau_sec": 8.0,
        "dt_sec": 4.0,
        "max_lag_sec": 60.0,
        "threshold": 0.36787944117144233,
        "nan_frac": 0.0,
        "nan_policy": "strict"
      },
      "m_o": {
        "tau_sec": 4.0,
        "dt_sec": 4.0,
        "max_lag_sec": 60.0,
        "threshold": 0.36787944117144233,
        "nan_frac": 0.0,
        "nan_policy": "strict"
      },
      "d_n": {
        "tau_sec": 28.0,
        "dt_sec": 4.0,
        "max_lag_sec": 60.0,
        "threshold": 0.36787944117144233,
        "nan_frac": 0.0,
        "nan_policy": "strict"
      },
      "d_l": {
        "tau_sec": 32.0,
        "dt_sec": 4.0,
        "max_lag_sec": 60.0,
        "threshold": 0.36787944117144233,
        "nan_frac": 0.0,
        "nan_policy": "strict"
      },