{
  "dataset_id": "ds003478:sub-008:rest_Rest_run-02",
  "subject": "sub-008",
  "session": null,
  "reliability_axes": {
    "m": 0.6963960822330492,
    "d": 0.7656371309796713,
    "e": 0.6134056779995021
  },
  "reliability_subcoords": {
    "m_a": 0.5953009066614728,
    "m_e": 0.8235471119351961,
    "m_o": 0.8452932096276021,
    "d_n": 0.5627127538610561,
    "d_l": 0.6790538662566569,
    "d_s": 0.8184162727694596,
    "e_e": 0.7249655884787255,
    "e_s": 0.7998014574681008,
    "e_m": 0.3021947625072265
  }
}