{
  "dataset_id": "ds003478:sub-008:rest_Rest_run-02",
  "subject": "sub-008",
  "session": null,
  "coverage": {
    "epochs": 39,
    "seconds": 156.0
  },
  "artifacts": {
    "methods": [
      "none"
    ],
    "bad_eeg_channels": [],
    "n_bad_eeg_channels": 0,
    "stem_collisions": {}
  },
  "ensemble": {
    "var_by_subcoord": {
      "m_a": 0.006164181046187878,
      "m_e": 0.009242838248610497,
      "m_o": 0.0007063705706968904,
      "d_n": 0.013472629711031914,
      "d_l": 0.010645577684044838,
      "d_s": 0.023411860689520836,
      "e_e": 0.0,
      "e_s": 0.011090297251939774,
      "e_m": 0.0
    },
    "var_mean": 0.008303750578003624,
    "var_max": 0.023411860689520836
  },
  "reliability": {
    "axes": {
      "m": 0.6963960822330492,
      "d": 0.7656371309796713,
      "e": 0.6134056779995021
    },
    "subcoords": {
      "m_a": 0.5953009066614728,
      "m_e": 0.8235471119351961,
      "m_o": 0.8452932096276021,
      "d_n": 0.5627127538610561,
      "d_l": 0.6790538662566569,
      "d_s": 0.8184162727694596,
      "e_e": 0.7249655884787255,
      "e_s": 0.7998014574681008,
      "e_m": 0.3021947625072265
    }
  },
  "dist_summary": {
    "axes": {
      "m": {
        "n": 39,
        "nan_frac": 0.0,
        "mean": -0.05407669495504636,
        "median": -0.013652638532221317,
        "std": 0.6298382936687327,
        "iqr": 0.6844776272773743,
        "mad": 0.3346909722313285,
        "mad_sigma": 0.4962128354301676,
        "skewness": -0.7318930489677626,
        "kurtosis_excess": 0.446764599477957,
        "delta_mean_median": -0.040424056422825046
      },
      "d": {
        "n": 39,
        "nan_frac": 0.0,
        "mean": 0.6798634969939789,
        "median": 0.24659320712089539,
        "std": 1.0438210224416973,
        "iqr": 1.912770926952362,
        "mad": 0.6753274202346802,
        "mad_sigma": 1.0012404332399367,
        "skewness": 0.4466608663361902,
        "kurtosis_excess": -1.0816535253367505,
        "delta_mean_median": 0.43327028987308347
      },
      "e": {
        "n": 39,
        "nan_frac": 0.0,
        "mean": 0.26905981242322385,
        "median": 0.24305078387260437,
        "std": 0.2868802245787167,
        "iqr": 0.45082209073007107,
        "mad": 0.2280938532203436,
        "mad_sigma": 0.33817194678448137,
        "skewness": 0.5928058499779374,
        "kurtosis_excess": -0.5938466220137242,
        "delta_mean_median": 0.026009028550619484
      }
    },
    "subcoords": {
      "m_a": {
        "n": 39,
        "nan_frac": 0.0,
        "mean": -0.385218437283467,
        "median": 0.1708037108182907,
        "std": 1.2989129202037344,
        "iqr": 1.7014785408973694,
        "mad": 0.5095705538988113,
        "mad_sigma": 0.7554893032103777,
        "skewness": -1.047092094826847,
        "kurtosis_excess": 0.21329825466195107,
        "delta_mean_median": -0.5560221481017578
      },
      "m_e": {
        "n": 39,
        "nan_frac": 0.0,
        "mean": 0.10263800157759434,
        "median": 0.07436005026102066,
        "std": 0.3621118450368283,
        "iqr": 0.5403490141034126,
        "mad": 0.27821367233991623,
        "mad_sigma": 0.4124795906111598,
        "skewness": 0.3531764690885873,
        "kurtosis_excess": -0.934196952028135,
        "delta_mean_median": 0.02827795131657368
      },
      "m_o": {
        "n": 39,
        "nan_frac": 0.0,
        "mean": 0.21062288204064736,
        "median": -0.05414355546236038,
        "std": 0.9150943075452532,
        "iqr": 1.2369190156459808,
        "mad": 0.6460852548480034,
        "mad_sigma": 0.9578859988376498,
        "skewness": 0.6755847175422884,
        "kurtosis_excess": -0.567316404317102,
        "delta_mean_median": 0.26476643750300777
      },
      "d_n": {
        "n": 39,
        "nan_frac": 0.0,
        "mean": 0.24253137524311358,
        "median": 0.10003328323364258,
        "std": 0.6345574813337366,
        "iqr": 0.6560942605137825,
        "mad": 0.32955342531204224,
        "mad_sigma": 0.4885959083676338,
        "skewness": 1.4304868034581917,
        "kurtosis_excess": 2.082798311903548,
        "delta_mean_median": 0.142498092009471
      },
      "d_l": {
        "n": 39,
        "nan_frac": 0.0,
        "mean": 0.8454334804644952,
        "median": 0.0,
        "std": 1.6841105225205546,
        "iqr": 3.1456374526023865,
        "mad": 1.1357383728027344,
        "mad_sigma": 1.683845711517334,
        "skewness": 0.3676264650476788,
        "kurtosis_excess": -1.4547430506309533,
        "delta_mean_median": 0.8454334804644952
      },
      "d_s": {
        "n": 39,
        "nan_frac": 0.0,
        "mean": 0.9759301310166334,
        "median": 0.8245629072189331,
        "std": 1.4869442215668667,
        "iqr": 2.5951077342033386,
        "mad": 1.2747341096401215,
        "mad_sigma": 1.889920790952444,
        "skewness": 0.43545683553574743,
        "kurtosis_excess": -1.1221204576441068,
        "delta_mean_median": 0.1513672237977003
      },
      "e_e": {
        "n": 39,
        "nan_frac": 0.0,
        "mean": 0.019193145733040113,
        "median": 0.0,
        "std": 0.7461691656578445,
        "iqr": 1.3528514802455902,
        "mad": 0.674490749835968,
        "mad_sigma": 0.9999999857068061,
        "skewness": 0.07930938771250268,
        "kurtosis_excess": -1.2477672923562362,
        "delta_mean_median": 0.019193145733040113
      },
      "e_s": {
        "n": 39,
        "nan_frac": 0.0,
        "mean": 0.63707035779953,
        "median": 0.6348336338996887,
        "std": 0.6065446001115418,
        "iqr": 1.028504379093647,
        "mad": 0.5298891663551331,
        "mad_sigma": 0.7856136780381202,
        "skewness": -0.15312754517775093,
        "kurtosis_excess": -1.2389630301756098,
        "delta_mean_median": 0.0022367238998413086
      },
      "e_m": {
        "n": 39,
        "nan_frac": 0.0,
        "mean": -0.25693567727620786,
        "median": 0.0,
        "std": 1.0185905959834012,
        "iqr": 1.378858059644699,
        "mad": 0.674490749835968,
        "mad_sigma": 0.9999999857068061,
        "skewness": -0.6194796104042251,
        "kurtosis_excess": -0.8835649735695741,
        "delta_mean_median": -0.25693567727620786
      }
    }
  },
  "entropy_provisional": {},
  "tau_summary": {
    "axes": {
      "m": {
        "tau_sec": 8.0,
        "dt_sec": 4.0,
        "max_lag_sec": 60.0,
        "threshold": 0.36787944117144233,
        "nan_frac": 0.0,
        "nan_policy": "strict"
      },
      "d": {
        "tau_sec": 32.0,
        "dt_sec": 4.0,
        "max_lag_sec": 60.0,
        "threshold": 0.36787944117144233,
        "nan_frac": 0.0,
        "nan_policy": "strict"
      },
      "e": {
        "tau_sec": 8.0,
        "dt_sec": 4.0,
        "max_lag_sec": 60.0,
        "threshold": 0.36787944117144233,
        "nan_frac": 0.0,
        "nan_policy": "strict"
      }
    },
    "subcoords": {
      "m_a": {
        "tau_sec": 8.0,
        "dt_sec": 4.0,
        "max_lag_sec": 60.0,
        "threshold": 0.36787944117144233,
        "nan_frac": 0.0,
        "nan_policy": "strict"
      },
      "m_e": {
        "tau_sec": 12.0,
        "dt_sec": 4.0,
        "max_lag_sec": 60.0,
        "threshold": 0.36787944117144233,
        "nan_frac": 0.0,
        "nan_policy": "strict"
      },
      "m_o": {
        "tau_sec": 16.0,
        "dt_sec": 4.0,
        "max_lag_sec": 60.0,
        "threshold": 0.36787944117144233,
        "nan_frac": 0.0,
        "nan_policy": "strict"
      },
      "d_n": {
        "tau_sec": 8.0,
        "dt_sec": 4.0,
        "max_lag_sec": 60.0,
        "threshold": 0.36787944117144233,
        "nan_frac": 0.0,
        "nan_policy": "strict"
      },
      "d_l": {
        "tau_sec": 32.0,
        "dt_sec": 4.0,
        "max_lag_sec": 60.0,
        "threshold": 0.36787944117144233,
        "nan_frac": 0.0,
        "nan_policy": "strict"
      },
      "d_s": {
        "tau_sec": 20.0,