{
  "dataset_id": "ds003478:sub-110:rest_Rest_run-01",
  "subject": "sub-110",
  "session": null,
  "reliability_axes": {
    "m": 0.8245308046188561,
    "d": 0.8635499083749794,
    "e": 0.8617974064814862
  },
  "reliability_subcoords": {
    "m_a": 0.9359500388098003,
    "m_e": 0.6335157852532423,
    "m_o": 0.6614143409900279,
    "d_n": 0.6767141144989764,
    "d_l": 0.9118664028219602,
    "d_s": 0.7342483283286625,
    "e_e": 0.8536368476041087,
    "e_s": 0.673725085108298,
    "e_m": 0.9006363685206664
  }
}