{
  "dataset_id": "ds003478:sub-110:rest_Rest_run-01",
  "subject": "sub-110",
  "session": null,
  "coverage": {
    "epochs": 136,
    "seconds": 544.0
  },
  "artifacts": {
    "methods": [
      "none"
    ],
    "bad_eeg_channels": [],
    "n_bad_eeg_channels": 0,
    "stem_collisions": {}
  },
  "ensemble": {
    "var_by_subcoord": {
      "m_a": 0.0014778277836740017,
      "m_e": 0.00556783564388752,
      "m_o": 0.0062965331599116325,
      "d_n": 0.004189727827906609,
      "d_l": 0.006715112365782261,
      "d_s": 0.007656801491975784,
      "e_e": 2.1621331840800811e-13,
      "e_s": 0.017771432176232338,
      "e_m": 0.0
    },
    "var_mean": 0.005519474494398485,
    "var_max": 0.017771432176232338
  },
  "reliability": {
    "axes": {
      "m": 0.8245308046188561,
      "d": 0.8635499083749794,
      "e": 0.8617974064814862
    },
    "subcoords": {
      "m_a": 0.9359500388098003,
      "m_e": 0.6335157852532423,
      "m_o": 0.6614143409900279,
      "d_n": 0.6767141144989764,
      "d_l": 0.9118664028219602,
      "d_s": 0.7342483283286625,
      "e_e": 0.8536368476041087,
      "e_s": 0.673725085108298,
      "e_m": 0.9006363685206664
    }
  },
  "dist_summary": {
    "axes": {
      "m": {
        "n": 136,
        "nan_frac": 0.0,
        "mean": 0.08517392813775908,
        "median": 0.04523775540292263,
        "std": 0.6380392624865141,
        "iqr": 1.0505661815404892,
        "mad": 0.5513119045644999,
        "mad_sigma": 0.8173750297073274,
        "skewness": 0.05804356309776574,
        "kurtosis_excess": -1.1179071341884972,
        "delta_mean_median": 0.03993617273483645
      },
      "d": {
        "n": 136,
        "nan_frac": 0.0,
        "mean": 0.3497545002747382,
        "median": 0.2029089778661728,
        "std": 0.6815632868691289,
        "iqr": 1.102559294551611,
        "mad": 0.5548381358385086,
        "mad_sigma": 0.8226030201941729,
        "skewness": 0.3054530682868594,
        "kurtosis_excess": -0.8804600863093999,
        "delta_mean_median": 0.1468455224085654
      },
      "e": {
        "n": 136,
        "nan_frac": 0.0,
        "mean": -0.06439243580611861,
        "median": 0.07488599047064781,
        "std": 0.6714098686294246,
        "iqr": 0.7025822177529335,
        "mad": 0.3413155935704708,
        "mad_sigma": 0.50603449902758,
        "skewness": -0.6280032443437409,
        "kurtosis_excess": 0.8962020075604045,
        "delta_mean_median": -0.13927842627676643
      }
    },
    "subcoords": {
      "m_a": {
        "n": 136,
        "nan_frac": 0.0,
        "mean": 0.30229158655000743,
        "median": -0.027399826794862747,
        "std": 0.9844298293957117,
        "iqr": 2.0392117351293564,
        "mad": 0.647937785834074,
        "mad_sigma": 0.9606325612775981,
        "skewness": 0.2370317942476204,
        "kurtosis_excess": -1.4103713483557685,
        "delta_mean_median": 0.3296914133448702
      },
      "m_e": {
        "n": 136,
        "nan_frac": 0.0,
        "mean": -0.08404930690577363,
        "median": -0.03956368751823902,
        "std": 0.4516254782858979,
        "iqr": 0.6031335182487965,
        "mad": 0.3074729274958372,
        "mad_sigma": 0.4558593623053282,
        "skewness": -0.24151104849839408,
        "kurtosis_excess": -0.25257260364446754,
        "delta_mean_median": -0.044485619387534606
      },
      "m_o": {
        "n": 136,
        "nan_frac": 0.0,
        "mean": -0.007137562694504809,
        "median": -0.01298292528372258,
        "std": 0.8563906513819416,
        "iqr": 1.0464533120393753,
        "mad": 0.5479201878188178,
        "mad_sigma": 0.8123464704601793,
        "skewness": 0.20430319816964856,
        "kurtosis_excess": 0.4492599221241864,
        "delta_mean_median": 0.005845362589217771
      },
      "d_n": {
        "n": 136,
        "nan_frac": 0.0,
        "mean": 0.025975635521771276,
        "median": -0.06964602321386337,
        "std": 0.7636616405191861,
        "iqr": 0.9351493194699287,
        "mad": 0.4687467962503433,
        "mad_sigma": 0.694964000120759,
        "skewness": 1.2441157451018698,
        "kurtosis_excess": 2.8478235129659417,
        "delta_mean_median": 0.09562165873563465
      },
      "d_l": {
        "n": 136,
        "nan_frac": 0.0,
        "mean": 0.5671135143048185,
        "median": -0.07722355052828789,
        "std": 1.2431026521497277,
        "iqr": 2.2490791231393814,
        "mad": 0.5742537677288055,
        "mad_sigma": 0.851388636034727,
        "skewness": 0.6479900715897995,
        "kurtosis_excess": -0.9600401283722979,
        "delta_mean_median": 0.6443370648331064
      },
      "d_s": {
        "n": 136,
        "nan_frac": 0.0,
        "mean": 0.29137965916272474,
        "median": 0.20339731872081757,
        "std": 0.6143396788024255,
        "iqr": 0.7436003126204014,
        "mad": 0.3758533224463463,
        "mad_sigma": 0.5572401358589529,
        "skewness": 1.5472645125139535,
        "kurtosis_excess": 4.50242460265139,
        "delta_mean_median": 0.08798234044190717
      },
      "e_e": {
        "n": 136,
        "nan_frac": 0.0,
        "mean": -0.1773780539549668,
        "median": 2.3744069039821625e-06,
        "std": 1.242511306106474,
        "iqr": 1.454221487045288,
        "mad": 0.6744883456267416,
        "mad_sigma": 0.9999964212262071,
        "skewness": -0.7725754549105576,
        "kurtosis_excess": 0.5979367924131704,
        "delta_mean_median": -0.1773804283618708
      },
      "e_s": {
        "n": 136,
        "nan_frac": 0.0,
        "mean": 0.08019215821096783,
        "median": 0.08677107095718384,
        "std": 0.3591878503435109,
        "iqr": 0.4400302991271019,
        "mad": 0.21309036016464233,
        "mad_sigma": 0.3159277679800987,
        "skewness": 0.8505655304732007,
        "kurtosis_excess": 2.2341338467110496,
        "delta_mean_median": -0.006578912746216012
      },
      "e_m": {
        "n": 136,
        "nan_frac": 0.0,
        "mean": 0.14878472948775573,
        "median": 0.0,
        "std": 0.7948812287483505,
        "iqr": 1.348981499671936,
        "mad": 0.674490749835968,
        "mad_sigma": 0.9999999857068061,
        "skewness": 0.8436559584564183,
        "kurtosis_excess": 0.5602699055894389,
        "delta_mean_median": 0.14878472948775573
      }
    }
  },
  "entropy_provisional": {},
  "tau_summary": {
    "axes": {
      "m": {
        "tau_sec": 20.0,
        "dt_sec": 4.0,
        "max_lag_sec": 60.0,
        "threshold": 0.36787944117144233,
        "nan_frac": 0.0,
        "nan_policy": "strict"
      },
      "d": {
        "tau_sec": 16.0,
        "dt_sec": 4.0,
        "max_lag_sec": 60.0,
        "threshold": 0.36787944117144233,
        "nan_frac": 0.0,
        "nan_policy": "strict"
      },
      "e": {
        "tau_sec": 24.0,
        "dt_sec": 4.0,
        "max_lag_sec": 60.0,
        "threshold": 0.36787944117144233,
        "nan_frac": 0.0,
        "nan_policy": "strict"
      }
    },
    "subcoords": {
      "m_a": {
        "tau_sec": 32.0,
        "dt_sec": 4.0,
        "max_lag_sec": 60.0,
        "threshold": 0.36787944117144233,
        "nan_frac": 0.0,
        "nan_policy": "strict"
      },
      "m_e": {
        "tau_sec": 8.0,
        "dt_sec": 4.0,
        "max_lag_sec": 60.0,
        "threshold": 0.36787944117144233,
        "nan_frac": 0.0,
        "nan_policy": "strict"
      },
      "m_o": {
        "tau_sec": 8.0,
        "dt_sec": 4.0,
        "max_lag_sec": 60.0,
        "threshold": 0.36787944117144233,
        "nan_frac": 0.0,
        "nan_policy": "strict"
      },
      "d_n": {
        "tau_sec": 8.0,
        "dt_sec": 4.0,
        "max_lag_sec": 60.0,
        "threshold": 0.36787944117144233,
        "nan_frac": 0.0,
        "nan_policy": "strict"
      },
      "d_l": {
        "tau_sec": 20.0,
        "dt_sec": 4.0,
        "max_lag_sec": 60.0,
        "threshold": 0.36787944117144233,
        "nan_frac": 0.0,