{
  "dataset_id": "ds003478:sub-101:rest_Rest_run-01",
  "subject": "sub-101",
  "session": null,
  "reliability_axes": {
    "m": 0.6103501845745409,
    "d": 0.9024894861595449,
    "e": 0.7862485401224684
  },
  "reliability_subcoords": {
    "m_a": 0.9085263339246059,
    "m_e": 0.8473319392762446,
    "m_o": 0.8389194096564043,
    "d_n": 0.8493711920528273,
    "d_l": 0.9435561330851905,
    "d_s": 0.8840034106191598,
    "e_e": 0.831739596847826,
    "e_s": 0.6834427953234976,
    "e_m": 0.6252711382727177
  }
}