{
  "dataset_id": "ds003478:sub-081:rest_Rest_run-01",
  "subject": "sub-081",
  "session": null,
  "reliability_axes": {
    "m": 0.7820686231367758,
    "d": 0.8659358372703677,
    "e": 0.8292181806584538
  },
  "reliability_subcoords": {
    "m_a": 0.8127205237489511,
    "m_e": 0.8858958956632574,
    "m_o": 0.8884432533720151,
    "d_n": 0.705695690547127,
    "d_l": 0.8386714594700339,
    "d_s": 0.9313950693829631,
    "e_e": 0.8759145354429702,
    "e_s": 0.71869100179447,
    "e_m": 0.8035159214016113
  }
}