{
  "dataset_id": "ds003478:sub-081:rest_Rest_run-01",
  "subject": "sub-081",
  "session": null,
  "coverage": {
    "epochs": 121,
    "seconds": 484.0
  },
  "artifacts": {
    "methods": [
      "none"
    ],
    "bad_eeg_channels": [],
    "n_bad_eeg_channels": 0,
    "stem_collisions": {}
  },
  "ensemble": {
    "var_by_subcoord": {
      "m_a": 0.0012001133291050792,
      "m_e": 0.0005741307977586985,
      "m_o": 0.0044992356561124325,
      "d_n": 0.0032883742824196815,
      "d_l": 0.11865058541297913,
      "d_s": 0.16506868600845337,
      "e_e": 0.0,
      "e_s": 0.037938885390758514,
      "e_m": 0.0
    },
    "var_mean": 0.03680222343084299,
    "var_max": 0.16506868600845337
  },
  "reliability": {
    "axes": {
      "m": 0.7820686231367758,
      "d": 0.8659358372703677,
      "e": 0.8292181806584538
    },
    "subcoords": {
      "m_a": 0.8127205237489511,
      "m_e": 0.8858958956632574,
      "m_o": 0.8884432533720151,
      "d_n": 0.705695690547127,
      "d_l": 0.8386714594700339,
      "d_s": 0.9313950693829631,
      "e_e": 0.8759145354429702,
      "e_s": 0.71869100179447,
      "e_m": 0.8035159214016113
    }
  },
  "dist_summary": {
    "axes": {
      "m": {
        "n": 121,
        "nan_frac": 0.0,
        "mean": -0.17942729830926607,
        "median": -0.18250292539596558,
        "std": 0.487031521021496,
        "iqr": 0.5045716539025307,
        "mad": 0.24680384248495102,
        "mad_sigma": 0.36591137686818836,
        "skewness": -0.015914931891414297,
        "kurtosis_excess": -0.24901118051113702,
        "delta_mean_median": 0.003075627086699506
      },
      "d": {
        "n": 121,
        "nan_frac": 0.0,
        "mean": 0.1648125747172547,
        "median": 0.10057537257671356,
        "std": 0.7219803815454449,
        "iqr": 1.2769463062286377,
        "mad": 0.5986554771661758,
        "mad_sigma": 0.8875666104465723,
        "skewness": 0.3113485598506529,
        "kurtosis_excess": -1.0115080135037229,
        "delta_mean_median": 0.06423720214054113
      },
      "e": {
        "n": 121,
        "nan_frac": 0.0,
        "mean": 0.12939509080361175,
        "median": 0.16297262907028198,
        "std": 0.5870432551659965,
        "iqr": 0.8608090877532959,
        "mad": 0.424175500869751,
        "mad_sigma": 0.6288825975894927,
        "skewness": -0.021509940877029128,
        "kurtosis_excess": -0.7443937004813517,
        "delta_mean_median": -0.03357753826667023
      }
    },
    "subcoords": {
      "m_a": {
        "n": 121,
        "nan_frac": 0.0,
        "mean": -0.3331564750430013,
        "median": 0.08901172131299973,
        "std": 1.217541952084479,
        "iqr": 1.6371721625328064,
        "mad": 0.6431799456477165,
        "mad_sigma": 0.9535785874173045,
        "skewness": -0.835294114337619,
        "kurtosis_excess": -0.4722379649535968,
        "delta_mean_median": -0.422168196356001
      },
      "m_e": {
        "n": 121,
        "nan_frac": 0.0,
        "mean": -0.12041372640639512,
        "median": -0.08027324825525284,
        "std": 0.30213260218753923,
        "iqr": 0.5488836914300919,
        "mad": 0.2851197347044945,
        "mad_sigma": 0.4227185186728835,
        "skewness": -0.030678132456763117,
        "kurtosis_excess": -1.4515001487169792,
        "delta_mean_median": -0.040140478151142286
      },
      "m_o": {
        "n": 121,
        "nan_frac": 0.0,
        "mean": -0.039750354225970494,
        "median": 0.06406532973051071,
        "std": 0.8355742934103588,
        "iqr": 1.4114680290222168,
        "mad": 0.7007526680827141,
        "mad_sigma": 1.0389359056994318,
        "skewness": 0.023422497038193706,
        "kurtosis_excess": -1.1365638337505668,
        "delta_mean_median": -0.1038156839564812
      },
      "d_n": {
        "n": 121,
        "nan_frac": 0.0,
        "mean": -0.008778899215346525,
        "median": -0.07265666127204895,
        "std": 0.391089148418952,
        "iqr": 0.45520325005054474,
        "mad": 0.22674870491027832,
        "mad_sigma": 0.3361776298999786,
        "skewness": 0.562046283309095,
        "kurtosis_excess": 0.2674290459535249,
        "delta_mean_median": 0.06387776205670243
      },
      "d_l": {
        "n": 121,
        "nan_frac": 0.0,
        "mean": 0.22289023942444935,
        "median": 0.3548533320426941,
        "std": 1.1510166405221318,
        "iqr": 1.9042561054229736,
        "mad": 0.9755398631095886,
        "mad_sigma": 1.4463354010462761,
        "skewness": -0.06103662237634309,
        "kurtosis_excess": -1.118501688767241,
        "delta_mean_median": -0.13196309261824474
      },
      "d_s": {
        "n": 121,
        "nan_frac": 0.0,
        "mean": 0.30471274478376403,
        "median": -0.11406882107257843,
        "std": 1.0766566428549909,
        "iqr": 1.825304627418518,
        "mad": 0.665929839015007,
        "mad_sigma": 0.9873075793236493,
        "skewness": 0.6410226671249621,
        "kurtosis_excess": -0.8505041802849651,
        "delta_mean_median": 0.41878156585634246
      },
      "e_e": {
        "n": 121,
        "nan_frac": 0.0,
        "mean": -0.2895314609708865,
        "median": 0.0,
        "std": 0.9757365094061856,
        "iqr": 1.476620614528656,
        "mad": 0.6744906902313232,
        "mad_sigma": 0.9999998973369598,
        "skewness": -0.5598931464673033,
        "kurtosis_excess": -0.7050148144142914,
        "delta_mean_median": -0.2895314609708865
      },
      "e_s": {
        "n": 121,
        "nan_frac": 0.0,
        "mean": 0.7138401700938044,
        "median": 0.5759524703025818,
        "std": 1.037974863621462,
        "iqr": 1.1603322625160217,
        "mad": 0.5736641883850098,
        "mad_sigma": 0.8505145256996154,
        "skewness": 0.6297251804055765,
        "kurtosis_excess": -0.27757023093659505,
        "delta_mean_median": 0.13788769979122262
      },
      "e_m": {
        "n": 121,
        "nan_frac": 0.0,
        "mean": -0.07955032470828492,
        "median": 0.0,
        "std": 0.931717983037213,
        "iqr": 1.267970085144043,
        "mad": 0.6744906902313232,
        "mad_sigma": 0.9999998973369598,
        "skewness": -0.38701728899020715,
        "kurtosis_excess": -0.31644638463391717,
        "delta_mean_median": -0.07955032470828492
      }
    }
  },
  "entropy_provisional": {},
  "tau_summary": {
    "axes": {
      "m": {
        "tau_sec": 12.0,
        "dt_sec": 4.0,
        "max_lag_sec": 60.0,
        "threshold": 0.36787944117144233,
        "nan_frac": 0.0,
        "nan_policy": "strict"
      },
      "d": {
        "tau_sec": 20.0,
        "dt_sec": 4.0,
        "max_lag_sec": 60.0,
        "threshold": 0.36787944117144233,
        "nan_frac": 0.0,
        "nan_policy": "strict"
      },
      "e": {
        "tau_sec": 16.0,
        "dt_sec": 4.0,
        "max_lag_sec": 60.0,
        "threshold": 0.36787944117144233,
        "nan_frac": 0.0,
        "nan_policy": "strict"
      }
    },
    "subcoords": {
      "m_a": {
        "tau_sec": 12.0,
        "dt_sec": 4.0,
        "max_lag_sec": 60.0,
        "threshold": 0.36787944117144233,
        "nan_frac": 0.0,
        "nan_policy": "strict"
      },
      "m_e": {
        "tau_sec": 28.0,
        "dt_sec": 4.0,
        "max_lag_sec": 60.0,
        "threshold": 0.36787944117144233,
        "nan_frac": 0.0,
        "nan_policy": "strict"
      },
      "m_o": {
        "tau_sec": 28.0,
        "dt_sec": 4.0,
        "max_lag_sec": 60.0,
        "threshold": 0.36787944117144233,
        "nan_frac": 0.0,
        "nan_policy": "strict"
      },
      "d_n": {
        "tau_sec": 8.0,
        "dt_sec": 4.0,
        "max_lag_sec": 60.0,
        "threshold": 0.36787944117144233,
        "nan_frac": 0.0,
        "nan_policy": "strict"
      },
      "d_l": {
        "tau_sec": 16.0,
        "dt_sec": 4.0,
        "max_lag_sec": 60.0,
        "threshold": 0.36787944117144233,
        "nan_frac": 0.0,
        "nan_policy": "strict"
      },