{
  "dataset_id": "ds003478:sub-122:rest_Rest_run-01",
  "subject": "sub-122",
  "session": null,
  "reliability_axes": {
    "m": 0.5123688040898536,
    "d": 0.7686351759436868,
    "e": 0.7490169525634568
  },
  "reliability_subcoords": {
    "m_a": 0.7254532182584785,
    "m_e": 0.4346009335182594,
    "m_o": 0.41595030767786983,
    "d_n": 0.3709765572984783,
    "d_l": 0.8122714079906433,
    "d_s": 0.8169094942057773,
    "e_e": 0.7459911635128119,
    "e_s": 0.7616187711010673,
    "e_m": 0.8122807368976174
  }
}