{
  "dataset_id": "ds003478:sub-122:rest_Rest_run-01",
  "subject": "sub-122",
  "session": null,
  "coverage": {
    "epochs": 144,
    "seconds": 576.0
  },
  "artifacts": {
    "methods": [
      "none"
    ],
    "bad_eeg_channels": [],
    "n_bad_eeg_channels": 0,
    "stem_collisions": {}
  },
  "ensemble": {
    "var_by_subcoord": {
      "m_a": 0.0030572707764804363,
      "m_e": 0.0016578973736613989,
      "m_o": 0.0026907608844339848,
      "d_n": 5.577088086283766e-05,
      "d_l": 0.012499178759753704,
      "d_s": 0.02644708938896656,
      "e_e": 4.000966224992908e-14,
      "e_s": 0.0032753325067460537,
      "e_m": 0.0
    },
    "var_mean": 0.005520366730104999,
    "var_max": 0.02644708938896656
  },
  "reliability": {
    "axes": {
      "m": 0.5123688040898536,
      "d": 0.7686351759436868,
      "e": 0.7490169525634568
    },
    "subcoords": {
      "m_a": 0.7254532182584785,
      "m_e": 0.4346009335182594,
      "m_o": 0.41595030767786983,
      "d_n": 0.3709765572984783,
      "d_l": 0.8122714079906433,
      "d_s": 0.8169094942057773,
      "e_e": 0.7459911635128119,
      "e_s": 0.7616187711010673,
      "e_m": 0.8122807368976174
    }
  },
  "dist_summary": {
    "axes": {
      "m": {
        "n": 144,
        "nan_frac": 0.0,
        "mean": 0.14489041476756231,
        "median": 0.1941022276878357,
        "std": 0.7006960112134949,
        "iqr": 1.0443047136068344,
        "mad": 0.5332973152399063,
        "mad_sigma": 0.7906665995746851,
        "skewness": 0.4134248419559624,
        "kurtosis_excess": 0.07300179861439826,
        "delta_mean_median": -0.04921181292027338
      },
      "d": {
        "n": 144,
        "nan_frac": 0.0,
        "mean": 0.8211152812776467,
        "median": 0.31803740561008453,
        "std": 1.3960974102291601,
        "iqr": 2.765733376145363,
        "mad": 0.8819668740034103,
        "mad_sigma": 1.3076040873974561,
        "skewness": 0.3802719322999331,
        "kurtosis_excess": -1.4611570381053585,
        "delta_mean_median": 0.5030778756675621
      },
      "e": {
        "n": 144,
        "nan_frac": 0.0,
        "mean": 0.23510962072759867,
        "median": 0.21079318970441818,
        "std": 0.5942179765894511,
        "iqr": 0.835117869079113,
        "mad": 0.40607211738824844,
        "mad_sigma": 0.6020425212398172,
        "skewness": 0.010527771498936935,
        "kurtosis_excess": -0.22462361860684776,
        "delta_mean_median": 0.024316431023180485
      }
    },
    "subcoords": {
      "m_a": {
        "n": 144,
        "nan_frac": 0.0,
        "mean": 0.1752881920838263,
        "median": -0.09021349623799324,
        "std": 0.9310540605394234,
        "iqr": 1.7818632125854492,
        "mad": 0.7000825814902782,
        "mad_sigma": 1.0379424353174864,
        "skewness": 0.25052244895988723,
        "kurtosis_excess": -1.2590732716391662,
        "delta_mean_median": 0.26550168832181953
      },
      "m_e": {
        "n": 144,
        "nan_frac": 0.0,
        "mean": 0.0511922825664644,
        "median": 0.03166101407259703,
        "std": 0.5058373204875475,
        "iqr": 0.648387961089611,
        "mad": 0.324496328830719,
        "mad_sigma": 0.48109825712442394,
        "skewness": 0.4297428622237859,
        "kurtosis_excess": 0.26428717654733624,
        "delta_mean_median": 0.019531268493867375
      },
      "m_o": {
        "n": 144,
        "nan_frac": 0.0,
        "mean": 0.21752897982433853,
        "median": 0.038303716108202934,
        "std": 1.0511661915883033,
        "iqr": 1.2797755748033524,
        "mad": 0.6457277666777372,
        "mad_sigma": 0.9573559868764132,
        "skewness": 1.0101726743297685,
        "kurtosis_excess": 1.5638313010083476,
        "delta_mean_median": 0.1792252637161356
      },
      "d_n": {
        "n": 144,
        "nan_frac": 0.0,
        "mean": 0.14109458456126353,
        "median": 0.025727085769176483,
        "std": 0.9935393692066316,
        "iqr": 0.8736266940832138,
        "mad": 0.46778158098459244,
        "mad_sigma": 0.6935329719677568,
        "skewness": 0.9100482938813761,
        "kurtosis_excess": 1.525685197812627,
        "delta_mean_median": 0.11536749879208705
      },
      "d_l": {
        "n": 144,
        "nan_frac": 0.0,
        "mean": 1.2231420961519082,
        "median": -0.04577397741377354,
        "std": 2.0686306725175347,
        "iqr": 4.018002435564995,
        "mad": 0.5787867959588766,
        "mad_sigma": 0.8581093036886304,
        "skewness": 0.6236342590264738,
        "kurtosis_excess": -1.4282571725726254,
        "delta_mean_median": 1.2689160735656817
      },
      "d_s": {
        "n": 144,
        "nan_frac": 0.0,
        "mean": 0.8580737294008335,
        "median": 0.40875327587127686,
        "std": 1.4791817832925533,
        "iqr": 2.612095683813095,
        "mad": 1.0978143215179443,
        "mad_sigma": 1.6276195130825042,
        "skewness": 0.2793803232049537,
        "kurtosis_excess": -1.2831004322011403,
        "delta_mean_median": 0.44932045352955663
      },
      "e_e": {
        "n": 144,
        "nan_frac": 0.0,
        "mean": 0.11813236463866714,
        "median": 0.0,
        "std": 1.0003211049896374,
        "iqr": 1.2546918541193008,
        "mad": 0.6744907796382904,
        "mad_sigma": 1.0000000298917293,
        "skewness": -0.07019557565307563,
        "kurtosis_excess": -0.26220852252600446,
        "delta_mean_median": 0.11813236463866714
      },
      "e_s": {
        "n": 144,
        "nan_frac": 0.0,
        "mean": 0.31979049721525776,
        "median": 0.32570959627628326,
        "std": 0.4856080873451315,
        "iqr": 0.8097647540271282,
        "mad": 0.40729815512895584,
        "mad_sigma": 0.6038602447941899,
        "skewness": -0.15140426208200175,
        "kurtosis_excess": -1.0548228379706752,
        "delta_mean_median": -0.005919099061025501
      },
      "e_m": {
        "n": 144,
        "nan_frac": 0.0,
        "mean": 1.7993941076565534,
        "median": 0.061527976766228676,
        "std": 2.844544413448926,
        "iqr": 6.242700755596161,
        "mad": 0.7271767947822809,
        "mad_sigma": 1.0781123159442096,
        "skewness": 0.6127813058620935,
        "kurtosis_excess": -1.4526641417334174,
        "delta_mean_median": 1.7378661308903247
      }
    }
  },
  "entropy_provisional": {},
  "tau_summary": {
    "axes": {
      "m": {
        "tau_sec": 8.0,
        "dt_sec": 4.0,
        "max_lag_sec": 60.0,
        "threshold": 0.36787944117144233,
        "nan_frac": 0.0,
        "nan_policy": "strict"
      },
      "d": {
        "tau_sec": 20.0,
        "dt_sec": 4.0,
        "max_lag_sec": 60.0,
        "threshold": 0.36787944117144233,
        "nan_frac": 0.0,
        "nan_policy": "strict"
      },
      "e": {
        "tau_sec": 20.0,
        "dt_sec": 4.0,
        "max_lag_sec": 60.0,
        "threshold": 0.36787944117144233,
        "nan_frac": 0.0,
        "nan_policy": "strict"
      }
    },
    "subcoords": {
      "m_a": {
        "tau_sec": 20.0,
        "dt_sec": 4.0,
        "max_lag_sec": 60.0,
        "threshold": 0.36787944117144233,
        "nan_frac": 0.0,
        "nan_policy": "strict"
      },
      "m_e": {
        "tau_sec": 8.0,
        "dt_sec": 4.0,
        "max_lag_sec": 60.0,
        "threshold": 0.36787944117144233,
        "nan_frac": 0.0,
        "nan_policy": "strict"
      },
      "m_o": {
        "tau_sec": 8.0,
        "dt_sec": 4.0,
        "max_lag_sec": 60.0,
        "threshold": 0.36787944117144233,
        "nan_frac": 0.0,
        "nan_policy": "strict"
      },
      "d_n": {
        "tau_sec": 8.0,
        "dt_sec": 4.0,
        "max_lag_sec": 60.0,
        "threshold": 0.36787944117144233,
        "nan_frac": 0.0,
        "nan_policy": "strict"
      },
      "d_l": {
        "tau_sec": 20.0,
        "dt_sec": 4.0,
        "max_lag_sec": 60.0,
        "threshold": 0.36787944117144233,
        "nan_frac": 0.0,