{
  "dataset_id": "ds003478:sub-108:rest_Rest_run-01",
  "subject": "sub-108",
  "session": null,
  "reliability_axes": {
    "m": 0.7490725848570532,
    "d": 0.7536897152210235,
    "e": 0.6104683622783098
  },
  "reliability_subcoords": {
    "m_a": 0.7271264204729608,
    "m_e": 0.7541053478857934,
    "m_o": 0.7175934928007045,
    "d_n": 0.47270844515653765,
    "d_l": 0.7676728446713346,
    "d_s": 0.8141568998438781,
    "e_e": 0.6575613594429524,
    "e_s": 0.7544560679597824,
    "e_m": 0.7747444882721974
  }
}