{
  "dataset_id": "ds003478:sub-108:rest_Rest_run-01",
  "subject": "sub-108",
  "session": null,
  "coverage": {
    "epochs": 123,
    "seconds": 492.0
  },
  "artifacts": {
    "methods": [
      "none"
    ],
    "bad_eeg_channels": [],
    "n_bad_eeg_channels": 0,
    "stem_collisions": {}
  },
  "ensemble": {
    "var_by_subcoord": {
      "m_a": 0.002974813338369131,
      "m_e": 0.0008341590873897076,
      "m_o": 0.004204626195132732,
      "d_n": 0.0009046319173648953,
      "d_l": 0.011758633889257908,
      "d_s": 0.0026513978373259306,
      "e_e": 0.0,
      "e_s": 0.000589370378293097,
      "e_m": 0.0
    },
    "var_mean": 0.0026575147381259333,
    "var_max": 0.011758633889257908
  },
  "reliability": {
    "axes": {
      "m": 0.7490725848570532,
      "d": 0.7536897152210235,
      "e": 0.6104683622783098
    },
    "subcoords": {
      "m_a": 0.7271264204729608,
      "m_e": 0.7541053478857934,
      "m_o": 0.7175934928007045,
      "d_n": 0.47270844515653765,
      "d_l": 0.7676728446713346,
      "d_s": 0.8141568998438781,
      "e_e": 0.6575613594429524,
      "e_s": 0.7544560679597824,
      "e_m": 0.7747444882721974
    }
  },
  "dist_summary": {
    "axes": {
      "m": {
        "n": 123,
        "nan_frac": 0.0,
        "mean": -0.05735801018744222,
        "median": -0.08283531665802002,
        "std": 0.6259750203631976,
        "iqr": 1.0395536422729492,
        "mad": 0.530046284198761,
        "mad_sigma": 0.785846620953083,
        "skewness": 0.03126048299520904,
        "kurtosis_excess": -0.8899062459442533,
        "delta_mean_median": 0.025477306470577797
      },
      "d": {
        "n": 123,
        "nan_frac": 0.0,
        "mean": 0.1351677488414495,
        "median": 0.0525130070745945,
        "std": 0.6178278622963416,
        "iqr": 0.566218763589859,
        "mad": 0.2906762547791004,
        "mad_sigma": 0.43095661533549423,
        "skewness": 0.8059157226349014,
        "kurtosis_excess": 0.6413295271113961,
        "delta_mean_median": 0.082654741766855
      },
      "e": {
        "n": 123,
        "nan_frac": 0.0,
        "mean": 0.1515579302113776,
        "median": 0.09002506732940674,
        "std": 0.5112322967735388,
        "iqr": 0.6931927502155304,
        "mad": 0.3276956081390381,
        "mad_sigma": 0.4858415086269378,
        "skewness": -0.22336245166206847,
        "kurtosis_excess": 0.30557384850446834,
        "delta_mean_median": 0.06153286288197085
      }
    },
    "subcoords": {
      "m_a": {
        "n": 123,
        "nan_frac": 0.0,
        "mean": -0.17430429057619437,
        "median": -0.042689353227615356,
        "std": 0.9770332780026748,
        "iqr": 1.5342295169830322,
        "mad": 0.7786541879177094,
        "mad_sigma": 1.154432699006796,
        "skewness": -0.4368623530638095,
        "kurtosis_excess": -0.15062607630869573,
        "delta_mean_median": -0.13161493734857901
      },
      "m_e": {
        "n": 123,
        "nan_frac": 0.0,
        "mean": -0.015844296540633625,
        "median": 0.04222783446311951,
        "std": 0.33491334432702685,
        "iqr": 0.48891348391771317,
        "mad": 0.21721532940864563,
        "mad_sigma": 0.322043447381258,
        "skewness": -0.49473001772612235,
        "kurtosis_excess": -0.5510922733996377,
        "delta_mean_median": -0.058072131003753136
      },
      "m_o": {
        "n": 123,
        "nan_frac": 0.0,
        "mean": 0.05302898883317953,
        "median": 0.10768153518438339,
        "std": 0.9243546493640364,
        "iqr": 1.2890169620513916,
        "mad": 0.633795939385891,
        "mad_sigma": 0.9396658597335219,
        "skewness": -0.1282676274588326,
        "kurtosis_excess": -0.0772091481125603,
        "delta_mean_median": -0.05465254635120386
      },
      "d_n": {
        "n": 123,
        "nan_frac": 0.0,
        "mean": 0.0237320948664735,
        "median": -0.02304220199584961,
        "std": 0.452466691649899,
        "iqr": 0.47072842717170715,
        "mad": 0.24357521533966064,
        "mad_sigma": 0.36112461426258086,
        "skewness": 0.5937778677467217,
        "kurtosis_excess": 1.3887641222051936,
        "delta_mean_median": 0.04677429686232311
      },
      "d_l": {
        "n": 123,
        "nan_frac": 0.0,
        "mean": 0.1640878985749512,
        "median": 0.08930742740631104,
        "std": 0.8885261052330371,
        "iqr": 0.6561164781451225,
        "mad": 0.33935338258743286,
        "mad_sigma": 0.5031253250241279,
        "skewness": 0.41874964410893245,
        "kurtosis_excess": 1.107917998950275,
        "delta_mean_median": 0.07478047116864017
      },
      "d_s": {
        "n": 123,
        "nan_frac": 0.0,
        "mean": 0.24946529360684921,
        "median": -0.01378566026687622,
        "std": 1.1202480674497053,
        "iqr": 1.459689974784851,
        "mad": 0.6360090970993042,
        "mad_sigma": 0.9429470873594283,
        "skewness": 1.0597044574695325,
        "kurtosis_excess": 0.5257531768091313,
        "delta_mean_median": 0.26325095387372544
      },
      "e_e": {
        "n": 123,
        "nan_frac": 0.0,
        "mean": 0.03669202164178941,
        "median": 0.0,
        "std": 1.1255291468027775,
        "iqr": 1.437342792749405,
        "mad": 0.6744906902313232,
        "mad_sigma": 0.9999998973369598,
        "skewness": -0.8256079515868129,
        "kurtosis_excess": 1.8047895559468898,
        "delta_mean_median": 0.03669202164178941
      },
      "e_s": {
        "n": 123,
        "nan_frac": 0.0,
        "mean": 0.3144552110717064,
        "median": 0.12175902724266052,
        "std": 0.9237331702923759,
        "iqr": 1.5435874909162521,
        "mad": 0.6501323282718658,
        "mad_sigma": 0.9638861898958683,
        "skewness": 0.8239617177651957,
        "kurtosis_excess": 0.1128998022682759,
        "delta_mean_median": 0.19269618382904585
      },
      "e_m": {
        "n": 123,
        "nan_frac": 0.0,
        "mean": 0.03954850537778159,
        "median": 0.0,
        "std": 1.0249448337300613,
        "iqr": 1.3501501679420471,
        "mad": 0.674490749835968,
        "mad_sigma": 0.9999999857068061,
        "skewness": 0.08160374430801288,
        "kurtosis_excess": -0.34681938088734254,
        "delta_mean_median": 0.03954850537778159
      }
    }
  },
  "entropy_provisional": {},
  "tau_summary": {
    "axes": {
      "m": {
        "tau_sec": 16.0,
        "dt_sec": 4.0,
        "max_lag_sec": 60.0,
        "threshold": 0.36787944117144233,
        "nan_frac": 0.0,
        "nan_policy": "strict"
      },
      "d": {
        "tau_sec": 12.0,
        "dt_sec": 4.0,
        "max_lag_sec": 60.0,
        "threshold": 0.36787944117144233,
        "nan_frac": 0.0,
        "nan_policy": "strict"
      },
      "e": {
        "tau_sec": 8.0,
        "dt_sec": 4.0,
        "max_lag_sec": 60.0,
        "threshold": 0.36787944117144233,
        "nan_frac": 0.0,
        "nan_policy": "strict"
      }
    },
    "subcoords": {
      "m_a": {
        "tau_sec": 16.0,
        "dt_sec": 4.0,
        "max_lag_sec": 60.0,
        "threshold": 0.36787944117144233,
        "nan_frac": 0.0,
        "nan_policy": "strict"
      },
      "m_e": {
        "tau_sec": 16.0,
        "dt_sec": 4.0,
        "max_lag_sec": 60.0,
        "threshold": 0.36787944117144233,
        "nan_frac": 0.0,
        "nan_policy": "strict"
      },
      "m_o": {
        "tau_sec": 12.0,
        "dt_sec": 4.0,
        "max_lag_sec": 60.0,
        "threshold": 0.36787944117144233,
        "nan_frac": 0.0,
        "nan_policy": "strict"
      },
      "d_n": {
        "tau_sec": 8.0,
        "dt_sec": 4.0,
        "max_lag_sec": 60.0,
        "threshold": 0.36787944117144233,
        "nan_frac": 0.0,
        "nan_policy": "strict"
      },
      "d_l": {
        "tau_sec": 12.0,
        "dt_sec": 4.0,
        "max_lag_sec": 60.0,
        "threshold": 0.36787944117144233,
        "nan_frac": 0.0,
        "nan_policy": "strict"
      },