{
  "dataset_id": "ds003478:sub-105:rest_Rest_run-02",
  "subject": "sub-105",
  "session": null,
  "reliability_axes": {
    "m": 0.2067714929958084,
    "d": 0.9003254700067446,
    "e": 0.7036412683241184
  },
  "reliability_subcoords": {
    "m_a": 0.8290869005934141,
    "m_e": 0.6763764989959868,
    "m_o": 0.8030263489640235,
    "d_n": 0.9163644062097973,
    "d_l": 0.8983409149879475,
    "d_s": 0.9039977084822187,
    "e_e": 0.6755961938676771,
    "e_s": 0.7005993327227916,
    "e_m": 0.5830487952845751
  }
}