{
  "dataset_id": "ds003478:sub-105:rest_Rest_run-02",
  "subject": "sub-105",
  "session": null,
  "coverage": {
    "epochs": 53,
    "seconds": 212.0
  },
  "artifacts": {
    "methods": [
      "none"
    ],
    "bad_eeg_channels": [],
    "n_bad_eeg_channels": 0,
    "stem_collisions": {}
  },
  "ensemble": {
    "var_by_subcoord": {
      "m_a": 0.004416999407112598,
      "m_e": 0.004268899094313383,
      "m_o": 0.0008666837238706648,
      "d_n": 0.004825263749808073,
      "d_l": 0.7476103901863098,
      "d_s": 0.7820557355880737,
      "e_e": 0.0,
      "e_s": 0.052790455520153046,
      "e_m": 0.0
    },
    "var_mean": 0.1774260474744046,
    "var_max": 0.7820557355880737
  },
  "reliability": {
    "axes": {
      "m": 0.2067714929958084,
      "d": 0.9003254700067446,
      "e": 0.7036412683241184
    },
    "subcoords": {
      "m_a": 0.8290869005934141,
      "m_e": 0.6763764989959868,
      "m_o": 0.8030263489640235,
      "d_n": 0.9163644062097973,
      "d_l": 0.8983409149879475,
      "d_s": 0.9039977084822187,
      "e_e": 0.6755961938676771,
      "e_s": 0.7005993327227916,
      "e_m": 0.5830487952845751
    }
  },
  "dist_summary": {
    "axes": {
      "m": {
        "n": 53,
        "nan_frac": 0.0,
        "mean": 0.2620265123979101,
        "median": 0.22762209177017212,
        "std": 0.3888663279349677,
        "iqr": 0.5704610981047153,
        "mad": 0.28727519512176514,
        "mad_sigma": 0.42591420428752896,
        "skewness": 0.38159300289785564,
        "kurtosis_excess": -0.3262777973014188,
        "delta_mean_median": 0.034404420627737964
      },
      "d": {
        "n": 53,
        "nan_frac": 0.0,
        "mean": 0.756676268605691,
        "median": 0.9830545783042908,
        "std": 1.1602925998616496,
        "iqr": 2.514967620372772,
        "mad": 1.133693516254425,
        "mad_sigma": 1.6808140071988105,
        "skewness": -0.059169525727053085,
        "kurtosis_excess": -1.6553578825684145,
        "delta_mean_median": -0.22637830969859973
      },
      "e": {
        "n": 53,
        "nan_frac": 0.0,
        "mean": 0.3366656253500929,
        "median": 0.3926082253456116,
        "std": 0.4399740227512675,
        "iqr": 0.621444832533598,
        "mad": 0.2860798239707947,
        "mad_sigma": 0.4241419470191002,
        "skewness": -0.48607851923976375,
        "kurtosis_excess": -0.22419198161457743,
        "delta_mean_median": -0.05594259999551865
      }
    },
    "subcoords": {
      "m_a": {
        "n": 53,
        "nan_frac": 0.0,
        "mean": 0.41314313448262663,
        "median": -0.14100518822669983,
        "std": 1.1013680699135986,
        "iqr": 1.9319743812084198,
        "mad": 0.5530425012111664,
        "mad_sigma": 0.8199408122956753,
        "skewness": 0.647523591915689,
        "kurtosis_excess": -1.039514658769021,
        "delta_mean_median": 0.5541483227093265
      },
      "m_e": {
        "n": 53,
        "nan_frac": 0.0,
        "mean": 0.00027306981490186926,
        "median": 0.11780834197998047,
        "std": 0.6114725779433036,
        "iqr": 0.912485271692276,
        "mad": 0.4490528702735901,
        "mad_sigma": 0.6657657854676247,
        "skewness": -0.37356319994675047,
        "kurtosis_excess": -0.7785733483986061,
        "delta_mean_median": -0.1175352721650786
      },
      "m_o": {
        "n": 53,
        "nan_frac": 0.0,
        "mean": 0.3737422595556193,
        "median": -0.005845563020557165,
        "std": 1.3041379914194307,
        "iqr": 1.2509912848472595,
        "mad": 0.6359221772290766,
        "mad_sigma": 0.942818219959829,
        "skewness": 1.2376747975527096,
        "kurtosis_excess": 1.1516364109097026,
        "delta_mean_median": 0.37958782257617646
      },
      "d_n": {
        "n": 53,
        "nan_frac": 0.0,
        "mean": 0.5771590332096478,
        "median": -0.1319786012172699,
        "std": 1.5251956628644079,
        "iqr": 1.6719382107257843,
        "mad": 0.3331225514411926,
        "mad_sigma": 0.4938874947667122,
        "skewness": 1.3509414934253414,
        "kurtosis_excess": 0.5765217357524417,
        "delta_mean_median": 0.7091376344269177
      },
      "d_l": {
        "n": 53,
        "nan_frac": 0.0,
        "mean": 0.7455995086721092,
        "median": -0.022337868809700012,
        "std": 1.746796471739838,
        "iqr": 3.6708661913871765,
        "mad": 0.8539651483297348,
        "mad_sigma": 1.2660887289136646,
        "skewness": 0.6417632559161189,
        "kurtosis_excess": -1.3785734419767954,
        "delta_mean_median": 0.7679373774818092
      },
      "d_s": {
        "n": 53,
        "nan_frac": 0.0,
        "mean": 1.1096819002392158,
        "median": 1.1116944551467896,
        "std": 1.4910203928663284,
        "iqr": 3.335688829421997,
        "mad": 1.5977458655834198,
        "mad_sigma": 2.368818020313978,
        "skewness": 0.2227513766768301,
        "kurtosis_excess": -1.5023068458395497,
        "delta_mean_median": -0.0020125549075737936
      },
      "e_e": {
        "n": 53,
        "nan_frac": 0.0,
        "mean": -0.1098200159041949,
        "median": 0.0,
        "std": 0.8625707560006525,
        "iqr": 1.2960729002952576,
        "mad": 0.674490749835968,
        "mad_sigma": 0.9999999857068061,
        "skewness": -0.6262356638810475,
        "kurtosis_excess": -0.3334523629471171,
        "delta_mean_median": -0.1098200159041949
      },
      "e_s": {
        "n": 53,
        "nan_frac": 0.0,
        "mean": 0.9663049353743499,
        "median": 1.0164655447006226,
        "std": 0.42375091331685527,
        "iqr": 0.7494242787361145,
        "mad": 0.37554872035980225,
        "mad_sigma": 0.5567885328054428,
        "skewness": 0.012801958907895563,
        "kurtosis_excess": -1.1288676429478781,
        "delta_mean_median": -0.05016060932627264
      },
      "e_m": {
        "n": 53,
        "nan_frac": 0.0,
        "mean": -0.02545247887665371,
        "median": 0.0,
        "std": 0.9353570427866327,
        "iqr": 1.348981499671936,
        "mad": 0.674490749835968,
        "mad_sigma": 0.9999999857068061,
        "skewness": 0.2373023584876106,
        "kurtosis_excess": -0.7440510981972719,
        "delta_mean_median": -0.02545247887665371
      }
    }
  },
  "entropy_provisional": {},
  "tau_summary": {
    "axes": {
      "m": {
        "tau_sec": 8.0,
        "dt_sec": 4.0,
        "max_lag_sec": 60.0,
        "threshold": 0.36787944117144233,
        "nan_frac": 0.0,
        "nan_policy": "strict"
      },
      "d": {
        "tau_sec": 32.0,
        "dt_sec": 4.0,
        "max_lag_sec": 60.0,
        "threshold": 0.36787944117144233,
        "nan_frac": 0.0,
        "nan_policy": "strict"
      },
      "e": {
        "tau_sec": 12.0,
        "dt_sec": 4.0,
        "max_lag_sec": 60.0,
        "threshold": 0.36787944117144233,
        "nan_frac": 0.0,
        "nan_policy": "strict"
      }
    },
    "subcoords": {
      "m_a": {
        "tau_sec": 48.0,
        "dt_sec": 4.0,
        "max_lag_sec": 60.0,
        "threshold": 0.36787944117144233,
        "nan_frac": 0.0,
        "nan_policy": "strict"
      },
      "m_e": {
        "tau_sec": 16.0,
        "dt_sec": 4.0,
        "max_lag_sec": 60.0,
        "threshold": 0.36787944117144233,
        "nan_frac": 0.0,
        "nan_policy": "strict"
      },
      "m_o": {
        "tau_sec": 32.0,
        "dt_sec": 4.0,
        "max_lag_sec": 60.0,
        "threshold": 0.36787944117144233,
        "nan_frac": 0.0,
        "nan_policy": "strict"
      },
      "d_n": {
        "tau_sec": 32.0,
        "dt_sec": 4.0,
        "max_lag_sec": 60.0,
        "threshold": 0.36787944117144233,
        "nan_frac": 0.0,
        "nan_policy": "strict"
      },
      "d_l": {
        "tau_sec": 36.0,
        "dt_sec": 4.0,
        "max_lag_sec": 60.0,
        "threshold": 0.36787944117144233,
        "nan_frac": 0.0,
        "nan_policy": "strict"
      },