{
  "dataset_id": "ds003478:sub-110:rest_Rest_run-02",
  "subject": "sub-110",
  "session": null,
  "reliability_axes": {
    "m": 0.7439472376668527,
    "d": 0.9248867045496872,
    "e": 0.6762617912062101
  },
  "reliability_subcoords": {
    "m_a": 0.872046855399292,
    "m_e": 0.3714970854836831,
    "m_o": 0.5153029214499526,
    "d_n": 0.8960134413986306,
    "d_l": 0.8226412712102766,
    "d_s": 0.8609012736276279,
    "e_e": 0.7526254307500245,
    "e_s": 0.7931096168390128,
    "e_m": 0.9277156245363553
  }
}