{
  "dataset_id": "ds003478:sub-110:rest_Rest_run-02",
  "subject": "sub-110",
  "session": null,
  "coverage": {
    "epochs": 45,
    "seconds": 180.0
  },
  "artifacts": {
    "methods": [
      "none"
    ],
    "bad_eeg_channels": [
      "CPZ"
    ],
    "n_bad_eeg_channels": 1,
    "stem_collisions": {}
  },
  "ensemble": {
    "var_by_subcoord": {
      "m_a": 0.006000641267746687,
      "m_e": 0.007715398445725441,
      "m_o": 0.000779945170506835,
      "d_n": 0.004743756726384163,
      "d_l": 0.015981469303369522,
      "d_s": 0.011208558455109596,
      "e_e": 0.0,
      "e_s": 0.01676645129919052,
      "e_m": 0.0
    },
    "var_mean": 0.007021802296448085,
    "var_max": 0.01676645129919052
  },
  "reliability": {
    "axes": {
      "m": 0.7439472376668527,
      "d": 0.9248867045496872,
      "e": 0.6762617912062101
    },
    "subcoords": {
      "m_a": 0.872046855399292,
      "m_e": 0.3714970854836831,
      "m_o": 0.5153029214499526,
      "d_n": 0.8960134413986306,
      "d_l": 0.8226412712102766,
      "d_s": 0.8609012736276279,
      "e_e": 0.7526254307500245,
      "e_s": 0.7931096168390128,
      "e_m": 0.9277156245363553
    }
  },
  "dist_summary": {
    "axes": {
      "m": {
        "n": 45,
        "nan_frac": 0.0,
        "mean": 0.01970181999107202,
        "median": 0.06130548194050789,
        "std": 0.6291383439216466,
        "iqr": 1.1768267750740051,
        "mad": 0.5894809775054455,
        "mad_sigma": 0.8739644972495734,
        "skewness": -0.2809611403961094,
        "kurtosis_excess": -1.1412575365457125,
        "delta_mean_median": -0.04160366194943587
      },
      "d": {
        "n": 45,
        "nan_frac": 0.0,
        "mean": 0.5516165971755982,
        "median": 0.6281121373176575,
        "std": 0.603331699045376,
        "iqr": 1.1612440943717957,
        "mad": 0.5281662344932556,
        "mad_sigma": 0.7830592592597008,
        "skewness": -0.2848005599431755,
        "kurtosis_excess": -1.0829783905240886,
        "delta_mean_median": -0.07649554014205928
      },
      "e": {
        "n": 45,
        "nan_frac": 0.0,
        "mean": 0.02191971907288664,
        "median": 0.08073996007442474,
        "std": 0.5222867405888696,
        "iqr": 0.7371310293674469,
        "mad": 0.3735813647508621,
        "mad_sigma": 0.5538717313796282,
        "skewness": -0.525291055181469,
        "kurtosis_excess": -0.3330503941749363,
        "delta_mean_median": -0.058820241001538105
      }
    },
    "subcoords": {
      "m_a": {
        "n": 45,
        "nan_frac": 0.0,
        "mean": 0.10604212706287702,
        "median": -0.11139414459466934,
        "std": 1.0152785446095536,
        "iqr": 1.8270660638809204,
        "mad": 0.837709330022335,
        "mad_sigma": 1.241987852691114,
        "skewness": -0.05045201513241258,
        "kurtosis_excess": -1.1829868843108113,
        "delta_mean_median": 0.21743627165754636
      },
      "m_e": {
        "n": 45,
        "nan_frac": 0.0,
        "mean": -0.02575603641776575,
        "median": 0.018022984266281128,
        "std": 0.3297175778632982,
        "iqr": 0.4757111370563507,
        "mad": 0.24166232347488403,
        "mad_sigma": 0.35828856078386306,
        "skewness": -0.5833490065299851,
        "kurtosis_excess": -0.7772253183461029,
        "delta_mean_median": -0.043779020684046877
      },
      "m_o": {
        "n": 45,
        "nan_frac": 0.0,
        "mean": -0.0436963556955258,
        "median": 0.1069960668683052,
        "std": 0.7527482575372464,
        "iqr": 1.211179792881012,
        "mad": 0.48273443430662155,
        "mad_sigma": 0.7157020723029971,
        "skewness": -0.7051456769135165,
        "kurtosis_excess": -0.5690007016254439,
        "delta_mean_median": -0.150692422563831
      },
      "d_n": {
        "n": 45,
        "nan_frac": 0.0,
        "mean": 0.5847388125128217,
        "median": 0.18517759442329407,
        "std": 1.2415163801525753,
        "iqr": 1.1327852010726929,
        "mad": 0.5378641486167908,
        "mad_sigma": 0.7974373867392539,
        "skewness": 1.050492525004382,
        "kurtosis_excess": -0.2976022176870874,
        "delta_mean_median": 0.3995612180895276
      },
      "d_l": {
        "n": 45,
        "nan_frac": 0.0,
        "mean": 0.4757169955617024,
        "median": 0.0875612199306488,
        "std": 0.9672994440958225,
        "iqr": 1.8783893585205078,
        "mad": 0.6288733184337616,
        "mad_sigma": 0.9323675819098949,
        "skewness": 0.5001844632870054,
        "kurtosis_excess": -1.2515997643177224,
        "delta_mean_median": 0.3881557756310536
      },
      "d_s": {
        "n": 45,
        "nan_frac": 0.0,
        "mean": 0.714747153636482,
        "median": 0.32965087890625,
        "std": 1.0860657040431165,
        "iqr": 1.1266162395477295,
        "mad": 0.4985147714614868,
        "mad_sigma": 0.7390980001688003,
        "skewness": 1.008260510165017,
        "kurtosis_excess": -0.3682573533344953,
        "delta_mean_median": 0.385096274730232
      },
      "e_e": {
        "n": 45,
        "nan_frac": 0.0,
        "mean": -0.18867943945030372,
        "median": 0.0,
        "std": 1.1561652057931964,
        "iqr": 1.1230647563934326,
        "mad": 0.6744906902313232,
        "mad_sigma": 0.9999998973369598,
        "skewness": -0.9720060217590318,
        "kurtosis_excess": 0.5393357346273913,
        "delta_mean_median": -0.18867943945030372
      },
      "e_s": {
        "n": 45,
        "nan_frac": 0.0,
        "mean": 0.3008261308073997,
        "median": 0.19618667662143707,
        "std": 0.6341758696649621,
        "iqr": 1.0877101123332977,
        "mad": 0.4605230242013931,
        "mad_sigma": 0.6827714356809854,
        "skewness": 0.5722419118964409,
        "kurtosis_excess": -0.7816269303628292,
        "delta_mean_median": 0.10463945418596265
      },
      "e_m": {
        "n": 45,
        "nan_frac": 0.0,
        "mean": 0.2248302631907993,
        "median": 0.0,
        "std": 0.924268404561143,
        "iqr": 1.348981499671936,
        "mad": 0.674490749835968,
        "mad_sigma": 0.9999999857068061,
        "skewness": 0.8297920679440919,
        "kurtosis_excess": -0.4231468572999182,
        "delta_mean_median": 0.2248302631907993
      }
    }
  },
  "entropy_provisional": {},
  "tau_summary": {
    "axes": {
      "m": {
        "tau_sec": 20.0,
        "dt_sec": 4.0,
        "max_lag_sec": 60.0,
        "threshold": 0.36787944117144233,
        "nan_frac": 0.0,
        "nan_policy": "strict"
      },
      "d": {
        "tau_sec": 36.0,
        "dt_sec": 4.0,
        "max_lag_sec": 60.0,
        "threshold": 0.36787944117144233,
        "nan_frac": 0.0,
        "nan_policy": "strict"
      },
      "e": {
        "tau_sec": 8.0,
        "dt_sec": 4.0,
        "max_lag_sec": 60.0,
        "threshold": 0.36787944117144233,
        "nan_frac": 0.0,
        "nan_policy": "strict"
      }
    },
    "subcoords": {
      "m_a": {
        "tau_sec": 20.0,
        "dt_sec": 4.0,
        "max_lag_sec": 60.0,
        "threshold": 0.36787944117144233,
        "nan_frac": 0.0,
        "nan_policy": "strict"
      },
      "m_e": {
        "tau_sec": 8.0,
        "dt_sec": 4.0,
        "max_lag_sec": 60.0,
        "threshold": 0.36787944117144233,
        "nan_frac": 0.0,
        "nan_policy": "strict"
      },
      "m_o": {
        "tau_sec": 8.0,
        "dt_sec": 4.0,
        "max_lag_sec": 60.0,
        "threshold": 0.36787944117144233,
        "nan_frac": 0.0,
        "nan_policy": "strict"
      },
      "d_n": {
        "tau_sec": 20.0,
        "dt_sec": 4.0,
        "max_lag_sec": 60.0,
        "threshold": 0.36787944117144233,
        "nan_frac": 0.0,
        "nan_policy": "strict"
      },
      "d_l": {
        "tau_sec": 24.0,
        "dt_sec": 4.0,
        "max_lag_sec": 60.0,
        "threshold": 0.36787944117144233,
        "nan_frac": 0.0,
        "nan_policy": "strict"
      },