{
  "dataset_id": "ds003478:sub-074:rest_Rest_run-01",
  "subject": "sub-074",
  "session": null,
  "reliability_axes": {
    "m": 0.7048322201116999,
    "d": 0.6633732533883957,
    "e": 0.6659126722816908
  },
  "reliability_subcoords": {
    "m_a": 0.7978433479568805,
    "m_e": 0.5472053079502451,
    "m_o": 0.6137870837399645,
    "d_n": 0.7927085139671349,
    "d_l": 0.7193982206848515,
    "d_s": 0.7865920323779594,
    "e_e": 0.7651013224031868,
    "e_s": 0.5606591852493817,
    "e_m": 0.7761835409747919
  }
}