{
  "dataset_id": "ds003478:sub-086:rest_Rest_run-02",
  "subject": "sub-086",
  "session": null,
  "reliability_axes": {
    "m": 0.7479165690900824,
    "d": 0.8681945202584811,
    "e": 0.8742241577881714
  },
  "reliability_subcoords": {
    "m_a": 0.9336505331024082,
    "m_e": 0.8649297758102947,
    "m_o": 0.8902821199773348,
    "d_n": 0.9525489285165716,
    "d_l": 0.846013625284422,
    "d_s": 0.9477179413055815,
    "e_e": 0.8479307635430173,
    "e_s": 0.7916665969661859,
    "e_m": null
  }
}