{
  "dataset_id": "ds003478:sub-054:rest_Rest_run-01",
  "subject": "sub-054",
  "session": null,
  "reliability_axes": {
    "m": 0.5151151558747692,
    "d": 0.7413665664785349,
    "e": 0.7705580928254199
  },
  "reliability_subcoords": {
    "m_a": 0.7284220040731317,
    "m_e": 0.7921001146042185,
    "m_o": 0.7839286823449235,
    "d_n": 0.46801133305586573,
    "d_l": 0.8391893622160703,
    "d_s": 0.7693362656059104,
    "e_e": 0.8510753380896924,
    "e_s": 0.6960377519617696,
    "e_m": 0.674077595400733
  }
}