{
  "dataset_id": "ds003478:sub-054:rest_Rest_run-01",
  "subject": "sub-054",
  "session": null,
  "coverage": {
    "epochs": 118,
    "seconds": 472.0
  },
  "artifacts": {
    "methods": [
      "none"
    ],
    "bad_eeg_channels": [],
    "n_bad_eeg_channels": 0,
    "stem_collisions": {}
  },
  "ensemble": {
    "var_by_subcoord": {
      "m_a": 0.0028181958477944136,
      "m_e": 0.0043248808942735195,
      "m_o": 0.0007906524697318673,
      "d_n": 0.004994943737983704,
      "d_l": 0.013338438235223293,
      "d_s": 0.027505548670887947,
      "e_e": 9.810783506121815e-14,
      "e_s": 0.015911374241113663,
      "e_m": 0.0
    },
    "var_mean": 0.007742670455234058,
    "var_max": 0.027505548670887947
  },
  "reliability": {
    "axes": {
      "m": 0.5151151558747692,
      "d": 0.7413665664785349,
      "e": 0.7705580928254199
    },
    "subcoords": {
      "m_a": 0.7284220040731317,
      "m_e": 0.7921001146042185,
      "m_o": 0.7839286823449235,
      "d_n": 0.46801133305586573,
      "d_l": 0.8391893622160703,
      "d_s": 0.7693362656059104,
      "e_e": 0.8510753380896924,
      "e_s": 0.6960377519617696,
      "e_m": 0.674077595400733
    }
  },
  "dist_summary": {
    "axes": {
      "m": {
        "n": 118,
        "nan_frac": 0.0,
        "mean": -0.003147369369043637,
        "median": -0.0735623762011528,
        "std": 0.32847226084884784,
        "iqr": 0.3428308293223381,
        "mad": 0.16996220499277115,
        "mad_sigma": 0.2519859651222825,
        "skewness": 1.0391682258288897,
        "kurtosis_excess": 0.9653436627712417,
        "delta_mean_median": 0.07041500683210916
      },
      "d": {
        "n": 118,
        "nan_frac": 0.0,
        "mean": 0.7060129005319865,
        "median": 0.444313183426857,
        "std": 1.0646394211038892,
        "iqr": 2.0451889783143997,
        "mad": 0.9073525071144104,
        "mad_sigma": 1.3452408270478249,
        "skewness": 0.2364413823891037,
        "kurtosis_excess": -1.463469356024493,
        "delta_mean_median": 0.2616997171051295
      },
      "e": {
        "n": 118,
        "nan_frac": 0.0,
        "mean": 0.1931217010685448,
        "median": 0.13460315018892288,
        "std": 0.3532475222868989,
        "iqr": 0.5099270110949874,
        "mad": 0.22694124281406403,
        "mad_sigma": 0.33646308659613133,
        "skewness": 0.49268574029001244,
        "kurtosis_excess": -0.2810758852787809,
        "delta_mean_median": 0.058518550879621906
      }
    },
    "subcoords": {
      "m_a": {
        "n": 118,
        "nan_frac": 0.0,
        "mean": -0.026695768483046254,
        "median": 0.05324294604361057,
        "std": 0.6181743860871346,
        "iqr": 1.1069315522909164,
        "mad": 0.5018573850393295,
        "mad_sigma": 0.7440537590593099,
        "skewness": -0.18775620665799295,
        "kurtosis_excess": -1.1003088438397328,
        "delta_mean_median": -0.07993871452665682
      },
      "m_e": {
        "n": 118,
        "nan_frac": 0.0,
        "mean": -0.08731412670330413,
        "median": -0.06886977702379227,
        "std": 0.35479712489412346,
        "iqr": 0.5847396701574326,
        "mad": 0.28866491466760635,
        "mad_sigma": 0.4279746024861932,
        "skewness": 0.0634948711740672,
        "kurtosis_excess": -0.7287820677435795,
        "delta_mean_median": -0.018444349679511862
      },
      "m_o": {
        "n": 118,
        "nan_frac": 0.0,
        "mean": 0.13216758285791186,
        "median": 0.18020124733448029,
        "std": 0.8283128475802943,
        "iqr": 1.3274494260549545,
        "mad": 0.6269305348396301,
        "mad_sigma": 0.9294872109532356,
        "skewness": 0.39721963257401566,
        "kurtosis_excess": -0.48816711827518233,
        "delta_mean_median": -0.04803366447656843
      },
      "d_n": {
        "n": 118,
        "nan_frac": 0.0,
        "mean": 0.18776600861574633,
        "median": -0.02751186490058899,
        "std": 0.8914590573776304,
        "iqr": 0.6235000640153885,
        "mad": 0.2977958023548126,
        "mad_sigma": 0.44151205657124515,
        "skewness": 2.530721952787605,
        "kurtosis_excess": 7.265444497953432,
        "delta_mean_median": 0.21527787351633532
      },
      "d_l": {
        "n": 118,
        "nan_frac": 0.0,
        "mean": 0.959613376218131,
        "median": 0.061049483716487885,
        "std": 1.5762138414095503,
        "iqr": 2.953871116042137,
        "mad": 0.7083455547690392,
        "mad_sigma": 1.0501931195005774,
        "skewness": 0.4084501056874211,
        "kurtosis_excess": -1.5507330699146833,
        "delta_mean_median": 0.8985638925016431
      },
      "d_s": {
        "n": 118,
        "nan_frac": 0.0,
        "mean": 0.8887666802285081,
        "median": 0.7917076349258423,
        "std": 1.517840951477004,
        "iqr": 2.767153114080429,
        "mad": 1.3568796515464783,
        "mad_sigma": 2.0117097713828085,
        "skewness": 0.165060986949414,
        "kurtosis_excess": -1.545798673278289,
        "delta_mean_median": 0.09705904530266585
      },
      "e_e": {
        "n": 118,
        "nan_frac": 0.0,
        "mean": -0.021117009727631586,
        "median": 9.294599294662476e-07,
        "std": 0.7933259650060437,
        "iqr": 1.2886932045221329,
        "mad": 0.6744916792958975,
        "mad_sigma": 1.0000013637240976,
        "skewness": 0.10309636074037525,
        "kurtosis_excess": -1.054010946238492,
        "delta_mean_median": -0.021117939187561052
      },
      "e_s": {
        "n": 118,
        "nan_frac": 0.0,
        "mean": 0.49828952986557606,
        "median": 0.5088801383972168,
        "std": 0.5288050119217522,
        "iqr": 0.8150487467646599,
        "mad": 0.41032278537750244,
        "mad_sigma": 0.6083445616006851,
        "skewness": -0.05085729532701208,
        "kurtosis_excess": -0.7235692461150602,
        "delta_mean_median": -0.010590608531640733
      },
      "e_m": {
        "n": 118,
        "nan_frac": 0.0,
        "mean": -0.04358282548738485,
        "median": 0.0,
        "std": 0.9261713294410524,
        "iqr": 1.35274039208889,
        "mad": 0.6744907200336456,
        "mad_sigma": 0.999999941521883,
        "skewness": -0.4381293139260005,
        "kurtosis_excess": 0.004998666981792521,
        "delta_mean_median": -0.04358282548738485
      }
    }
  },
  "entropy_provisional": {},
  "tau_summary": {
    "axes": {
      "m": {
        "tau_sec": 8.0,
        "dt_sec": 4.0,
        "max_lag_sec": 60.0,
        "threshold": 0.36787944117144233,
        "nan_frac": 0.0,
        "nan_policy": "strict"
      },
      "d": {
        "tau_sec": 24.0,
        "dt_sec": 4.0,
        "max_lag_sec": 60.0,
        "threshold": 0.36787944117144233,
        "nan_frac": 0.0,
        "nan_policy": "strict"
      },
      "e": {
        "tau_sec": 24.0,
        "dt_sec": 4.0,
        "max_lag_sec": 60.0,
        "threshold": 0.36787944117144233,
        "nan_frac": 0.0,
        "nan_policy": "strict"
      }
    },
    "subcoords": {
      "m_a": {
        "tau_sec": 16.0,
        "dt_sec": 4.0,
        "max_lag_sec": 60.0,
        "threshold": 0.36787944117144233,
        "nan_frac": 0.0,
        "nan_policy": "strict"
      },
      "m_e": {
        "tau_sec": 24.0,
        "dt_sec": 4.0,
        "max_lag_sec": 60.0,
        "threshold": 0.36787944117144233,
        "nan_frac": 0.0,
        "nan_policy": "strict"
      },
      "m_o": {
        "tau_sec": 28.0,
        "dt_sec": 4.0,
        "max_lag_sec": 60.0,
        "threshold": 0.36787944117144233,
        "nan_frac": 0.0,
        "nan_policy": "strict"
      },
      "d_n": {
        "tau_sec": 8.0,
        "dt_sec": 4.0,
        "max_lag_sec": 60.0,
        "threshold": 0.36787944117144233,
        "nan_frac": 0.0,
        "nan_policy": "strict"
      },
      "d_l": {
        "tau_sec": 28.0,
        "dt_sec": 4.0,
        "max_lag_sec": 60.0,
        "threshold": 0.36787944117144233,
        "nan_frac": 0.0,