{
  "dataset_id": "ds003478:sub-042:rest_Rest_run-01",
  "subject": "sub-042",
  "session": null,
  "reliability_axes": {
    "m": 0.5820294870493766,
    "d": 0.8209741374813828,
    "e": 0.7920009794856957
  },
  "reliability_subcoords": {
    "m_a": 0.5735273224116686,
    "m_e": 0.5296896036745374,
    "m_o": 0.5788383916350336,
    "d_n": 0.5785662222623611,
    "d_l": 0.7242168967195002,
    "d_s": 0.7881587370899256,
    "e_e": 0.7752115038074398,
    "e_s": 0.5429609314660486,
    "e_m": null
  }
}