{
  "dataset_id": "ds003478:sub-042:rest_Rest_run-01",
  "subject": "sub-042",
  "session": null,
  "coverage": {
    "epochs": 125,
    "seconds": 500.0
  },
  "artifacts": {
    "methods": [
      "none"
    ],
    "bad_eeg_channels": [],
    "n_bad_eeg_channels": 0,
    "stem_collisions": {}
  },
  "ensemble": {
    "var_by_subcoord": {
      "m_a": 0.0051965112797915936,
      "m_e": 0.0020220030564814806,
      "m_o": 0.0022239554673433304,
      "d_n": 0.0013953567249700427,
      "d_l": 0.002823621267452836,
      "d_s": 0.003370396327227354,
      "e_e": 0.0,
      "e_s": 0.011656418442726135,
      "e_m": 0.0
    },
    "var_mean": 0.0031875847295547524,
    "var_max": 0.011656418442726135
  },
  "reliability": {
    "axes": {
      "m": 0.5820294870493766,
      "d": 0.8209741374813828,
      "e": 0.7920009794856957
    },
    "subcoords": {
      "m_a": 0.5735273224116686,
      "m_e": 0.5296896036745374,
      "m_o": 0.5788383916350336,
      "d_n": 0.5785662222623611,
      "d_l": 0.7242168967195002,
      "d_s": 0.7881587370899256,
      "e_e": 0.7752115038074398,
      "e_s": 0.5429609314660486,
      "e_m": null
    }
  },
  "dist_summary": {
    "axes": {
      "m": {
        "n": 125,
        "nan_frac": 0.0,
        "mean": -0.09503847307717661,
        "median": -0.00035318126901984215,
        "std": 0.7255269529120488,
        "iqr": 0.7256513833999634,
        "mad": 0.33521234383806586,
        "mad_sigma": 0.49698582097431643,
        "skewness": -0.7200437435062795,
        "kurtosis_excess": 0.618300695352159,
        "delta_mean_median": -0.09468529180815677
      },
      "d": {
        "n": 125,
        "nan_frac": 0.0,
        "mean": 0.06345516681671143,
        "median": -0.02687755599617958,
        "std": 0.6834111808439878,
        "iqr": 0.9663584530353546,
        "mad": 0.4743381403386593,
        "mad_sigma": 0.7032537268660962,
        "skewness": 0.7960703197794236,
        "kurtosis_excess": 1.7474029691856563,
        "delta_mean_median": 0.09033272281289101
      },
      "e": {
        "n": 125,
        "nan_frac": 0.0,
        "mean": 0.09107737294770778,
        "median": 0.09595240652561188,
        "std": 0.5183793416475013,
        "iqr": 0.7867307960987091,
        "mad": 0.3995731323957443,
        "mad_sigma": 0.5924071260899305,
        "skewness": 0.2577901664038449,
        "kurtosis_excess": -0.2511455746306255,
        "delta_mean_median": -0.0048750335779041
      }
    },
    "subcoords": {
      "m_a": {
        "n": 125,
        "nan_frac": 0.0,
        "mean": -0.30982386486604807,
        "median": -0.008185580372810364,
        "std": 1.1685885826187168,
        "iqr": 1.1425242125988007,
        "mad": 0.5862536281347275,
        "mad_sigma": 0.8691796290725469,
        "skewness": -1.0869812495174012,
        "kurtosis_excess": 0.489316755436886,
        "delta_mean_median": -0.3016382844932377
      },
      "m_e": {
        "n": 125,
        "nan_frac": 0.0,
        "mean": -0.04430712739191949,
        "median": -0.06488696485757828,
        "std": 0.4474433706196792,
        "iqr": 0.5056392103433609,
        "mad": 0.26564525812864304,
        "mad_sigma": 0.39384565970152613,
        "skewness": 0.07768216076888901,
        "kurtosis_excess": -0.13743638590438323,
        "delta_mean_median": 0.020579837465658786
      },
      "m_o": {
        "n": 125,
        "nan_frac": 0.0,
        "mean": 0.1388830973915756,
        "median": 0.13900497555732727,
        "std": 0.7725217317014158,
        "iqr": 0.8016602396965027,
        "mad": 0.4452890455722809,
        "mad_sigma": 0.6601855389654636,
        "skewness": 0.30704471666898653,
        "kurtosis_excess": 0.12712909556016694,
        "delta_mean_median": -0.00012187816575168209
      },
      "d_n": {
        "n": 125,
        "nan_frac": 0.0,
        "mean": 0.08309388369321823,
        "median": 0.06997759640216827,
        "std": 0.7377648452112447,
        "iqr": 1.006674736738205,
        "mad": 0.5076777786016464,
        "mad_sigma": 0.752683074554801,
        "skewness": 0.5154367541312173,
        "kurtosis_excess": 1.4023659736327954,
        "delta_mean_median": 0.013116287291049952
      },
      "d_l": {
        "n": 125,
        "nan_frac": 0.0,
        "mean": 0.058945595055818555,
        "median": -0.018557187169790268,
        "std": 0.8954456234470413,
        "iqr": 1.218749463558197,
        "mad": 0.6043903790414333,
        "mad_sigma": 0.896069175966829,
        "skewness": 0.44770249598421413,
        "kurtosis_excess": 0.1105828994533069,
        "delta_mean_median": 0.07750278222560883
      },
      "d_s": {
        "n": 125,
        "nan_frac": 0.0,
        "mean": 0.04159261938929558,
        "median": 0.03253072127699852,
        "std": 0.8150359389693395,
        "iqr": 1.3004869222640991,
        "mad": 0.6542549766600132,
        "mad_sigma": 0.9699984283961355,
        "skewness": 0.40535134884376584,
        "kurtosis_excess": 0.20853601914062914,
        "delta_mean_median": 0.00906189811229706
      },
      "e_e": {
        "n": 125,
        "nan_frac": 0.0,
        "mean": 0.012114461287856102,
        "median": 0.0,
        "std": 1.0320624787771195,
        "iqr": 1.3410429954528809,
        "mad": 0.6744906902313232,
        "mad_sigma": 0.9999998973369598,
        "skewness": 0.12218401991266387,
        "kurtosis_excess": 0.0666362241850198,
        "delta_mean_median": 0.012114461287856102
      },
      "e_s": {
        "n": 125,
        "nan_frac": 0.0,
        "mean": 0.20373995864391328,
        "median": -0.00644037127494812,
        "std": 0.7222973284636931,
        "iqr": 0.8195231854915619,
        "mad": 0.3537874221801758,
        "mad_sigma": 0.5245252321243286,
        "skewness": 1.0689669990330284,
        "kurtosis_excess": 0.24400390075893208,
        "delta_mean_median": 0.2101803299188614
      },
      "e_m": {
        "n": 125,
        "nan_frac": 0.0,
        "mean": 0.0,
        "median": 0.0,
        "std": 0.0,
        "iqr": 0.0,
        "mad": 0.0,
        "mad_sigma": 0.0,
        "skewness": null,
        "kurtosis_excess": null,
        "delta_mean_median": 0.0
      }
    }
  },
  "entropy_provisional": {
    "e_m": {
      "var": 0.0,
      "n_unique": 1,
      "nan_frac": 0.0,
      "provisional": true
    }
  },
  "tau_summary": {
    "axes": {
      "m": {
        "tau_sec": 8.0,
        "dt_sec": 4.0,
        "max_lag_sec": 60.0,
        "threshold": 0.36787944117144233,
        "nan_frac": 0.0,
        "nan_policy": "strict"
      },
      "d": {
        "tau_sec": 24.0,
        "dt_sec": 4.0,
        "max_lag_sec": 60.0,
        "threshold": 0.36787944117144233,
        "nan_frac": 0.0,
        "nan_policy": "strict"
      },
      "e": {
        "tau_sec": 8.0,
        "dt_sec": 4.0,
        "max_lag_sec": 60.0,
        "threshold": 0.36787944117144233,
        "nan_frac": 0.0,
        "nan_policy": "strict"
      }
    },
    "subcoords": {
      "m_a": {
        "tau_sec": 8.0,
        "dt_sec": 4.0,
        "max_lag_sec": 60.0,
        "threshold": 0.36787944117144233,
        "nan_frac": 0.0,
        "nan_policy": "strict"
      },
      "m_e": {
        "tau_sec": 8.0,
        "dt_sec": 4.0,
        "max_lag_sec": 60.0,
        "threshold": 0.36787944117144233,
        "nan_frac": 0.0,
        "nan_policy": "strict"
      },
      "m_o": {
        "tau_sec": 8.0,
        "dt_sec": 4.0,
        "max_lag_sec": 60.0,
        "threshold": 0.36787944117144233,
        "nan_frac": 0.0,
        "nan_policy": "strict"
      },
      "d_n": {
        "tau_sec": 8.0,
        "dt_sec": 4.0,
        "max_lag_sec": 60.0,
        "threshold": 0.36787944117144233,
        "nan_frac": 0.0,
        "nan_policy": "strict"
      },
      "d_l": {
        "tau_sec": 12.0,
        "dt_sec": 4.0,
        "max_lag_sec": 60.0,
        "threshold": 0.36787944117144233,
        "nan_frac": 0.0,
        "nan_policy": "strict"
      },