{
  "dataset_id": "ds003478:sub-098:rest_Rest_run-01",
  "subject": "sub-098",
  "session": null,
  "reliability_axes": {
    "m": 0.5765296179165498,
    "d": 0.7591056848763567,
    "e": 0.5121102600686623
  },
  "reliability_subcoords": {
    "m_a": 0.779633132971779,
    "m_e": 0.5520928078614753,
    "m_o": 0.42874926966995675,
    "d_n": 0.22751226057016422,
    "d_l": 0.8595489021077722,
    "d_s": 0.7367205179487966,
    "e_e": 0.462596285366965,
    "e_s": 0.572287355245652,
    "e_m": null
  }
}