{
  "dataset_id": "ds003478:sub-098:rest_Rest_run-01",
  "subject": "sub-098",
  "session": null,
  "coverage": {
    "epochs": 123,
    "seconds": 492.0
  },
  "artifacts": {
    "methods": [
      "none"
    ],
    "bad_eeg_channels": [],
    "n_bad_eeg_channels": 0,
    "stem_collisions": {}
  },
  "ensemble": {
    "var_by_subcoord": {
      "m_a": 0.008896042592823505,
      "m_e": 0.003149396739900112,
      "m_o": 0.002761594485491514,
      "d_n": 0.0031108898110687733,
      "d_l": 0.011754011735320091,
      "d_s": 0.03489792346954346,
      "e_e": 0.0,
      "e_s": 0.0004051143187098205,
      "e_m": 0.0
    },
    "var_mean": 0.007219441461428586,
    "var_max": 0.03489792346954346
  },
  "reliability": {
    "axes": {
      "m": 0.5765296179165498,
      "d": 0.7591056848763567,
      "e": 0.5121102600686623
    },
    "subcoords": {
      "m_a": 0.779633132971779,
      "m_e": 0.5520928078614753,
      "m_o": 0.42874926966995675,
      "d_n": 0.22751226057016422,
      "d_l": 0.8595489021077722,
      "d_s": 0.7367205179487966,
      "e_e": 0.462596285366965,
      "e_s": 0.572287355245652,
      "e_m": null
    }
  },
  "dist_summary": {
    "axes": {
      "m": {
        "n": 123,
        "nan_frac": 0.0,
        "mean": -0.029440394941550808,
        "median": 0.03185316175222397,
        "std": 0.5263256720513089,
        "iqr": 0.6020034998655319,
        "mad": 0.2721841409802437,
        "mad_sigma": 0.4035402074173093,
        "skewness": -0.65165597429723,
        "kurtosis_excess": 0.8303169170656814,
        "delta_mean_median": -0.06129355669377477
      },
      "d": {
        "n": 123,
        "nan_frac": 0.0,
        "mean": 0.24885367243399284,
        "median": 0.07185331732034683,
        "std": 0.7848841342882968,
        "iqr": 1.3009896874427795,
        "mad": 0.628122590482235,
        "mad_sigma": 0.9312545526489615,
        "skewness": 0.7006781997204605,
        "kurtosis_excess": 0.11244922355417497,
        "delta_mean_median": 0.177000355113646
      },
      "e": {
        "n": 123,
        "nan_frac": 0.0,
        "mean": 0.1694462526006609,
        "median": 0.16045498847961426,
        "std": 0.5753160320148215,
        "iqr": 0.7255276143550873,
        "mad": 0.35713768005371094,
        "mad_sigma": 0.5294923244476318,
        "skewness": 1.7200903576338045,
        "kurtosis_excess": 9.444815897807604,
        "delta_mean_median": 0.008991264121046644
      }
    },
    "subcoords": {
      "m_a": {
        "n": 123,
        "nan_frac": 0.0,
        "mean": -0.15140232400461365,
        "median": 0.03464901074767113,
        "std": 0.9849321862312497,
        "iqr": 0.9459384083747864,
        "mad": 0.45421991124749184,
        "mad_sigma": 0.6734264404155313,
        "skewness": -2.012074564039786,
        "kurtosis_excess": 8.524503985592995,
        "delta_mean_median": -0.18605133475228477
      },
      "m_e": {
        "n": 123,
        "nan_frac": 0.0,
        "mean": 0.005245679209569121,
        "median": 0.037857551127672195,
        "std": 0.4560876288534914,
        "iqr": 0.6123760491609573,
        "mad": 0.30713460966944695,
        "mad_sigma": 0.455357772295922,
        "skewness": -0.7439254087935981,
        "kurtosis_excess": 1.7276561965329842,
        "delta_mean_median": -0.03261187191810307
      },
      "m_o": {
        "n": 123,
        "nan_frac": 0.0,
        "mean": 0.09620195244840248,
        "median": -0.004014701582491398,
        "std": 0.8623048644144607,
        "iqr": 1.0422461479902267,
        "mad": 0.5452013919129968,
        "mad_sigma": 0.808315583650209,
        "skewness": 0.881446776458415,
        "kurtosis_excess": 2.4501568589816856,
        "delta_mean_median": 0.10021665403089387
      },
      "d_n": {
        "n": 123,
        "nan_frac": 0.0,
        "mean": 0.18588841818575938,
        "median": -0.004758477210998535,
        "std": 0.8872169939814603,
        "iqr": 0.725093886256218,
        "mad": 0.3925788998603821,
        "mad_sigma": 0.5820374769330025,
        "skewness": 2.691171301476077,
        "kurtosis_excess": 9.770344657215128,
        "delta_mean_median": 0.19064689539675791
      },
      "d_l": {
        "n": 123,
        "nan_frac": 0.0,
        "mean": 0.23830072297071053,
        "median": -0.016638029366731644,
        "std": 1.0283882345511746,
        "iqr": 1.6382108926773071,
        "mad": 0.7512202374637127,
        "mad_sigma": 1.1137591240637004,
        "skewness": 0.45304589942107365,
        "kurtosis_excess": -0.7689071221278563,
        "delta_mean_median": 0.2549387523374422
      },
      "d_s": {
        "n": 123,
        "nan_frac": 0.0,
        "mean": 0.39219669831114085,
        "median": 0.013478100299835205,
        "std": 1.0474354780594708,
        "iqr": 1.5259143263101578,
        "mad": 0.6913197040557861,
        "mad_sigma": 1.0249505932331084,
        "skewness": 0.6557684916369723,
        "kurtosis_excess": -0.4576451532586545,
        "delta_mean_median": 0.37871859801130564
      },
      "e_e": {
        "n": 123,
        "nan_frac": 0.0,
        "mean": -0.028453331202414358,
        "median": 0.0,
        "std": 1.0800074106702482,
        "iqr": 1.3213773965835571,
        "mad": 0.6744906902313232,
        "mad_sigma": 0.9999998973369598,
        "skewness": 0.9404938928210251,
        "kurtosis_excess": 6.170468786723971,
        "delta_mean_median": -0.028453331202414358
      },
      "e_s": {
        "n": 123,
        "nan_frac": 0.0,
        "mean": 0.44659888132558606,
        "median": 0.3271048069000244,
        "std": 0.670426036351398,
        "iqr": 0.6230656057596207,
        "mad": 0.32742998003959656,
        "mad_sigma": 0.4854476884067058,
        "skewness": 1.7128578988702647,
        "kurtosis_excess": 3.5452185611270934,
        "delta_mean_median": 0.11949407442556165
      },
      "e_m": {
        "n": 123,
        "nan_frac": 0.0,
        "mean": 0.04878048780487805,
        "median": 0.0,
        "std": 0.5387980983993786,
        "iqr": 0.0,
        "mad": 0.0,
        "mad_sigma": 0.0,
        "skewness": 10.954825271144738,
        "kurtosis_excess": 118.00819672131142,
        "delta_mean_median": 0.04878048780487805
      }
    }
  },
  "entropy_provisional": {
    "e_m": {
      "var": 0.2903033908387865,
      "n_unique": 2,
      "nan_frac": 0.0,
      "provisional": true
    }
  },
  "tau_summary": {
    "axes": {
      "m": {
        "tau_sec": 8.0,
        "dt_sec": 4.0,
        "max_lag_sec": 60.0,
        "threshold": 0.36787944117144233,
        "nan_frac": 0.0,
        "nan_policy": "strict"
      },
      "d": {
        "tau_sec": 24.0,
        "dt_sec": 4.0,
        "max_lag_sec": 60.0,
        "threshold": 0.36787944117144233,
        "nan_frac": 0.0,
        "nan_policy": "strict"
      },
      "e": {
        "tau_sec": 8.0,
        "dt_sec": 4.0,
        "max_lag_sec": 60.0,
        "threshold": 0.36787944117144233,
        "nan_frac": 0.0,
        "nan_policy": "strict"
      }
    },
    "subcoords": {
      "m_a": {
        "tau_sec": 8.0,
        "dt_sec": 4.0,
        "max_lag_sec": 60.0,
        "threshold": 0.36787944117144233,
        "nan_frac": 0.0,
        "nan_policy": "strict"
      },
      "m_e": {
        "tau_sec": 8.0,
        "dt_sec": 4.0,
        "max_lag_sec": 60.0,
        "threshold": 0.36787944117144233,
        "nan_frac": 0.0,
        "nan_policy": "strict"
      },
      "m_o": {
        "tau_sec": 8.0,
        "dt_sec": 4.0,
        "max_lag_sec": 60.0,
        "threshold": 0.36787944117144233,
        "nan_frac": 0.0,
        "nan_policy": "strict"
      },
      "d_n": {
        "tau_sec": 8.0,
        "dt_sec": 4.0,
        "max_lag_sec": 60.0,
        "threshold": 0.36787944117144233,
        "nan_frac": 0.0,
        "nan_policy": "strict"
      },
      "d_l": {
        "tau_sec": 20.0,
        "dt_sec": 4.0,
        "max_lag_sec": 60.0,
        "threshold": 0.36787944117144233,
        "nan_frac": 0.0,