{
  "dataset_id": "ds003478:sub-095:rest_Rest_run-01",
  "subject": "sub-095",
  "session": null,
  "reliability_axes": {
    "m": 0.5047894030778485,
    "d": 0.8575839526815378,
    "e": 0.6364674542189763
  },
  "reliability_subcoords": {
    "m_a": 0.6453296285655516,
    "m_e": 0.7064774438449498,
    "m_o": 0.7539132550840403,
    "d_n": 0.47861703675261996,
    "d_l": 0.837946440251455,
    "d_s": 0.8771264607974845,
    "e_e": 0.6720629304790716,
    "e_s": 0.622814669529808,
    "e_m": 0.818551381607201
  }
}