{
  "dataset_id": "ds003478:sub-095:rest_Rest_run-01",
  "subject": "sub-095",
  "session": null,
  "coverage": {
    "epochs": 122,
    "seconds": 488.0
  },
  "artifacts": {
    "methods": [
      "none"
    ],
    "bad_eeg_channels": [],
    "n_bad_eeg_channels": 0,
    "stem_collisions": {}
  },
  "ensemble": {
    "var_by_subcoord": {
      "m_a": 0.0048573873937129974,
      "m_e": 0.002452694345265627,
      "m_o": 0.0007175073260441422,
      "d_n": 0.03169295936822891,
      "d_l": 0.04541562870144844,
      "d_s": 0.007050853222608566,
      "e_e": 0.0,
      "e_s": 0.008087568916380405,
      "e_m": 0.0
    },
    "var_mean": 0.01114162214152101,
    "var_max": 0.04541562870144844
  },
  "reliability": {
    "axes": {
      "m": 0.5047894030778485,
      "d": 0.8575839526815378,
      "e": 0.6364674542189763
    },
    "subcoords": {
      "m_a": 0.6453296285655516,
      "m_e": 0.7064774438449498,
      "m_o": 0.7539132550840403,
      "d_n": 0.47861703675261996,
      "d_l": 0.837946440251455,
      "d_s": 0.8771264607974845,
      "e_e": 0.6720629304790716,
      "e_s": 0.622814669529808,
      "e_m": 0.818551381607201
    }
  },
  "dist_summary": {
    "axes": {
      "m": {
        "n": 122,
        "nan_frac": 0.0,
        "mean": -0.07113810521397801,
        "median": -0.10008998960256577,
        "std": 0.4673231570463201,
        "iqr": 0.5360985212028027,
        "mad": 0.27411261200904846,
        "mad_sigma": 0.40639935856461523,
        "skewness": 0.11969810306276465,
        "kurtosis_excess": 0.20949870744322352,
        "delta_mean_median": 0.028951884388587756
      },
      "d": {
        "n": 122,
        "nan_frac": 0.0,
        "mean": 0.5102852158187354,
        "median": 0.20832986384630203,
        "std": 0.9956867634262189,
        "iqr": 1.7158391773700714,
        "mad": 0.7349668070673943,
        "mad_sigma": 1.0896617881581188,
        "skewness": 0.4622310812554289,
        "kurtosis_excess": -1.2288338655217144,
        "delta_mean_median": 0.3019553519724334
      },
      "e": {
        "n": 122,
        "nan_frac": 0.0,
        "mean": 0.12110714097583636,
        "median": 0.18049853295087814,
        "std": 0.34821008194278763,
        "iqr": 0.5333438999950886,
        "mad": 0.22891216725111008,
        "mad_sigma": 0.3393851791664958,
        "skewness": -0.05288737202731575,
        "kurtosis_excess": -0.5812187817591341,
        "delta_mean_median": -0.059391391975041785
      }
    },
    "subcoords": {
      "m_a": {
        "n": 122,
        "nan_frac": 0.0,
        "mean": -0.244627257404452,
        "median": -0.019118592608720064,
        "std": 1.0178029913983229,
        "iqr": 1.5932614654302597,
        "mad": 0.668099045753479,
        "mad_sigma": 0.990523645234108,
        "skewness": -0.6013780729722689,
        "kurtosis_excess": -0.5169265677856059,
        "delta_mean_median": -0.22550866479573192
      },
      "m_e": {
        "n": 122,
        "nan_frac": 0.0,
        "mean": 0.00821723763021778,
        "median": 0.019069096073508263,
        "std": 0.25791503475302396,
        "iqr": 0.3605283945798874,
        "mad": 0.18640081584453583,
        "mad_sigma": 0.2763578495711088,
        "skewness": -0.28195163305522164,
        "kurtosis_excess": -0.7342621878796063,
        "delta_mean_median": -0.010851858443290483
      },
      "m_o": {
        "n": 122,
        "nan_frac": 0.0,
        "mean": 0.07090153303531715,
        "median": 0.08130811899900436,
        "std": 0.8304859620171848,
        "iqr": 1.3969973474740982,
        "mad": 0.6908546462655067,
        "mad_sigma": 1.0242610985532403,
        "skewness": 0.2596615949129216,
        "kurtosis_excess": -0.7915265692578823,
        "delta_mean_median": -0.01040658596368721
      },
      "d_n": {
        "n": 122,
        "nan_frac": 0.0,
        "mean": 0.15875882859967771,
        "median": 0.176382377743721,
        "std": 0.303202448431504,
        "iqr": 0.41480523347854614,
        "mad": 0.21515056490898132,
        "mad_sigma": 0.3189822275340557,
        "skewness": 0.025889000775361982,
        "kurtosis_excess": 0.2265035678315508,
        "delta_mean_median": -0.017623549144043293
      },
      "d_l": {
        "n": 122,
        "nan_frac": 0.0,
        "mean": 0.6451641722261662,
        "median": 0.18421856686472893,
        "std": 1.4620891850621103,
        "iqr": 2.5962573289871216,
        "mad": 1.1458332352340221,
        "mad_sigma": 1.6988123545579612,
        "skewness": 0.34174696356571777,
        "kurtosis_excess": -1.3456647634559349,
        "delta_mean_median": 0.46094560536143725
      },
      "d_s": {
        "n": 122,
        "nan_frac": 0.0,
        "mean": 0.7430082295761734,
        "median": -0.09548518806695938,
        "std": 1.487620382762775,
        "iqr": 2.4670949280261993,
        "mad": 0.6089335903525352,
        "mad_sigma": 0.9028049410566688,
        "skewness": 0.6843799608004365,
        "kurtosis_excess": -1.0375592885956044,
        "delta_mean_median": 0.8384934176431328
      },
      "e_e": {
        "n": 122,
        "nan_frac": 0.0,
        "mean": -0.17211012564767458,
        "median": 0.0,
        "std": 0.9154064401105436,
        "iqr": 1.32210573554039,
        "mad": 0.6744907200336456,
        "mad_sigma": 0.999999941521883,
        "skewness": -0.24550748108674447,
        "kurtosis_excess": -0.8636960975258643,
        "delta_mean_median": -0.17211012564767458
      },
      "e_s": {
        "n": 122,
        "nan_frac": 0.0,
        "mean": 0.5371746853238246,
        "median": 0.48925621807575226,
        "std": 0.6374110925744974,
        "iqr": 0.9611492082476616,
        "mad": 0.4742938429117203,
        "mad_sigma": 0.7031880515009165,
        "skewness": -0.0782680875591449,
        "kurtosis_excess": -0.783823819206448,
        "delta_mean_median": 0.04791846724807236
      },
      "e_m": {
        "n": 122,
        "nan_frac": 0.0,
        "mean": -0.16979917766312597,
        "median": 0.0,
        "std": 1.1242860754977153,
        "iqr": 1.324833020567894,
        "mad": 0.674490749835968,
        "mad_sigma": 0.9999999857068061,
        "skewness": -1.0170671939853735,
        "kurtosis_excess": 1.0257893342924032,
        "delta_mean_median": -0.16979917766312597
      }
    }
  },
  "entropy_provisional": {},
  "tau_summary": {
    "axes": {
      "m": {
        "tau_sec": 8.0,
        "dt_sec": 4.0,
        "max_lag_sec": 60.0,
        "threshold": 0.36787944117144233,
        "nan_frac": 0.0,
        "nan_policy": "strict"
      },
      "d": {
        "tau_sec": 24.0,
        "dt_sec": 4.0,
        "max_lag_sec": 60.0,
        "threshold": 0.36787944117144233,
        "nan_frac": 0.0,
        "nan_policy": "strict"
      },
      "e": {
        "tau_sec": 8.0,
        "dt_sec": 4.0,
        "max_lag_sec": 60.0,
        "threshold": 0.36787944117144233,
        "nan_frac": 0.0,
        "nan_policy": "strict"
      }
    },
    "subcoords": {
      "m_a": {
        "tau_sec": 8.0,
        "dt_sec": 4.0,
        "max_lag_sec": 60.0,
        "threshold": 0.36787944117144233,
        "nan_frac": 0.0,
        "nan_policy": "strict"
      },
      "m_e": {
        "tau_sec": 16.0,
        "dt_sec": 4.0,
        "max_lag_sec": 60.0,
        "threshold": 0.36787944117144233,
        "nan_frac": 0.0,
        "nan_policy": "strict"
      },
      "m_o": {
        "tau_sec": 24.0,
        "dt_sec": 4.0,
        "max_lag_sec": 60.0,
        "threshold": 0.36787944117144233,
        "nan_frac": 0.0,
        "nan_policy": "strict"
      },
      "d_n": {
        "tau_sec": 4.0,
        "dt_sec": 4.0,
        "max_lag_sec": 60.0,
        "threshold": 0.36787944117144233,
        "nan_frac": 0.0,
        "nan_policy": "strict"
      },
      "d_l": {
        "tau_sec": 24.0,
        "dt_sec": 4.0,
        "max_lag_sec": 60.0,
        "threshold": 0.36787944117144233,
        "nan_frac": 0.0,
        "nan_policy": "strict"
      },