{
  "dataset_id": "ds003478:sub-100:rest_Rest_run-02",
  "subject": "sub-100",
  "session": null,
  "reliability_axes": {
    "m": 0.7906157758295312,
    "d": 0.8676176097208761,
    "e": 0.5653022733516373
  },
  "reliability_subcoords": {
    "m_a": 0.8903197884100551,
    "m_e": 0.6989689293236885,
    "m_o": 0.8247871889976668,
    "d_n": 0.9550339237156691,
    "d_l": 0.6813688326760529,
    "d_s": 0.9032113340886926,
    "e_e": 0.7164974136342651,
    "e_s": 0.7069964395099426,
    "e_m": 0.7127180599416807
  }
}