{
  "dataset_id": "ds003478:sub-100:rest_Rest_run-02",
  "subject": "sub-100",
  "session": null,
  "coverage": {
    "epochs": 54,
    "seconds": 216.0
  },
  "artifacts": {
    "methods": [
      "none"
    ],
    "bad_eeg_channels": [],
    "n_bad_eeg_channels": 0,
    "stem_collisions": {}
  },
  "ensemble": {
    "var_by_subcoord": {
      "m_a": 0.0077073401771485806,
      "m_e": 0.020564841106534004,
      "m_o": 0.022357158362865448,
      "d_n": 0.0051972586661577225,
      "d_l": 0.009396973997354507,
      "d_s": 0.0032566036097705364,
      "e_e": 3.0208802581817296e-13,
      "e_s": 0.029831575229763985,
      "e_m": 0.0
    },
    "var_mean": 0.010923527905544097,
    "var_max": 0.029831575229763985
  },
  "reliability": {
    "axes": {
      "m": 0.7906157758295312,
      "d": 0.8676176097208761,
      "e": 0.5653022733516373
    },
    "subcoords": {
      "m_a": 0.8903197884100551,
      "m_e": 0.6989689293236885,
      "m_o": 0.8247871889976668,
      "d_n": 0.9550339237156691,
      "d_l": 0.6813688326760529,
      "d_s": 0.9032113340886926,
      "e_e": 0.7164974136342651,
      "e_s": 0.7069964395099426,
      "e_m": 0.7127180599416807
    }
  },
  "dist_summary": {
    "axes": {
      "m": {
        "n": 54,
        "nan_frac": 0.0,
        "mean": -0.36614680769680824,
        "median": -0.0711253397166729,
        "std": 0.742583698990191,
        "iqr": 1.0174689963459969,
        "mad": 0.4024968296289444,
        "mad_sigma": 0.5967417996078729,
        "skewness": -0.9931599129391019,
        "kurtosis_excess": 0.09662825236653516,
        "delta_mean_median": -0.29502146798013534
      },
      "d": {
        "n": 54,
        "nan_frac": 0.0,
        "mean": 0.4193900902238157,
        "median": 0.20844309777021408,
        "std": 1.1689960043644785,
        "iqr": 0.9662555642426014,
        "mad": 0.4593202918767929,
        "mad_sigma": 0.6809882647365332,
        "skewness": 0.45801252074828747,
        "kurtosis_excess": -0.5112996126603151,
        "delta_mean_median": 0.2109469924536016
      },
      "e": {
        "n": 54,
        "nan_frac": 0.0,
        "mean": 0.4121176042007627,
        "median": 0.44202500581741333,
        "std": 0.5805545202833217,
        "iqr": 0.7404327830299735,
        "mad": 0.3887027334421873,
        "mad_sigma": 0.5762906726013869,
        "skewness": -0.19385798167544574,
        "kurtosis_excess": -0.5144298096260962,
        "delta_mean_median": -0.02990740161665062
      }
    },
    "subcoords": {
      "m_a": {
        "n": 54,
        "nan_frac": 0.0,
        "mean": -1.1358604300077315,
        "median": 0.061442919075489044,
        "std": 1.630892666053631,
        "iqr": 3.3531093820929527,
        "mad": 0.5299735888838768,
        "mad_sigma": 0.7857388428792357,
        "skewness": -0.23997287218944027,
        "kurtosis_excess": -1.7661941250079398,
        "delta_mean_median": -1.1973033490832206
      },
      "m_e": {
        "n": 54,
        "nan_frac": 0.0,
        "mean": -0.07254422007611504,
        "median": -9.658420458436012e-05,
        "std": 0.33255191749404356,
        "iqr": 0.4968607872724533,
        "mad": 0.24721911549568176,
        "mad_sigma": 0.3665270606338978,
        "skewness": -0.662504968638193,
        "kurtosis_excess": -0.3610253483385377,
        "delta_mean_median": -0.07244763587153068
      },
      "m_o": {
        "n": 54,
        "nan_frac": 0.0,
        "mean": 0.3354999756794078,
        "median": 0.06046512350440025,
        "std": 1.489692153726433,
        "iqr": 1.1545090302824974,
        "mad": 0.6176546774804592,
        "mad_sigma": 0.9157348248325288,
        "skewness": 0.5611226099265937,
        "kurtosis_excess": 0.15743676537514562,
        "delta_mean_median": 0.27503485217500756
      },
      "d_n": {
        "n": 54,
        "nan_frac": 0.0,
        "mean": 1.294943250439785,
        "median": -0.02396123856306076,
        "std": 2.329556394364829,
        "iqr": 2.976386673748493,
        "mad": 0.4954761043190956,
        "mad_sigma": 0.7345928722634911,
        "skewness": 1.0442133413637336,
        "kurtosis_excess": -0.5824861008043083,
        "delta_mean_median": 1.3189044890028458
      },
      "d_l": {
        "n": 54,
        "nan_frac": 0.0,
        "mean": -0.3210025995417877,
        "median": 0.09381747990846634,
        "std": 1.291342081407584,
        "iqr": 1.8359455913305283,
        "mad": 0.5789337083697319,
        "mad_sigma": 0.8583271160289645,
        "skewness": -0.7813747795269251,
        "kurtosis_excess": -0.7987521315315225,
        "delta_mean_median": -0.41482007945025406
      },
      "d_s": {
        "n": 54,
        "nan_frac": 0.0,
        "mean": 1.0241951164272096,
        "median": 0.5827383995056152,
        "std": 1.2433707381722119,
        "iqr": 2.6393249854445457,
        "mad": 0.7192541286349297,
        "mad_sigma": 1.0663661711141466,
        "skewness": 0.48773581379664194,
        "kurtosis_excess": -1.3979393676000331,
        "delta_mean_median": 0.4414567169215944
      },
      "e_e": {
        "n": 54,
        "nan_frac": 0.0,
        "mean": -0.24982515874284286,
        "median": 0.0,
        "std": 1.2750063075993443,
        "iqr": 1.394620269536972,
        "mad": 0.6744906902313232,
        "mad_sigma": 0.9999998973369598,
        "skewness": -1.2364794716233087,
        "kurtosis_excess": 1.8439342502352023,
        "delta_mean_median": -0.24982515874284286
      },
      "e_s": {
        "n": 54,
        "nan_frac": 0.0,
        "mean": 1.1997760575678613,
        "median": 0.678797721862793,
        "std": 1.3974774317297924,
        "iqr": 2.2445697262883186,
        "mad": 0.6398365832865238,
        "mad_sigma": 0.9486217183806002,
        "skewness": 1.0005688742315646,
        "kurtosis_excess": -0.34149378112765927,
        "delta_mean_median": 0.5209783357050684
      },
      "e_m": {
        "n": 54,
        "nan_frac": 0.0,
        "mean": 2.888888888888889,
        "median": 0.0,
        "std": 2.997941680718231,
        "iqr": 6.0,
        "mad": 0.0,
        "mad_sigma": 0.0,
        "skewness": 0.07412493166611024,
        "kurtosis_excess": -1.9945054945054939,
        "delta_mean_median": 2.888888888888889
      }
    }
  },
  "entropy_provisional": {
    "e_m": {
      "var": 8.987654320987653,
      "n_unique": 2,
      "nan_frac": 0.0,
      "provisional": true
    }
  },
  "tau_summary": {
    "axes": {
      "m": {
        "tau_sec": 12.0,
        "dt_sec": 4.0,
        "max_lag_sec": 60.0,
        "threshold": 0.36787944117144233,
        "nan_frac": 0.0,
        "nan_policy": "strict"
      },
      "d": {
        "tau_sec": 28.0,
        "dt_sec": 4.0,
        "max_lag_sec": 60.0,
        "threshold": 0.36787944117144233,
        "nan_frac": 0.0,
        "nan_policy": "strict"
      },
      "e": {
        "tau_sec": 8.0,
        "dt_sec": 4.0,
        "max_lag_sec": 60.0,
        "threshold": 0.36787944117144233,
        "nan_frac": 0.0,
        "nan_policy": "strict"
      }
    },
    "subcoords": {
      "m_a": {
        "tau_sec": 28.0,
        "dt_sec": 4.0,
        "max_lag_sec": 60.0,
        "threshold": 0.36787944117144233,
        "nan_frac": 0.0,
        "nan_policy": "strict"
      },
      "m_e": {
        "tau_sec": 8.0,
        "dt_sec": 4.0,
        "max_lag_sec": 60.0,
        "threshold": 0.36787944117144233,
        "nan_frac": 0.0,
        "nan_policy": "strict"
      },
      "m_o": {
        "tau_sec": 16.0,
        "dt_sec": 4.0,
        "max_lag_sec": 60.0,
        "threshold": 0.36787944117144233,
        "nan_frac": 0.0,
        "nan_policy": "strict"
      },
      "d_n": {
        "tau_sec": 36.0,
        "dt_sec": 4.0,
        "max_lag_sec": 60.0,
        "threshold": 0.36787944117144233,
        "nan_frac": 0.0,
        "nan_policy": "strict"
      },
      "d_l": {
        "tau_sec": 8.0,
        "dt_sec": 4.0,
        "max_lag_sec": 60.0,
        "threshold": 0.36787944117144233,