{
  "dataset_id": "ds003478:sub-050:rest_Rest_run-01",
  "subject": "sub-050",
  "session": null,
  "reliability_axes": {
    "m": 0.6435092696409767,
    "d": 0.7930513736840875,
    "e": 0.6989174650034482
  },
  "reliability_subcoords": {
    "m_a": 0.6768772838372322,
    "m_e": 0.9168335332542512,
    "m_o": 0.9264837115326309,
    "d_n": 0.912463773595355,
    "d_l": 0.790278092506905,
    "d_s": 0.8951798488409825,
    "e_e": 0.8773022728841902,
    "e_s": 0.717822046055863,
    "e_m": 0.6651785714285713
  }
}