{
  "dataset_id": "ds003478:sub-050:rest_Rest_run-01",
  "subject": "sub-050",
  "session": null,
  "coverage": {
    "epochs": 120,
    "seconds": 480.0
  },
  "artifacts": {
    "methods": [
      "none"
    ],
    "bad_eeg_channels": [],
    "n_bad_eeg_channels": 0,
    "stem_collisions": {}
  },
  "ensemble": {
    "var_by_subcoord": {
      "m_a": 0.029281312599778175,
      "m_e": 0.0015794660430401564,
      "m_o": 0.001524523482657969,
      "d_n": 0.017170246690511703,
      "d_l": 0.08057253807783127,
      "d_s": 0.14946290850639343,
      "e_e": 5.699607452669397e-14,
      "e_s": 0.015787290409207344,
      "e_m": 0.0
    },
    "var_mean": 0.03281980953438634,
    "var_max": 0.14946290850639343
  },
  "reliability": {
    "axes": {
      "m": 0.6435092696409767,
      "d": 0.7930513736840875,
      "e": 0.6989174650034482
    },
    "subcoords": {
      "m_a": 0.6768772838372322,
      "m_e": 0.9168335332542512,
      "m_o": 0.9264837115326309,
      "d_n": 0.912463773595355,
      "d_l": 0.790278092506905,
      "d_s": 0.8951798488409825,
      "e_e": 0.8773022728841902,
      "e_s": 0.717822046055863,
      "e_m": 0.6651785714285713
    }
  },
  "dist_summary": {
    "axes": {
      "m": {
        "n": 120,
        "nan_frac": 0.0,
        "mean": -0.31461740992963316,
        "median": -0.3511052578687668,
        "std": 0.5399105937637722,
        "iqr": 0.3861093781888485,
        "mad": 0.20118822157382965,
        "mad_sigma": 0.2982816573053598,
        "skewness": 0.22079738638164942,
        "kurtosis_excess": 0.018178834651644937,
        "delta_mean_median": 0.03648784793913362
      },
      "d": {
        "n": 120,
        "nan_frac": 0.0,
        "mean": 0.801722766761668,
        "median": 0.8675547540187836,
        "std": 1.086974108134662,
        "iqr": 1.982458807528019,
        "mad": 0.9762336909770966,
        "mad_sigma": 1.4473640702426434,
        "skewness": -0.2745860119552399,
        "kurtosis_excess": -1.2237590172733481,
        "delta_mean_median": -0.06583198725711559
      },
      "e": {
        "n": 120,
        "nan_frac": 0.0,
        "mean": 0.3009537314152112,
        "median": 0.27617114782333374,
        "std": 0.4812377797809146,
        "iqr": 0.6384356915950775,
        "mad": 0.33748099207878113,
        "mad_sigma": 0.5003493188560009,
        "skewness": 0.38946991251170876,
        "kurtosis_excess": -0.4503418729910509,
        "delta_mean_median": 0.02478258359187746
      }
    },
    "subcoords": {
      "m_a": {
        "n": 120,
        "nan_frac": 0.0,
        "mean": -0.7284720562320823,
        "median": -0.16956563293933868,
        "std": 1.3349845459888052,
        "iqr": 2.191290371119976,
        "mad": 1.0139302611351013,
        "mad_sigma": 1.503253005158901,
        "skewness": -0.46514328115691966,
        "kurtosis_excess": -1.0104785264950176,
        "delta_mean_median": -0.5589064232927436
      },
      "m_e": {
        "n": 120,
        "nan_frac": 0.0,
        "mean": -0.08972509402180245,
        "median": -0.09617333486676216,
        "std": 0.2533922454103585,
        "iqr": 0.43191180005669594,
        "mad": 0.21652187034487724,
        "mad_sigma": 0.321015324973315,
        "skewness": 0.11989144533134942,
        "kurtosis_excess": -1.2251468196845017,
        "delta_mean_median": 0.006448240844959707
      },
      "m_o": {
        "n": 120,
        "nan_frac": 0.0,
        "mean": -0.019286055738727253,
        "median": -0.1059146411716938,
        "std": 0.8200569135974847,
        "iqr": 1.4662633538246155,
        "mad": 0.7548062019050121,
        "mad_sigma": 1.1190756749443709,
        "skewness": 0.08610724054576258,
        "kurtosis_excess": -1.2853104872918137,
        "delta_mean_median": 0.08662858543296655
      },
      "d_n": {
        "n": 120,
        "nan_frac": 0.0,
        "mean": 0.10682960699001948,
        "median": -0.1511402726173401,
        "std": 0.7199723277766015,
        "iqr": 0.9095435291528702,
        "mad": 0.3859376907348633,
        "mad_sigma": 0.5721912202835082,
        "skewness": 1.0469328824190383,
        "kurtosis_excess": 0.5990087349919504,
        "delta_mean_median": 0.25796987960735956
      },
      "d_l": {
        "n": 120,
        "nan_frac": 0.0,
        "mean": 1.1191578578203916,
        "median": 1.400513768196106,
        "std": 1.7401627659756558,
        "iqr": 3.2151877507567406,
        "mad": 1.5302064418792725,
        "mad_sigma": 2.268684070730209,
        "skewness": -0.3140557278538786,
        "kurtosis_excess": -1.3105313235359353,
        "delta_mean_median": -0.2813559103757144
      },
      "d_s": {
        "n": 120,
        "nan_frac": 0.0,
        "mean": 1.1129720906571796,
        "median": 0.6362654566764832,
        "std": 1.5801178168412988,
        "iqr": 3.1120020374655724,
        "mad": 1.3532757759094238,
        "mad_sigma": 2.006366665363312,
        "skewness": 0.22268161235773304,
        "kurtosis_excess": -1.5212788580789025,
        "delta_mean_median": 0.47670663398069646
      },
      "e_e": {
        "n": 120,
        "nan_frac": 0.0,
        "mean": -0.20738010274556776,
        "median": 9.757932275533676e-07,
        "std": 0.9506643609029269,
        "iqr": 1.4586070477962494,
        "mad": 0.6744897442404181,
        "mad_sigma": 0.9999984948108438,
        "skewness": -0.2796644081023105,
        "kurtosis_excess": -0.861172716348864,
        "delta_mean_median": -0.2073810785387953
      },
      "e_s": {
        "n": 120,
        "nan_frac": 0.0,
        "mean": 0.8769414775073529,
        "median": 1.1523135304450989,
        "std": 1.0868155893441949,
        "iqr": 1.5993119217455387,
        "mad": 0.6394300162792206,
        "mad_sigma": 0.9480189421355724,
        "skewness": 0.09486556560261965,
        "kurtosis_excess": -0.374685171795214,
        "delta_mean_median": -0.275372052937746
      },
      "e_m": {
        "n": 120,
        "nan_frac": 0.0,
        "mean": 2.8,
        "median": 0.0,
        "std": 2.9933259094191533,
        "iqr": 6.0,
        "mad": 0.0,
        "mad_sigma": 0.0,
        "skewness": 0.13363062095621248,
        "kurtosis_excess": -1.9821428571428572,
        "delta_mean_median": 2.8
      }
    }
  },
  "entropy_provisional": {
    "e_m": {
      "var": 8.960000000000003,
      "n_unique": 2,
      "nan_frac": 0.0,
      "provisional": true
    }
  },
  "tau_summary": {
    "axes": {
      "m": {
        "tau_sec": 8.0,
        "dt_sec": 4.0,
        "max_lag_sec": 60.0,
        "threshold": 0.36787944117144233,
        "nan_frac": 0.0,
        "nan_policy": "strict"
      },
      "d": {
        "tau_sec": 12.0,
        "dt_sec": 4.0,
        "max_lag_sec": 60.0,
        "threshold": 0.36787944117144233,
        "nan_frac": 0.0,
        "nan_policy": "strict"
      },
      "e": {
        "tau_sec": 12.0,
        "dt_sec": 4.0,
        "max_lag_sec": 60.0,
        "threshold": 0.36787944117144233,
        "nan_frac": 0.0,
        "nan_policy": "strict"
      }
    },
    "subcoords": {
      "m_a": {
        "tau_sec": 8.0,
        "dt_sec": 4.0,
        "max_lag_sec": 60.0,
        "threshold": 0.36787944117144233,
        "nan_frac": 0.0,
        "nan_policy": "strict"
      },
      "m_e": {
        "tau_sec": 40.0,
        "dt_sec": 4.0,
        "max_lag_sec": 60.0,
        "threshold": 0.36787944117144233,
        "nan_frac": 0.0,
        "nan_policy": "strict"
      },
      "m_o": {
        "tau_sec": 32.0,
        "dt_sec": 4.0,
        "max_lag_sec": 60.0,
        "threshold": 0.36787944117144233,
        "nan_frac": 0.0,
        "nan_policy": "strict"
      },
      "d_n": {
        "tau_sec": 48.0,
        "dt_sec": 4.0,
        "max_lag_sec": 60.0,
        "threshold": 0.36787944117144233,
        "nan_frac": 0.0,
        "nan_policy": "strict"
      },
      "d_l": {
        "tau_sec": 12.0,
        "dt_sec": 4.0,
        "max_lag_sec": 60.0,
        "threshold": 0.36787944117144233,