{
  "dataset_id": "ds003478:sub-038:rest_Rest_run-01",
  "subject": "sub-038",
  "session": null,
  "reliability_axes": {
    "m": 0.8970542437482149,
    "d": 0.822692076192477,
    "e": 0.8169999090669631
  },
  "reliability_subcoords": {
    "m_a": 0.9172761654094004,
    "m_e": 0.879167812217375,
    "m_o": 0.8743273961103684,
    "d_n": 0.6962644332417236,
    "d_l": 0.8949940012628826,
    "d_s": 0.7905919914599472,
    "e_e": 0.8504836539714703,
    "e_s": 0.8330989807912981,
    "e_m": null
  }
}