{
  "dataset_id": "ds003478:sub-038:rest_Rest_run-01",
  "subject": "sub-038",
  "session": null,
  "coverage": {
    "epochs": 121,
    "seconds": 484.0
  },
  "artifacts": {
    "methods": [
      "none"
    ],
    "bad_eeg_channels": [],
    "n_bad_eeg_channels": 0,
    "stem_collisions": {}
  },
  "ensemble": {
    "var_by_subcoord": {
      "m_a": 0.004998560529202223,
      "m_e": 0.020315375179052353,
      "m_o": 0.002678879536688328,
      "d_n": 0.006884133443236351,
      "d_l": 0.05938105285167694,
      "d_s": 0.049942634999752045,
      "e_e": 0.0,
      "e_s": 0.01256096176803112,
      "e_m": 0.0
    },
    "var_mean": 0.017417955367515486,
    "var_max": 0.05938105285167694
  },
  "reliability": {
    "axes": {
      "m": 0.8970542437482149,
      "d": 0.822692076192477,
      "e": 0.8169999090669631
    },
    "subcoords": {
      "m_a": 0.9172761654094004,
      "m_e": 0.879167812217375,
      "m_o": 0.8743273961103684,
      "d_n": 0.6962644332417236,
      "d_l": 0.8949940012628826,
      "d_s": 0.7905919914599472,
      "e_e": 0.8504836539714703,
      "e_s": 0.8330989807912981,
      "e_m": null
    }
  },
  "dist_summary": {
    "axes": {
      "m": {
        "n": 121,
        "nan_frac": 0.0,
        "mean": 0.14342127400181018,
        "median": 0.038828179240226746,
        "std": 0.9165909008226126,
        "iqr": 0.848366916179657,
        "mad": 0.4390648752450943,
        "mad_sigma": 0.6509575840383768,
        "skewness": 0.8043333361078878,
        "kurtosis_excess": 0.06709260779921555,
        "delta_mean_median": 0.10459309476158343
      },
      "d": {
        "n": 121,
        "nan_frac": 0.0,
        "mean": 0.45464613757381017,
        "median": 0.5906690359115601,
        "std": 0.8216603521451595,
        "iqr": 1.328929364681244,
        "mad": 0.5722234155982733,
        "mad_sigma": 0.8483784359659999,
        "skewness": 0.12442924039442974,
        "kurtosis_excess": -0.44142763512230765,
        "delta_mean_median": -0.1360228983377499
      },
      "e": {
        "n": 121,
        "nan_frac": 0.0,
        "mean": 0.14528400951470652,
        "median": 0.2191905975341797,
        "std": 0.5641922244749871,
        "iqr": 0.5207797959446907,
        "mad": 0.28450608253479004,
        "mad_sigma": 0.4218087179660797,
        "skewness": -0.6125844954600084,
        "kurtosis_excess": 0.6008835205020069,
        "delta_mean_median": -0.07390658801947317
      }
    },
    "subcoords": {
      "m_a": {
        "n": 121,
        "nan_frac": 0.0,
        "mean": -0.19963815503499724,
        "median": 0.02488950453698635,
        "std": 0.7584299967260695,
        "iqr": 1.2864341735839844,
        "mad": 0.5286401864141226,
        "mad_sigma": 0.7837619403775781,
        "skewness": -1.6778043655844954,
        "kurtosis_excess": 7.457177363307476,
        "delta_mean_median": -0.2245276595719836
      },
      "m_e": {
        "n": 121,
        "nan_frac": 0.0,
        "mean": 0.24947508518422437,
        "median": 0.029487788677215576,
        "std": 0.9725513688581735,
        "iqr": 0.8100807964801788,
        "mad": 0.42769354581832886,
        "mad_sigma": 0.6340984510302543,
        "skewness": 0.9850889464923265,
        "kurtosis_excess": 0.46384219582902286,
        "delta_mean_median": 0.2199872965070088
      },
      "m_o": {
        "n": 121,
        "nan_frac": 0.0,
        "mean": 0.48645963314304913,
        "median": 0.059153225272893906,
        "std": 1.5708793102949978,
        "iqr": 1.4069775342941284,
        "mad": 0.5908340476453304,
        "mad_sigma": 0.8759705590389668,
        "skewness": 1.054912348399361,
        "kurtosis_excess": 0.05312311597473807,
        "delta_mean_median": 0.4273064078701552
      },
      "d_n": {
        "n": 121,
        "nan_frac": 0.0,
        "mean": 0.5545319217480411,
        "median": 0.18717163801193237,
        "std": 1.3243430564525496,
        "iqr": 1.4605819582939148,
        "mad": 0.6741605997085571,
        "mad_sigma": 0.9995105051279067,
        "skewness": 1.2999668863737885,
        "kurtosis_excess": 1.9949461716001586,
        "delta_mean_median": 0.36736028373610874
      },
      "d_l": {
        "n": 121,
        "nan_frac": 0.0,
        "mean": 0.38513115738049025,
        "median": 0.316991925239563,
        "std": 1.0744786864906501,
        "iqr": 1.9684300422668457,
        "mad": 0.9962499141693115,
        "mad_sigma": 1.4770401227474212,
        "skewness": 0.4755412671842092,
        "kurtosis_excess": -0.9994415334761353,
        "delta_mean_median": 0.06813923214092726
      },
      "d_s": {
        "n": 121,
        "nan_frac": 0.0,
        "mean": 0.4798582539824415,
        "median": 0.425852507352829,
        "std": 1.139171018082944,
        "iqr": 1.7880087494850159,
        "mad": 0.9135656654834747,
        "mad_sigma": 1.3544524556457995,
        "skewness": 0.31137956407317885,
        "kurtosis_excess": -0.9116588730675121,
        "delta_mean_median": 0.054005746629612494
      },
      "e_e": {
        "n": 121,
        "nan_frac": 0.0,
        "mean": -0.14299482054823687,
        "median": 0.0,
        "std": 1.0551944035164527,
        "iqr": 1.3137884140014648,
        "mad": 0.674490749835968,
        "mad_sigma": 0.9999999857068061,
        "skewness": -0.6338307253780502,
        "kurtosis_excess": 0.13667460359823735,
        "delta_mean_median": -0.14299482054823687
      },
      "e_s": {
        "n": 121,
        "nan_frac": 0.0,
        "mean": 0.5451355168888391,
        "median": 0.5391257405281067,
        "std": 0.6632620764523482,
        "iqr": 0.7035306096076965,
        "mad": 0.3797442317008972,
        "mad_sigma": 0.5630087979197502,
        "skewness": -0.328072701206664,
        "kurtosis_excess": -0.18649681268301466,
        "delta_mean_median": 0.006009776360732411
      },
      "e_m": {
        "n": 121,
        "nan_frac": 0.0,
        "mean": 0.049586776859504134,
        "median": 0.0,
        "std": 0.5431959247985119,
        "iqr": 0.0,
        "mad": 0.0,
        "mad_sigma": 0.0,
        "skewness": 10.863164057185788,
        "kurtosis_excess": 116.00833333333325,
        "delta_mean_median": 0.049586776859504134
      }
    }
  },
  "entropy_provisional": {
    "e_m": {
      "var": 0.29506181271771054,
      "n_unique": 2,
      "nan_frac": 0.0,
      "provisional": true
    }
  },
  "tau_summary": {
    "axes": {
      "m": {
        "tau_sec": 16.0,
        "dt_sec": 4.0,
        "max_lag_sec": 60.0,
        "threshold": 0.36787944117144233,
        "nan_frac": 0.0,
        "nan_policy": "strict"
      },
      "d": {
        "tau_sec": 8.0,
        "dt_sec": 4.0,
        "max_lag_sec": 60.0,
        "threshold": 0.36787944117144233,
        "nan_frac": 0.0,
        "nan_policy": "strict"
      },
      "e": {
        "tau_sec": 12.0,
        "dt_sec": 4.0,
        "max_lag_sec": 60.0,
        "threshold": 0.36787944117144233,
        "nan_frac": 0.0,
        "nan_policy": "strict"
      }
    },
    "subcoords": {
      "m_a": {
        "tau_sec": 12.0,
        "dt_sec": 4.0,
        "max_lag_sec": 60.0,
        "threshold": 0.36787944117144233,
        "nan_frac": 0.0,
        "nan_policy": "strict"
      },
      "m_e": {
        "tau_sec": 16.0,
        "dt_sec": 4.0,
        "max_lag_sec": 60.0,
        "threshold": 0.36787944117144233,
        "nan_frac": 0.0,
        "nan_policy": "strict"
      },
      "m_o": {
        "tau_sec": 20.0,
        "dt_sec": 4.0,
        "max_lag_sec": 60.0,
        "threshold": 0.36787944117144233,
        "nan_frac": 0.0,
        "nan_policy": "strict"
      },
      "d_n": {
        "tau_sec": 8.0,
        "dt_sec": 4.0,
        "max_lag_sec": 60.0,
        "threshold": 0.36787944117144233,
        "nan_frac": 0.0,
        "nan_policy": "strict"
      },
      "d_l": {
        "tau_sec": 8.0,
        "dt_sec": 4.0,
        "max_lag_sec": 60.0,
        "threshold": 0.36787944117144233,
        "nan_frac": 0.0,