{
  "dataset_id": "ds003478:sub-003:rest_Rest_run-02",
  "subject": "sub-003",
  "session": null,
  "reliability_axes": {
    "m": 0.5639330301246411,
    "d": 0.46482805187377624,
    "e": 0.8930300794675254
  },
  "reliability_subcoords": {
    "m_a": 0.6062694280016854,
    "m_e": 0.46445230446942426,
    "m_o": 0.7794580767575956,
    "d_n": 0.7282693186553807,
    "d_l": 0.5398277180887374,
    "d_s": 0.4921323177670995,
    "e_e": 0.8817958334715547,
    "e_s": 0.7724026305677661,
    "e_m": null
  }
}