{
  "dataset_id": "ds003478:sub-019:rest_Rest_run-02",
  "subject": "sub-019",
  "session": null,
  "reliability_axes": {
    "m": 0.2980437483748887,
    "d": 0.43564042094355276,
    "e": 0.7530862216669437
  },
  "reliability_subcoords": {
    "m_a": 0.5827452098903805,
    "m_e": 0.29990170170086317,
    "m_o": 0.5350669604336362,
    "d_n": 0.27719957407931883,
    "d_l": 0.6097567763047405,
    "d_s": 0.7399056029575914,
    "e_e": 0.6580381731696026,
    "e_s": 0.14092913849340177,
    "e_m": null
  }
}