{
  "dataset_id": "ds003478:sub-011:rest_Rest_run-02",
  "subject": "sub-011",
  "session": null,
  "reliability_axes": {
    "m": 0.2764027967673596,
    "d": 0.9055988999042823,
    "e": 0.5277961466947334
  },
  "reliability_subcoords": {
    "m_a": 0.8091587866186776,
    "m_e": 0.6649004237437086,
    "m_o": 0.39438278795183873,
    "d_n": 0.31935622690441656,
    "d_l": 0.9173555256574082,
    "d_s": 0.880815301811359,
    "e_e": 0.32633307164691006,
    "e_s": 0.6011900887508214,
    "e_m": null
  }
}