{
  "dataset_id": "ds003478:sub-013:rest_Rest_run-01",
  "subject": "sub-013",
  "session": null,
  "reliability_axes": {
    "m": 0.6267624593991816,
    "d": 0.7486642498168357,
    "e": 0.7901225902047123
  },
  "reliability_subcoords": {
    "m_a": 0.6673081630703811,
    "m_e": 0.7133491256460452,
    "m_o": 0.8037792304229918,
    "d_n": 0.5458764421146712,
    "d_l": 0.7317564358049994,
    "d_s": 0.8432637530703077,
    "e_e": 0.7995033860628095,
    "e_s": 0.7113685281698909,
    "e_m": 0.6106732037671059
  }
}