{
  "dataset_id": "ds003478:sub-013:rest_Rest_run-01",
  "subject": "sub-013",
  "session": null,
  "coverage": {
    "epochs": 132,
    "seconds": 528.0
  },
  "artifacts": {
    "methods": [
      "none"
    ],
    "bad_eeg_channels": [],
    "n_bad_eeg_channels": 0,
    "stem_collisions": {}
  },
  "ensemble": {
    "var_by_subcoord": {
      "m_a": 0.0060882787220180035,
      "m_e": 0.009562695398926735,
      "m_o": 0.0018281461670994759,
      "d_n": 0.02263035625219345,
      "d_l": 0.016063399612903595,
      "d_s": 0.026617618277668953,
      "e_e": 2.5828687468974418e-14,
      "e_s": 0.007020896300673485,
      "e_m": 0.0
    },
    "var_mean": 0.00997904341461217,
    "var_max": 0.026617618277668953
  },
  "reliability": {
    "axes": {
      "m": 0.6267624593991816,
      "d": 0.7486642498168357,
      "e": 0.7901225902047123
    },
    "subcoords": {
      "m_a": 0.6673081630703811,
      "m_e": 0.7133491256460452,
      "m_o": 0.8037792304229918,
      "d_n": 0.5458764421146712,
      "d_l": 0.7317564358049994,
      "d_s": 0.8432637530703077,
      "e_e": 0.7995033860628095,
      "e_s": 0.7113685281698909,
      "e_m": 0.6106732037671059
    }
  },
  "dist_summary": {
    "axes": {
      "m": {
        "n": 132,
        "nan_frac": 0.0,
        "mean": -0.11274596434139478,
        "median": -0.16210508346557617,
        "std": 0.4699830552242808,
        "iqr": 0.5159006305038929,
        "mad": 0.20721229910850525,
        "mad_sigma": 0.30721295465826987,
        "skewness": 0.2951323202315956,
        "kurtosis_excess": -0.22147828481417653,
        "delta_mean_median": 0.049359119124181394
      },
      "d": {
        "n": 132,
        "nan_frac": 0.0,
        "mean": 0.07760962504171127,
        "median": 0.04201402794569731,
        "std": 0.60285545257645,
        "iqr": 1.0389523059129715,
        "mad": 0.5155182033777237,
        "mad_sigma": 0.7643072883278131,
        "skewness": 0.05813439594882607,
        "kurtosis_excess": -1.0681872204705745,
        "delta_mean_median": 0.03559559709601397
      },
      "e": {
        "n": 132,
        "nan_frac": 0.0,
        "mean": 0.33395383918788424,
        "median": 0.25670677423477173,
        "std": 0.5318880261373832,
        "iqr": 0.7561497050337493,
        "mad": 0.36631160974502563,
        "mad_sigma": 0.543093592607975,
        "skewness": 0.5908049610754901,
        "kurtosis_excess": -0.24933203072348098,
        "delta_mean_median": 0.07724706495311251
      }
    },
    "subcoords": {
      "m_a": {
        "n": 132,
        "nan_frac": 0.0,
        "mean": -0.36410914620412793,
        "median": 0.0676826573908329,
        "std": 1.0572230564099176,
        "iqr": 1.7304381653666496,
        "mad": 0.6520819365978241,
        "mad_sigma": 0.9667766791999339,
        "skewness": -0.669263813053221,
        "kurtosis_excess": -0.7952402052623215,
        "delta_mean_median": -0.43179180359496083
      },
      "m_e": {
        "n": 132,
        "nan_frac": 0.0,
        "mean": -0.04742694264418925,
        "median": -0.0429404079914093,
        "std": 0.28494320279534685,
        "iqr": 0.4058464840054512,
        "mad": 0.2076367512345314,
        "mad_sigma": 0.30784224738031624,
        "skewness": -0.048711549971698916,
        "kurtosis_excess": -0.5020742616746028,
        "delta_mean_median": -0.0044865346527799485
      },
      "m_o": {
        "n": 132,
        "nan_frac": 0.0,
        "mean": 0.1537422786015227,
        "median": 0.05207771621644497,
        "std": 0.8756020905720759,
        "iqr": 1.4041334390640259,
        "mad": 0.6802976969629526,
        "mad_sigma": 1.0086093655172734,
        "skewness": 0.4698753334597447,
        "kurtosis_excess": -0.8164693992638048,
        "delta_mean_median": 0.10166456238507773
      },
      "d_n": {
        "n": 132,
        "nan_frac": 0.0,
        "mean": 0.054911425450082985,
        "median": -0.009259447455406189,
        "std": 0.5022979950332319,
        "iqr": 0.5314529463648796,
        "mad": 0.2631387859582901,
        "mad_sigma": 0.39012956406176086,
        "skewness": 1.3724979355029772,
        "kurtosis_excess": 3.767929473369624,
        "delta_mean_median": 0.06417087290548917
      },
      "d_l": {
        "n": 132,
        "nan_frac": 0.0,
        "mean": 0.06786080613506562,
        "median": 0.2012384757399559,
        "std": 0.9032545679505612,
        "iqr": 1.6312896013259888,
        "mad": 0.7456726208329201,
        "mad_sigma": 1.1055342276468871,
        "skewness": 0.0671621749649802,
        "kurtosis_excess": -1.1728397787811233,
        "delta_mean_median": -0.13337766960489028
      },
      "d_s": {
        "n": 132,
        "nan_frac": 0.0,
        "mean": 0.1466922485269606,
        "median": 0.016323842108249664,
        "std": 0.9522436266981837,
        "iqr": 1.6898462623357773,
        "mad": 0.7920873835682869,
        "mad_sigma": 1.174348754878342,
        "skewness": 0.22348705572819566,
        "kurtosis_excess": -1.0877643600120515,
        "delta_mean_median": 0.13036840641871095
      },
      "e_e": {
        "n": 132,
        "nan_frac": 0.0,
        "mean": -0.005421376127439241,
        "median": -1.1594966053962708e-06,
        "std": 0.7881138827046693,
        "iqr": 1.332915335893631,
        "mad": 0.6744919093325734,
        "mad_sigma": 1.0000017047764733,
        "skewness": -0.07832523537687976,
        "kurtosis_excess": -0.9888034028453845,
        "delta_mean_median": -0.005420216630833845
      },
      "e_s": {
        "n": 132,
        "nan_frac": 0.0,
        "mean": 0.8218586512587287,
        "median": 0.6252538859844208,
        "std": 1.0478949760439173,
        "iqr": 1.319503739476204,
        "mad": 0.5827506929636002,
        "mad_sigma": 0.8639861773878336,
        "skewness": 0.41342380695699243,
        "kurtosis_excess": -0.631390686842551,
        "delta_mean_median": 0.19660476527430792
      },
      "e_m": {
        "n": 132,
        "nan_frac": 0.0,
        "mean": -0.1337804620464643,
        "median": 0.0,
        "std": 0.9512637052509901,
        "iqr": 1.2378938347101212,
        "mad": 0.674490749835968,
        "mad_sigma": 0.9999999857068061,
        "skewness": -0.7541939522653738,
        "kurtosis_excess": 0.7074077693116467,
        "delta_mean_median": -0.1337804620464643
      }
    }
  },
  "entropy_provisional": {},
  "tau_summary": {
    "axes": {
      "m": {
        "tau_sec": 8.0,
        "dt_sec": 4.0,
        "max_lag_sec": 60.0,
        "threshold": 0.36787944117144233,
        "nan_frac": 0.0,
        "nan_policy": "strict"
      },
      "d": {
        "tau_sec": 16.0,
        "dt_sec": 4.0,
        "max_lag_sec": 60.0,
        "threshold": 0.36787944117144233,
        "nan_frac": 0.0,
        "nan_policy": "strict"
      },
      "e": {
        "tau_sec": 12.0,
        "dt_sec": 4.0,
        "max_lag_sec": 60.0,
        "threshold": 0.36787944117144233,
        "nan_frac": 0.0,
        "nan_policy": "strict"
      }
    },
    "subcoords": {
      "m_a": {
        "tau_sec": 8.0,
        "dt_sec": 4.0,
        "max_lag_sec": 60.0,
        "threshold": 0.36787944117144233,
        "nan_frac": 0.0,
        "nan_policy": "strict"
      },
      "m_e": {
        "tau_sec": 12.0,
        "dt_sec": 4.0,
        "max_lag_sec": 60.0,
        "threshold": 0.36787944117144233,
        "nan_frac": 0.0,
        "nan_policy": "strict"
      },
      "m_o": {
        "tau_sec": 20.0,
        "dt_sec": 4.0,
        "max_lag_sec": 60.0,
        "threshold": 0.36787944117144233,
        "nan_frac": 0.0,
        "nan_policy": "strict"
      },
      "d_n": {
        "tau_sec": 8.0,
        "dt_sec": 4.0,
        "max_lag_sec": 60.0,
        "threshold": 0.36787944117144233,
        "nan_frac": 0.0,
        "nan_policy": "strict"
      },
      "d_l": {
        "tau_sec": 12.0,
        "dt_sec": 4.0,
        "max_lag_sec": 60.0,
        "threshold": 0.36787944117144233,
        "nan_frac": 0.0,