{
  "dataset_id": "ds003478:sub-064:rest_Rest_run-02",
  "subject": "sub-064",
  "session": null,
  "reliability_axes": {
    "m": 0.8382260086420472,
    "d": 0.8561055558434995,
    "e": 0.7658114717686804
  },
  "reliability_subcoords": {
    "m_a": 0.7471882649301737,
    "m_e": 0.33969699522353575,
    "m_o": 0.7070909450987276,
    "d_n": 0.6127453717603016,
    "d_l": 0.9288089107060854,
    "d_s": 0.6995444340826605,
    "e_e": 0.8617822786241547,
    "e_s": 0.39522884083056403,
    "e_m": null
  }
}