{
  "dataset_id": "ds003478:sub-036:rest_Rest_run-01",
  "subject": "sub-036",
  "session": null,
  "reliability_axes": {
    "m": 0.7501883942940507,
    "d": 0.6066784967208473,
    "e": 0.6617934477288578
  },
  "reliability_subcoords": {
    "m_a": 0.7374987557844965,
    "m_e": 0.7471856667727144,
    "m_o": 0.8069961769893347,
    "d_n": 0.8364193569112387,
    "d_l": 0.7496468370698361,
    "d_s": 0.6765702564582876,
    "e_e": 0.6896219199611663,
    "e_s": 0.7231246295309901,
    "e_m": null
  }
}