{
  "dataset_id": "ds003478:sub-080:rest_Rest_run-02",
  "subject": "sub-080",
  "session": null,
  "reliability_axes": {
    "m": 0.34578088321386774,
    "d": 0.46572694702687006,
    "e": 0.7273336276784543
  },
  "reliability_subcoords": {
    "m_a": 0.8273328050181982,
    "m_e": 0.5721187391505971,
    "m_o": 0.10372350107234365,
    "d_n": 0.21822654322780688,
    "d_l": 0.7632436209556317,
    "d_s": 0.6713293337632626,
    "e_e": 0.7358232025786594,
    "e_s": 0.6325646954057829,
    "e_m": null
  }
}