{
  "dataset_id": "ds003478:sub-098:rest_Rest_run-02",
  "subject": "sub-098",
  "session": null,
  "reliability_axes": {
    "m": 0.7400201264443539,
    "d": 0.8423891071418734,
    "e": 0.8676156868896419
  },
  "reliability_subcoords": {
    "m_a": 0.9250504827840751,
    "m_e": 0.6048761220782451,
    "m_o": 0.7601816838120216,
    "d_n": 0.8459343137819212,
    "d_l": 0.8658886106142037,
    "d_s": 0.6879951940547042,
    "e_e": 0.8067453162588086,
    "e_s": 0.47114773574704744,
    "e_m": 0.9059400957303552
  }
}