{
  "dataset_id": "ds003478:sub-098:rest_Rest_run-02",
  "subject": "sub-098",
  "session": null,
  "coverage": {
    "epochs": 48,
    "seconds": 192.0
  },
  "artifacts": {
    "methods": [
      "none"
    ],
    "bad_eeg_channels": [
      "CZ"
    ],
    "n_bad_eeg_channels": 1,
    "stem_collisions": {}
  },
  "ensemble": {
    "var_by_subcoord": {
      "m_a": 0.0014941147528588772,
      "m_e": 0.01135360635817051,
      "m_o": 0.008677247911691666,
      "d_n": 0.0024810880422592163,
      "d_l": 0.01395986694842577,
      "d_s": 0.034668512642383575,
      "e_e": 2.7353878710723034e-13,
      "e_s": 0.043619174510240555,
      "e_m": 0.0
    },
    "var_mean": 0.012917067907367078,
    "var_max": 0.043619174510240555
  },
  "reliability": {
    "axes": {
      "m": 0.7400201264443539,
      "d": 0.8423891071418734,
      "e": 0.8676156868896419
    },
    "subcoords": {
      "m_a": 0.9250504827840751,
      "m_e": 0.6048761220782451,
      "m_o": 0.7601816838120216,
      "d_n": 0.8459343137819212,
      "d_l": 0.8658886106142037,
      "d_s": 0.6879951940547042,
      "e_e": 0.8067453162588086,
      "e_s": 0.47114773574704744,
      "e_m": 0.9059400957303552
    }
  },
  "dist_summary": {
    "axes": {
      "m": {
        "n": 48,
        "nan_frac": 0.0,
        "mean": 0.22811158661109707,
        "median": 0.2574685662984848,
        "std": 0.5770025363988618,
        "iqr": 0.934520248323679,
        "mad": 0.4761829376220703,
        "mad_sigma": 0.7059888233184815,
        "skewness": 0.08985217301094578,
        "kurtosis_excess": -0.724154569768249,
        "delta_mean_median": -0.029356979687387735
      },
      "d": {
        "n": 48,
        "nan_frac": 0.0,
        "mean": 0.8709668596857227,
        "median": 0.9887605309486389,
        "std": 1.0222268632320768,
        "iqr": 1.8386172614991665,
        "mad": 0.9208542481064796,
        "mad_sigma": 1.3652585082426667,
        "skewness": 0.0701158766500386,
        "kurtosis_excess": -1.2292852355822077,
        "delta_mean_median": -0.11779367126291618
      },
      "e": {
        "n": 48,
        "nan_frac": 0.0,
        "mean": 0.30924885759304743,
        "median": 0.25814980268478394,
        "std": 0.6876852093102067,
        "iqr": 0.6815531030297279,
        "mad": 0.3825519196689129,
        "mad_sigma": 0.5671714761011302,
        "skewness": 0.7355116641300469,
        "kurtosis_excess": 0.4605083813644324,
        "delta_mean_median": 0.0510990549082635
      }
    },
    "subcoords": {
      "m_a": {
        "n": 48,
        "nan_frac": 0.0,
        "mean": 0.2904632517990346,
        "median": -0.035517046228051186,
        "std": 0.8278783423765851,
        "iqr": 1.6119162887334824,
        "mad": 0.5816915836185217,
        "mad_sigma": 0.8624159418728202,
        "skewness": 0.2507956531676097,
        "kurtosis_excess": -1.536864405360788,
        "delta_mean_median": 0.3259802980270858
      },
      "m_e": {
        "n": 48,
        "nan_frac": 0.0,
        "mean": 0.022150484456991155,
        "median": 0.015168288256973028,
        "std": 0.5625271675127866,
        "iqr": 0.679475910961628,
        "mad": 0.3571663945913315,
        "mad_sigma": 0.529534896621108,
        "skewness": 0.03600842881749219,
        "kurtosis_excess": 0.7948460876283314,
        "delta_mean_median": 0.006982196200018127
      },
      "m_o": {
        "n": 48,
        "nan_frac": 0.0,
        "mean": 0.39393509660537046,
        "median": 0.04114568326622248,
        "std": 1.344498629622611,
        "iqr": 1.14557383954525,
        "mad": 0.6214981386438012,
        "mad_sigma": 0.9214331403532996,
        "skewness": 1.314926900804065,
        "kurtosis_excess": 1.2630059971763155,
        "delta_mean_median": 0.352789413339148
      },
      "d_n": {
        "n": 48,
        "nan_frac": 0.0,
        "mean": 0.9602364540720979,
        "median": 0.28635381162166595,
        "std": 1.8860462035126422,
        "iqr": 1.8906916081905365,
        "mad": 0.6526641696691513,
        "mad_sigma": 0.9676398979514836,
        "skewness": 1.315683221127006,
        "kurtosis_excess": 0.5803493881766957,
        "delta_mean_median": 0.673882642450432
      },
      "d_l": {
        "n": 48,
        "nan_frac": 0.0,
        "mean": 0.6858112057670951,
        "median": -0.01967952400445938,
        "std": 1.3696399259121315,
        "iqr": 2.287265509366989,
        "mad": 0.7026163563132286,
        "mad_sigma": 1.0416990098699928,
        "skewness": 0.5882256173629187,
        "kurtosis_excess": -1.1260935196845292,
        "delta_mean_median": 0.7054907297715545
      },
      "d_s": {
        "n": 48,
        "nan_frac": 0.0,
        "mean": 1.2537983792523544,
        "median": 1.1135810613632202,
        "std": 1.2950270547629896,
        "iqr": 2.5055684074759483,
        "mad": 1.2350911349058151,
        "mad_sigma": 1.8311461166113614,
        "skewness": 0.13417841499452643,
        "kurtosis_excess": -1.384079954501745,
        "delta_mean_median": 0.14021731788913416
      },
      "e_e": {
        "n": 48,
        "nan_frac": 0.0,
        "mean": 0.055314892708944775,
        "median": 1.964159309864044e-06,
        "std": 1.011678961154885,
        "iqr": 1.319633275270462,
        "mad": 0.674490749835968,
        "mad_sigma": 0.9999999857068061,
        "skewness": 0.6722526097541727,
        "kurtosis_excess": 0.7460944671729988,
        "delta_mean_median": 0.05531292854963491
      },
      "e_s": {
        "n": 48,
        "nan_frac": 0.0,
        "mean": 0.6834533416355649,
        "median": 0.5882041454315186,
        "std": 0.5376967785646545,
        "iqr": 0.7269924581050873,
        "mad": 0.3621692955493927,
        "mad_sigma": 0.5369521975815296,
        "skewness": 0.5843604459292616,
        "kurtosis_excess": -0.02766610887841159,
        "delta_mean_median": 0.09524919620404637
      },
      "e_m": {
        "n": 48,
        "nan_frac": 0.0,
        "mean": -0.22951420831183592,
        "median": 0.0,
        "std": 0.7190608568471215,
        "iqr": 1.4051890298724174,
        "mad": 0.674490749835968,
        "mad_sigma": 0.9999999857068061,
        "skewness": -0.10718762429543331,
        "kurtosis_excess": -1.512235260594642,
        "delta_mean_median": -0.22951420831183592
      }
    }
  },
  "entropy_provisional": {},
  "tau_summary": {
    "axes": {
      "m": {
        "tau_sec": 8.0,
        "dt_sec": 4.0,
        "max_lag_sec": 60.0,
        "threshold": 0.36787944117144233,
        "nan_frac": 0.0,
        "nan_policy": "strict"
      },
      "d": {
        "tau_sec": 20.0,
        "dt_sec": 4.0,
        "max_lag_sec": 60.0,
        "threshold": 0.36787944117144233,
        "nan_frac": 0.0,
        "nan_policy": "strict"
      },
      "e": {
        "tau_sec": 16.0,
        "dt_sec": 4.0,
        "max_lag_sec": 60.0,
        "threshold": 0.36787944117144233,
        "nan_frac": 0.0,
        "nan_policy": "strict"
      }
    },
    "subcoords": {
      "m_a": {
        "tau_sec": 36.0,
        "dt_sec": 4.0,
        "max_lag_sec": 60.0,
        "threshold": 0.36787944117144233,
        "nan_frac": 0.0,
        "nan_policy": "strict"
      },
      "m_e": {
        "tau_sec": 8.0,
        "dt_sec": 4.0,
        "max_lag_sec": 60.0,
        "threshold": 0.36787944117144233,
        "nan_frac": 0.0,
        "nan_policy": "strict"
      },
      "m_o": {
        "tau_sec": 8.0,
        "dt_sec": 4.0,
        "max_lag_sec": 60.0,
        "threshold": 0.36787944117144233,
        "nan_frac": 0.0,
        "nan_policy": "strict"
      },
      "d_n": {
        "tau_sec": 16.0,
        "dt_sec": 4.0,
        "max_lag_sec": 60.0,
        "threshold": 0.36787944117144233,
        "nan_frac": 0.0,
        "nan_policy": "strict"
      },
      "d_l": {
        "tau_sec": 32.0,
        "dt_sec": 4.0,
        "max_lag_sec": 60.0,
        "threshold": 0.36787944117144233,
        "nan_frac": 0.0,
        "nan_policy": "strict"
      },