{
  "dataset_id": "ds003478:sub-093:rest_Rest_run-02",
  "subject": "sub-093",
  "session": null,
  "reliability_axes": {
    "m": 0.7479715009013823,
    "d": 0.8322198530909054,
    "e": 0.6815716655439997
  },
  "reliability_subcoords": {
    "m_a": 0.9436280338396278,
    "m_e": 0.7933336704937153,
    "m_o": 0.8375402994764269,
    "d_n": 0.9228767361438779,
    "d_l": 0.8879798022950679,
    "d_s": 0.8240503430694124,
    "e_e": 0.7052397247498887,
    "e_s": 0.7435223018951174,
    "e_m": null
  }
}