{
  "dataset_id": "ds003478:sub-093:rest_Rest_run-02",
  "subject": "sub-093",
  "session": null,
  "coverage": {
    "epochs": 59,
    "seconds": 236.0
  },
  "artifacts": {
    "methods": [
      "none"
    ],
    "bad_eeg_channels": [],
    "n_bad_eeg_channels": 0,
    "stem_collisions": {}
  },
  "ensemble": {
    "var_by_subcoord": {
      "m_a": 0.005282671190798283,
      "m_e": 0.010056668892502785,
      "m_o": 0.0014341907808557153,
      "d_n": 0.0059816874563694,
      "d_l": 0.01220804825425148,
      "d_s": 0.020490366965532303,
      "e_e": 0.0,
      "e_s": 0.019445039331912994,
      "e_m": 0.0
    },
    "var_mean": 0.00832207476358033,
    "var_max": 0.020490366965532303
  },
  "reliability": {
    "axes": {
      "m": 0.7479715009013823,
      "d": 0.8322198530909054,
      "e": 0.6815716655439997
    },
    "subcoords": {
      "m_a": 0.9436280338396278,
      "m_e": 0.7933336704937153,
      "m_o": 0.8375402994764269,
      "d_n": 0.9228767361438779,
      "d_l": 0.8879798022950679,
      "d_s": 0.8240503430694124,
      "e_e": 0.7052397247498887,
      "e_s": 0.7435223018951174,
      "e_m": null
    }
  },
  "dist_summary": {
    "axes": {
      "m": {
        "n": 59,
        "nan_frac": 0.0,
        "mean": -0.025469473065903126,
        "median": -0.044666390866041183,
        "std": 0.40624420238346154,
        "iqr": 0.47607114911079407,
        "mad": 0.24474651739001274,
        "mad_sigma": 0.3628611866824329,
        "skewness": -0.48848435411250807,
        "kurtosis_excess": 1.9757379866160116,
        "delta_mean_median": 0.019196917800138057
      },
      "d": {
        "n": 59,
        "nan_frac": 0.0,
        "mean": 0.3829263346427578,
        "median": 0.4473540782928467,
        "std": 0.7041788617251521,
        "iqr": 0.9738833606243134,
        "mad": 0.47051622718572617,
        "mad_sigma": 0.6975873584255575,
        "skewness": 1.2486712767138677,
        "kurtosis_excess": 4.518369356244786,
        "delta_mean_median": -0.06442774365008885
      },
      "e": {
        "n": 59,
        "nan_frac": 0.0,
        "mean": 0.018205301646711462,
        "median": 0.04298582673072815,
        "std": 0.7270301130184542,
        "iqr": 0.9475846588611603,
        "mad": 0.4698161780834198,
        "mad_sigma": 0.6965494656264781,
        "skewness": -0.20286021907978954,
        "kurtosis_excess": -0.08877124722732566,
        "delta_mean_median": -0.024780525084016687
      }
    },
    "subcoords": {
      "m_a": {
        "n": 59,
        "nan_frac": 0.0,
        "mean": -0.14629121880852064,
        "median": 0.10236537456512451,
        "std": 0.9214557852728613,
        "iqr": 0.955605536699295,
        "mad": 0.6188914775848389,
        "mad_sigma": 0.917568504667282,
        "skewness": -3.506438462052635,
        "kurtosis_excess": 18.886833528157997,
        "delta_mean_median": -0.24865659337364515
      },
      "m_e": {
        "n": 59,
        "nan_frac": 0.0,
        "mean": 0.016405373669655648,
        "median": 0.07051513344049454,
        "std": 0.501344856980534,
        "iqr": 0.6001052111387253,
        "mad": 0.34049997478723526,
        "mad_sigma": 0.504825262619555,
        "skewness": -1.0611035031041403,
        "kurtosis_excess": 2.6408159515414207,
        "delta_mean_median": -0.054109759770838886
      },
      "m_o": {
        "n": 59,
        "nan_frac": 0.0,
        "mean": 0.08981567201346664,
        "median": -0.019912438467144966,
        "std": 1.1311851483805857,
        "iqr": 1.4500073194503784,
        "mad": 0.7568095494061708,
        "mad_sigma": 1.1220458379495888,
        "skewness": 1.0732379642271135,
        "kurtosis_excess": 2.9085461049392887,
        "delta_mean_median": 0.10972811048061161
      },
      "d_n": {
        "n": 59,
        "nan_frac": 0.0,
        "mean": 0.36272327551397227,
        "median": -0.06528781354427338,
        "std": 1.2441811563215708,
        "iqr": 1.099912852048874,
        "mad": 0.48701901733875275,
        "mad_sigma": 0.7220543951064348,
        "skewness": 2.1656047728411996,
        "kurtosis_excess": 5.752743328634539,
        "delta_mean_median": 0.42801108905824564
      },
      "d_l": {
        "n": 59,
        "nan_frac": 0.0,
        "mean": 0.345575910693003,
        "median": 0.23972193896770477,
        "std": 0.9676866616846648,
        "iqr": 1.7606369256973267,
        "mad": 0.8819204419851303,
        "mad_sigma": 1.3075352472871542,
        "skewness": 0.26504525481518526,
        "kurtosis_excess": -1.2813303991931944,
        "delta_mean_median": 0.1058539717252982
      },
      "d_s": {
        "n": 59,
        "nan_frac": 0.0,
        "mean": 0.5283865726600259,
        "median": 0.6519977450370789,
        "std": 0.8362491858451836,
        "iqr": 1.3848929703235626,
        "mad": 0.6813395619392395,
        "mad_sigma": 1.0101540345311164,
        "skewness": 0.2895196590205229,
        "kurtosis_excess": -0.7884605045364279,
        "delta_mean_median": -0.12361117237705299
      },
      "e_e": {
        "n": 59,
        "nan_frac": 0.0,
        "mean": -0.23962071992583195,
        "median": 0.0,
        "std": 1.2556049831657223,
        "iqr": 1.7858623415231705,
        "mad": 0.6744906902313232,
        "mad_sigma": 0.9999998973369598,
        "skewness": -0.30138253570682644,
        "kurtosis_excess": -0.11823678299025131,
        "delta_mean_median": -0.23962071992583195
      },
      "e_s": {
        "n": 59,
        "nan_frac": 0.0,
        "mean": 0.36763665080070496,
        "median": 0.41695016622543335,
        "std": 0.47445177804222693,
        "iqr": 0.5451968759298325,
        "mad": 0.24503642320632935,
        "mad_sigma": 0.3632910010457039,
        "skewness": 0.37570970553806904,
        "kurtosis_excess": 0.23564125719205364,
        "delta_mean_median": -0.049313515424728394
      },
      "e_m": {
        "n": 59,
        "nan_frac": 0.0,
        "mean": 0.1016949152542373,
        "median": 0.0,
        "std": 0.7744854005963296,
        "iqr": 0.0,
        "mad": 0.0,
        "mad_sigma": 0.0,
        "skewness": 7.484466673004186,
        "kurtosis_excess": 54.01724137931035,
        "delta_mean_median": 0.1016949152542373
      }
    }
  },
  "entropy_provisional": {
    "e_m": {
      "var": 0.5998276357368573,
      "n_unique": 2,
      "nan_frac": 0.0,
      "provisional": true
    }
  },
  "tau_summary": {
    "axes": {
      "m": {
        "tau_sec": 8.0,
        "dt_sec": 4.0,
        "max_lag_sec": 60.0,
        "threshold": 0.36787944117144233,
        "nan_frac": 0.0,
        "nan_policy": "strict"
      },
      "d": {
        "tau_sec": 20.0,
        "dt_sec": 4.0,
        "max_lag_sec": 60.0,
        "threshold": 0.36787944117144233,
        "nan_frac": 0.0,
        "nan_policy": "strict"
      },
      "e": {
        "tau_sec": 8.0,
        "dt_sec": 4.0,
        "max_lag_sec": 60.0,
        "threshold": 0.36787944117144233,
        "nan_frac": 0.0,
        "nan_policy": "strict"
      }
    },
    "subcoords": {
      "m_a": {
        "tau_sec": 4.0,
        "dt_sec": 4.0,
        "max_lag_sec": 60.0,
        "threshold": 0.36787944117144233,
        "nan_frac": 0.0,
        "nan_policy": "strict"
      },
      "m_e": {
        "tau_sec": 16.0,
        "dt_sec": 4.0,
        "max_lag_sec": 60.0,
        "threshold": 0.36787944117144233,
        "nan_frac": 0.0,
        "nan_policy": "strict"
      },
      "m_o": {
        "tau_sec": 8.0,
        "dt_sec": 4.0,
        "max_lag_sec": 60.0,
        "threshold": 0.36787944117144233,
        "nan_frac": 0.0,
        "nan_policy": "strict"
      },
      "d_n": {
        "tau_sec": 16.0,
        "dt_sec": 4.0,
        "max_lag_sec": 60.0,
        "threshold": 0.36787944117144233,
        "nan_frac": 0.0,
        "nan_policy": "strict"
      },
      "d_l": {
        "tau_sec": 44.0,
        "dt_sec": 4.0,
        "max_lag_sec": 60.0,
        "threshold": 0.36787944117144233,