{
  "dataset_id": "ds003478:sub-018:rest_Rest_run-01",
  "subject": "sub-018",
  "session": null,
  "reliability_axes": {
    "m": 0.4970005867800971,
    "d": 0.6835616944440176,
    "e": 0.8806849099232646
  },
  "reliability_subcoords": {
    "m_a": 0.5960299866476556,
    "m_e": 0.8107126393174877,
    "m_o": 0.7820352738649382,
    "d_n": 0.44927710391446773,
    "d_l": 0.7419760718634303,
    "d_s": 0.8682334767957891,
    "e_e": 0.9307488465718398,
    "e_s": 0.5063580719829985,
    "e_m": 0.7128710960111344
  }
}