{
  "dataset_id": "ds003478:sub-018:rest_Rest_run-01",
  "subject": "sub-018",
  "session": null,
  "coverage": {
    "epochs": 124,
    "seconds": 496.0
  },
  "artifacts": {
    "methods": [
      "none"
    ],
    "bad_eeg_channels": [],
    "n_bad_eeg_channels": 0,
    "stem_collisions": {}
  },
  "ensemble": {
    "var_by_subcoord": {
      "m_a": 0.008683835156261921,
      "m_e": 0.0027175405994057655,
      "m_o": 0.0009510490344837308,
      "d_n": 0.007522673346102238,
      "d_l": 0.04401280730962753,
      "d_s": 0.05660105496644974,
      "e_e": 1.6420976449264824e-13,
      "e_s": 0.0009515380370430648,
      "e_m": 0.0
    },
    "var_mean": 0.013493388716615356,
    "var_max": 0.05660105496644974
  },
  "reliability": {
    "axes": {
      "m": 0.4970005867800971,
      "d": 0.6835616944440176,
      "e": 0.8806849099232646
    },
    "subcoords": {
      "m_a": 0.5960299866476556,
      "m_e": 0.8107126393174877,
      "m_o": 0.7820352738649382,
      "d_n": 0.44927710391446773,
      "d_l": 0.7419760718634303,
      "d_s": 0.8682334767957891,
      "e_e": 0.9307488465718398,
      "e_s": 0.5063580719829985,
      "e_m": 0.7128710960111344
    }
  },
  "dist_summary": {
    "axes": {
      "m": {
        "n": 124,
        "nan_frac": 0.0,
        "mean": 0.041383990136842665,
        "median": -0.0681629478931427,
        "std": 0.5050720016021515,
        "iqr": 0.5224902667105198,
        "mad": 0.24644488841295242,
        "mad_sigma": 0.36537919156104326,
        "skewness": 0.8188732365983278,
        "kurtosis_excess": 1.3803488275896063,
        "delta_mean_median": 0.10954693802998536
      },
      "d": {
        "n": 124,
        "nan_frac": 0.0,
        "mean": 0.32476720925901204,
        "median": 0.322176069021225,
        "std": 0.7456634537908484,
        "iqr": 1.2428079918026924,
        "mad": 0.6217189431190491,
        "mad_sigma": 0.9217605050683021,
        "skewness": 0.036130654604969156,
        "kurtosis_excess": -1.099861674944492,
        "delta_mean_median": 0.0025911402377870596
      },
      "e": {
        "n": 124,
        "nan_frac": 0.0,
        "mean": 0.006660744908355897,
        "median": 0.07614690251648426,
        "std": 0.4202802106493211,
        "iqr": 0.7388753816485405,
        "mad": 0.374661460518837,
        "mad_sigma": 0.5554730813652277,
        "skewness": -0.07871529709824428,
        "kurtosis_excess": -1.3310838199869648,
        "delta_mean_median": -0.06948615760812836
      }
    },
    "subcoords": {
      "m_a": {
        "n": 124,
        "nan_frac": 0.0,
        "mean": -0.14823141184094693,
        "median": 0.14330657571554184,
        "std": 1.1031902474084763,
        "iqr": 1.2286425232887268,
        "mad": 0.5279184654355049,
        "mad_sigma": 0.7826919168546795,
        "skewness": -0.289582733197998,
        "kurtosis_excess": 1.0275476877428957,
        "delta_mean_median": -0.29153798755648874
      },
      "m_e": {
        "n": 124,
        "nan_frac": 0.0,
        "mean": 0.011889061409859888,
        "median": -0.04892311431467533,
        "std": 0.24516633314134484,
        "iqr": 0.4888324663043022,
        "mad": 0.20259234867990017,
        "mad_sigma": 0.30036341615282,
        "skewness": 0.24270685060711158,
        "kurtosis_excess": -1.467241549425456,
        "delta_mean_median": 0.06081217572453522
      },
      "m_o": {
        "n": 124,
        "nan_frac": 0.0,
        "mean": 0.3386812516274081,
        "median": 0.030152554041706026,
        "std": 1.1954141495056503,
        "iqr": 2.070780724287033,
        "mad": 0.9299733288353309,
        "mad_sigma": 1.3787784573312616,
        "skewness": 0.5322161280470707,
        "kurtosis_excess": -0.9043794610809499,
        "delta_mean_median": 0.30852869758570206
      },
      "d_n": {
        "n": 124,
        "nan_frac": 0.0,
        "mean": 0.39943381251707194,
        "median": 0.1539382040500641,
        "std": 0.5915536043599486,
        "iqr": 0.8027400299906731,
        "mad": 0.22328359633684158,
        "mad_sigma": 0.3310402599290013,
        "skewness": 1.298081698767492,
        "kurtosis_excess": 1.2062435224592614,
        "delta_mean_median": 0.24549560846700785
      },
      "d_l": {
        "n": 124,
        "nan_frac": 0.0,
        "mean": 0.24447147496375105,
        "median": 0.17874596267938614,
        "std": 1.2900006328471298,
        "iqr": 2.174434632062912,
        "mad": 1.1000493243336678,
        "mad_sigma": 1.6309331282570958,
        "skewness": -0.07112539204432514,
        "kurtosis_excess": -1.1459907592538203,
        "delta_mean_median": 0.0657255122843649
      },
      "d_s": {
        "n": 124,
        "nan_frac": 0.0,
        "mean": 0.426585768848928,
        "median": 0.12373431771993637,
        "std": 1.0798610821418713,
        "iqr": 1.929116651415825,
        "mad": 0.8361755311489105,
        "mad_sigma": 1.2397138424813747,
        "skewness": 0.3889776878869034,
        "kurtosis_excess": -1.3196372429623384,
        "delta_mean_median": 0.30285145112899164
      },
      "e_e": {
        "n": 124,
        "nan_frac": 0.0,
        "mean": -0.24478546785370958,
        "median": -3.8463622331619263e-07,
        "std": 0.7953068273050475,
        "iqr": 1.4458222165703773,
        "mad": 0.674491104669869,
        "mad_sigma": 1.0000005117835475,
        "skewness": -0.28081625780961644,
        "kurtosis_excess": -1.478335202431216,
        "delta_mean_median": -0.24478508321748627
      },
      "e_s": {
        "n": 124,
        "nan_frac": 0.0,
        "mean": 0.32193916643248693,
        "median": 0.3529180437326431,
        "std": 0.39696221109872376,
        "iqr": 0.5421669036149979,
        "mad": 0.285469114780426,
        "mad_sigma": 0.4232365095734596,
        "skewness": -0.2817161416196204,
        "kurtosis_excess": -0.07317364407522264,
        "delta_mean_median": -0.030978877300156193
      },
      "e_m": {
        "n": 124,
        "nan_frac": 0.0,
        "mean": 0.6152162595441745,
        "median": -9.872019290924072e-08,
        "std": 2.0168207189819367,
        "iqr": 1.3327124416828156,
        "mad": 0.674490561708808,
        "mad_sigma": 0.9999997067894786,
        "skewness": 1.7408974019679209,
        "kurtosis_excess": 2.1088333849370278,
        "delta_mean_median": 0.6152163582643674
      }
    }
  },
  "entropy_provisional": {},
  "tau_summary": {
    "axes": {
      "m": {
        "tau_sec": 8.0,
        "dt_sec": 4.0,
        "max_lag_sec": 60.0,
        "threshold": 0.36787944117144233,
        "nan_frac": 0.0,
        "nan_policy": "strict"
      },
      "d": {
        "tau_sec": 16.0,
        "dt_sec": 4.0,
        "max_lag_sec": 60.0,
        "threshold": 0.36787944117144233,
        "nan_frac": 0.0,
        "nan_policy": "strict"
      },
      "e": {
        "tau_sec": 24.0,
        "dt_sec": 4.0,
        "max_lag_sec": 60.0,
        "threshold": 0.36787944117144233,
        "nan_frac": 0.0,
        "nan_policy": "strict"
      }
    },
    "subcoords": {
      "m_a": {
        "tau_sec": 8.0,
        "dt_sec": 4.0,
        "max_lag_sec": 60.0,
        "threshold": 0.36787944117144233,
        "nan_frac": 0.0,
        "nan_policy": "strict"
      },
      "m_e": {
        "tau_sec": 24.0,
        "dt_sec": 4.0,
        "max_lag_sec": 60.0,
        "threshold": 0.36787944117144233,
        "nan_frac": 0.0,
        "nan_policy": "strict"
      },
      "m_o": {
        "tau_sec": 24.0,
        "dt_sec": 4.0,
        "max_lag_sec": 60.0,
        "threshold": 0.36787944117144233,
        "nan_frac": 0.0,
        "nan_policy": "strict"
      },
      "d_n": {
        "tau_sec": 8.0,
        "dt_sec": 4.0,
        "max_lag_sec": 60.0,
        "threshold": 0.36787944117144233,
        "nan_frac": 0.0,
        "nan_policy": "strict"
      },
      "d_l": {
        "tau_sec": 12.0,
        "dt_sec": 4.0,
        "max_lag_sec": 60.0,
        "threshold": 0.36787944117144233,