{
  "dataset_id": "ds003478:sub-037:rest_Rest_run-02",
  "subject": "sub-037",
  "session": null,
  "reliability_axes": {
    "m": 0.38901731474443857,
    "d": 0.8678740038979996,
    "e": 0.8214709195944361
  },
  "reliability_subcoords": {
    "m_a": 0.48547480647072694,
    "m_e": 0.8314197859513882,
    "m_o": 0.8304496682106967,
    "d_n": 0.3050016356882169,
    "d_l": 0.8812752982685732,
    "d_s": 0.9343489369017716,
    "e_e": 0.9496904369768041,
    "e_s": 0.7769480940895785,
    "e_m": null
  }
}