{
  "dataset_id": "ds003478:sub-101:rest_Rest_run-02",
  "subject": "sub-101",
  "session": null,
  "reliability_axes": {
    "m": 0.47266128168957083,
    "d": 0.898538244038419,
    "e": 0.6379539127832501
  },
  "reliability_subcoords": {
    "m_a": 0.6940212988380611,
    "m_e": 0.7516354503383833,
    "m_o": 0.7090345563616521,
    "d_n": 0.8915942549905649,
    "d_l": 0.873799177630319,
    "d_s": 0.9122399079366701,
    "e_e": 0.5254984983767355,
    "e_s": 0.750696319873789,
    "e_m": 0.6502364523986502
  }
}