{
  "dataset_id": "ds003478:sub-101:rest_Rest_run-02",
  "subject": "sub-101",
  "session": null,
  "coverage": {
    "epochs": 52,
    "seconds": 208.0
  },
  "artifacts": {
    "methods": [
      "none"
    ],
    "bad_eeg_channels": [
      "CZ"
    ],
    "n_bad_eeg_channels": 1,
    "stem_collisions": {}
  },
  "ensemble": {
    "var_by_subcoord": {
      "m_a": 3.590911364881322e-05,
      "m_e": 0.0073149967938661575,
      "m_o": 0.003315561916679144,
      "d_n": 0.05122123658657074,
      "d_l": 0.0801064521074295,
      "d_s": 0.14294877648353577,
      "e_e": 5.321004054037459e-14,
      "e_s": 0.04951466619968414,
      "e_m": 0.0
    },
    "var_mean": 0.03716195546682972,
    "var_max": 0.14294877648353577
  },
  "reliability": {
    "axes": {
      "m": 0.47266128168957083,
      "d": 0.898538244038419,
      "e": 0.6379539127832501
    },
    "subcoords": {
      "m_a": 0.6940212988380611,
      "m_e": 0.7516354503383833,
      "m_o": 0.7090345563616521,
      "d_n": 0.8915942549905649,
      "d_l": 0.873799177630319,
      "d_s": 0.9122399079366701,
      "e_e": 0.5254984983767355,
      "e_s": 0.750696319873789,
      "e_m": 0.6502364523986502
    }
  },
  "dist_summary": {
    "axes": {
      "m": {
        "n": 52,
        "nan_frac": 0.0,
        "mean": 0.16561626742343202,
        "median": 0.1897900477051735,
        "std": 0.4326643688644433,
        "iqr": 0.5955340079963207,
        "mad": 0.31320343166589737,
        "mad_sigma": 0.4643554077878594,
        "skewness": -0.4841631338005127,
        "kurtosis_excess": -0.09866713418024364,
        "delta_mean_median": -0.02417378028174147
      },
      "d": {
        "n": 52,
        "nan_frac": 0.0,
        "mean": 0.7514601765668396,
        "median": 0.5311970412731171,
        "std": 1.0958208336908914,
        "iqr": 2.2245374396443367,
        "mad": 0.8663713485002518,
        "mad_sigma": 1.2844821612864732,
        "skewness": 0.3682721541205038,
        "kurtosis_excess": -1.4343904648164953,
        "delta_mean_median": 0.22026313529372255
      },
      "e": {
        "n": 52,
        "nan_frac": 0.0,
        "mean": 0.2990977697862455,
        "median": 0.1855389103293419,
        "std": 0.6237971138362273,
        "iqr": 0.8024868555366993,
        "mad": 0.40968938916921616,
        "mad_sigma": 0.6074054883822798,
        "skewness": 0.6269831124524161,
        "kurtosis_excess": 0.22717328912782353,
        "delta_mean_median": 0.11355885945690364
      }
    },
    "subcoords": {
      "m_a": {
        "n": 52,
        "nan_frac": 0.0,
        "mean": 0.2145020731796439,
        "median": -0.07683386839926243,
        "std": 1.0517586535379073,
        "iqr": 1.3401834219694138,
        "mad": 0.6990722119808197,
        "mad_sigma": 1.0364444614827633,
        "skewness": 0.30298174784717924,
        "kurtosis_excess": -0.9099387382140374,
        "delta_mean_median": 0.2913359415789063
      },
      "m_e": {
        "n": 52,
        "nan_frac": 0.0,
        "mean": 0.058841025098585166,
        "median": 0.14242612570524216,
        "std": 0.4919439836427163,
        "iqr": 0.6979592442512512,
        "mad": 0.3916478529572487,
        "mad_sigma": 0.5806571067944168,
        "skewness": -0.08970335025970454,
        "kurtosis_excess": -0.8166298738627722,
        "delta_mean_median": -0.083585100606657
      },
      "m_o": {
        "n": 52,
        "nan_frac": 0.0,
        "mean": 0.22876559188947654,
        "median": 0.1550913155078888,
        "std": 0.7235697850522862,
        "iqr": 1.0313884392380714,
        "mad": 0.5217412412166595,
        "mad_sigma": 0.7735335642278194,
        "skewness": 0.2812696024077652,
        "kurtosis_excess": 0.19804743808344272,
        "delta_mean_median": 0.07367427638158774
      },
      "d_n": {
        "n": 52,
        "nan_frac": 0.0,
        "mean": 0.29266156234706825,
        "median": 0.11028538644313812,
        "std": 0.8105119464801936,
        "iqr": 1.0121473893523216,
        "mad": 0.4967357665300369,
        "mad_sigma": 0.7364604474574327,
        "skewness": 0.9389340573024001,
        "kurtosis_excess": -0.022741226571405093,
        "delta_mean_median": 0.18237617590393013
      },
      "d_l": {
        "n": 52,
        "nan_frac": 0.0,
        "mean": 0.9434661250919677,
        "median": 0.10083581879734993,
        "std": 1.7284353726687918,
        "iqr": 3.409981720149517,
        "mad": 0.809864092618227,
        "mad_sigma": 1.2007045037157833,
        "skewness": 0.6175964101143069,
        "kurtosis_excess": -1.3630894457536127,
        "delta_mean_median": 0.8426303062946178
      },
      "d_s": {
        "n": 52,
        "nan_frac": 0.0,
        "mean": 1.0084403400810866,
        "median": 0.5257724821567535,
        "std": 1.4879161653235637,
        "iqr": 3.313128687441349,
        "mad": 1.0483332425355911,
        "mad_sigma": 1.5542588653832674,
        "skewness": 0.4385722392717813,
        "kurtosis_excess": -1.4143977336353604,
        "delta_mean_median": 0.4826678579243331
      },
      "e_e": {
        "n": 52,
        "nan_frac": 0.0,
        "mean": 0.08814858408788076,
        "median": 0.0,
        "std": 1.0162535637494778,
        "iqr": 1.3958058506250381,
        "mad": 0.6744907200336456,
        "mad_sigma": 0.999999941521883,
        "skewness": 0.08514473953568473,
        "kurtosis_excess": 0.25885820785922986,
        "delta_mean_median": 0.08814858408788076
      },
      "e_s": {
        "n": 52,
        "nan_frac": 0.0,
        "mean": 0.6040300616564659,
        "median": 0.5516940057277679,
        "std": 0.5057639966562357,
        "iqr": 0.8453647121787071,
        "mad": 0.4701152741909027,
        "mad_sigma": 0.6969929055154324,
        "skewness": 0.0950961227323371,
        "kurtosis_excess": -1.0764158957744219,
        "delta_mean_median": 0.052336055928697944
      },
      "e_m": {
        "n": 52,
        "nan_frac": 0.0,
        "mean": -0.025941955355497506,
        "median": 0.0,
        "std": 0.9349905449836345,
        "iqr": 1.124151200056076,
        "mad": 0.6744907200336456,
        "mad_sigma": 0.999999941521883,
        "skewness": 0.24369019161648203,
        "kurtosis_excess": -0.659817105954482,
        "delta_mean_median": -0.025941955355497506
      }
    }
  },
  "entropy_provisional": {},
  "tau_summary": {
    "axes": {
      "m": {
        "tau_sec": 8.0,
        "dt_sec": 4.0,
        "max_lag_sec": 60.0,
        "threshold": 0.36787944117144233,
        "nan_frac": 0.0,
        "nan_policy": "strict"
      },
      "d": {
        "tau_sec": 28.0,
        "dt_sec": 4.0,
        "max_lag_sec": 60.0,
        "threshold": 0.36787944117144233,
        "nan_frac": 0.0,
        "nan_policy": "strict"
      },
      "e": {
        "tau_sec": 8.0,
        "dt_sec": 4.0,
        "max_lag_sec": 60.0,
        "threshold": 0.36787944117144233,
        "nan_frac": 0.0,
        "nan_policy": "strict"
      }
    },
    "subcoords": {
      "m_a": {
        "tau_sec": 12.0,
        "dt_sec": 4.0,
        "max_lag_sec": 60.0,
        "threshold": 0.36787944117144233,
        "nan_frac": 0.0,
        "nan_policy": "strict"
      },
      "m_e": {
        "tau_sec": 12.0,
        "dt_sec": 4.0,
        "max_lag_sec": 60.0,
        "threshold": 0.36787944117144233,
        "nan_frac": 0.0,
        "nan_policy": "strict"
      },
      "m_o": {
        "tau_sec": 8.0,
        "dt_sec": 4.0,
        "max_lag_sec": 60.0,
        "threshold": 0.36787944117144233,
        "nan_frac": 0.0,
        "nan_policy": "strict"
      },
      "d_n": {
        "tau_sec": 28.0,
        "dt_sec": 4.0,
        "max_lag_sec": 60.0,
        "threshold": 0.36787944117144233,
        "nan_frac": 0.0,
        "nan_policy": "strict"
      },
      "d_l": {
        "tau_sec": 24.0,
        "dt_sec": 4.0,
        "max_lag_sec": 60.0,
        "threshold": 0.36787944117144233,
        "nan_frac": 0.0,
        "nan_policy": "strict"
      },