{
  "dataset_id": "ds003478:sub-007:rest_Rest_run-02",
  "subject": "sub-007",
  "session": null,
  "reliability_axes": {
    "m": 0.8598534720244362,
    "d": 0.4961815707704912,
    "e": 0.38208477472361413
  },
  "reliability_subcoords": {
    "m_a": 0.8278847866951131,
    "m_e": 0.5214627028670498,
    "m_o": 0.64440239499565,
    "d_n": 0.4768554445047074,
    "d_l": 0.29359311369675267,
    "d_s": 0.8287174082618888,
    "e_e": 0.5918605707197464,
    "e_s": 0.40510347541532826,
    "e_m": null
  }
}