{
  "dataset_id": "ds003478:sub-071:rest_Rest_run-01",
  "subject": "sub-071",
  "session": null,
  "reliability_axes": {
    "m": 0.6401105510888915,
    "d": 0.6866196281423216,
    "e": 0.8978534290075856
  },
  "reliability_subcoords": {
    "m_a": 0.7664702139685823,
    "m_e": 0.7210395349948545,
    "m_o": 0.6844471100130527,
    "d_n": 0.7541194668573018,
    "d_l": 0.5904442721623916,
    "d_s": 0.7066493682093514,
    "e_e": 0.8451290169767348,
    "e_s": 0.6761889188806985,
    "e_m": 1.0
  }
}