{
  "dataset_id": "ds003478:sub-019:rest_Rest_run-01",
  "subject": "sub-019",
  "session": null,
  "reliability_axes": {
    "m": 0.7463998251512014,
    "d": 0.35869040798768337,
    "e": 0.7694952836841279
  },
  "reliability_subcoords": {
    "m_a": 0.7124245271989986,
    "m_e": 0.503253313732766,
    "m_o": 0.7465462994717962,
    "d_n": 0.34707972831118805,
    "d_l": 0.5136388328624693,
    "d_s": 0.695982162139589,
    "e_e": 0.8233738172855908,
    "e_s": 0.32973487219861586,
    "e_m": null
  }
}