{
  "dataset_id": "ds003478:sub-019:rest_Rest_run-01",
  "subject": "sub-019",
  "session": null,
  "coverage": {
    "epochs": 122,
    "seconds": 488.0
  },
  "artifacts": {
    "methods": [
      "none"
    ],
    "bad_eeg_channels": [],
    "n_bad_eeg_channels": 0,
    "stem_collisions": {}
  },
  "ensemble": {
    "var_by_subcoord": {
      "m_a": 0.00510224187746644,
      "m_e": 0.0002740542113315314,
      "m_o": 0.0008043046109378338,
      "d_n": 0.006267573218792677,
      "d_l": 0.006497801281511784,
      "d_s": 0.0022504087537527084,
      "e_e": 4.7995549863014825e-14,
      "e_s": 0.0011449807789176702,
      "e_m": 0.0
    },
    "var_mean": 0.0024823738591954045,
    "var_max": 0.006497801281511784
  },
  "reliability": {
    "axes": {
      "m": 0.7463998251512014,
      "d": 0.35869040798768337,
      "e": 0.7694952836841279
    },
    "subcoords": {
      "m_a": 0.7124245271989986,
      "m_e": 0.503253313732766,
      "m_o": 0.7465462994717962,
      "d_n": 0.34707972831118805,
      "d_l": 0.5136388328624693,
      "d_s": 0.695982162139589,
      "e_e": 0.8233738172855908,
      "e_s": 0.32973487219861586,
      "e_m": null
    }
  },
  "dist_summary": {
    "axes": {
      "m": {
        "n": 122,
        "nan_frac": 0.0,
        "mean": 0.05158128811535044,
        "median": -0.07649445906281471,
        "std": 0.5517707964619754,
        "iqr": 0.5157825164496899,
        "mad": 0.2490917406976223,
        "mad_sigma": 0.3693034147582948,
        "skewness": 0.8673155793356004,
        "kurtosis_excess": 1.590598007090291,
        "delta_mean_median": 0.12807574717816517
      },
      "d": {
        "n": 122,
        "nan_frac": 0.0,
        "mean": 0.13512269833285484,
        "median": 0.21298085153102875,
        "std": 0.6577468004711909,
        "iqr": 0.9305502995848656,
        "mad": 0.4257417768239975,
        "mad_sigma": 0.6312047583192587,
        "skewness": 1.3602650688621223,
        "kurtosis_excess": 7.291081660622753,
        "delta_mean_median": -0.07785815319817391
      },
      "e": {
        "n": 122,
        "nan_frac": 0.0,
        "mean": 0.0964128344422817,
        "median": 0.023314494639635086,
        "std": 0.5695859430827038,
        "iqr": 0.9089707434177399,
        "mad": 0.4547664038836956,
        "mad_sigma": 0.6742366703979671,
        "skewness": 0.3513399035805393,
        "kurtosis_excess": -0.9061781812021468,
        "delta_mean_median": 0.07309833980264661
      }
    },
    "subcoords": {
      "m_a": {
        "n": 122,
        "nan_frac": 0.0,
        "mean": -0.08748723152780631,
        "median": -0.06442533433437347,
        "std": 0.9854552503625825,
        "iqr": 0.7846863940358162,
        "mad": 0.39459607005119324,
        "mad_sigma": 0.5850281334578991,
        "skewness": -1.4609383975976353,
        "kurtosis_excess": 9.517261893464779,
        "delta_mean_median": -0.023061897193432837
      },
      "m_e": {
        "n": 122,
        "nan_frac": 0.0,
        "mean": 0.052618192730196675,
        "median": 0.016248003114014864,
        "std": 0.3770072727183738,
        "iqr": 0.5393445380032063,
        "mad": 0.25752199487760663,
        "mad_sigma": 0.38180210960553956,
        "skewness": -1.073389727480703,
        "kurtosis_excess": 5.374942172550329,
        "delta_mean_median": 0.03637018961618181
      },
      "m_o": {
        "n": 122,
        "nan_frac": 0.0,
        "mean": 0.24191949411093058,
        "median": -0.04310241527855396,
        "std": 1.104945422276436,
        "iqr": 1.6847181916236877,
        "mad": 0.7831077575683594,
        "mad_sigma": 1.1610355613708496,
        "skewness": 0.8465362167177479,
        "kurtosis_excess": 0.3970478400799613,
        "delta_mean_median": 0.2850219093894846
      },
      "d_n": {
        "n": 122,
        "nan_frac": 0.0,
        "mean": 0.2526271763089739,
        "median": 0.11202340200543404,
        "std": 0.6832541112387599,
        "iqr": 0.509552750736475,
        "mad": 0.2339843437075615,
        "mad_sigma": 0.34690518798083064,
        "skewness": 5.112526565044428,
        "kurtosis_excess": 38.74665541651487,
        "delta_mean_median": 0.14060377430353987
      },
      "d_l": {
        "n": 122,
        "nan_frac": 0.0,
        "mean": 0.06423956851978771,
        "median": 0.2700657248497009,
        "std": 0.9369471782224643,
        "iqr": 1.4907159954309464,
        "mad": 0.6097323149442673,
        "mad_sigma": 0.9039891301363706,
        "skewness": -0.12030118541237997,
        "kurtosis_excess": -0.30342959170605344,
        "delta_mean_median": -0.20582615632991322
      },
      "d_s": {
        "n": 122,
        "nan_frac": 0.0,
        "mean": 0.13287959479894795,
        "median": 0.05937366932630539,
        "std": 0.8296206952386305,
        "iqr": 1.4223237484693527,
        "mad": 0.7222078517079353,
        "mad_sigma": 1.0707453609421849,
        "skewness": 0.5043236370923694,
        "kurtosis_excess": -0.31446822639100613,
        "delta_mean_median": 0.07350592547264256
      },
      "e_e": {
        "n": 122,
        "nan_frac": 0.0,
        "mean": -0.1365834186311628,
        "median": 0.0,
        "std": 0.8423790302775251,
        "iqr": 1.3691751658916473,
        "mad": 0.674490749835968,
        "mad_sigma": 0.9999999857068061,
        "skewness": -0.062376878057566004,
        "kurtosis_excess": -0.8942829640931658,
        "delta_mean_median": -0.1365834186311628
      },
      "e_s": {
        "n": 122,
        "nan_frac": 0.0,
        "mean": 0.4181286408031573,
        "median": 0.330655500292778,
        "std": 0.7399877107494875,
        "iqr": 0.5807903669774532,
        "mad": 0.28265615552663803,
        "mad_sigma": 0.4190660161837935,
        "skewness": 0.9009804960203236,
        "kurtosis_excess": 1.3942666271645088,
        "delta_mean_median": 0.0874731405103793
      },
      "e_m": {
        "n": 122,
        "nan_frac": 0.0,
        "mean": 0.04918032786885246,
        "median": 0.0,
        "std": 0.540983606557377,
        "iqr": 0.0,
        "mad": 0.0,
        "mad_sigma": 0.0,
        "skewness": 10.90909090909091,
        "kurtosis_excess": 117.0082644628099,
        "delta_mean_median": 0.04918032786885246
      }
    }
  },
  "entropy_provisional": {
    "e_m": {
      "var": 0.2926632625638269,
      "n_unique": 2,
      "nan_frac": 0.0,
      "provisional": true
    }
  },
  "tau_summary": {
    "axes": {
      "m": {
        "tau_sec": 16.0,
        "dt_sec": 4.0,
        "max_lag_sec": 60.0,
        "threshold": 0.36787944117144233,
        "nan_frac": 0.0,
        "nan_policy": "strict"
      },
      "d": {
        "tau_sec": 8.0,
        "dt_sec": 4.0,
        "max_lag_sec": 60.0,
        "threshold": 0.36787944117144233,
        "nan_frac": 0.0,
        "nan_policy": "strict"
      },
      "e": {
        "tau_sec": 20.0,
        "dt_sec": 4.0,
        "max_lag_sec": 60.0,
        "threshold": 0.36787944117144233,
        "nan_frac": 0.0,
        "nan_policy": "strict"
      }
    },
    "subcoords": {
      "m_a": {
        "tau_sec": 8.0,
        "dt_sec": 4.0,
        "max_lag_sec": 60.0,
        "threshold": 0.36787944117144233,
        "nan_frac": 0.0,
        "nan_policy": "strict"
      },
      "m_e": {
        "tau_sec": 12.0,
        "dt_sec": 4.0,
        "max_lag_sec": 60.0,
        "threshold": 0.36787944117144233,
        "nan_frac": 0.0,
        "nan_policy": "strict"
      },
      "m_o": {
        "tau_sec": 16.0,
        "dt_sec": 4.0,
        "max_lag_sec": 60.0,
        "threshold": 0.36787944117144233,
        "nan_frac": 0.0,
        "nan_policy": "strict"
      },
      "d_n": {
        "tau_sec": 4.0,
        "dt_sec": 4.0,
        "max_lag_sec": 60.0,
        "threshold": 0.36787944117144233,
        "nan_frac": 0.0,
        "nan_policy": "strict"
      },
      "d_l": {
        "tau_sec": 8.0,
        "dt_sec": 4.0,
        "max_lag_sec": 60.0,
        "threshold": 0.36787944117144233,