{
  "dataset_id": "ds003478:sub-031:rest_Rest_run-02",
  "subject": "sub-031",
  "session": null,
  "reliability_axes": {
    "m": 0.7233543655265806,
    "d": 0.564618051638183,
    "e": 0.5249177602704247
  },
  "reliability_subcoords": {
    "m_a": 0.6361798068316894,
    "m_e": 0.8120190369513653,
    "m_o": 0.8486304564342517,
    "d_n": 0.7297407476275335,
    "d_l": 0.5312269480595951,
    "d_s": 0.7687000287092784,
    "e_e": 0.7695158044973895,
    "e_s": 0.5198639622257871,
    "e_m": 0.8252421448274345
  }
}