{
  "dataset_id": "ds003478:sub-031:rest_Rest_run-02",
  "subject": "sub-031",
  "session": null,
  "coverage": {
    "epochs": 39,
    "seconds": 156.0
  },
  "artifacts": {
    "methods": [
      "none"
    ],
    "bad_eeg_channels": [],
    "n_bad_eeg_channels": 0,
    "stem_collisions": {}
  },
  "ensemble": {
    "var_by_subcoord": {
      "m_a": 0.01947944052517414,
      "m_e": 0.0008287203963845968,
      "m_o": 0.004982859827578068,
      "d_n": 0.0325666218996048,
      "d_l": 0.004649846348911524,
      "d_s": 0.03250383958220482,
      "e_e": 0.0,
      "e_s": 0.00663247425109148,
      "e_m": 0.0
    },
    "var_mean": 0.011293755870105492,
    "var_max": 0.0325666218996048
  },
  "reliability": {
    "axes": {
      "m": 0.7233543655265806,
      "d": 0.564618051638183,
      "e": 0.5249177602704247
    },
    "subcoords": {
      "m_a": 0.6361798068316894,
      "m_e": 0.8120190369513653,
      "m_o": 0.8486304564342517,
      "d_n": 0.7297407476275335,
      "d_l": 0.5312269480595951,
      "d_s": 0.7687000287092784,
      "e_e": 0.7695158044973895,
      "e_s": 0.5198639622257871,
      "e_m": 0.8252421448274345
    }
  },
  "dist_summary": {
    "axes": {
      "m": {
        "n": 39,
        "nan_frac": 0.0,
        "mean": -0.20634349225423274,
        "median": -0.1778102070093155,
        "std": 0.8004520895060185,
        "iqr": 1.5222606658935547,
        "mad": 0.7602732926607132,
        "mad_sigma": 1.1271811836987733,
        "skewness": -0.370870833084382,
        "kurtosis_excess": -0.8269147162462334,
        "delta_mean_median": -0.028533285244917245
      },
      "d": {
        "n": 39,
        "nan_frac": 0.0,
        "mean": 0.30308615480764556,
        "median": 0.20196422934532166,
        "std": 0.5170833766178016,
        "iqr": 0.4711090880446136,
        "mad": 0.24893197417259216,
        "mad_sigma": 0.3690665449082851,
        "skewness": 0.7027013107763624,
        "kurtosis_excess": 0.16678903998490924,
        "delta_mean_median": 0.1011219254623239
      },
      "e": {
        "n": 39,
        "nan_frac": 0.0,
        "mean": 0.1953432751007569,
        "median": 0.16201768815517426,
        "std": 0.5925963948681773,
        "iqr": 0.7975119650363922,
        "mad": 0.3833249509334564,
        "mad_sigma": 0.5683175722539424,
        "skewness": 0.4725906826390426,
        "kurtosis_excess": 0.1737817104081003,
        "delta_mean_median": 0.03332558694558266
      }
    },
    "subcoords": {
      "m_a": {
        "n": 39,
        "nan_frac": 0.0,
        "mean": -0.6521069741783998,
        "median": -0.12030012160539627,
        "std": 1.6251433524348362,
        "iqr": 3.0188394486904144,
        "mad": 0.8148875311017036,
        "mad_sigma": 1.2081522536113858,
        "skewness": -1.0072927080629608,
        "kurtosis_excess": -0.36126525181957403,
        "delta_mean_median": -0.5318068525730035
      },
      "m_e": {
        "n": 39,
        "nan_frac": 0.0,
        "mean": 0.051319881957263135,
        "median": 0.07510276883840561,
        "std": 0.23722666413804083,
        "iqr": 0.3927522301673889,
        "mad": 0.18876302987337112,
        "mad_sigma": 0.27986006809026004,
        "skewness": -0.07107585373237016,
        "kurtosis_excess": -1.2188160575344915,
        "delta_mean_median": -0.023782886881142475
      },
      "m_o": {
        "n": 39,
        "nan_frac": 0.0,
        "mean": 0.09289761025866028,
        "median": -0.00020117881649639457,
        "std": 0.8681130886029014,
        "iqr": 1.5104629695415497,
        "mad": 0.8084305989468703,
        "mad_sigma": 1.1985792059986298,
        "skewness": 0.0587452785772354,
        "kurtosis_excess": -1.09315163051168,
        "delta_mean_median": 0.09309878907515667
      },
      "d_n": {
        "n": 39,
        "nan_frac": 0.0,
        "mean": 0.30833742767572403,
        "median": 0.24387937784194946,
        "std": 0.4720364679210142,
        "iqr": 0.6366319507360458,
        "mad": 0.3227614164352417,
        "mad_sigma": 0.4785260760068893,
        "skewness": 0.6031916352853933,
        "kurtosis_excess": 0.38217941356863117,
        "delta_mean_median": 0.06445804983377457
      },
      "d_l": {
        "n": 39,
        "nan_frac": 0.0,
        "mean": 0.24522124230861664,
        "median": 0.29178693890571594,
        "std": 0.8188360149667216,
        "iqr": 0.7863417491316795,
        "mad": 0.39184120297431946,
        "mad_sigma": 0.580943767529726,
        "skewness": -0.11001693309221079,
        "kurtosis_excess": -0.45409371210660465,
        "delta_mean_median": -0.046565696597099304
      },
      "d_s": {
        "n": 39,
        "nan_frac": 0.0,
        "mean": 0.4631704221933316,
        "median": 0.1972905993461609,
        "std": 0.972359987534652,
        "iqr": 1.2909661680459976,
        "mad": 0.6749072372913361,
        "mad_sigma": 1.0006174700081347,
        "skewness": 0.6620091408595523,
        "kurtosis_excess": -0.7529015567823243,
        "delta_mean_median": 0.2658798228471707
      },
      "e_e": {
        "n": 39,
        "nan_frac": 0.0,
        "mean": -0.17167843477084085,
        "median": 0.0,
        "std": 1.0944901226232224,
        "iqr": 1.4251000583171844,
        "mad": 0.674490749835968,
        "mad_sigma": 0.9999999857068061,
        "skewness": -0.5753873104610034,
        "kurtosis_excess": -0.5443814733423467,
        "delta_mean_median": -0.17167843477084085
      },
      "e_s": {
        "n": 39,
        "nan_frac": 0.0,
        "mean": 0.7281643184713829,
        "median": 0.4470064043998718,
        "std": 1.2831117364066076,
        "iqr": 1.9562106430530548,
        "mad": 0.9633446335792542,
        "mad_sigma": 1.4282547537446022,
        "skewness": 0.6572806815410005,
        "kurtosis_excess": -0.7563765638275073,
        "delta_mean_median": 0.28115791407151103
      },
      "e_m": {
        "n": 39,
        "nan_frac": 0.0,
        "mean": -0.4173424313179193,
        "median": 0.0,
        "std": 1.588799616295176,
        "iqr": 1.274682104587555,
        "mad": 0.674490749835968,
        "mad_sigma": 0.9999999857068061,
        "skewness": -1.2729281109458292,
        "kurtosis_excess": 1.031644687759516,
        "delta_mean_median": -0.4173424313179193
      }
    }
  },
  "entropy_provisional": {},
  "tau_summary": {
    "axes": {
      "m": {
        "tau_sec": 8.0,
        "dt_sec": 4.0,
        "max_lag_sec": 60.0,
        "threshold": 0.36787944117144233,
        "nan_frac": 0.0,
        "nan_policy": "strict"
      },
      "d": {
        "tau_sec": 8.0,
        "dt_sec": 4.0,
        "max_lag_sec": 60.0,
        "threshold": 0.36787944117144233,
        "nan_frac": 0.0,
        "nan_policy": "strict"
      },
      "e": {
        "tau_sec": 8.0,
        "dt_sec": 4.0,
        "max_lag_sec": 60.0,
        "threshold": 0.36787944117144233,
        "nan_frac": 0.0,
        "nan_policy": "strict"
      }
    },
    "subcoords": {
      "m_a": {
        "tau_sec": 8.0,
        "dt_sec": 4.0,
        "max_lag_sec": 60.0,
        "threshold": 0.36787944117144233,
        "nan_frac": 0.0,
        "nan_policy": "strict"
      },
      "m_e": {
        "tau_sec": 12.0,
        "dt_sec": 4.0,
        "max_lag_sec": 60.0,
        "threshold": 0.36787944117144233,
        "nan_frac": 0.0,
        "nan_policy": "strict"
      },
      "m_o": {
        "tau_sec": 16.0,
        "dt_sec": 4.0,
        "max_lag_sec": 60.0,
        "threshold": 0.36787944117144233,
        "nan_frac": 0.0,
        "nan_policy": "strict"
      },
      "d_n": {
        "tau_sec": 8.0,
        "dt_sec": 4.0,
        "max_lag_sec": 60.0,
        "threshold": 0.36787944117144233,
        "nan_frac": 0.0,
        "nan_policy": "strict"
      },
      "d_l": {
        "tau_sec": 8.0,
        "dt_sec": 4.0,
        "max_lag_sec": 60.0,
        "threshold": 0.36787944117144233,
        "nan_frac": 0.0,
        "nan_policy": "strict"
      },