{
  "dataset_id": "ds003478:sub-066:rest_Rest_run-01",
  "subject": "sub-066",
  "session": null,
  "reliability_axes": {
    "m": 0.6935062547278474,
    "d": 0.7457992657287144,
    "e": 0.7254311042016723
  },
  "reliability_subcoords": {
    "m_a": 0.7871567518035192,
    "m_e": 0.5610975242956066,
    "m_o": 0.5931946477926903,
    "d_n": 0.5594764371244686,
    "d_l": 0.7957183327093886,
    "d_s": 0.6394961809982177,
    "e_e": 0.7446354249522373,
    "e_s": 0.6942333749603723,
    "e_m": 0.7520868061127509
  }
}