{
  "dataset_id": "ds003478:sub-066:rest_Rest_run-01",
  "subject": "sub-066",
  "session": null,
  "coverage": {
    "epochs": 124,
    "seconds": 496.0
  },
  "artifacts": {
    "methods": [
      "none"
    ],
    "bad_eeg_channels": [],
    "n_bad_eeg_channels": 0,
    "stem_collisions": {}
  },
  "ensemble": {
    "var_by_subcoord": {
      "m_a": 0.0012865869794040918,
      "m_e": 0.0010458641918376088,
      "m_o": 0.0038912990130484104,
      "d_n": 0.003100399859249592,
      "d_l": 0.0019379990408197045,
      "d_s": 0.001665201736614108,
      "e_e": 3.996552654789154e-12,
      "e_s": 0.019315965473651886,
      "e_m": 0.0
    },
    "var_mean": 0.0035825906998468837,
    "var_max": 0.019315965473651886
  },
  "reliability": {
    "axes": {
      "m": 0.6935062547278474,
      "d": 0.7457992657287144,
      "e": 0.7254311042016723
    },
    "subcoords": {
      "m_a": 0.7871567518035192,
      "m_e": 0.5610975242956066,
      "m_o": 0.5931946477926903,
      "d_n": 0.5594764371244686,
      "d_l": 0.7957183327093886,
      "d_s": 0.6394961809982177,
      "e_e": 0.7446354249522373,
      "e_s": 0.6942333749603723,
      "e_m": 0.7520868061127509
    }
  },
  "dist_summary": {
    "axes": {
      "m": {
        "n": 124,
        "nan_frac": 0.0,
        "mean": -0.049364086187955354,
        "median": -0.003820837941020727,
        "std": 0.564307154201859,
        "iqr": 0.6854770481586456,
        "mad": 0.33746945997700095,
        "mad_sigma": 0.5003322213619016,
        "skewness": -0.4089265154294543,
        "kurtosis_excess": 0.15655652322664304,
        "delta_mean_median": -0.04554324824693463
      },
      "d": {
        "n": 124,
        "nan_frac": 0.0,
        "mean": 0.06658714143334017,
        "median": 0.0893767662346363,
        "std": 0.48110778719632913,
        "iqr": 0.6778365522623062,
        "mad": 0.33959364891052246,
        "mad_sigma": 0.5034815438747405,
        "skewness": -0.11204345066116035,
        "kurtosis_excess": -0.6604623355418502,
        "delta_mean_median": -0.022789624801296135
      },
      "e": {
        "n": 124,
        "nan_frac": 0.0,
        "mean": 0.06697663549529088,
        "median": 0.04500620998442173,
        "std": 0.4125337969425055,
        "iqr": 0.5450457483530045,
        "mad": 0.291194474324584,
        "mad_sigma": 0.43172492763362824,
        "skewness": -0.023872428541104423,
        "kurtosis_excess": -0.5581630882375626,
        "delta_mean_median": 0.021970425510869154
      }
    },
    "subcoords": {
      "m_a": {
        "n": 124,
        "nan_frac": 0.0,
        "mean": -0.12332937775664182,
        "median": -0.020880288677290082,
        "std": 0.7406415129744816,
        "iqr": 1.0367809012532234,
        "mad": 0.5157929807901382,
        "mad_sigma": 0.764714673319459,
        "skewness": -0.6175773088922583,
        "kurtosis_excess": -0.5228116504111666,
        "delta_mean_median": -0.10244908907935174
      },
      "m_e": {
        "n": 124,
        "nan_frac": 0.0,
        "mean": -0.06198286177512331,
        "median": -0.034573922865092754,
        "std": 0.4350978968243044,
        "iqr": 0.5143936797976494,
        "mad": 0.2940213233232498,
        "mad_sigma": 0.43591601395905016,
        "skewness": -0.09070424307415338,
        "kurtosis_excess": -0.05029514105403221,
        "delta_mean_median": -0.02740893891003056
      },
      "m_o": {
        "n": 124,
        "nan_frac": 0.0,
        "mean": 0.06796659291308794,
        "median": -0.007187825045548379,
        "std": 0.8398599782894768,
        "iqr": 1.1065573915839195,
        "mad": 0.5852183699607849,
        "mad_sigma": 0.8676447553038596,
        "skewness": 0.4393631694568678,
        "kurtosis_excess": 0.27787925653464285,
        "delta_mean_median": 0.07515441795863632
      },
      "d_n": {
        "n": 124,
        "nan_frac": 0.0,
        "mean": 0.14073019992980745,
        "median": 0.0634966567158699,
        "std": 0.7110922409867944,
        "iqr": 1.067137025296688,
        "mad": 0.5398677662014961,
        "mad_sigma": 0.8004079501703381,
        "skewness": 0.22415049006215415,
        "kurtosis_excess": -0.44047628886759993,
        "delta_mean_median": 0.07723354321393755
      },
      "d_l": {
        "n": 124,
        "nan_frac": 0.0,
        "mean": 0.010947840753942728,
        "median": 0.009339394979178905,
        "std": 0.7300438657936393,
        "iqr": 1.2411975860595703,
        "mad": 0.6161713004112244,
        "mad_sigma": 0.9135355699896812,
        "skewness": 0.11734412635511704,
        "kurtosis_excess": -1.1578050235766657,
        "delta_mean_median": 0.0016084457747638226
      },
      "d_s": {
        "n": 124,
        "nan_frac": 0.0,
        "mean": 0.0971324859006751,
        "median": 0.04620536416769028,
        "std": 0.6361127220708662,
        "iqr": 0.8258003443479538,
        "mad": 0.421673446893692,
        "mad_sigma": 0.6251730523645878,
        "skewness": 0.4055268557457847,
        "kurtosis_excess": -0.07667013990890137,
        "delta_mean_median": 0.05092712173298482
      },
      "e_e": {
        "n": 124,
        "nan_frac": 0.0,
        "mean": 0.0027506237102281903,
        "median": -2.268119715154171e-06,
        "std": 0.8510338916956165,
        "iqr": 1.3409145921468735,
        "mad": 0.6744906902313232,
        "mad_sigma": 0.9999998973369598,
        "skewness": 0.10850851449366655,
        "kurtosis_excess": -0.7782377468100816,
        "delta_mean_median": 0.0027528918299433444
      },
      "e_s": {
        "n": 124,
        "nan_frac": 0.0,
        "mean": 0.16860757320518455,
        "median": -0.009902236983180046,
        "std": 0.5685687102877423,
        "iqr": 0.7652789540588856,
        "mad": 0.3367912322282791,
        "mad_sigma": 0.4993266809016466,
        "skewness": 0.7926491178833414,
        "kurtosis_excess": -0.2506894931351997,
        "delta_mean_median": 0.1785098101883646
      },
      "e_m": {
        "n": 124,
        "nan_frac": 0.0,
        "mean": -0.2136588006678428,
        "median": -7.986091077327728e-08,
        "std": 0.9422119066208453,
        "iqr": 1.4769560173153877,
        "mad": 0.6744907998945564,
        "mad_sigma": 1.0000000599236694,
        "skewness": -0.37574181988804584,
        "kurtosis_excess": -1.1100794924576178,
        "delta_mean_median": -0.21365872080693202
      }
    }
  },
  "entropy_provisional": {},
  "tau_summary": {
    "axes": {
      "m": {
        "tau_sec": 8.0,
        "dt_sec": 4.0,
        "max_lag_sec": 60.0,
        "threshold": 0.36787944117144233,
        "nan_frac": 0.0,
        "nan_policy": "strict"
      },
      "d": {
        "tau_sec": 12.0,
        "dt_sec": 4.0,
        "max_lag_sec": 60.0,
        "threshold": 0.36787944117144233,
        "nan_frac": 0.0,
        "nan_policy": "strict"
      },
      "e": {
        "tau_sec": 32.0,
        "dt_sec": 4.0,
        "max_lag_sec": 60.0,
        "threshold": 0.36787944117144233,
        "nan_frac": 0.0,
        "nan_policy": "strict"
      }
    },
    "subcoords": {
      "m_a": {
        "tau_sec": 8.0,
        "dt_sec": 4.0,
        "max_lag_sec": 60.0,
        "threshold": 0.36787944117144233,
        "nan_frac": 0.0,
        "nan_policy": "strict"
      },
      "m_e": {
        "tau_sec": 8.0,
        "dt_sec": 4.0,
        "max_lag_sec": 60.0,
        "threshold": 0.36787944117144233,
        "nan_frac": 0.0,
        "nan_policy": "strict"
      },
      "m_o": {
        "tau_sec": 8.0,
        "dt_sec": 4.0,
        "max_lag_sec": 60.0,
        "threshold": 0.36787944117144233,
        "nan_frac": 0.0,
        "nan_policy": "strict"
      },
      "d_n": {
        "tau_sec": 8.0,
        "dt_sec": 4.0,
        "max_lag_sec": 60.0,
        "threshold": 0.36787944117144233,
        "nan_frac": 0.0,
        "nan_policy": "strict"
      },
      "d_l": {
        "tau_sec": 12.0,
        "dt_sec": 4.0,
        "max_lag_sec": 60.0,