{
  "dataset_id": "ds003478:sub-003:rest_Rest_run-01",
  "subject": "sub-003",
  "session": null,
  "coverage": {
    "epochs": 125,
    "seconds": 500.0
  },
  "artifacts": {
    "methods": [
      "none"
    ],
    "bad_eeg_channels": [],
    "n_bad_eeg_channels": 0,
    "stem_collisions": {}
  },
  "ensemble": {
    "var_by_subcoord": {
      "m_a": 0.0045715440064668655,
      "m_e": 0.0011789887212216854,
      "m_o": 0.0032831828575581312,
      "d_n": 0.00022845131752546877,
      "d_l": 0.002727649174630642,
      "d_s": 0.004763331264257431,
      "e_e": 0.0,
      "e_s": 0.009932806715369225,
      "e_m": 0.0
    },
    "var_mean": 0.002965106006336605,
    "var_max": 0.009932806715369225
  },
  "reliability": {
    "axes": {
      "m": 0.7289672846451739,
      "d": 0.8088402175076057,
      "e": 0.8666444386958435
    },
    "subcoords": {
      "m_a": 0.6311463001330851,
      "m_e": 0.7136866201939274,
      "m_o": 0.8018426435400078,
      "d_n": 0.5500947003088238,
      "d_l": 0.7736703960870503,
      "d_s": 0.7403595538730592,
      "e_e": 0.8630702387361309,
      "e_s": 0.6251673780462277,
      "e_m": null
    }
  },
  "dist_summary": {
    "axes": {
      "m": {
        "n": 125,
        "nan_frac": 0.0,
        "mean": -0.09157597076613457,
        "median": 0.020649541169404984,
        "std": 0.5238331757165522,
        "iqr": 0.8710750341415405,
        "mad": 0.36271561309695244,
        "mad_sigma": 0.5377621679775416,
        "skewness": -0.28069427543247777,
        "kurtosis_excess": -0.9016203246753101,
        "delta_mean_median": -0.11222551193553955
      },
      "d": {
        "n": 125,
        "nan_frac": 0.0,
        "mean": 0.13671624994464218,
        "median": 0.039710987359285355,
        "std": 0.5124651212178578,
        "iqr": 0.5372815579175949,
        "mad": 0.2333664335310459,
        "mad_sigma": 0.34598907435312865,
        "skewness": 1.0149785995087415,
        "kurtosis_excess": 2.7683087563991853,
        "delta_mean_median": 0.09700526258535683
      },
      "e": {
        "n": 125,
        "nan_frac": 0.0,
        "mean": -0.12696037166193128,
        "median": -0.10633006691932678,
        "std": 0.5722722021719698,
        "iqr": 0.9219668507575989,
        "mad": 0.4488805830478668,
        "mad_sigma": 0.6655103524267673,
        "skewness": 0.1388670664828446,
        "kurtosis_excess": -0.5740755967349847,
        "delta_mean_median": -0.020630304742604494
      }
    },
    "subcoords": {
      "m_a": {
        "n": 125,
        "nan_frac": 0.0,
        "mean": -0.05065062966570258,
        "median": -0.031480155885219574,
        "std": 0.6725915551151115,
        "iqr": 1.069446325302124,
        "mad": 0.5328228250145912,
        "mad_sigma": 0.7899631203666329,
        "skewness": -0.18898725829482083,
        "kurtosis_excess": -0.2491013358261962,
        "delta_mean_median": -0.019170473780483005
      },
      "m_e": {
        "n": 125,
        "nan_frac": 0.0,
        "mean": -0.08717007850855589,
        "median": 0.012865672819316387,
        "std": 0.325937395082232,
        "iqr": 0.5639814883470535,
        "mad": 0.2562864674255252,
        "mad_sigma": 0.3799703166050836,
        "skewness": -0.3340742615493814,
        "kurtosis_excess": -1.1448163453866624,
        "delta_mean_median": -0.10003575132787228
      },
      "m_o": {
        "n": 125,
        "nan_frac": 0.0,
        "mean": -0.15334698700532318,
        "median": 0.058188602328300476,
        "std": 0.8218797187524246,
        "iqr": 1.492787480354309,
        "mad": 0.5882240980863571,
        "mad_sigma": 0.872101047822833,
        "skewness": -0.2985077174361781,
        "kurtosis_excess": -1.0358087722355345,
        "delta_mean_median": -0.21153558933362365
      },
      "d_n": {
        "n": 125,
        "nan_frac": 0.0,
        "mean": 0.015154511600732803,
        "median": -0.03280482441186905,
        "std": 0.4056814466873441,
        "iqr": 0.4059373438358307,
        "mad": 0.20103377848863602,
        "mad_sigma": 0.29805267998725177,
        "skewness": 2.016681613035615,
        "kurtosis_excess": 8.963387329888272,
        "delta_mean_median": 0.047959336012601855
      },
      "d_l": {
        "n": 125,
        "nan_frac": 0.0,
        "mean": 0.20408569633960724,
        "median": 0.1943340003490448,
        "std": 0.7209865634158035,
        "iqr": 0.8128446936607361,
        "mad": 0.402750164270401,
        "mad_sigma": 0.5971173935472965,
        "skewness": 0.47885404728407094,
        "kurtosis_excess": 1.2037778877950505,
        "delta_mean_median": 0.009751695990562442
      },
      "d_s": {
        "n": 125,
        "nan_frac": 0.0,
        "mean": 0.15649455910921098,
        "median": -0.016214609146118164,
        "std": 0.8314915590218678,
        "iqr": 1.2776132822036743,
        "mad": 0.5508983135223389,
        "mad_sigma": 0.8167618396282196,
        "skewness": 0.5411676552792148,
        "kurtosis_excess": -0.570592419403305,
        "delta_mean_median": 0.17270916825532914
      },
      "e_e": {
        "n": 125,
        "nan_frac": 0.0,
        "mean": -0.34554880410432814,
        "median": 0.0,
        "std": 1.1186842223914608,
        "iqr": 1.891178011894226,
        "mad": 0.6744906902313232,
        "mad_sigma": 0.9999998973369598,
        "skewness": -0.532184920440463,
        "kurtosis_excess": -0.6905509193579058,
        "delta_mean_median": -0.34554880410432814
      },
      "e_s": {
        "n": 125,
        "nan_frac": 0.0,
        "mean": 0.16657406315207482,
        "median": 0.25211310386657715,
        "std": 0.7551690438768499,
        "iqr": 1.068472146987915,
        "mad": 0.5658571124076843,
        "mad_sigma": 0.8389397548556328,
        "skewness": 0.531775184207319,
        "kurtosis_excess": 0.8417870100631992,
        "delta_mean_median": -0.08553904071450233
      },
      "e_m": {
        "n": 125,
        "nan_frac": 0.0,
        "mean": 0.0,
        "median": 0.0,
        "std": 0.0,
        "iqr": 0.0,
        "mad": 0.0,
        "mad_sigma": 0.0,
        "skewness": null,
        "kurtosis_excess": null,
        "delta_mean_median": 0.0
      }
    }
  },
  "entropy_provisional": {
    "e_m": {
      "var": 0.0,
      "n_unique": 1,
      "nan_frac": 0.0,
      "provisional": true
    }
  },
  "tau_summary": {
    "axes": {
      "m": {
        "tau_sec": 12.0,
        "dt_sec": 4.0,
        "max_lag_sec": 60.0,
        "threshold": 0.36787944117144233,
        "nan_frac": 0.0,
        "nan_policy": "strict"
      },
      "d": {
        "tau_sec": 12.0,
        "dt_sec": 4.0,
        "max_lag_sec": 60.0,
        "threshold": 0.36787944117144233,
        "nan_frac": 0.0,
        "nan_policy": "strict"
      },
      "e": {
        "tau_sec": 28.0,
        "dt_sec": 4.0,
        "max_lag_sec": 60.0,
        "threshold": 0.36787944117144233,
        "nan_frac": 0.0,
        "nan_policy": "strict"
      }
    },
    "subcoords": {
      "m_a": {
        "tau_sec": 8.0,
        "dt_sec": 4.0,
        "max_lag_sec": 60.0,
        "threshold": 0.36787944117144233,
        "nan_frac": 0.0,
        "nan_policy": "strict"
      },
      "m_e": {
        "tau_sec": 12.0,
        "dt_sec": 4.0,
        "max_lag_sec": 60.0,
        "threshold": 0.36787944117144233,
        "nan_frac": 0.0,
        "nan_policy": "strict"
      },
      "m_o": {
        "tau_sec": 16.0,
        "dt_sec": 4.0,
        "max_lag_sec": 60.0,
        "threshold": 0.36787944117144233,
        "nan_frac": 0.0,
        "nan_policy": "strict"
      },
      "d_n": {
        "tau_sec": 8.0,
        "dt_sec": 4.0,
        "max_lag_sec": 60.0,
        "threshold": 0.36787944117144233,
        "nan_frac": 0.0,
        "nan_policy": "strict"
      },
      "d_l": {
        "tau_sec": 12.0,
        "dt_sec": 4.0,
        "max_lag_sec": 60.0,
        "threshold": 0.36787944117144233,
        "nan_frac": 0.0,
        "nan_policy": "strict"
      },