{
  "dataset_id": "ds003478:sub-096:rest_Rest_run-01",
  "subject": "sub-096",
  "session": null,
  "reliability_axes": {
    "m": 0.7696050264891454,
    "d": 0.7431316824457773,
    "e": 0.804102892992977
  },
  "reliability_subcoords": {
    "m_a": 0.7045636599003806,
    "m_e": 0.8030916063718406,
    "m_o": 0.8120669936493148,
    "d_n": 0.26144493940545066,
    "d_l": 0.7557452731187813,
    "d_s": 0.8237397409034787,
    "e_e": 0.8198621272294542,
    "e_s": 0.7783999267381011,
    "e_m": 0.46098627355768523
  }
}