{
  "dataset_id": "ds003478:sub-096:rest_Rest_run-01",
  "subject": "sub-096",
  "session": null,
  "coverage": {
    "epochs": 121,
    "seconds": 484.0
  },
  "artifacts": {
    "methods": [
      "none"
    ],
    "bad_eeg_channels": [],
    "n_bad_eeg_channels": 0,
    "stem_collisions": {}
  },
  "ensemble": {
    "var_by_subcoord": {
      "m_a": 0.008562562987208366,
      "m_e": 0.0010389134986326098,
      "m_o": 0.0010557685745880008,
      "d_n": 0.0014120775740593672,
      "d_l": 0.0013991345185786486,
      "d_s": 0.006085875444114208,
      "e_e": 0.0,
      "e_s": 0.007789331022650003,
      "e_m": 0.0
    },
    "var_mean": 0.0030381848466479117,
    "var_max": 0.008562562987208366
  },
  "reliability": {
    "axes": {
      "m": 0.7696050264891454,
      "d": 0.7431316824457773,
      "e": 0.804102892992977
    },
    "subcoords": {
      "m_a": 0.7045636599003806,
      "m_e": 0.8030916063718406,
      "m_o": 0.8120669936493148,
      "d_n": 0.26144493940545066,
      "d_l": 0.7557452731187813,
      "d_s": 0.8237397409034787,
      "e_e": 0.8198621272294542,
      "e_s": 0.7783999267381011,
      "e_m": 0.46098627355768523
    }
  },
  "dist_summary": {
    "axes": {
      "m": {
        "n": 121,
        "nan_frac": 0.0,
        "mean": -0.014188277970014278,
        "median": -0.07911691069602966,
        "std": 0.5108419431586466,
        "iqr": 0.6198567748069763,
        "mad": 0.2988360822200775,
        "mad_sigma": 0.4430543754994869,
        "skewness": 0.9813015735811949,
        "kurtosis_excess": 1.5467349753569888,
        "delta_mean_median": 0.06492863272601539
      },
      "d": {
        "n": 121,
        "nan_frac": 0.0,
        "mean": 0.10989977647204044,
        "median": 0.14667823910713196,
        "std": 0.6574124063387032,
        "iqr": 1.0136440694332123,
        "mad": 0.5027587413787842,
        "mad_sigma": 0.7453901099681853,
        "skewness": 0.24246225793096038,
        "kurtosis_excess": -0.41243341038505665,
        "delta_mean_median": -0.03677846263509152
      },
      "e": {
        "n": 121,
        "nan_frac": 0.0,
        "mean": 0.10894051737975606,
        "median": 0.17308300733566284,
        "std": 0.5378238014773609,
        "iqr": 0.71549853682518,
        "mad": 0.40649978816509247,
        "mad_sigma": 0.6026765859335661,
        "skewness": 0.06013164143169206,
        "kurtosis_excess": -0.5540815097532827,
        "delta_mean_median": -0.06414248995590678
      }
    },
    "subcoords": {
      "m_a": {
        "n": 121,
        "nan_frac": 0.0,
        "mean": -0.04041280263211301,
        "median": 0.04705307260155678,
        "std": 0.9402394616111374,
        "iqr": 1.1192528009414673,
        "mad": 0.5420409701764584,
        "mad_sigma": 0.8036299423836171,
        "skewness": 0.19397026219994556,
        "kurtosis_excess": 1.5877577430141887,
        "delta_mean_median": -0.08746587523366979
      },
      "m_e": {
        "n": 121,
        "nan_frac": 0.0,
        "mean": -0.03412203864610084,
        "median": -0.005790194030851126,
        "std": 0.3118751962341633,
        "iqr": 0.43465854227542877,
        "mad": 0.2127989181317389,
        "mad_sigma": 0.3154956760221161,
        "skewness": -0.2810617543989401,
        "kurtosis_excess": -0.4109408132667216,
        "delta_mean_median": -0.028331844615249714
      },
      "m_o": {
        "n": 121,
        "nan_frac": 0.0,
        "mean": 0.04630679140167603,
        "median": 0.0038243511226028204,
        "std": 0.8645724315694863,
        "iqr": 1.3405491709709167,
        "mad": 0.6591935136821121,
        "mad_sigma": 0.9773203033850993,
        "skewness": 0.15698244655289487,
        "kurtosis_excess": -0.7821507469021016,
        "delta_mean_median": 0.04248244027907321
      },
      "d_n": {
        "n": 121,
        "nan_frac": 0.0,
        "mean": 0.14103603772511167,
        "median": 0.0496162585914135,
        "std": 0.5428574351731802,
        "iqr": 0.5950362682342529,
        "mad": 0.2754739113152027,
        "mad_sigma": 0.40841762091591954,
        "skewness": 1.7194161584029497,
        "kurtosis_excess": 5.263483546383965,
        "delta_mean_median": 0.09141977913369817
      },
      "d_l": {
        "n": 121,
        "nan_frac": 0.0,
        "mean": 0.0554486379519967,
        "median": -0.05151551961898804,
        "std": 1.0004129336105063,
        "iqr": 1.4455270171165466,
        "mad": 0.7425716519355774,
        "mad_sigma": 1.100936731159687,
        "skewness": 0.45124406500608494,
        "kurtosis_excess": -0.046406772375330974,
        "delta_mean_median": 0.10696415757098474
      },
      "d_s": {
        "n": 121,
        "nan_frac": 0.0,
        "mean": 0.21376335817920275,
        "median": 0.250866562128067,
        "std": 0.8654490191140745,
        "iqr": 1.3461206555366516,
        "mad": 0.7263040244579315,
        "mad_sigma": 1.0768183466613293,
        "skewness": 0.5665778639693694,
        "kurtosis_excess": -0.031808666249153905,
        "delta_mean_median": -0.037103203948864266
      },
      "e_e": {
        "n": 121,
        "nan_frac": 0.0,
        "mean": -0.10217077614477843,
        "median": 0.0,
        "std": 0.8838110798164261,
        "iqr": 1.3318950533866882,
        "mad": 0.674490749835968,
        "mad_sigma": 0.9999999857068061,
        "skewness": -0.23250577991550667,
        "kurtosis_excess": -0.73306338966281,
        "delta_mean_median": -0.10217077614477843
      },
      "e_s": {
        "n": 121,
        "nan_frac": 0.0,
        "mean": 0.3983360393480821,
        "median": 0.28151533007621765,
        "std": 0.5795769294311666,
        "iqr": 0.6645879745483398,
        "mad": 0.29017916321754456,
        "mad_sigma": 0.4302196273863315,
        "skewness": 1.0064523125380291,
        "kurtosis_excess": 1.251318710464254,
        "delta_mean_median": 0.11682070927186444
      },
      "e_m": {
        "n": 121,
        "nan_frac": 0.0,
        "mean": 0.10958681580387364,
        "median": 0.0,
        "std": 1.1674969951598557,
        "iqr": 1.2823454141616821,
        "mad": 0.6744905710220337,
        "mad_sigma": 0.999999720597267,
        "skewness": 2.0594330604604525,
        "kurtosis_excess": 7.452755354006753,
        "delta_mean_median": 0.10958681580387364
      }
    }
  },
  "entropy_provisional": {},
  "tau_summary": {
    "axes": {
      "m": {
        "tau_sec": 16.0,
        "dt_sec": 4.0,
        "max_lag_sec": 60.0,
        "threshold": 0.36787944117144233,
        "nan_frac": 0.0,
        "nan_policy": "strict"
      },
      "d": {
        "tau_sec": 20.0,
        "dt_sec": 4.0,
        "max_lag_sec": 60.0,
        "threshold": 0.36787944117144233,
        "nan_frac": 0.0,
        "nan_policy": "strict"
      },
      "e": {
        "tau_sec": 24.0,
        "dt_sec": 4.0,
        "max_lag_sec": 60.0,
        "threshold": 0.36787944117144233,
        "nan_frac": 0.0,
        "nan_policy": "strict"
      }
    },
    "subcoords": {
      "m_a": {
        "tau_sec": 20.0,
        "dt_sec": 4.0,
        "max_lag_sec": 60.0,
        "threshold": 0.36787944117144233,
        "nan_frac": 0.0,
        "nan_policy": "strict"
      },
      "m_e": {
        "tau_sec": 20.0,
        "dt_sec": 4.0,
        "max_lag_sec": 60.0,
        "threshold": 0.36787944117144233,
        "nan_frac": 0.0,
        "nan_policy": "strict"
      },
      "m_o": {
        "tau_sec": 16.0,
        "dt_sec": 4.0,
        "max_lag_sec": 60.0,
        "threshold": 0.36787944117144233,
        "nan_frac": 0.0,
        "nan_policy": "strict"
      },
      "d_n": {
        "tau_sec": 8.0,
        "dt_sec": 4.0,
        "max_lag_sec": 60.0,
        "threshold": 0.36787944117144233,
        "nan_frac": 0.0,
        "nan_policy": "strict"
      },
      "d_l": {
        "tau_sec": 20.0,
        "dt_sec": 4.0,
        "max_lag_sec": 60.0,
        "threshold": 0.36787944117144233,
        "nan_frac": 0.0,