{
  "dataset_id": "ds003478:sub-119:rest_Rest_run-02",
  "subject": "sub-119",
  "session": null,
  "reliability_axes": {
    "m": 0.6395486274456907,
    "d": 0.9075029004074694,
    "e": 0.6712314245739922
  },
  "reliability_subcoords": {
    "m_a": 0.7941738425483572,
    "m_e": 0.5233308433925524,
    "m_o": 0.8021589934773057,
    "d_n": 0.7536186373480367,
    "d_l": 0.86652392368894,
    "d_s": 0.9058906133001104,
    "e_e": 0.6728225294057744,
    "e_s": 0.8221421274377508,
    "e_m": 0.8385736837558512
  }
}