{
  "dataset_id": "ds003478:sub-119:rest_Rest_run-02",
  "subject": "sub-119",
  "session": null,
  "coverage": {
    "epochs": 38,
    "seconds": 152.0
  },
  "artifacts": {
    "methods": [
      "none"
    ],
    "bad_eeg_channels": [],
    "n_bad_eeg_channels": 0,
    "stem_collisions": {}
  },
  "ensemble": {
    "var_by_subcoord": {
      "m_a": 0.008163710124790668,
      "m_e": 0.0009948760271072388,
      "m_o": 0.0033271145075559616,
      "d_n": 0.004682362079620361,
      "d_l": 0.035977043211460114,
      "d_s": 0.16205652058124542,
      "e_e": 1.4069886748735438e-13,
      "e_s": 0.007114086765795946,
      "e_m": 0.0
    },
    "var_mean": 0.02470174592196849,
    "var_max": 0.16205652058124542
  },
  "reliability": {
    "axes": {
      "m": 0.6395486274456907,
      "d": 0.9075029004074694,
      "e": 0.6712314245739922
    },
    "subcoords": {
      "m_a": 0.7941738425483572,
      "m_e": 0.5233308433925524,
      "m_o": 0.8021589934773057,
      "d_n": 0.7536186373480367,
      "d_l": 0.86652392368894,
      "d_s": 0.9058906133001104,
      "e_e": 0.6728225294057744,
      "e_s": 0.8221421274377508,
      "e_m": 0.8385736837558512
    }
  },
  "dist_summary": {
    "axes": {
      "m": {
        "n": 38,
        "nan_frac": 0.0,
        "mean": -0.025527152722995532,
        "median": -0.056810908019542694,
        "std": 0.3141515317147984,
        "iqr": 0.38958773389458656,
        "mad": 0.21587339788675308,
        "mad_sigma": 0.3200538997069001,
        "skewness": -0.22096920965551767,
        "kurtosis_excess": 0.2127783137572723,
        "delta_mean_median": 0.03128375529654716
      },
      "d": {
        "n": 38,
        "nan_frac": 0.0,
        "mean": 0.629443516672932,
        "median": 0.30872923135757446,
        "std": 1.0667817234596197,
        "iqr": 2.0073975548148155,
        "mad": 0.8883850872516632,
        "mad_sigma": 1.3171197303593158,
        "skewness": 0.35263522334487857,
        "kurtosis_excess": -1.4249936279195183,
        "delta_mean_median": 0.3207142853153575
      },
      "e": {
        "n": 38,
        "nan_frac": 0.0,
        "mean": 0.051374892826731265,
        "median": 0.05584727041423321,
        "std": 0.3421011782277883,
        "iqr": 0.5385765619575977,
        "mad": 0.2520111072808504,
        "mad_sigma": 0.3736316676545888,
        "skewness": 0.10048519339303474,
        "kurtosis_excess": -0.7858053700696348,
        "delta_mean_median": -0.0044723775875019425
      }
    },
    "subcoords": {
      "m_a": {
        "n": 38,
        "nan_frac": 0.0,
        "mean": 0.061609018594026566,
        "median": 0.3246958404779434,
        "std": 0.9799081422385986,
        "iqr": 1.5538478046655655,
        "mad": 0.7122117727994919,
        "mad_sigma": 1.0559251743525266,
        "skewness": -0.6165355580784745,
        "kurtosis_excess": -0.233637992411853,
        "delta_mean_median": -0.26308682188391685
      },
      "m_e": {
        "n": 38,
        "nan_frac": 0.0,
        "mean": -0.10398475715498391,
        "median": -0.10712047666311264,
        "std": 0.19939217376112806,
        "iqr": 0.3138613924384117,
        "mad": 0.15852773189544678,
        "mad_sigma": 0.23503321530818938,
        "skewness": -0.04896665517185204,
        "kurtosis_excess": -0.9131630230614043,
        "delta_mean_median": 0.0031357195081287287
      },
      "m_o": {
        "n": 38,
        "nan_frac": 0.0,
        "mean": -0.04968881077672306,
        "median": 0.14358093589544296,
        "std": 0.743281866615812,
        "iqr": 1.1516762524843216,
        "mad": 0.5520219877362251,
        "mad_sigma": 0.8184277990177273,
        "skewness": 0.009794093885136123,
        "kurtosis_excess": -0.9029015116103443,
        "delta_mean_median": -0.193269746672166
      },
      "d_n": {
        "n": 38,
        "nan_frac": 0.0,
        "mean": -0.06726907389728647,
        "median": -0.2446373850107193,
        "std": 0.5193679297955842,
        "iqr": 0.4660678803920746,
        "mad": 0.18697912991046906,
        "mad_sigma": 0.2772152580052614,
        "skewness": 2.0864699445720736,
        "kurtosis_excess": 4.5599938464653285,
        "delta_mean_median": 0.17736831111343282
      },
      "d_l": {
        "n": 38,
        "nan_frac": 0.0,
        "mean": 1.0531799817261727,
        "median": 0.04933894891291857,
        "std": 1.7089198285951495,
        "iqr": 3.263962112367153,
        "mad": 0.6938416184857488,
        "mad_sigma": 1.0286895835669712,
        "skewness": 0.4769656205308911,
        "kurtosis_excess": -1.453254764912822,
        "delta_mean_median": 1.003841032813254
      },
      "d_s": {
        "n": 38,
        "nan_frac": 0.0,
        "mean": 0.6326306642670381,
        "median": 0.614629715681076,
        "std": 1.352406942413351,
        "iqr": 2.507322534918785,
        "mad": 1.2794376611709595,
        "mad_sigma": 1.8968942764520644,
        "skewness": 0.23304290516666382,
        "kurtosis_excess": -1.4205978536204837,
        "delta_mean_median": 0.018000948585962018
      },
      "e_e": {
        "n": 38,
        "nan_frac": 0.0,
        "mean": -0.06335230779490973,
        "median": 0.0,
        "std": 0.7710407905911124,
        "iqr": 1.2920170426368713,
        "mad": 0.674490749835968,
        "mad_sigma": 0.9999999857068061,
        "skewness": -0.2950581002435305,
        "kurtosis_excess": -1.0568286693530065,
        "delta_mean_median": -0.06335230779490973
      },
      "e_s": {
        "n": 38,
        "nan_frac": 0.0,
        "mean": 0.21415406347889648,
        "median": 0.22136712819337845,
        "std": 0.44759433592536263,
        "iqr": 0.6543729156255722,
        "mad": 0.3402339294552803,
        "mad_sigma": 0.5044308238103985,
        "skewness": 0.2115758949754706,
        "kurtosis_excess": -0.8317619076265839,
        "delta_mean_median": -0.007213064714481965
      },
      "e_m": {
        "n": 38,
        "nan_frac": 0.0,
        "mean": -0.06212414565839266,
        "median": 0.0,
        "std": 0.6420040642827879,
        "iqr": 1.011736124753952,
        "mad": 0.674490749835968,
        "mad_sigma": 0.9999999857068061,
        "skewness": 0.9282306405863279,
        "kurtosis_excess": 0.20247997798489692,
        "delta_mean_median": -0.06212414565839266
      }
    }
  },
  "entropy_provisional": {},
  "tau_summary": {
    "axes": {
      "m": {
        "tau_sec": 8.0,
        "dt_sec": 4.0,
        "max_lag_sec": 60.0,
        "threshold": 0.36787944117144233,
        "nan_frac": 0.0,
        "nan_policy": "strict"
      },
      "d": {
        "tau_sec": 28.0,
        "dt_sec": 4.0,
        "max_lag_sec": 60.0,
        "threshold": 0.36787944117144233,
        "nan_frac": 0.0,
        "nan_policy": "strict"
      },
      "e": {
        "tau_sec": 12.0,
        "dt_sec": 4.0,
        "max_lag_sec": 60.0,
        "threshold": 0.36787944117144233,
        "nan_frac": 0.0,
        "nan_policy": "strict"
      }
    },
    "subcoords": {
      "m_a": {
        "tau_sec": 8.0,
        "dt_sec": 4.0,
        "max_lag_sec": 60.0,
        "threshold": 0.36787944117144233,
        "nan_frac": 0.0,
        "nan_policy": "strict"
      },
      "m_e": {
        "tau_sec": 8.0,
        "dt_sec": 4.0,
        "max_lag_sec": 60.0,
        "threshold": 0.36787944117144233,
        "nan_frac": 0.0,
        "nan_policy": "strict"
      },
      "m_o": {
        "tau_sec": 24.0,
        "dt_sec": 4.0,
        "max_lag_sec": 60.0,
        "threshold": 0.36787944117144233,
        "nan_frac": 0.0,
        "nan_policy": "strict"
      },
      "d_n": {
        "tau_sec": 8.0,
        "dt_sec": 4.0,
        "max_lag_sec": 60.0,
        "threshold": 0.36787944117144233,
        "nan_frac": 0.0,
        "nan_policy": "strict"
      },
      "d_l": {
        "tau_sec": 24.0,
        "dt_sec": 4.0,
        "max_lag_sec": 60.0,
        "threshold": 0.36787944117144233,
        "nan_frac": 0.0,
        "nan_policy": "strict"
      },