{
  "dataset_id": "ds003478:sub-033:rest_Rest_run-01",
  "subject": "sub-033",
  "session": null,
  "reliability_axes": {
    "m": 0.5708586521592377,
    "d": 0.4835487540973068,
    "e": 0.4120836877483309
  },
  "reliability_subcoords": {
    "m_a": 0.6737791223307158,
    "m_e": 0.3938953615501289,
    "m_o": 0.4715242501058843,
    "d_n": 0.349522476863866,
    "d_l": 0.566479137364686,
    "d_s": 0.595829200727942,
    "e_e": 0.6458962502071759,
    "e_s": 0.4782877248767426,
    "e_m": null
  }
}