{
  "dataset_id": "ds003478:sub-050:rest_Rest_run-02",
  "subject": "sub-050",
  "session": null,
  "reliability_axes": {
    "m": 0.6610401368689013,
    "d": 0.6695197022471953,
    "e": 0.6531468189706808
  },
  "reliability_subcoords": {
    "m_a": 0.6525827058158827,
    "m_e": 0.7313455352494262,
    "m_o": 0.8696890119608129,
    "d_n": 0.7734995982094838,
    "d_l": 0.8360079927938134,
    "d_s": 0.8314280141668549,
    "e_e": 0.8453086754275069,
    "e_s": 0.844400341031946,
    "e_m": null
  }
}