{
  "dataset_id": "ds003478:sub-082:rest_Rest_run-02",
  "subject": "sub-082",
  "session": null,
  "reliability_axes": {
    "m": 0.7148225036823428,
    "d": 0.9599607712732848,
    "e": 0.6965083199611469
  },
  "reliability_subcoords": {
    "m_a": 0.9460000745906069,
    "m_e": 0.5279618038508653,
    "m_o": 0.7156765653125129,
    "d_n": 0.9732178475908496,
    "d_l": 0.9526608772579654,
    "d_s": 0.9535567678421117,
    "e_e": 0.7953227977282153,
    "e_s": 0.8882918030294678,
    "e_m": 0.8738464919597356
  }
}