{
  "dataset_id": "ds003478:sub-082:rest_Rest_run-02",
  "subject": "sub-082",
  "session": null,
  "coverage": {
    "epochs": 52,
    "seconds": 208.0
  },
  "artifacts": {
    "methods": [
      "none"
    ],
    "bad_eeg_channels": [],
    "n_bad_eeg_channels": 0,
    "stem_collisions": {}
  },
  "ensemble": {
    "var_by_subcoord": {
      "m_a": 0.006196883507072926,
      "m_e": 0.000390760280424729,
      "m_o": 0.0031326832249760628,
      "d_n": 0.00669343676418066,
      "d_l": 0.024454932659864426,
      "d_s": 0.7007323503494263,
      "e_e": 4.3103874961501754e-13,
      "e_s": 0.06688232719898224,
      "e_m": 0.0
    },
    "var_mean": 0.08983148599837315,
    "var_max": 0.7007323503494263
  },
  "reliability": {
    "axes": {
      "m": 0.7148225036823428,
      "d": 0.9599607712732848,
      "e": 0.6965083199611469
    },
    "subcoords": {
      "m_a": 0.9460000745906069,
      "m_e": 0.5279618038508653,
      "m_o": 0.7156765653125129,
      "d_n": 0.9732178475908496,
      "d_l": 0.9526608772579654,
      "d_s": 0.9535567678421117,
      "e_e": 0.7953227977282153,
      "e_s": 0.8882918030294678,
      "e_m": 0.8738464919597356
    }
  },
  "dist_summary": {
    "axes": {
      "m": {
        "n": 52,
        "nan_frac": 0.0,
        "mean": 0.20474172433694968,
        "median": 0.1860475093126297,
        "std": 0.3772464298256756,
        "iqr": 0.589856032282114,
        "mad": 0.3068903610110283,
        "mad_sigma": 0.4549956492349505,
        "skewness": 0.15723670636633516,
        "kurtosis_excess": -0.6199689554173942,
        "delta_mean_median": 0.018694215024319977
      },
      "d": {
        "n": 52,
        "nan_frac": 0.0,
        "mean": 0.8436630314144378,
        "median": 1.1076991558074951,
        "std": 1.1766869219326321,
        "iqr": 2.4868484437465668,
        "mad": 1.0796956261619925,
        "mad_sigma": 1.60075673534777,
        "skewness": -0.057610285733647126,
        "kurtosis_excess": -1.542795117470114,
        "delta_mean_median": -0.26403612439305735
      },
      "e": {
        "n": 52,
        "nan_frac": 0.0,
        "mean": 0.4233995524700731,
        "median": 0.31814219057559967,
        "std": 0.4190208706654847,
        "iqr": 0.6301896255463362,
        "mad": 0.31722119357436895,
        "mad_sigma": 0.4703121415933594,
        "skewness": 0.3968664125582044,
        "kurtosis_excess": -0.7988122982954482,
        "delta_mean_median": 0.10525736189447343
      }
    },
    "subcoords": {
      "m_a": {
        "n": 52,
        "nan_frac": 0.0,
        "mean": 0.13158066637026003,
        "median": -0.010839145164936781,
        "std": 0.7893217785507237,
        "iqr": 1.4183972105383873,
        "mad": 0.5848042368888855,
        "mad_sigma": 0.8670307616114616,
        "skewness": 0.2435812842393577,
        "kurtosis_excess": -1.2022519225120964,
        "delta_mean_median": 0.1424198115351968
      },
      "m_e": {
        "n": 52,
        "nan_frac": 0.0,
        "mean": 0.16980297946541284,
        "median": 0.1706521213054657,
        "std": 0.2889812204806619,
        "iqr": 0.400051915057702,
        "mad": 0.20892316661775112,
        "mad_sigma": 0.30974948682747777,
        "skewness": 0.023465640371274847,
        "kurtosis_excess": -0.7715191806269193,
        "delta_mean_median": -0.0008491418400528583
      },
      "m_o": {
        "n": 52,
        "nan_frac": 0.0,
        "mean": 0.3482443415738929,
        "median": 0.2205309048295021,
        "std": 0.7077610970234689,
        "iqr": 0.7062048502266407,
        "mad": 0.3545081317424774,
        "mad_sigma": 0.525593756121397,
        "skewness": 1.2371839412822883,
        "kurtosis_excess": 1.5138642435071592,
        "delta_mean_median": 0.12771343674439078
      },
      "d_n": {
        "n": 52,
        "nan_frac": 0.0,
        "mean": 0.9198241901333228,
        "median": 0.024931305553764105,
        "std": 1.907727201434452,
        "iqr": 2.2333668619394302,
        "mad": 0.6677643894217908,
        "mad_sigma": 0.9900274837567471,
        "skewness": 1.0761271754160715,
        "kurtosis_excess": -0.37003429205354,
        "delta_mean_median": 0.8948928845795587
      },
      "d_l": {
        "n": 52,
        "nan_frac": 0.0,
        "mean": 0.6512624523960627,
        "median": 0.2949147894978523,
        "std": 1.358487786193015,
        "iqr": 2.105319231748581,
        "mad": 0.9334631338715553,
        "mad_sigma": 1.3839524422779679,
        "skewness": 0.7306037548878501,
        "kurtosis_excess": -0.7362322879070455,
        "delta_mean_median": 0.3563476628982104
      },
      "d_s": {
        "n": 52,
        "nan_frac": 0.0,
        "mean": 1.2711197572688644,
        "median": 1.3042293787002563,
        "std": 1.5060767582110368,
        "iqr": 3.1790881305933,
        "mad": 1.5686354637145996,
        "mad_sigma": 2.325658938503265,
        "skewness": -0.10311911329200567,
        "kurtosis_excess": -1.521336015630392,
        "delta_mean_median": -0.033109621431391956
      },
      "e_e": {
        "n": 52,
        "nan_frac": 0.0,
        "mean": 0.22026493420036367,
        "median": 1.6684643924236298e-06,
        "std": 0.9150925071424345,
        "iqr": 1.3302961513400078,
        "mad": 0.674492388498038,
        "mad_sigma": 1.0000024151871911,
        "skewness": 0.46998973001713334,
        "kurtosis_excess": -0.8991567857764111,
        "delta_mean_median": 0.22026326573597124
      },
      "e_s": {
        "n": 52,
        "nan_frac": 0.0,
        "mean": 0.7300737677858427,
        "median": 0.8284454941749573,
        "std": 0.4255784299720646,
        "iqr": 0.8247287347912788,
        "mad": 0.3688737154006958,
        "mad_sigma": 0.5468921704530716,
        "skewness": -0.14251222047510315,
        "kurtosis_excess": -1.446289878940353,
        "delta_mean_median": -0.09837172638911462
      },
      "e_m": {
        "n": 52,
        "nan_frac": 0.0,
        "mean": -0.1590527301081098,
        "median": 0.0,
        "std": 0.8138239637020651,
        "iqr": 1.3657641783356667,
        "mad": 0.674490749835968,
        "mad_sigma": 0.9999999857068061,
        "skewness": -0.04840124505054455,
        "kurtosis_excess": -1.1163640120278147,
        "delta_mean_median": -0.1590527301081098
      }
    }
  },
  "entropy_provisional": {},
  "tau_summary": {
    "axes": {
      "m": {
        "tau_sec": 16.0,
        "dt_sec": 4.0,
        "max_lag_sec": 60.0,
        "threshold": 0.36787944117144233,
        "nan_frac": 0.0,
        "nan_policy": "strict"
      },
      "d": {
        "tau_sec": 28.0,
        "dt_sec": 4.0,
        "max_lag_sec": 60.0,
        "threshold": 0.36787944117144233,
        "nan_frac": 0.0,
        "nan_policy": "strict"
      },
      "e": {
        "tau_sec": 16.0,
        "dt_sec": 4.0,
        "max_lag_sec": 60.0,
        "threshold": 0.36787944117144233,
        "nan_frac": 0.0,
        "nan_policy": "strict"
      }
    },
    "subcoords": {
      "m_a": {
        "tau_sec": 40.0,
        "dt_sec": 4.0,
        "max_lag_sec": 60.0,
        "threshold": 0.36787944117144233,
        "nan_frac": 0.0,
        "nan_policy": "strict"
      },
      "m_e": {
        "tau_sec": 8.0,
        "dt_sec": 4.0,
        "max_lag_sec": 60.0,
        "threshold": 0.36787944117144233,
        "nan_frac": 0.0,
        "nan_policy": "strict"
      },
      "m_o": {
        "tau_sec": 16.0,
        "dt_sec": 4.0,
        "max_lag_sec": 60.0,
        "threshold": 0.36787944117144233,
        "nan_frac": 0.0,
        "nan_policy": "strict"
      },
      "d_n": {
        "tau_sec": 32.0,
        "dt_sec": 4.0,
        "max_lag_sec": 60.0,
        "threshold": 0.36787944117144233,
        "nan_frac": 0.0,
        "nan_policy": "strict"
      },
      "d_l": {
        "tau_sec": 32.0,
        "dt_sec": 4.0,
        "max_lag_sec": 60.0,
        "threshold": 0.36787944117144233,
        "nan_frac": 0.0,
        "nan_policy": "strict"
      },