{
  "dataset_id": "ds003478:sub-025:rest_Rest_run-02",
  "subject": "sub-025",
  "session": null,
  "reliability_axes": {
    "m": 0.6189703121679289,
    "d": 0.7257176822586585,
    "e": 0.6014523812455553
  },
  "reliability_subcoords": {
    "m_a": 0.640273680250516,
    "m_e": 0.5352022710243525,
    "m_o": 0.51201933081972,
    "d_n": 0.799411071406698,
    "d_l": 0.6309403068044073,
    "d_s": 0.7252723116914483,
    "e_e": 0.5671380488087577,
    "e_s": 0.8213151371366665,
    "e_m": null
  }
}