{
  "dataset_id": "ds003478:sub-043:rest_Rest_run-01",
  "subject": "sub-043",
  "session": null,
  "reliability_axes": {
    "m": 0.7859663881708843,
    "d": 0.753136990910793,
    "e": 0.5844573996871089
  },
  "reliability_subcoords": {
    "m_a": 0.6781021439183244,
    "m_e": 0.7775255562753407,
    "m_o": 0.7498407659266895,
    "d_n": 0.23898928921519502,
    "d_l": 0.7271716928966334,
    "d_s": 0.8692829352475455,
    "e_e": 0.791107843995902,
    "e_s": 0.5268341907835586,
    "e_m": null
  }
}