{
  "dataset_id": "ds003478:sub-043:rest_Rest_run-01",
  "subject": "sub-043",
  "session": null,
  "coverage": {
    "epochs": 121,
    "seconds": 484.0
  },
  "artifacts": {
    "methods": [
      "none"
    ],
    "bad_eeg_channels": [],
    "n_bad_eeg_channels": 0,
    "stem_collisions": {}
  },
  "ensemble": {
    "var_by_subcoord": {
      "m_a": 0.003019840456545353,
      "m_e": 0.004189498722553253,
      "m_o": 0.005488102789968252,
      "d_n": 0.00044912987505085766,
      "d_l": 0.009650558233261108,
      "d_s": 0.014493202790617943,
      "e_e": 0.0,
      "e_s": 0.011675314046442509,
      "e_m": 0.0
    },
    "var_mean": 0.005440627434937697,
    "var_max": 0.014493202790617943
  },
  "reliability": {
    "axes": {
      "m": 0.7859663881708843,
      "d": 0.753136990910793,
      "e": 0.5844573996871089
    },
    "subcoords": {
      "m_a": 0.6781021439183244,
      "m_e": 0.7775255562753407,
      "m_o": 0.7498407659266895,
      "d_n": 0.23898928921519502,
      "d_l": 0.7271716928966334,
      "d_s": 0.8692829352475455,
      "e_e": 0.791107843995902,
      "e_s": 0.5268341907835586,
      "e_m": null
    }
  },
  "dist_summary": {
    "axes": {
      "m": {
        "n": 121,
        "nan_frac": 0.0,
        "mean": -0.04446476260738925,
        "median": -0.19014373421669006,
        "std": 0.566239945129462,
        "iqr": 0.9048371911048889,
        "mad": 0.3499441146850586,
        "mad_sigma": 0.5188271444320678,
        "skewness": -0.2042724000037846,
        "kurtosis_excess": 0.8003038484193885,
        "delta_mean_median": 0.14567897160930082
      },
      "d": {
        "n": 121,
        "nan_frac": 0.0,
        "mean": 0.30445964426602706,
        "median": 0.2381443977355957,
        "std": 0.6569426936002594,
        "iqr": 0.8987832218408585,
        "mad": 0.4883754253387451,
        "mad_sigma": 0.7240654056072234,
        "skewness": 0.28217729393679314,
        "kurtosis_excess": -0.28746180591194426,
        "delta_mean_median": 0.06631524653043136
      },
      "e": {
        "n": 121,
        "nan_frac": 0.0,
        "mean": 0.16291228767045704,
        "median": 0.13910433650016785,
        "std": 0.3719330746472129,
        "iqr": 0.4226846396923065,
        "mad": 0.22708458453416824,
        "mad_sigma": 0.3366756050303578,
        "skewness": 1.5453798136519017,
        "kurtosis_excess": 6.277136706336803,
        "delta_mean_median": 0.023807951170289193
      }
    },
    "subcoords": {
      "m_a": {
        "n": 121,
        "nan_frac": 0.0,
        "mean": -0.03996450993115051,
        "median": -0.000684919417835772,
        "std": 0.9310623525833212,
        "iqr": 1.1175383627414703,
        "mad": 0.5743685340275988,
        "mad_sigma": 0.8515587885493179,
        "skewness": -2.1365629216586584,
        "kurtosis_excess": 11.92983900581352,
        "delta_mean_median": -0.03927959051331474
      },
      "m_e": {
        "n": 121,
        "nan_frac": 0.0,
        "mean": -0.22119198094530046,
        "median": -0.21221721172332764,
        "std": 0.34408119082590916,
        "iqr": 0.4941718876361847,
        "mad": 0.2574646770954132,
        "mad_sigma": 0.3817171302616596,
        "skewness": -1.0952970238872666,
        "kurtosis_excess": 4.212876171765915,
        "delta_mean_median": -0.008974769221972823
      },
      "m_o": {
        "n": 121,
        "nan_frac": 0.0,
        "mean": 0.16533482672015498,
        "median": 0.10060461610555649,
        "std": 0.8818782066973205,
        "iqr": 1.479511797428131,
        "mad": 0.7353982552886009,
        "mad_sigma": 1.0903014532908797,
        "skewness": 0.4330732160002657,
        "kurtosis_excess": -0.501524788894335,
        "delta_mean_median": 0.0647302106145985
      },
      "d_n": {
        "n": 121,
        "nan_frac": 0.0,
        "mean": 0.22221609742249832,
        "median": 0.10620875656604767,
        "std": 0.5144614208981318,
        "iqr": 0.43508484959602356,
        "mad": 0.20035235583782196,
        "mad_sigma": 0.2970424027651548,
        "skewness": 3.4085629516889937,
        "kurtosis_excess": 19.1513083170123,
        "delta_mean_median": 0.11600734085645065
      },
      "d_l": {
        "n": 121,
        "nan_frac": 0.0,
        "mean": 0.31715821173072845,
        "median": 0.3749125599861145,
        "std": 0.9599690883810312,
        "iqr": 1.261271446943283,
        "mad": 0.6114984154701233,
        "mad_sigma": 0.9066075507760047,
        "skewness": 0.05283233514602651,
        "kurtosis_excess": -0.42659371129604207,
        "delta_mean_median": -0.05775434825538606
      },
      "d_s": {
        "n": 121,
        "nan_frac": 0.0,
        "mean": 0.4141344673131123,
        "median": -0.06797544658184052,
        "std": 1.0911004382842528,
        "iqr": 1.927210807800293,
        "mad": 0.6476819068193436,
        "mad_sigma": 0.9602531950503587,
        "skewness": 0.5701003071555829,
        "kurtosis_excess": -1.0726035987551525,
        "delta_mean_median": 0.48210991389495284
      },
      "e_e": {
        "n": 121,
        "nan_frac": 0.0,
        "mean": -0.08074508523106698,
        "median": 0.0,
        "std": 0.8509092380113301,
        "iqr": 1.3381760716438293,
        "mad": 0.674490749835968,
        "mad_sigma": 0.9999999857068061,
        "skewness": 0.0465546514652547,
        "kurtosis_excess": 0.34224125594952737,
        "delta_mean_median": -0.08074508523106698
      },
      "e_s": {
        "n": 121,
        "nan_frac": 0.0,
        "mean": 0.5024422016764475,
        "median": 0.5167511105537415,
        "std": 0.9247500497779885,
        "iqr": 1.377966046333313,
        "mad": 0.6320382952690125,
        "mad_sigma": 0.9370599765658378,
        "skewness": 0.6122276709454334,
        "kurtosis_excess": 0.02952324316641075,
        "delta_mean_median": -0.014308908877293969
      },
      "e_m": {
        "n": 121,
        "nan_frac": 0.0,
        "mean": 0.049586776859504134,
        "median": 0.0,
        "std": 0.5431959247985119,
        "iqr": 0.0,
        "mad": 0.0,
        "mad_sigma": 0.0,
        "skewness": 10.863164057185788,
        "kurtosis_excess": 116.00833333333325,
        "delta_mean_median": 0.049586776859504134
      }
    }
  },
  "entropy_provisional": {
    "e_m": {
      "var": 0.29506181271771054,
      "n_unique": 2,
      "nan_frac": 0.0,
      "provisional": true
    }
  },
  "tau_summary": {
    "axes": {
      "m": {
        "tau_sec": 24.0,
        "dt_sec": 4.0,
        "max_lag_sec": 60.0,
        "threshold": 0.36787944117144233,
        "nan_frac": 0.0,
        "nan_policy": "strict"
      },
      "d": {
        "tau_sec": 16.0,
        "dt_sec": 4.0,
        "max_lag_sec": 60.0,
        "threshold": 0.36787944117144233,
        "nan_frac": 0.0,
        "nan_policy": "strict"
      },
      "e": {
        "tau_sec": 8.0,
        "dt_sec": 4.0,
        "max_lag_sec": 60.0,
        "threshold": 0.36787944117144233,
        "nan_frac": 0.0,
        "nan_policy": "strict"
      }
    },
    "subcoords": {
      "m_a": {
        "tau_sec": 8.0,
        "dt_sec": 4.0,
        "max_lag_sec": 60.0,
        "threshold": 0.36787944117144233,
        "nan_frac": 0.0,
        "nan_policy": "strict"
      },
      "m_e": {
        "tau_sec": 28.0,
        "dt_sec": 4.0,
        "max_lag_sec": 60.0,
        "threshold": 0.36787944117144233,
        "nan_frac": 0.0,
        "nan_policy": "strict"
      },
      "m_o": {
        "tau_sec": 28.0,
        "dt_sec": 4.0,
        "max_lag_sec": 60.0,
        "threshold": 0.36787944117144233,
        "nan_frac": 0.0,
        "nan_policy": "strict"
      },
      "d_n": {
        "tau_sec": 4.0,
        "dt_sec": 4.0,
        "max_lag_sec": 60.0,
        "threshold": 0.36787944117144233,
        "nan_frac": 0.0,
        "nan_policy": "strict"
      },
      "d_l": {
        "tau_sec": 16.0,
        "dt_sec": 4.0,
        "max_lag_sec": 60.0,
        "threshold": 0.36787944117144233,