{
  "dataset_id": "ds003478:sub-016:rest_Rest_run-01",
  "subject": "sub-016",
  "session": null,
  "reliability_axes": {
    "m": 0.6706543373392575,
    "d": 0.7977460025750752,
    "e": 0.5450327959957322
  },
  "reliability_subcoords": {
    "m_a": 0.8398816396381942,
    "m_e": 0.5045852576660066,
    "m_o": 0.5461454892790887,
    "d_n": 0.6198546138240093,
    "d_l": 0.840019792705259,
    "d_s": 0.6382466606049697,
    "e_e": 0.5426893012706396,
    "e_s": 0.742882391271128,
    "e_m": 0.7919046276358582
  }
}