{
  "dataset_id": "ds003478:sub-016:rest_Rest_run-01",
  "subject": "sub-016",
  "session": null,
  "coverage": {
    "epochs": 106,
    "seconds": 424.0
  },
  "artifacts": {
    "methods": [
      "none"
    ],
    "bad_eeg_channels": [],
    "n_bad_eeg_channels": 0,
    "stem_collisions": {}
  },
  "ensemble": {
    "var_by_subcoord": {
      "m_a": 0.014648908749222755,
      "m_e": 0.0037557268515229225,
      "m_o": 0.005079253576695919,
      "d_n": 0.005531447008252144,
      "d_l": 0.0028033547569066286,
      "d_s": 0.010190428234636784,
      "e_e": 3.769751438092994e-13,
      "e_s": 0.0787138044834137,
      "e_m": 0.0
    },
    "var_mean": 0.013413658184558648,
    "var_max": 0.0787138044834137
  },
  "reliability": {
    "axes": {
      "m": 0.6706543373392575,
      "d": 0.7977460025750752,
      "e": 0.5450327959957322
    },
    "subcoords": {
      "m_a": 0.8398816396381942,
      "m_e": 0.5045852576660066,
      "m_o": 0.5461454892790887,
      "d_n": 0.6198546138240093,
      "d_l": 0.840019792705259,
      "d_s": 0.6382466606049697,
      "e_e": 0.5426893012706396,
      "e_s": 0.742882391271128,
      "e_m": 0.7919046276358582
    }
  },
  "dist_summary": {
    "axes": {
      "m": {
        "n": 106,
        "nan_frac": 0.0,
        "mean": -0.10567099491890986,
        "median": -0.09277858957648277,
        "std": 0.6280849853800161,
        "iqr": 0.8004545420408249,
        "mad": 0.43958261609077454,
        "mad_sigma": 0.6517251866161823,
        "skewness": -0.3299288443730143,
        "kurtosis_excess": -0.32903073073124434,
        "delta_mean_median": -0.012892405342427082
      },
      "d": {
        "n": 106,
        "nan_frac": 0.0,
        "mean": 0.1354199516947188,
        "median": 0.10539144277572632,
        "std": 0.6063727058536098,
        "iqr": 0.9238988533616066,
        "mad": 0.4628291428089142,
        "mad_sigma": 0.6861904871284962,
        "skewness": 0.2587178764175396,
        "kurtosis_excess": -0.621465424788564,
        "delta_mean_median": 0.030028508918992475
      },
      "e": {
        "n": 106,
        "nan_frac": 0.0,
        "mean": 0.2247558467371284,
        "median": 0.3239041864871979,
        "std": 0.5718264263102444,
        "iqr": 0.7287543937563896,
        "mad": 0.3641768526285887,
        "mad_sigma": 0.5399286017071455,
        "skewness": -0.5833334845144611,
        "kurtosis_excess": 0.32088046242361923,
        "delta_mean_median": -0.09914833975006948
      }
    },
    "subcoords": {
      "m_a": {
        "n": 106,
        "nan_frac": 0.0,
        "mean": -0.25968650768880014,
        "median": 0.06547615770250559,
        "std": 0.8598201200020725,
        "iqr": 1.6403541713953018,
        "mad": 0.6575897932052612,
        "mad_sigma": 0.9749426274061203,
        "skewness": -0.29109856762682507,
        "kurtosis_excess": -1.4318431019423152,
        "delta_mean_median": -0.3251626653913057
      },
      "m_e": {
        "n": 106,
        "nan_frac": 0.0,
        "mean": -0.0061633937271698466,
        "median": 0.0498398132622242,
        "std": 0.4445263513419901,
        "iqr": 0.6566323488950729,
        "mad": 0.32004812359809875,
        "mad_sigma": 0.4745033480465412,
        "skewness": -0.4863533983568083,
        "kurtosis_excess": -0.42094701754221253,
        "delta_mean_median": -0.056003206989394046
      },
      "m_o": {
        "n": 106,
        "nan_frac": 0.0,
        "mean": -0.01509225877212747,
        "median": -0.04023553617298603,
        "std": 0.8865205518151539,
        "iqr": 1.1165682524442673,
        "mad": 0.546638697385788,
        "mad_sigma": 0.8104465327441692,
        "skewness": -0.12363432102353804,
        "kurtosis_excess": -0.47244278066653234,
        "delta_mean_median": 0.02514327740085856
      },
      "d_n": {
        "n": 106,
        "nan_frac": 0.0,
        "mean": 0.08698635390204079,
        "median": -0.0585224162787199,
        "std": 0.6978900341807717,
        "iqr": 0.8408329263329506,
        "mad": 0.42039711959660053,
        "mad_sigma": 0.6232807695139199,
        "skewness": 1.0213075111859804,
        "kurtosis_excess": 2.24219712807513,
        "delta_mean_median": 0.1455087701807607
      },
      "d_l": {
        "n": 106,
        "nan_frac": 0.0,
        "mean": 0.11425546345845708,
        "median": 0.15911895036697388,
        "std": 0.9188631680353667,
        "iqr": 1.641040861606598,
        "mad": 0.8779545426368713,
        "mad_sigma": 1.3016554049134255,
        "skewness": 0.49285098029621605,
        "kurtosis_excess": -0.9287101000549085,
        "delta_mean_median": -0.0448634869085168
      },
      "d_s": {
        "n": 106,
        "nan_frac": 0.0,
        "mean": 0.283890232514098,
        "median": 0.04914470762014389,
        "std": 0.9313912151148223,
        "iqr": 1.1683091148734093,
        "mad": 0.5442922338843346,
        "mad_sigma": 0.8069676659569144,
        "skewness": 0.8266709120121516,
        "kurtosis_excess": 0.12206563784202018,
        "delta_mean_median": 0.23474552489395412
      },
      "e_e": {
        "n": 106,
        "nan_frac": 0.0,
        "mean": -0.10845845027492856,
        "median": 0.0,
        "std": 1.256452435247289,
        "iqr": 1.3332659900188446,
        "mad": 0.6744906902313232,
        "mad_sigma": 0.9999998973369598,
        "skewness": -0.4431030054046537,
        "kurtosis_excess": 0.07057722292214041,
        "delta_mean_median": -0.10845845027492856
      },
      "e_s": {
        "n": 106,
        "nan_frac": 0.0,
        "mean": 0.6973348576224075,
        "median": 0.682515025138855,
        "std": 0.8450993363901185,
        "iqr": 1.474878553301096,
        "mad": 0.7527366429567337,
        "mad_sigma": 1.1160073468476532,
        "skewness": 0.11625030730658499,
        "kurtosis_excess": -1.0084318846943328,
        "delta_mean_median": 0.014819832483552564
      },
      "e_m": {
        "n": 106,
        "nan_frac": 0.0,
        "mean": -0.10080456780269742,
        "median": -1.4388933777809143e-07,
        "std": 1.128285561530707,
        "iqr": 1.3352110832929611,
        "mad": 0.6744907200336456,
        "mad_sigma": 0.999999941521883,
        "skewness": -0.8725566382485539,
        "kurtosis_excess": 1.0274762441704883,
        "delta_mean_median": -0.10080442391335964
      }
    }
  },
  "entropy_provisional": {},
  "tau_summary": {
    "axes": {
      "m": {
        "tau_sec": 16.0,
        "dt_sec": 4.0,
        "max_lag_sec": 60.0,
        "threshold": 0.36787944117144233,
        "nan_frac": 0.0,
        "nan_policy": "strict"
      },
      "d": {
        "tau_sec": 16.0,
        "dt_sec": 4.0,
        "max_lag_sec": 60.0,
        "threshold": 0.36787944117144233,
        "nan_frac": 0.0,
        "nan_policy": "strict"
      },
      "e": {
        "tau_sec": 8.0,
        "dt_sec": 4.0,
        "max_lag_sec": 60.0,
        "threshold": 0.36787944117144233,
        "nan_frac": 0.0,
        "nan_policy": "strict"
      }
    },
    "subcoords": {
      "m_a": {
        "tau_sec": 24.0,
        "dt_sec": 4.0,
        "max_lag_sec": 60.0,
        "threshold": 0.36787944117144233,
        "nan_frac": 0.0,
        "nan_policy": "strict"
      },
      "m_e": {
        "tau_sec": 8.0,
        "dt_sec": 4.0,
        "max_lag_sec": 60.0,
        "threshold": 0.36787944117144233,
        "nan_frac": 0.0,
        "nan_policy": "strict"
      },
      "m_o": {
        "tau_sec": 8.0,
        "dt_sec": 4.0,
        "max_lag_sec": 60.0,
        "threshold": 0.36787944117144233,
        "nan_frac": 0.0,
        "nan_policy": "strict"
      },
      "d_n": {
        "tau_sec": 8.0,
        "dt_sec": 4.0,
        "max_lag_sec": 60.0,
        "threshold": 0.36787944117144233,
        "nan_frac": 0.0,
        "nan_policy": "strict"
      },
      "d_l": {
        "tau_sec": 20.0,
        "dt_sec": 4.0,
        "max_lag_sec": 60.0,
        "threshold": 0.36787944117144233,
        "nan_frac": 0.0,