{
  "dataset_id": "ds003478:sub-067:rest_Rest_run-02",
  "subject": "sub-067",
  "session": null,
  "reliability_axes": {
    "m": 0.8977051872208465,
    "d": 0.8807432044192353,
    "e": 0.8790515139498314
  },
  "reliability_subcoords": {
    "m_a": 0.9704522005247397,
    "m_e": 0.9166577054772121,
    "m_o": 0.8144867674771851,
    "d_n": 0.8980942878492006,
    "d_l": 0.8317233383165432,
    "d_s": 0.8728137110710822,
    "e_e": 0.9032351043736323,
    "e_s": 0.8919694858711968,
    "e_m": 1.0
  }
}