{
  "dataset_id": "ds003478:sub-073:rest_Rest_run-01",
  "subject": "sub-073",
  "session": null,
  "reliability_axes": {
    "m": 0.6590302296988493,
    "d": 0.6959118605203313,
    "e": 0.7152728332682882
  },
  "reliability_subcoords": {
    "m_a": 0.6659406189274442,
    "m_e": 0.7629041707963826,
    "m_o": 0.7601540973118774,
    "d_n": 0.6841059543661006,
    "d_l": 0.739616064854289,
    "d_s": 0.8217129089807801,
    "e_e": 0.8154177779386815,
    "e_s": 0.5574301153887253,
    "e_m": 0.5675137615066248
  }
}