{
  "dataset_id": "ds003478:sub-073:rest_Rest_run-01",
  "subject": "sub-073",
  "session": null,
  "coverage": {
    "epochs": 122,
    "seconds": 488.0
  },
  "artifacts": {
    "methods": [
      "none"
    ],
    "bad_eeg_channels": [
      "M2"
    ],
    "n_bad_eeg_channels": 1,
    "stem_collisions": {}
  },
  "ensemble": {
    "var_by_subcoord": {
      "m_a": 0.00010898162145167589,
      "m_e": 0.0008847533026710153,
      "m_o": 0.0003671331505756825,
      "d_n": 0.00686582550406456,
      "d_l": 0.009174895472824574,
      "d_s": 0.0014738331083208323,
      "e_e": 1.5603216960667632e-13,
      "e_s": 0.01034088246524334,
      "e_m": 0.0
    },
    "var_mean": 0.0032462560694786345,
    "var_max": 0.01034088246524334
  },
  "reliability": {
    "axes": {
      "m": 0.6590302296988493,
      "d": 0.6959118605203313,
      "e": 0.7152728332682882
    },
    "subcoords": {
      "m_a": 0.6659406189274442,
      "m_e": 0.7629041707963826,
      "m_o": 0.7601540973118774,
      "d_n": 0.6841059543661006,
      "d_l": 0.739616064854289,
      "d_s": 0.8217129089807801,
      "e_e": 0.8154177779386815,
      "e_s": 0.5574301153887253,
      "e_m": 0.5675137615066248
    }
  },
  "dist_summary": {
    "axes": {
      "m": {
        "n": 122,
        "nan_frac": 0.0,
        "mean": -0.09492664732664946,
        "median": -0.15162835270166397,
        "std": 0.6565130823819392,
        "iqr": 0.8662627413868904,
        "mad": 0.4118897169828415,
        "mad_sigma": 0.6106676943987608,
        "skewness": 0.563363593578473,
        "kurtosis_excess": 0.39759538571326614,
        "delta_mean_median": 0.05670170537501451
      },
      "d": {
        "n": 122,
        "nan_frac": 0.0,
        "mean": 0.022166547854049284,
        "median": 0.19716817885637283,
        "std": 0.5657455545811163,
        "iqr": 0.8023082688450813,
        "mad": 0.31233464926481247,
        "mad_sigma": 0.46306735100001095,
        "skewness": -0.7375739155825329,
        "kurtosis_excess": -0.24315500649380972,
        "delta_mean_median": -0.17500163100232355
      },
      "e": {
        "n": 122,
        "nan_frac": 0.0,
        "mean": 0.06698201436331862,
        "median": 0.045323461294174194,
        "std": 0.5606427402629974,
        "iqr": 0.717216745018959,
        "mad": 0.36280275881290436,
        "mad_sigma": 0.537891370216012,
        "skewness": -0.015644860380709072,
        "kurtosis_excess": 0.3280357272646359,
        "delta_mean_median": 0.021658553069144423
      }
    },
    "subcoords": {
      "m_a": {
        "n": 122,
        "nan_frac": 0.0,
        "mean": -0.36302497368458597,
        "median": -0.20243318378925323,
        "std": 1.183474866301223,
        "iqr": 1.2179787904024124,
        "mad": 0.5794953256845474,
        "mad_sigma": 0.8591597698599099,
        "skewness": -0.6681723090915284,
        "kurtosis_excess": 0.8137490232778628,
        "delta_mean_median": -0.16059178989533274
      },
      "m_e": {
        "n": 122,
        "nan_frac": 0.0,
        "mean": -0.03797375478735957,
        "median": -0.07841839268803596,
        "std": 0.29043371472125434,
        "iqr": 0.42262936756014824,
        "mad": 0.21757660061120987,
        "mad_sigma": 0.32257906806617975,
        "skewness": 0.5041308040562801,
        "kurtosis_excess": -0.4460737372813459,
        "delta_mean_median": 0.04044463790067639
      },
      "m_o": {
        "n": 122,
        "nan_frac": 0.0,
        "mean": 0.20484420739602846,
        "median": 0.07060738652944565,
        "std": 1.083629296329626,
        "iqr": 1.3630459010601044,
        "mad": 0.6997175142168999,
        "mad_sigma": 1.0374011865779758,
        "skewness": 0.9451491713878871,
        "kurtosis_excess": 0.9559101730655,
        "delta_mean_median": 0.1342368208665828
      },
      "d_n": {
        "n": 122,
        "nan_frac": 0.0,
        "mean": 0.12193172724276292,
        "median": -0.06878803297877312,
        "std": 0.641324815323166,
        "iqr": 0.5944789126515388,
        "mad": 0.2679041773080826,
        "mad_sigma": 0.3971947332769632,
        "skewness": 1.5659077040399922,
        "kurtosis_excess": 2.782067067491445,
        "delta_mean_median": 0.19071976022153603
      },
      "d_l": {
        "n": 122,
        "nan_frac": 0.0,
        "mean": -0.023227568150910198,
        "median": 0.2652953565120697,
        "std": 0.8213440552640666,
        "iqr": 1.2038801908493042,
        "mad": 0.43430495262145996,
        "mad_sigma": 0.6439005227565765,
        "skewness": -0.7911100559013136,
        "kurtosis_excess": -0.34113367923812277,
        "delta_mean_median": -0.2885229246629799
      },
      "d_s": {
        "n": 122,
        "nan_frac": 0.0,
        "mean": -0.023045641202174248,
        "median": -0.06660712510347366,
        "std": 0.7999486376880794,
        "iqr": 1.3714412152767181,
        "mad": 0.7061026766896248,
        "mad_sigma": 1.0468678284600377,
        "skewness": -0.042219636903685326,
        "kurtosis_excess": -1.0646047161149848,
        "delta_mean_median": 0.043561483901299415
      },
      "e_e": {
        "n": 122,
        "nan_frac": 0.0,
        "mean": -0.12592436783931782,
        "median": 1.7136335372924805e-06,
        "std": 0.9489653730727944,
        "iqr": 1.291502796113491,
        "mad": 0.6744924634695053,
        "mad_sigma": 1.0000025263398886,
        "skewness": -0.5625743239561724,
        "kurtosis_excess": 0.2761329236234058,
        "delta_mean_median": -0.1259260814728551
      },
      "e_s": {
        "n": 122,
        "nan_frac": 0.0,
        "mean": 0.3179340935083198,
        "median": 0.2292502447962761,
        "std": 0.7915972690361149,
        "iqr": 0.7105158381164074,
        "mad": 0.37046879529953003,
        "mad_sigma": 0.5492570359110832,
        "skewness": 0.9302059156194649,
        "kurtosis_excess": 1.13988963920103,
        "delta_mean_median": 0.08868384871204371
      },
      "e_m": {
        "n": 122,
        "nan_frac": 0.0,
        "mean": 0.34632032694386655,
        "median": 0.0,
        "std": 1.1508408334012705,
        "iqr": 1.528875671327114,
        "mad": 0.674490749835968,
        "mad_sigma": 0.9999999857068061,
        "skewness": 0.7253755221685555,
        "kurtosis_excess": 0.15822591280368226,
        "delta_mean_median": 0.34632032694386655
      }
    }
  },
  "entropy_provisional": {},
  "tau_summary": {
    "axes": {
      "m": {
        "tau_sec": 8.0,
        "dt_sec": 4.0,
        "max_lag_sec": 60.0,
        "threshold": 0.36787944117144233,
        "nan_frac": 0.0,
        "nan_policy": "strict"
      },
      "d": {
        "tau_sec": 8.0,
        "dt_sec": 4.0,
        "max_lag_sec": 60.0,
        "threshold": 0.36787944117144233,
        "nan_frac": 0.0,
        "nan_policy": "strict"
      },
      "e": {
        "tau_sec": 12.0,
        "dt_sec": 4.0,
        "max_lag_sec": 60.0,
        "threshold": 0.36787944117144233,
        "nan_frac": 0.0,
        "nan_policy": "strict"
      }
    },
    "subcoords": {
      "m_a": {
        "tau_sec": 8.0,
        "dt_sec": 4.0,
        "max_lag_sec": 60.0,
        "threshold": 0.36787944117144233,
        "nan_frac": 0.0,
        "nan_policy": "strict"
      },
      "m_e": {
        "tau_sec": 20.0,
        "dt_sec": 4.0,
        "max_lag_sec": 60.0,
        "threshold": 0.36787944117144233,
        "nan_frac": 0.0,
        "nan_policy": "strict"
      },
      "m_o": {
        "tau_sec": 16.0,
        "dt_sec": 4.0,
        "max_lag_sec": 60.0,
        "threshold": 0.36787944117144233,
        "nan_frac": 0.0,
        "nan_policy": "strict"
      },
      "d_n": {
        "tau_sec": 8.0,
        "dt_sec": 4.0,
        "max_lag_sec": 60.0,
        "threshold": 0.36787944117144233,
        "nan_frac": 0.0,
        "nan_policy": "strict"
      },
      "d_l": {
        "tau_sec": 8.0,
        "dt_sec": 4.0,
        "max_lag_sec": 60.0,
        "threshold": 0.36787944117144233,