{
  "dataset_id": "ds003478:sub-024:rest_Rest_run-02",
  "subject": "sub-024",
  "session": null,
  "reliability_axes": {
    "m": 0.6242639384539719,
    "d": 0.39385732011056435,
    "e": 0.5503591273295828
  },
  "reliability_subcoords": {
    "m_a": 0.4578369443502532,
    "m_e": 0.42132412067029185,
    "m_o": 0.6699539367713723,
    "d_n": 0.4879921760330587,
    "d_l": 0.46116970060844115,
    "d_s": 0.6179739299605616,
    "e_e": 0.5873675130409103,
    "e_s": 0.6595640730272087,
    "e_m": null
  }
}