{
  "dataset_id": "ds003478:sub-109:rest_Rest_run-01",
  "subject": "sub-109",
  "session": null,
  "reliability_axes": {
    "m": 0.35134710369287736,
    "d": 0.9373436399876907,
    "e": 0.6129391087597514
  },
  "reliability_subcoords": {
    "m_a": 0.6962559778900436,
    "m_e": 0.8000989511510062,
    "m_o": 0.7468270768963883,
    "d_n": 0.6445104266090208,
    "d_l": 0.9427728031523576,
    "d_s": 0.9518480911166787,
    "e_e": 0.742864262190109,
    "e_s": 0.8586203682782704,
    "e_m": 0.5060504355762293
  }
}