{
  "dataset_id": "ds003478:sub-109:rest_Rest_run-01",
  "subject": "sub-109",
  "session": null,
  "coverage": {
    "epochs": 119,
    "seconds": 476.0
  },
  "artifacts": {
    "methods": [
      "none"
    ],
    "bad_eeg_channels": [
      "CPZ"
    ],
    "n_bad_eeg_channels": 1,
    "stem_collisions": {}
  },
  "ensemble": {
    "var_by_subcoord": {
      "m_a": 0.0009415705571882427,
      "m_e": 0.0013112137094140053,
      "m_o": 0.004013726022094488,
      "d_n": 0.0034707372542470694,
      "d_l": 0.051410917192697525,
      "d_s": 0.06519929319620132,
      "e_e": 0.0,
      "e_s": 0.013754172250628471,
      "e_m": 0.0
    },
    "var_mean": 0.015566847798052348,
    "var_max": 0.06519929319620132
  },
  "reliability": {
    "axes": {
      "m": 0.35134710369287736,
      "d": 0.9373436399876907,
      "e": 0.6129391087597514
    },
    "subcoords": {
      "m_a": 0.6962559778900436,
      "m_e": 0.8000989511510062,
      "m_o": 0.7468270768963883,
      "d_n": 0.6445104266090208,
      "d_l": 0.9427728031523576,
      "d_s": 0.9518480911166787,
      "e_e": 0.742864262190109,
      "e_s": 0.8586203682782704,
      "e_m": 0.5060504355762293
    }
  },
  "dist_summary": {
    "axes": {
      "m": {
        "n": 119,
        "nan_frac": 0.0,
        "mean": -0.002849287078314766,
        "median": 0.00043891268433071673,
        "std": 0.37949782876183663,
        "iqr": 0.4844328463077545,
        "mad": 0.24735859138309024,
        "mad_sigma": 0.36673384758456956,
        "skewness": 0.48105520113127076,
        "kurtosis_excess": 1.816854743663872,
        "delta_mean_median": -0.0032881997626454827
      },
      "d": {
        "n": 119,
        "nan_frac": 0.0,
        "mean": 0.641917347156701,
        "median": 0.11260516941547394,
        "std": 1.1399521857374728,
        "iqr": 2.3085624128580093,
        "mad": 0.5867278724908829,
        "mad_sigma": 0.8698827437549829,
        "skewness": 0.46501249586603,
        "kurtosis_excess": -1.4201985322084243,
        "delta_mean_median": 0.5293121777412271
      },
      "e": {
        "n": 119,
        "nan_frac": 0.0,
        "mean": 0.09062898932063967,
        "median": 0.08764821290969849,
        "std": 0.40849616289893975,
        "iqr": 0.49725694954395294,
        "mad": 0.25416916608810425,
        "mad_sigma": 0.37683120564222333,
        "skewness": -0.33656476602504076,
        "kurtosis_excess": 0.04778303907557335,
        "delta_mean_median": 0.0029807764109411883
      }
    },
    "subcoords": {
      "m_a": {
        "n": 119,
        "nan_frac": 0.0,
        "mean": 0.0025502979880621455,
        "median": 0.002069386187940836,
        "std": 0.8070700395214595,
        "iqr": 1.479536771774292,
        "mad": 0.7444355809129775,
        "mad_sigma": 1.1037001922615803,
        "skewness": -0.16391092201596183,
        "kurtosis_excess": -1.077236789432916,
        "delta_mean_median": 0.0004809118001213096
      },
      "m_e": {
        "n": 119,
        "nan_frac": 0.0,
        "mean": -0.03327904348144261,
        "median": -0.005065163131803274,
        "std": 0.35448820354894756,
        "iqr": 0.5771424472332001,
        "mad": 0.28319012140855193,
        "mad_sigma": 0.4198576740003191,
        "skewness": -0.0015039057376306428,
        "kurtosis_excess": -0.8942538851142743,
        "delta_mean_median": -0.028213880349639335
      },
      "m_o": {
        "n": 119,
        "nan_frac": 0.0,
        "mean": 0.02690321349484079,
        "median": -0.08758664131164551,
        "std": 0.8683083376409333,
        "iqr": 1.2488264739513397,
        "mad": 0.5913001298904419,
        "mad_sigma": 0.8766615725755691,
        "skewness": 0.38995321520748827,
        "kurtosis_excess": -0.2117695358294691,
        "delta_mean_median": 0.1144898548064863
      },
      "d_n": {
        "n": 119,
        "nan_frac": 0.0,
        "mean": -0.012865021386567284,
        "median": -0.1409294605255127,
        "std": 0.5044440359876483,
        "iqr": 0.6162120550870895,
        "mad": 0.310602605342865,
        "mad_sigma": 0.4604994226813316,
        "skewness": 0.8203503888900979,
        "kurtosis_excess": 2.2292695783635583,
        "delta_mean_median": 0.1280644391389454
      },
      "d_l": {
        "n": 119,
        "nan_frac": 0.0,
        "mean": 0.9906485284827337,
        "median": 0.05111321061849594,
        "std": 1.7148987433992824,
        "iqr": 3.5234283208847046,
        "mad": 0.6853173598647118,
        "mad_sigma": 1.0160515177354217,
        "skewness": 0.5584608392460747,
        "kurtosis_excess": -1.442615051601967,
        "delta_mean_median": 0.9395353178642377
      },
      "d_s": {
        "n": 119,
        "nan_frac": 0.0,
        "mean": 0.7898874353586125,
        "median": 0.16618138551712036,
        "std": 1.64361439025014,
        "iqr": 3.245574116706848,
        "mad": 0.9920184016227722,
        "mad_sigma": 1.470766482245922,
        "skewness": 0.4940447228842064,
        "kurtosis_excess": -1.4074415339426083,
        "delta_mean_median": 0.6237060498414921
      },
      "e_e": {
        "n": 119,
        "nan_frac": 0.0,
        "mean": -0.15751278260722756,
        "median": 0.0,
        "std": 0.9754705659426197,
        "iqr": 1.4746356010437012,
        "mad": 0.6744906902313232,
        "mad_sigma": 0.9999998973369598,
        "skewness": -0.26153953536699254,
        "kurtosis_excess": -0.5413710724971814,
        "delta_mean_median": -0.15751278260722756
      },
      "e_s": {
        "n": 119,
        "nan_frac": 0.0,
        "mean": 0.4184789377413377,
        "median": 0.2603742778301239,
        "std": 0.5999385355143556,
        "iqr": 1.1232297718524933,
        "mad": 0.46433356404304504,
        "mad_sigma": 0.6884209420502185,
        "skewness": 0.21434217102573278,
        "kurtosis_excess": -1.1799235839842728,
        "delta_mean_median": 0.1581046599112138
      },
      "e_m": {
        "n": 119,
        "nan_frac": 0.0,
        "mean": 0.34574736967808056,
        "median": 0.0,
        "std": 1.0881654450038691,
        "iqr": 1.348981499671936,
        "mad": 0.674490749835968,
        "mad_sigma": 0.9999999857068061,
        "skewness": 1.4662232829488395,
        "kurtosis_excess": 2.3862602924491156,
        "delta_mean_median": 0.34574736967808056
      }
    }
  },
  "entropy_provisional": {},
  "tau_summary": {
    "axes": {
      "m": {
        "tau_sec": 8.0,
        "dt_sec": 4.0,
        "max_lag_sec": 60.0,
        "threshold": 0.36787944117144233,
        "nan_frac": 0.0,
        "nan_policy": "strict"
      },
      "d": {
        "tau_sec": 32.0,
        "dt_sec": 4.0,
        "max_lag_sec": 60.0,
        "threshold": 0.36787944117144233,
        "nan_frac": 0.0,
        "nan_policy": "strict"
      },
      "e": {
        "tau_sec": 8.0,
        "dt_sec": 4.0,
        "max_lag_sec": 60.0,
        "threshold": 0.36787944117144233,
        "nan_frac": 0.0,
        "nan_policy": "strict"
      }
    },
    "subcoords": {
      "m_a": {
        "tau_sec": 16.0,
        "dt_sec": 4.0,
        "max_lag_sec": 60.0,
        "threshold": 0.36787944117144233,
        "nan_frac": 0.0,
        "nan_policy": "strict"
      },
      "m_e": {
        "tau_sec": 28.0,
        "dt_sec": 4.0,
        "max_lag_sec": 60.0,
        "threshold": 0.36787944117144233,
        "nan_frac": 0.0,
        "nan_policy": "strict"
      },
      "m_o": {
        "tau_sec": 28.0,
        "dt_sec": 4.0,
        "max_lag_sec": 60.0,
        "threshold": 0.36787944117144233,
        "nan_frac": 0.0,
        "nan_policy": "strict"
      },
      "d_n": {
        "tau_sec": 8.0,
        "dt_sec": 4.0,
        "max_lag_sec": 60.0,
        "threshold": 0.36787944117144233,
        "nan_frac": 0.0,
        "nan_policy": "strict"
      },
      "d_l": {
        "tau_sec": 28.0,
        "dt_sec": 4.0,
        "max_lag_sec": 60.0,
        "threshold": 0.36787944117144233,
        "nan_frac": 0.0,