{
  "dataset_id": "ds003478:sub-062:rest_Rest_run-01",
  "subject": "sub-062",
  "session": null,
  "reliability_axes": {
    "m": 0.7007677909146112,
    "d": 0.6918742109138314,
    "e": 0.7537239974981672
  },
  "reliability_subcoords": {
    "m_a": 0.6499869437844233,
    "m_e": 0.7822697447571949,
    "m_o": 0.8380993649351226,
    "d_n": 0.6740030561176339,
    "d_l": 0.6642922599948448,
    "d_s": 0.7890650370630727,
    "e_e": 0.7060256299745032,
    "e_s": 0.5647100137572982,
    "e_m": 0.7421545152464462
  }
}