{
  "dataset_id": "ds003478:sub-062:rest_Rest_run-01",
  "subject": "sub-062",
  "session": null,
  "coverage": {
    "epochs": 120,
    "seconds": 480.0
  },
  "artifacts": {
    "methods": [
      "none"
    ],
    "bad_eeg_channels": [],
    "n_bad_eeg_channels": 0,
    "stem_collisions": {}
  },
  "ensemble": {
    "var_by_subcoord": {
      "m_a": 0.007754988968372345,
      "m_e": 0.0016077635809779167,
      "m_o": 0.005301455035805702,
      "d_n": 0.0035232852678745985,
      "d_l": 0.003793877549469471,
      "d_s": 0.0024148384109139442,
      "e_e": 0.0,
      "e_s": 0.003408595686778426,
      "e_m": 0.0
    },
    "var_mean": 0.0030894227222436005,
    "var_max": 0.007754988968372345
  },
  "reliability": {
    "axes": {
      "m": 0.7007677909146112,
      "d": 0.6918742109138314,
      "e": 0.7537239974981672
    },
    "subcoords": {
      "m_a": 0.6499869437844233,
      "m_e": 0.7822697447571949,
      "m_o": 0.8380993649351226,
      "d_n": 0.6740030561176339,
      "d_l": 0.6642922599948448,
      "d_s": 0.7890650370630727,
      "e_e": 0.7060256299745032,
      "e_s": 0.5647100137572982,
      "e_m": 0.7421545152464462
    }
  },
  "dist_summary": {
    "axes": {
      "m": {
        "n": 120,
        "nan_frac": 0.0,
        "mean": -0.23527661914704368,
        "median": -0.22818436473608017,
        "std": 0.6612870464061362,
        "iqr": 0.7696023620665073,
        "mad": 0.38515476882457733,
        "mad_sigma": 0.5710304602593184,
        "skewness": -0.23382270840120314,
        "kurtosis_excess": -0.164287166941266,
        "delta_mean_median": -0.0070922544109635055
      },
      "d": {
        "n": 120,
        "nan_frac": 0.0,
        "mean": -0.09279803922981955,
        "median": 0.22538132220506668,
        "std": 0.6795967488733883,
        "iqr": 0.9349059388041496,
        "mad": 0.26539885997772217,
        "mad_sigma": 0.39348034980297086,
        "skewness": -0.8575384678632697,
        "kurtosis_excess": -0.3921091733182567,
        "delta_mean_median": -0.31817936143488623
      },
      "e": {
        "n": 120,
        "nan_frac": 0.0,
        "mean": 0.26020616442741207,
        "median": 0.16028019040822983,
        "std": 0.5432095142346653,
        "iqr": 0.8608768172562122,
        "mad": 0.4127359688282013,
        "mad_sigma": 0.6119223473846912,
        "skewness": 0.38068716580473194,
        "kurtosis_excess": -0.9017035928353128,
        "delta_mean_median": 0.09992597401918224
      }
    },
    "subcoords": {
      "m_a": {
        "n": 120,
        "nan_frac": 0.0,
        "mean": -0.6913993240528119,
        "median": -0.2587920278310776,
        "std": 1.3630618263361733,
        "iqr": 1.9082979410886765,
        "mad": 0.8631200045347214,
        "mad_sigma": 1.2796617187231778,
        "skewness": -0.7469307763757553,
        "kurtosis_excess": -0.2938987628563958,
        "delta_mean_median": -0.4326072962217343
      },
      "m_e": {
        "n": 120,
        "nan_frac": 0.0,
        "mean": 0.019272844353690744,
        "median": 0.023345167748630047,
        "std": 0.3321044340411459,
        "iqr": 0.5185385830700397,
        "mad": 0.24922756385058165,
        "mad_sigma": 0.3695047861648723,
        "skewness": -0.05938072150129013,
        "kurtosis_excess": -0.5903684582965618,
        "delta_mean_median": -0.004072323394939303
      },
      "m_o": {
        "n": 120,
        "nan_frac": 0.0,
        "mean": 0.08204312548041344,
        "median": -0.09450149163603783,
        "std": 0.8172505854087888,
        "iqr": 1.3797576874494553,
        "mad": 0.6115403473377228,
        "mad_sigma": 0.9066697189629077,
        "skewness": 0.4506211997173299,
        "kurtosis_excess": -0.6769053361754254,
        "delta_mean_median": 0.17654461711645125
      },
      "d_n": {
        "n": 120,
        "nan_frac": 0.0,
        "mean": 0.09939153647671144,
        "median": 0.11666125804185867,
        "std": 0.4339563002034802,
        "iqr": 0.5209641642868519,
        "mad": 0.28300365805625916,
        "mad_sigma": 0.4195812234342098,
        "skewness": 0.438636625198199,
        "kurtosis_excess": 0.7512023747858185,
        "delta_mean_median": -0.017269721565147236
      },
      "d_l": {
        "n": 120,
        "nan_frac": 0.0,
        "mean": -0.2574846029902498,
        "median": 0.185918428003788,
        "std": 1.1322971547878822,
        "iqr": 1.5055191367864609,
        "mad": 0.5966783910989761,
        "mad_sigma": 0.884635382643342,
        "skewness": -0.8864508147889334,
        "kurtosis_excess": -0.4231682006007569,
        "delta_mean_median": -0.4434030309940378
      },
      "d_s": {
        "n": 120,
        "nan_frac": 0.0,
        "mean": 0.046302650465319554,
        "median": -0.10636581480503082,
        "std": 0.7138709404712057,
        "iqr": 1.1677817553281784,
        "mad": 0.544089674949646,
        "mad_sigma": 0.8066673520803451,
        "skewness": 0.5796575111496415,
        "kurtosis_excess": -0.37150471301762966,
        "delta_mean_median": 0.15266846527035038
      },
      "e_e": {
        "n": 120,
        "nan_frac": 0.0,
        "mean": -0.018432952618847292,
        "median": 1.8766149878501892e-06,
        "std": 0.8296776135653318,
        "iqr": 1.302648663520813,
        "mad": 0.6744925668463111,
        "mad_sigma": 1.0000026796063408,
        "skewness": 0.20637549394263896,
        "kurtosis_excess": -0.6938182942171047,
        "delta_mean_median": -0.018434829233835142
      },
      "e_s": {
        "n": 120,
        "nan_frac": 0.0,
        "mean": 0.662015604476134,
        "median": 0.33686086535453796,
        "std": 1.1371442910155796,
        "iqr": 1.2275440357625484,
        "mad": 0.5393394529819489,
        "mad_sigma": 0.7996246729910373,
        "skewness": 0.7644658487123606,
        "kurtosis_excess": -0.6307798614210136,
        "delta_mean_median": 0.325154739121596
      },
      "e_m": {
        "n": 120,
        "nan_frac": 0.0,
        "mean": -0.14907995570683852,
        "median": -6.686896085739136e-07,
        "std": 1.3850795538848701,
        "iqr": 1.3749039024114609,
        "mad": 0.6744913887232542,
        "mad_sigma": 1.0000009329210966,
        "skewness": -0.5845713976231469,
        "kurtosis_excess": 1.2399850976568727,
        "delta_mean_median": -0.14907928701722994
      }
    }
  },
  "entropy_provisional": {},
  "tau_summary": {
    "axes": {
      "m": {
        "tau_sec": 8.0,
        "dt_sec": 4.0,
        "max_lag_sec": 60.0,
        "threshold": 0.36787944117144233,
        "nan_frac": 0.0,
        "nan_policy": "strict"
      },
      "d": {
        "tau_sec": 12.0,
        "dt_sec": 4.0,
        "max_lag_sec": 60.0,
        "threshold": 0.36787944117144233,
        "nan_frac": 0.0,
        "nan_policy": "strict"
      },
      "e": {
        "tau_sec": 16.0,
        "dt_sec": 4.0,
        "max_lag_sec": 60.0,
        "threshold": 0.36787944117144233,
        "nan_frac": 0.0,
        "nan_policy": "strict"
      }
    },
    "subcoords": {
      "m_a": {
        "tau_sec": 8.0,
        "dt_sec": 4.0,
        "max_lag_sec": 60.0,
        "threshold": 0.36787944117144233,
        "nan_frac": 0.0,
        "nan_policy": "strict"
      },
      "m_e": {
        "tau_sec": 12.0,
        "dt_sec": 4.0,
        "max_lag_sec": 60.0,
        "threshold": 0.36787944117144233,
        "nan_frac": 0.0,
        "nan_policy": "strict"
      },
      "m_o": {
        "tau_sec": 16.0,
        "dt_sec": 4.0,
        "max_lag_sec": 60.0,
        "threshold": 0.36787944117144233,
        "nan_frac": 0.0,
        "nan_policy": "strict"
      },
      "d_n": {
        "tau_sec": 8.0,
        "dt_sec": 4.0,
        "max_lag_sec": 60.0,
        "threshold": 0.36787944117144233,
        "nan_frac": 0.0,
        "nan_policy": "strict"
      },
      "d_l": {
        "tau_sec": 8.0,
        "dt_sec": 4.0,
        "max_lag_sec": 60.0,
        "threshold": 0.36787944117144233,