{
  "dataset_id": "ds003478:sub-115:rest_Rest_run-02",
  "subject": "sub-115",
  "session": null,
  "reliability_axes": {
    "m": 0.6010935026573038,
    "d": 0.7437119494266515,
    "e": 0.2797492697167206
  },
  "reliability_subcoords": {
    "m_a": 0.6853132630700745,
    "m_e": 0.5629738726192842,
    "m_o": 0.5228697530681042,
    "d_n": 0.8112538190392428,
    "d_l": 0.6890493791507553,
    "d_s": 0.7544725481066527,
    "e_e": 0.5694490444169953,
    "e_s": 0.5319318002842346,
    "e_m": 0.757048271585387
  }
}