{
  "dataset_id": "ds003478:sub-115:rest_Rest_run-02",
  "subject": "sub-115",
  "session": null,
  "coverage": {
    "epochs": 41,
    "seconds": 164.0
  },
  "artifacts": {
    "methods": [
      "none"
    ],
    "bad_eeg_channels": [],
    "n_bad_eeg_channels": 0,
    "stem_collisions": {}
  },
  "ensemble": {
    "var_by_subcoord": {
      "m_a": 0.0012211267603561282,
      "m_e": 0.010220056399703026,
      "m_o": 0.003944865427911282,
      "d_n": 0.013906684704124928,
      "d_l": 0.014654681086540222,
      "d_s": 0.006027583498507738,
      "e_e": 0.0,
      "e_s": 0.0035695803817361593,
      "e_m": 0.0
    },
    "var_mean": 0.005949397584319943,
    "var_max": 0.014654681086540222
  },
  "reliability": {
    "axes": {
      "m": 0.6010935026573038,
      "d": 0.7437119494266515,
      "e": 0.2797492697167206
    },
    "subcoords": {
      "m_a": 0.6853132630700745,
      "m_e": 0.5629738726192842,
      "m_o": 0.5228697530681042,
      "d_n": 0.8112538190392428,
      "d_l": 0.6890493791507553,
      "d_s": 0.7544725481066527,
      "e_e": 0.5694490444169953,
      "e_s": 0.5319318002842346,
      "e_m": 0.757048271585387
    }
  },
  "dist_summary": {
    "axes": {
      "m": {
        "n": 41,
        "nan_frac": 0.0,
        "mean": 0.04243066389022804,
        "median": -0.06589113920927048,
        "std": 0.6859599173752178,
        "iqr": 1.2059816122055054,
        "mad": 0.5804573819041252,
        "mad_sigma": 0.860586114411056,
        "skewness": 0.1495903761922221,
        "kurtosis_excess": -0.8769507855039214,
        "delta_mean_median": 0.10832180309949851
      },
      "d": {
        "n": 41,
        "nan_frac": 0.0,
        "mean": 0.5445133993720136,
        "median": 0.20574577152729034,
        "std": 0.9963727278684266,
        "iqr": 1.9806636273860931,
        "mad": 0.6997090727090836,
        "mad_sigma": 1.0373886711984872,
        "skewness": 0.3251843813924592,
        "kurtosis_excess": -1.4451720626693902,
        "delta_mean_median": 0.33876762784472325
      },
      "e": {
        "n": 41,
        "nan_frac": 0.0,
        "mean": -0.0941428802680315,
        "median": -0.07034178823232651,
        "std": 0.36915188844803326,
        "iqr": 0.5646863579750061,
        "mad": 0.2813805416226387,
        "mad_sigma": 0.4171747910097241,
        "skewness": -0.6618853927683128,
        "kurtosis_excess": 0.4396645802786763,
        "delta_mean_median": -0.02380109203570499
      }
    },
    "subcoords": {
      "m_a": {
        "n": 41,
        "nan_frac": 0.0,
        "mean": 0.04948914877888633,
        "median": -0.051827702671289444,
        "std": 0.8961923889995254,
        "iqr": 1.7097741961479187,
        "mad": 0.7884440161287785,
        "mad_sigma": 1.168947098312527,
        "skewness": -0.04431921896543799,
        "kurtosis_excess": -1.141932617018721,
        "delta_mean_median": 0.10131685145017577
      },
      "m_e": {
        "n": 41,
        "nan_frac": 0.0,
        "mean": 0.020619714996073304,
        "median": 0.030917564406991005,
        "std": 0.5800451781480945,
        "iqr": 0.7362958490848541,
        "mad": 0.35973785258829594,
        "mad_sigma": 0.5333473402474075,
        "skewness": -0.6169462891699617,
        "kurtosis_excess": 0.7668967714128252,
        "delta_mean_median": -0.0102978494109177
      },
      "m_o": {
        "n": 41,
        "nan_frac": 0.0,
        "mean": 0.05936345187152123,
        "median": -0.015375420451164246,
        "std": 0.8526996189293539,
        "iqr": 1.212689220905304,
        "mad": 0.6316627711057663,
        "mad_sigma": 0.9365032244414091,
        "skewness": 0.5821198713465408,
        "kurtosis_excess": -0.17092990298508282,
        "delta_mean_median": 0.07473887232268547
      },
      "d_n": {
        "n": 41,
        "nan_frac": 0.0,
        "mean": 0.2024362003657876,
        "median": -0.017902273684740067,
        "std": 0.8842039081570781,
        "iqr": 1.0375425815582275,
        "mad": 0.53920803591609,
        "mad_sigma": 0.799429834049195,
        "skewness": 0.8734912884900973,
        "kurtosis_excess": 0.7124872976502612,
        "delta_mean_median": 0.22033847405052767
      },
      "d_l": {
        "n": 41,
        "nan_frac": 0.0,
        "mean": 0.804696063442928,
        "median": 0.28967800736427307,
        "std": 1.492477346856342,
        "iqr": 3.088515669107437,
        "mad": 0.8486514985561371,
        "mad_sigma": 1.2582107117593289,
        "skewness": 0.6285118924489488,
        "kurtosis_excess": -1.2076068443064183,
        "delta_mean_median": 0.5150180560786549
      },
      "d_s": {
        "n": 41,
        "nan_frac": 0.0,
        "mean": 0.39340206544573714,
        "median": 0.259195476770401,
        "std": 0.9881500122737832,
        "iqr": 1.7575669288635254,
        "mad": 0.8264263570308685,
        "mad_sigma": 1.2252597169339656,
        "skewness": 0.3401820467364709,
        "kurtosis_excess": -1.0124625217724654,
        "delta_mean_median": 0.13420658867533614
      },
      "e_e": {
        "n": 41,
        "nan_frac": 0.0,
        "mean": -0.17167384777127243,
        "median": 0.0,
        "std": 1.0293177854794688,
        "iqr": 1.4341256618499756,
        "mad": 0.6744906902313232,
        "mad_sigma": 0.9999998973369598,
        "skewness": -0.8066260384592833,
        "kurtosis_excess": 0.3733433869340894,
        "delta_mean_median": -0.17167384777127243
      },
      "e_s": {
        "n": 41,
        "nan_frac": 0.0,
        "mean": 0.008390276261219165,
        "median": -0.16069334745407104,
        "std": 0.644819469969779,
        "iqr": 0.46697723865509033,
        "mad": 0.24400079250335693,
        "mad_sigma": 0.36175557496547694,
        "skewness": 0.781657622522414,
        "kurtosis_excess": -0.35167279898980075,
        "delta_mean_median": 0.1690836237152902
      },
      "e_m": {
        "n": 41,
        "nan_frac": 0.0,
        "mean": -0.016450990990894598,
        "median": 0.0,
        "std": 1.3773716917944228,
        "iqr": 2.023472249507904,
        "mad": 0.674490749835968,
        "mad_sigma": 0.9999999857068061,
        "skewness": 1.132789642905351,
        "kurtosis_excess": 0.6591958849118074,
        "delta_mean_median": -0.016450990990894598
      }
    }
  },
  "entropy_provisional": {},
  "tau_summary": {
    "axes": {
      "m": {
        "tau_sec": 8.0,
        "dt_sec": 4.0,
        "max_lag_sec": 60.0,
        "threshold": 0.36787944117144233,
        "nan_frac": 0.0,
        "nan_policy": "strict"
      },
      "d": {
        "tau_sec": 24.0,
        "dt_sec": 4.0,
        "max_lag_sec": 60.0,
        "threshold": 0.36787944117144233,
        "nan_frac": 0.0,
        "nan_policy": "strict"
      },
      "e": {
        "tau_sec": 4.0,
        "dt_sec": 4.0,
        "max_lag_sec": 60.0,
        "threshold": 0.36787944117144233,
        "nan_frac": 0.0,
        "nan_policy": "strict"
      }
    },
    "subcoords": {
      "m_a": {
        "tau_sec": 8.0,
        "dt_sec": 4.0,
        "max_lag_sec": 60.0,
        "threshold": 0.36787944117144233,
        "nan_frac": 0.0,
        "nan_policy": "strict"
      },
      "m_e": {
        "tau_sec": 8.0,
        "dt_sec": 4.0,
        "max_lag_sec": 60.0,
        "threshold": 0.36787944117144233,
        "nan_frac": 0.0,
        "nan_policy": "strict"
      },
      "m_o": {
        "tau_sec": 8.0,
        "dt_sec": 4.0,
        "max_lag_sec": 60.0,
        "threshold": 0.36787944117144233,
        "nan_frac": 0.0,
        "nan_policy": "strict"
      },
      "d_n": {
        "tau_sec": 4.0,
        "dt_sec": 4.0,
        "max_lag_sec": 60.0,
        "threshold": 0.36787944117144233,
        "nan_frac": 0.0,
        "nan_policy": "strict"
      },
      "d_l": {
        "tau_sec": 16.0,
        "dt_sec": 4.0,
        "max_lag_sec": 60.0,
        "threshold": 0.36787944117144233,
        "nan_frac": 0.0,
        "nan_policy": "strict"
      },