{
  "dataset_id": "ds003478:sub-070:rest_Rest_run-02",
  "subject": "sub-070",
  "session": null,
  "reliability_axes": {
    "m": 0.6058952278922625,
    "d": 0.9237558423447966,
    "e": 0.8392853846546418
  },
  "reliability_subcoords": {
    "m_a": 0.6073678031922877,
    "m_e": 0.8475424172224327,
    "m_o": 0.894959826812244,
    "d_n": 0.7743853352907466,
    "d_l": 0.9123606464057579,
    "d_s": 0.9311133911486031,
    "e_e": 0.8832353333209226,
    "e_s": 0.6421852565582405,
    "e_m": 0.6937613446503234
  }
}