{
  "dataset_id": "ds003478:sub-070:rest_Rest_run-02",
  "subject": "sub-070",
  "session": null,
  "coverage": {
    "epochs": 39,
    "seconds": 156.0
  },
  "artifacts": {
    "methods": [
      "none"
    ],
    "bad_eeg_channels": [
      "CB1"
    ],
    "n_bad_eeg_channels": 1,
    "stem_collisions": {}
  },
  "ensemble": {
    "var_by_subcoord": {
      "m_a": 0.0015777836088091135,
      "m_e": 0.0026245927438139915,
      "m_o": 0.0052259014919400215,
      "d_n": 0.004295221529901028,
      "d_l": 0.04795530065894127,
      "d_s": 0.007720524910837412,
      "e_e": 0.0,
      "e_s": 0.010224416851997375,
      "e_m": 0.0
    },
    "var_mean": 0.008847082421804467,
    "var_max": 0.04795530065894127
  },
  "reliability": {
    "axes": {
      "m": 0.6058952278922625,
      "d": 0.9237558423447966,
      "e": 0.8392853846546418
    },
    "subcoords": {
      "m_a": 0.6073678031922877,
      "m_e": 0.8475424172224327,
      "m_o": 0.894959826812244,
      "d_n": 0.7743853352907466,
      "d_l": 0.9123606464057579,
      "d_s": 0.9311133911486031,
      "e_e": 0.8832353333209226,
      "e_s": 0.6421852565582405,
      "e_m": 0.6937613446503234
    }
  },
  "dist_summary": {
    "axes": {
      "m": {
        "n": 39,
        "nan_frac": 0.0,
        "mean": -0.07610903744800733,
        "median": -0.08696477860212326,
        "std": 0.3907245604431624,
        "iqr": 0.5016152262687683,
        "mad": 0.25196967273950577,
        "mad_sigma": 0.37357023680359125,
        "skewness": -0.014521745011510627,
        "kurtosis_excess": -0.11264778396558617,
        "delta_mean_median": 0.01085574115411593
      },
      "d": {
        "n": 39,
        "nan_frac": 0.0,
        "mean": 0.33185134881820816,
        "median": 0.26859498023986816,
        "std": 0.7686267911593455,
        "iqr": 1.27998186647892,
        "mad": 0.6389705538749695,
        "mad_sigma": 0.9473377431750297,
        "skewness": 0.47685319760883277,
        "kurtosis_excess": -0.8837622048030909,
        "delta_mean_median": 0.06325636857834
      },
      "e": {
        "n": 39,
        "nan_frac": 0.0,
        "mean": -0.2989096818014215,
        "median": 0.03761392831802368,
        "std": 0.6464027009643025,
        "iqr": 1.1945220828056335,
        "mad": 0.4174403250217438,
        "mad_sigma": 0.6188970258772373,
        "skewness": -0.34527354913918973,
        "kurtosis_excess": -1.4559410387610094,
        "delta_mean_median": -0.3365236101194452
      }
    },
    "subcoords": {
      "m_a": {
        "n": 39,
        "nan_frac": 0.0,
        "mean": 0.0077986640807909844,
        "median": 0.24516968429088593,
        "std": 0.8469563160443581,
        "iqr": 1.042231485247612,
        "mad": 0.49505050480365753,
        "mad_sigma": 0.7339618784219026,
        "skewness": -1.19530987979635,
        "kurtosis_excess": 1.8382308661006794,
        "delta_mean_median": -0.23737102021009493
      },
      "m_e": {
        "n": 39,
        "nan_frac": 0.0,
        "mean": -0.04422182703199677,
        "median": 0.01384695339947939,
        "std": 0.2755381208389887,
        "iqr": 0.4154256135225296,
        "mad": 0.20162202883511782,
        "mad_sigma": 0.29892481995094566,
        "skewness": -0.4053167943249187,
        "kurtosis_excess": -0.9052234235177017,
        "delta_mean_median": -0.05806878043147616
      },
      "m_o": {
        "n": 39,
        "nan_frac": 0.0,
        "mean": -0.23068849026010588,
        "median": 0.10164064913988113,
        "std": 0.9188513647089491,
        "iqr": 1.4052927643060684,
        "mad": 0.5833138152956963,
        "mad_sigma": 0.8648210625573992,
        "skewness": -0.28568443291094325,
        "kurtosis_excess": -0.8400823441453031,
        "delta_mean_median": -0.332329139399987
      },
      "d_n": {
        "n": 39,
        "nan_frac": 0.0,
        "mean": -0.021663677472716723,
        "median": -0.18437203764915466,
        "std": 0.5148637240431195,
        "iqr": 0.44621299486607313,
        "mad": 0.22413253784179688,
        "mad_sigma": 0.33229890060424805,
        "skewness": 1.1930883778766468,
        "kurtosis_excess": 0.4589323984931921,
        "delta_mean_median": 0.16270836017643794
      },
      "d_l": {
        "n": 39,
        "nan_frac": 0.0,
        "mean": 0.536695159207552,
        "median": -0.03564540296792984,
        "std": 1.1812736809927225,
        "iqr": 1.8576524555683136,
        "mad": 0.62434371560812,
        "mad_sigma": 0.9256519927605986,
        "skewness": 0.7043615218639712,
        "kurtosis_excess": -0.8283165033858282,
        "delta_mean_median": 0.5723405621754818
      },
      "d_s": {
        "n": 39,
        "nan_frac": 0.0,
        "mean": 0.36322849148359054,
        "median": 0.2913670837879181,
        "std": 1.0623503460800339,
        "iqr": 1.5479309856891632,
        "mad": 0.8573960363864899,
        "mad_sigma": 1.2711753635466099,
        "skewness": 0.7175375009298639,
        "kurtosis_excess": -0.4433606807199224,
        "delta_mean_median": 0.07186140769567245
      },
      "e_e": {
        "n": 39,
        "nan_frac": 0.0,
        "mean": -0.6876331047178843,
        "median": 0.0,
        "std": 1.2729967053806397,
        "iqr": 2.1239287555217743,
        "mad": 0.674490749835968,
        "mad_sigma": 0.9999999857068061,
        "skewness": -0.5435785506922519,
        "kurtosis_excess": -1.1572988492588239,
        "delta_mean_median": -0.6876331047178843
      },
      "e_s": {
        "n": 39,
        "nan_frac": 0.0,
        "mean": 0.2336557591572786,
        "median": 0.18978095054626465,
        "std": 0.33120345184697575,
        "iqr": 0.44440189749002457,
        "mad": 0.23163089156150818,
        "mad_sigma": 0.343415959829092,
        "skewness": 0.8033532344128427,
        "kurtosis_excess": 0.17143665226882465,
        "delta_mean_median": 0.04387480861101395
      },
      "e_m": {
        "n": 39,
        "nan_frac": 0.0,
        "mean": -0.29143241164871514,
        "median": 0.0,
        "std": 1.2568663037982466,
        "iqr": 1.6011282354593277,
        "mad": 0.6744908094406128,
        "mad_sigma": 1.0000000740766524,
        "skewness": -0.5104046866984323,
        "kurtosis_excess": -0.2931647766437635,
        "delta_mean_median": -0.29143241164871514
      }
    }
  },
  "entropy_provisional": {},
  "tau_summary": {
    "axes": {
      "m": {
        "tau_sec": 8.0,
        "dt_sec": 4.0,
        "max_lag_sec": 60.0,
        "threshold": 0.36787944117144233,
        "nan_frac": 0.0,
        "nan_policy": "strict"
      },
      "d": {
        "tau_sec": 32.0,
        "dt_sec": 4.0,
        "max_lag_sec": 60.0,
        "threshold": 0.36787944117144233,
        "nan_frac": 0.0,
        "nan_policy": "strict"
      },
      "e": {
        "tau_sec": 28.0,
        "dt_sec": 4.0,
        "max_lag_sec": 60.0,
        "threshold": 0.36787944117144233,
        "nan_frac": 0.0,
        "nan_policy": "strict"
      }
    },
    "subcoords": {
      "m_a": {
        "tau_sec": 8.0,
        "dt_sec": 4.0,
        "max_lag_sec": 60.0,
        "threshold": 0.36787944117144233,
        "nan_frac": 0.0,
        "nan_policy": "strict"
      },
      "m_e": {
        "tau_sec": 16.0,
        "dt_sec": 4.0,
        "max_lag_sec": 60.0,
        "threshold": 0.36787944117144233,
        "nan_frac": 0.0,
        "nan_policy": "strict"
      },
      "m_o": {
        "tau_sec": 20.0,
        "dt_sec": 4.0,
        "max_lag_sec": 60.0,
        "threshold": 0.36787944117144233,
        "nan_frac": 0.0,
        "nan_policy": "strict"
      },
      "d_n": {
        "tau_sec": 12.0,
        "dt_sec": 4.0,
        "max_lag_sec": 60.0,
        "threshold": 0.36787944117144233,
        "nan_frac": 0.0,
        "nan_policy": "strict"
      },
      "d_l": {
        "tau_sec": 28.0,
        "dt_sec": 4.0,
        "max_lag_sec": 60.0,
        "threshold": 0.36787944117144233,
        "nan_frac": 0.0,