{
  "dataset_id": "ds003478:sub-022:rest_Rest_run-01",
  "subject": "sub-022",
  "session": null,
  "reliability_axes": {
    "m": 0.5998267836478487,
    "d": 0.5191890177742393,
    "e": 0.5807125801218475
  },
  "reliability_subcoords": {
    "m_a": 0.44551332003286465,
    "m_e": 0.6630293153745831,
    "m_o": 0.6531432070426766,
    "d_n": 0.3877799532706111,
    "d_l": 0.6684218747850248,
    "d_s": 0.7476429104292064,
    "e_e": 0.8173471397007095,
    "e_s": 0.6496899153493187,
    "e_m": null
  }
}