{
  "dataset_id": "ds003478:sub-088:rest_Rest_run-01",
  "subject": "sub-088",
  "session": null,
  "reliability_axes": {
    "m": 0.4396685438565602,
    "d": 0.7951944342080054,
    "e": 0.8096076815429281
  },
  "reliability_subcoords": {
    "m_a": 0.7009444914124068,
    "m_e": 0.6485971376547212,
    "m_o": 0.7347987480657274,
    "d_n": 0.5300714027877166,
    "d_l": 0.8541537937393289,
    "d_s": 0.8062427985319935,
    "e_e": 0.8731175566404159,
    "e_s": 0.6698460325115627,
    "e_m": 0.49138897394808795
  }
}