{
  "dataset_id": "ds003478:sub-088:rest_Rest_run-01",
  "subject": "sub-088",
  "session": null,
  "coverage": {
    "epochs": 122,
    "seconds": 488.0
  },
  "artifacts": {
    "methods": [
      "none"
    ],
    "bad_eeg_channels": [
      "CPZ"
    ],
    "n_bad_eeg_channels": 1,
    "stem_collisions": {}
  },
  "ensemble": {
    "var_by_subcoord": {
      "m_a": 0.00103516667149961,
      "m_e": 0.014371863566339016,
      "m_o": 0.004738649819046259,
      "d_n": 0.01169278658926487,
      "d_l": 0.022265348583459854,
      "d_s": 0.009854549542069435,
      "e_e": 2.2748079461787363e-14,
      "e_s": 0.003380617592483759,
      "e_m": 0.0
    },
    "var_mean": 0.007482109151576172,
    "var_max": 0.022265348583459854
  },
  "reliability": {
    "axes": {
      "m": 0.4396685438565602,
      "d": 0.7951944342080054,
      "e": 0.8096076815429281
    },
    "subcoords": {
      "m_a": 0.7009444914124068,
      "m_e": 0.6485971376547212,
      "m_o": 0.7347987480657274,
      "d_n": 0.5300714027877166,
      "d_l": 0.8541537937393289,
      "d_s": 0.8062427985319935,
      "e_e": 0.8731175566404159,
      "e_s": 0.6698460325115627,
      "e_m": 0.49138897394808795
    }
  },
  "dist_summary": {
    "axes": {
      "m": {
        "n": 122,
        "nan_frac": 0.0,
        "mean": 0.09133010615926755,
        "median": 0.009802789893001318,
        "std": 0.42161953018473547,
        "iqr": 0.4145476296544075,
        "mad": 0.20722364028915763,
        "mad_sigma": 0.3072297690927051,
        "skewness": 1.9381246942329855,
        "kurtosis_excess": 5.968421159263295,
        "delta_mean_median": 0.08152731626626623
      },
      "d": {
        "n": 122,
        "nan_frac": 0.0,
        "mean": 0.785125119130692,
        "median": 0.40170466899871826,
        "std": 1.1700738107202149,
        "iqr": 2.366500087082386,
        "mad": 0.9203300476074219,
        "mad_sigma": 1.3644813285827635,
        "skewness": 0.23268511621553015,
        "kurtosis_excess": -1.5339680581689736,
        "delta_mean_median": 0.3834204501319738
      },
      "e": {
        "n": 122,
        "nan_frac": 0.0,
        "mean": 0.17261474362677573,
        "median": 0.14011746644973755,
        "std": 0.3413091876503777,
        "iqr": 0.4611688400618732,
        "mad": 0.21485106274485588,
        "mad_sigma": 0.31853818562552333,
        "skewness": -0.024834591562282043,
        "kurtosis_excess": -0.52265644086336,
        "delta_mean_median": 0.03249727717703818
      }
    },
    "subcoords": {
      "m_a": {
        "n": 122,
        "nan_frac": 0.0,
        "mean": 0.20687821783797175,
        "median": 0.03903140965849161,
        "std": 0.7947681977645373,
        "iqr": 1.4362812787294388,
        "mad": 0.6785529023036361,
        "mad_sigma": 1.0060225329553707,
        "skewness": 0.30031362837792913,
        "kurtosis_excess": -1.0980550572422745,
        "delta_mean_median": 0.16784680817948014
      },
      "m_e": {
        "n": 122,
        "nan_frac": 0.0,
        "mean": -0.04603847698690217,
        "median": -0.03794633224606514,
        "std": 0.43333001688399586,
        "iqr": 0.5249189138412476,
        "mad": 0.26729388162493706,
        "mad_sigma": 0.39628990889713167,
        "skewness": -0.09033376082374925,
        "kurtosis_excess": -0.12181803955477832,
        "delta_mean_median": -0.008092144740837033
      },
      "m_o": {
        "n": 122,
        "nan_frac": 0.0,
        "mean": 0.10002542295890143,
        "median": 0.14073564857244492,
        "std": 0.9325595788783281,
        "iqr": 1.160857617855072,
        "mad": 0.6486904695630074,
        "mad_sigma": 0.9617484901741147,
        "skewness": 0.731802081517101,
        "kurtosis_excess": 1.0429152756332618,
        "delta_mean_median": -0.04071022561354348
      },
      "d_n": {
        "n": 122,
        "nan_frac": 0.0,
        "mean": 0.1357904191846486,
        "median": 0.022108650766313076,
        "std": 0.8519146108025655,
        "iqr": 0.7787184864282608,
        "mad": 0.39059707522392273,
        "mad_sigma": 0.5790992237269879,
        "skewness": 1.6554361271527571,
        "kurtosis_excess": 3.3231610249034436,
        "delta_mean_median": 0.11368176841833552
      },
      "d_l": {
        "n": 122,
        "nan_frac": 0.0,
        "mean": 1.1114930300286314,
        "median": 0.035320818424224854,
        "std": 1.7819654027322611,
        "iqr": 3.553843632340431,
        "mad": 0.6852566599845886,
        "mad_sigma": 1.015961524093151,
        "skewness": 0.4662602064647138,
        "kurtosis_excess": -1.541048842886339,
        "delta_mean_median": 1.0761722116044066
      },
      "d_s": {
        "n": 122,
        "nan_frac": 0.0,
        "mean": 0.9888596549385884,
        "median": 0.6543062925338745,
        "std": 1.6166565274814666,
        "iqr": 3.2139709889888763,
        "mad": 1.3080607950687408,
        "mad_sigma": 1.9393309347689152,
        "skewness": 0.268021991178077,
        "kurtosis_excess": -1.4468127211670812,
        "delta_mean_median": 0.3345533624047139
      },
      "e_e": {
        "n": 122,
        "nan_frac": 0.0,
        "mean": -0.038447419524986724,
        "median": 1.069623976945877e-06,
        "std": 0.8164329109616761,
        "iqr": 1.3766953498125076,
        "mad": 0.674490749835968,
        "mad_sigma": 0.9999999857068061,
        "skewness": -0.04478165357858548,
        "kurtosis_excess": -0.9611581676293741,
        "delta_mean_median": -0.03844848914896367
      },
      "e_s": {
        "n": 122,
        "nan_frac": 0.0,
        "mean": 0.46527016132337146,
        "median": 0.36171145737171173,
        "std": 0.5794389666483445,
        "iqr": 0.994258351624012,
        "mad": 0.5131050944328308,
        "mad_sigma": 0.760729613006115,
        "skewness": 0.08744708356614576,
        "kurtosis_excess": -1.0331361657940978,
        "delta_mean_median": 0.10355870395165973
      },
      "e_m": {
        "n": 122,
        "nan_frac": 0.0,
        "mean": 0.10449775032027335,
        "median": 0.0,
        "std": 0.9420865061064818,
        "iqr": 1.3446276038885117,
        "mad": 0.674490749835968,
        "mad_sigma": 0.9999999857068061,
        "skewness": 0.26386307411507476,
        "kurtosis_excess": -0.31260493380077436,
        "delta_mean_median": 0.10449775032027335
      }
    }
  },
  "entropy_provisional": {},
  "tau_summary": {
    "axes": {
      "m": {
        "tau_sec": 8.0,
        "dt_sec": 4.0,
        "max_lag_sec": 60.0,
        "threshold": 0.36787944117144233,
        "nan_frac": 0.0,
        "nan_policy": "strict"
      },
      "d": {
        "tau_sec": 28.0,
        "dt_sec": 4.0,
        "max_lag_sec": 60.0,
        "threshold": 0.36787944117144233,
        "nan_frac": 0.0,
        "nan_policy": "strict"
      },
      "e": {
        "tau_sec": 28.0,
        "dt_sec": 4.0,
        "max_lag_sec": 60.0,
        "threshold": 0.36787944117144233,
        "nan_frac": 0.0,
        "nan_policy": "strict"
      }
    },
    "subcoords": {
      "m_a": {
        "tau_sec": 16.0,
        "dt_sec": 4.0,
        "max_lag_sec": 60.0,
        "threshold": 0.36787944117144233,
        "nan_frac": 0.0,
        "nan_policy": "strict"
      },
      "m_e": {
        "tau_sec": 8.0,
        "dt_sec": 4.0,
        "max_lag_sec": 60.0,
        "threshold": 0.36787944117144233,
        "nan_frac": 0.0,
        "nan_policy": "strict"
      },
      "m_o": {
        "tau_sec": 32.0,
        "dt_sec": 4.0,
        "max_lag_sec": 60.0,
        "threshold": 0.36787944117144233,
        "nan_frac": 0.0,
        "nan_policy": "strict"
      },
      "d_n": {
        "tau_sec": 8.0,
        "dt_sec": 4.0,
        "max_lag_sec": 60.0,
        "threshold": 0.36787944117144233,
        "nan_frac": 0.0,
        "nan_policy": "strict"
      },
      "d_l": {
        "tau_sec": 28.0,
        "dt_sec": 4.0,
        "max_lag_sec": 60.0,
        "threshold": 0.36787944117144233,
        "nan_frac": 0.0,