{
  "dataset_id": "ds003478:sub-060:rest_Rest_run-02",
  "subject": "sub-060",
  "session": null,
  "reliability_axes": {
    "m": 0.2978316779696911,
    "d": 0.9288684810285512,
    "e": 0.5781349615640597
  },
  "reliability_subcoords": {
    "m_a": 0.8582267647212759,
    "m_e": 0.6757699968419684,
    "m_o": 0.6456641857467138,
    "d_n": 0.6257064876508711,
    "d_l": 0.9309614454022263,
    "d_s": 0.898209010246852,
    "e_e": 0.6062423546740322,
    "e_s": 0.6738935824237245,
    "e_m": null
  }
}