{
  "dataset_id": "ds003478:sub-061:rest_Rest_run-02",
  "subject": "sub-061",
  "session": null,
  "reliability_axes": {
    "m": 0.8933249522250022,
    "d": 0.8920613766695067,
    "e": 0.9353549896962877
  },
  "reliability_subcoords": {
    "m_a": 0.8531104297830238,
    "m_e": 0.9644508349987689,
    "m_o": 0.9596647500401421,
    "d_n": 0.8971333997248978,
    "d_l": 0.9045766879007328,
    "d_s": 0.9139012369421935,
    "e_e": 0.941511734106139,
    "e_s": 0.8950202991605175,
    "e_m": 0.8208225163679304
  }
}