{
  "dataset_id": "ds003478:sub-061:rest_Rest_run-02",
  "subject": "sub-061",
  "session": null,
  "coverage": {
    "epochs": 53,
    "seconds": 212.0
  },
  "artifacts": {
    "methods": [
      "none"
    ],
    "bad_eeg_channels": [],
    "n_bad_eeg_channels": 0,
    "stem_collisions": {}
  },
  "ensemble": {
    "var_by_subcoord": {
      "m_a": 0.01314259972423315,
      "m_e": 0.005371398292481899,
      "m_o": 0.0003580608463380486,
      "d_n": 0.009899983182549477,
      "d_l": 0.003448186907917261,
      "d_s": 0.4877483546733856,
      "e_e": 0.0,
      "e_s": 0.09400566667318344,
      "e_m": 0.0
    },
    "var_mean": 0.06821936114445432,
    "var_max": 0.4877483546733856
  },
  "reliability": {
    "axes": {
      "m": 0.8933249522250022,
      "d": 0.8920613766695067,
      "e": 0.9353549896962877
    },
    "subcoords": {
      "m_a": 0.8531104297830238,
      "m_e": 0.9644508349987689,
      "m_o": 0.9596647500401421,
      "d_n": 0.8971333997248978,
      "d_l": 0.9045766879007328,
      "d_s": 0.9139012369421935,
      "e_e": 0.941511734106139,
      "e_s": 0.8950202991605175,
      "e_m": 0.8208225163679304
    }
  },
  "dist_summary": {
    "axes": {
      "m": {
        "n": 53,
        "nan_frac": 0.0,
        "mean": -0.17540356612166846,
        "median": -0.28115609288215637,
        "std": 0.49493769188530046,
        "iqr": 0.9626270234584808,
        "mad": 0.3441751301288605,
        "mad_sigma": 0.5102740479290485,
        "skewness": 0.20740179955329183,
        "kurtosis_excess": -1.2923939546916514,
        "delta_mean_median": 0.10575252676048791
      },
      "d": {
        "n": 53,
        "nan_frac": 0.0,
        "mean": 0.4307915984283922,
        "median": -0.08860255777835846,
        "std": 0.959116407875187,
        "iqr": 1.8505589365959167,
        "mad": 0.24923117458820343,
        "mad_sigma": 0.36951013944447036,
        "skewness": 0.7252243814485365,
        "kurtosis_excess": -1.2670909275613869,
        "delta_mean_median": 0.5193941562067507
      },
      "e": {
        "n": 53,
        "nan_frac": 0.0,
        "mean": 0.15747017664659135,
        "median": 0.1478787511587143,
        "std": 0.5102915499839557,
        "iqr": 0.7953808605670929,
        "mad": 0.4105725437402725,
        "mad_sigma": 0.608714853349328,
        "skewness": 0.052081880150708915,
        "kurtosis_excess": -0.9341437215902011,
        "delta_mean_median": 0.009591425487877059
      }
    },
    "subcoords": {
      "m_a": {
        "n": 53,
        "nan_frac": 0.0,
        "mean": -0.10365278668095411,
        "median": -0.002268968615680933,
        "std": 0.9319602706383201,
        "iqr": 1.425321340560913,
        "mad": 0.6545545472763479,
        "mad_sigma": 0.9704425717919133,
        "skewness": -1.0233905052172356,
        "kurtosis_excess": 1.0325508965965966,
        "delta_mean_median": -0.10138381806527318
      },
      "m_e": {
        "n": 53,
        "nan_frac": 0.0,
        "mean": -0.18822601514886012,
        "median": -0.06406775861978531,
        "std": 0.3310616978539246,
        "iqr": 0.6581554636359215,
        "mad": 0.19616874307394028,
        "mad_sigma": 0.29083977848142384,
        "skewness": -0.43743286509138685,
        "kurtosis_excess": -1.4647078014970274,
        "delta_mean_median": -0.1241582565290748
      },
      "m_o": {
        "n": 53,
        "nan_frac": 0.0,
        "mean": -0.25858833763818695,
        "median": 0.07593786716461182,
        "std": 0.8018751474667376,
        "iqr": 1.5978018939495087,
        "mad": 0.5105994343757629,
        "mad_sigma": 0.7570147214055061,
        "skewness": -0.42666245107564843,
        "kurtosis_excess": -1.401692099496436,
        "delta_mean_median": -0.33452620480279877
      },
      "d_n": {
        "n": 53,
        "nan_frac": 0.0,
        "mean": -0.21759426414544852,
        "median": -0.3772681951522827,
        "std": 0.4552388642785416,
        "iqr": 0.5811270009726286,
        "mad": 0.24743640422821045,
        "mad_sigma": 0.3668492129087448,
        "skewness": 0.8163740622042828,
        "kurtosis_excess": -0.2455830150544691,
        "delta_mean_median": 0.1596739310068342
      },
      "d_l": {
        "n": 53,
        "nan_frac": 0.0,
        "mean": 0.7523199401374133,
        "median": 0.38148823380470276,
        "std": 1.485330108411778,
        "iqr": 3.047690749168396,
        "mad": 1.0814897119998932,
        "mad_sigma": 1.6034166470110416,
        "skewness": 0.5222877747977701,
        "kurtosis_excess": -1.333727065391426,
        "delta_mean_median": 0.37083170633271056
      },
      "d_s": {
        "n": 53,
        "nan_frac": 0.0,
        "mean": 0.6470047758435303,
        "median": -0.16936179995536804,
        "std": 1.5598676202027064,
        "iqr": 3.10120952129364,
        "mad": 0.5532419979572296,
        "mad_sigma": 0.8202365861713886,
        "skewness": 0.6969796649269547,
        "kurtosis_excess": -1.3401252272553978,
        "delta_mean_median": 0.8163665757988984
      },
      "e_e": {
        "n": 53,
        "nan_frac": 0.0,
        "mean": -0.40029306154487265,
        "median": 0.0,
        "std": 1.0560866785323557,
        "iqr": 1.9156520664691925,
        "mad": 0.674490749835968,
        "mad_sigma": 0.9999999857068061,
        "skewness": -0.5782002854101389,
        "kurtosis_excess": -1.1789907816864285,
        "delta_mean_median": -0.40029306154487265
      },
      "e_s": {
        "n": 53,
        "nan_frac": 0.0,
        "mean": 0.9289853443514626,
        "median": 1.4124932289123535,
        "std": 1.0688181693317922,
        "iqr": 2.0064855217933655,
        "mad": 0.3519333600997925,
        "mad_sigma": 0.5217763996839523,
        "skewness": -0.3504528252717745,
        "kurtosis_excess": -0.9612331472376074,
        "delta_mean_median": -0.4835078845608909
      },
      "e_m": {
        "n": 53,
        "nan_frac": 0.0,
        "mean": 0.016115558105257322,
        "median": 0.0,
        "std": 0.7126541371939222,
        "iqr": 1.308717668056488,
        "mad": 0.674490749835968,
        "mad_sigma": 0.9999999857068061,
        "skewness": -0.024957812919215998,
        "kurtosis_excess": -1.2175047132060064,
        "delta_mean_median": 0.016115558105257322
      }
    }
  },
  "entropy_provisional": {},
  "tau_summary": {
    "axes": {
      "m": {
        "tau_sec": 16.0,
        "dt_sec": 4.0,
        "max_lag_sec": 60.0,
        "threshold": 0.36787944117144233,
        "nan_frac": 0.0,
        "nan_policy": "strict"
      },
      "d": {
        "tau_sec": 28.0,
        "dt_sec": 4.0,
        "max_lag_sec": 60.0,
        "threshold": 0.36787944117144233,
        "nan_frac": 0.0,
        "nan_policy": "strict"
      },
      "e": {
        "tau_sec": 24.0,
        "dt_sec": 4.0,
        "max_lag_sec": 60.0,
        "threshold": 0.36787944117144233,
        "nan_frac": 0.0,
        "nan_policy": "strict"
      }
    },
    "subcoords": {
      "m_a": {
        "tau_sec": 12.0,
        "dt_sec": 4.0,
        "max_lag_sec": 60.0,
        "threshold": 0.36787944117144233,
        "nan_frac": 0.0,
        "nan_policy": "strict"
      },
      "m_e": {
        "tau_sec": 24.0,
        "dt_sec": 4.0,
        "max_lag_sec": 60.0,
        "threshold": 0.36787944117144233,
        "nan_frac": 0.0,
        "nan_policy": "strict"
      },
      "m_o": {
        "tau_sec": 24.0,
        "dt_sec": 4.0,
        "max_lag_sec": 60.0,
        "threshold": 0.36787944117144233,
        "nan_frac": 0.0,
        "nan_policy": "strict"
      },
      "d_n": {
        "tau_sec": 36.0,
        "dt_sec": 4.0,
        "max_lag_sec": 60.0,
        "threshold": 0.36787944117144233,
        "nan_frac": 0.0,
        "nan_policy": "strict"
      },
      "d_l": {
        "tau_sec": 28.0,
        "dt_sec": 4.0,
        "max_lag_sec": 60.0,
        "threshold": 0.36787944117144233,
        "nan_frac": 0.0,
        "nan_policy": "strict"
      },