{
  "dataset_id": "ds003478:sub-070:rest_Rest_run-01",
  "subject": "sub-070",
  "session": null,
  "reliability_axes": {
    "m": 0.5798299767920079,
    "d": 0.6816049626034543,
    "e": 0.7243530155564898
  },
  "reliability_subcoords": {
    "m_a": 0.6534983384034057,
    "m_e": 0.7555117430113539,
    "m_o": 0.7112327794579965,
    "d_n": 0.6741831758473198,
    "d_l": 0.7752622258901659,
    "d_s": 0.738590753307949,
    "e_e": 0.7602920103383763,
    "e_s": 0.6446170510802431,
    "e_m": 0.849363543736951
  }
}