{
  "dataset_id": "ds003478:sub-070:rest_Rest_run-01",
  "subject": "sub-070",
  "session": null,
  "coverage": {
    "epochs": 124,
    "seconds": 496.0
  },
  "artifacts": {
    "methods": [
      "none"
    ],
    "bad_eeg_channels": [],
    "n_bad_eeg_channels": 0,
    "stem_collisions": {}
  },
  "ensemble": {
    "var_by_subcoord": {
      "m_a": 0.001050996477715671,
      "m_e": 0.02153945155441761,
      "m_o": 0.002928214380517602,
      "d_n": 0.017728324979543686,
      "d_l": 0.00766843231394887,
      "d_s": 0.0008151310030370951,
      "e_e": 9.91470252252602e-13,
      "e_s": 0.008177552372217178,
      "e_m": 0.0
    },
    "var_mean": 0.0066564558980432426,
    "var_max": 0.02153945155441761
  },
  "reliability": {
    "axes": {
      "m": 0.5798299767920079,
      "d": 0.6816049626034543,
      "e": 0.7243530155564898
    },
    "subcoords": {
      "m_a": 0.6534983384034057,
      "m_e": 0.7555117430113539,
      "m_o": 0.7112327794579965,
      "d_n": 0.6741831758473198,
      "d_l": 0.7752622258901659,
      "d_s": 0.738590753307949,
      "e_e": 0.7602920103383763,
      "e_s": 0.6446170510802431,
      "e_m": 0.849363543736951
    }
  },
  "dist_summary": {
    "axes": {
      "m": {
        "n": 124,
        "nan_frac": 0.0,
        "mean": 0.013667729277644427,
        "median": -0.01716887718066573,
        "std": 0.5047697176965759,
        "iqr": 0.6660612747073174,
        "mad": 0.3461549854837358,
        "mad_sigma": 0.5132093814781866,
        "skewness": 0.19548539854467867,
        "kurtosis_excess": -0.44994690315804897,
        "delta_mean_median": 0.030836606458310156
      },
      "d": {
        "n": 124,
        "nan_frac": 0.0,
        "mean": 0.2870101725772744,
        "median": 0.22417829185724258,
        "std": 0.6637500921284021,
        "iqr": 0.8580033667385578,
        "mad": 0.43194153904914856,
        "mad_sigma": 0.6403965257942676,
        "skewness": 0.7942120775173148,
        "kurtosis_excess": 0.6076195282902415,
        "delta_mean_median": 0.06283188072003182
      },
      "e": {
        "n": 124,
        "nan_frac": 0.0,
        "mean": 0.04726754599851706,
        "median": 0.08388113602995872,
        "std": 0.5232936368994685,
        "iqr": 0.7165088728070259,
        "mad": 0.3730991780757904,
        "mad_sigma": 0.5531568414151669,
        "skewness": -0.29403491465597215,
        "kurtosis_excess": -0.22186469836585276,
        "delta_mean_median": -0.03661359003144166
      }
    },
    "subcoords": {
      "m_a": {
        "n": 124,
        "nan_frac": 0.0,
        "mean": 0.03192836028193274,
        "median": 0.079336728900671,
        "std": 0.7936646980872348,
        "iqr": 1.1402188837528229,
        "mad": 0.5782100893557072,
        "mad_sigma": 0.8572542784787714,
        "skewness": -0.36616332222001124,
        "kurtosis_excess": -0.17321908462293667,
        "delta_mean_median": -0.04740836861873827
      },
      "m_e": {
        "n": 124,
        "nan_frac": 0.0,
        "mean": 0.0005733733219864418,
        "median": 0.060844963416457176,
        "std": 0.4819509225152766,
        "iqr": 0.55896782502532,
        "mad": 0.28766890801489353,
        "mad_sigma": 0.42649792302288114,
        "skewness": -0.5089861833397757,
        "kurtosis_excess": -0.14973878351317538,
        "delta_mean_median": -0.06027159009447074
      },
      "m_o": {
        "n": 124,
        "nan_frac": 0.0,
        "mean": 0.004512851614685309,
        "median": 0.0798378475010395,
        "std": 0.9047163230061392,
        "iqr": 1.3057647496461868,
        "mad": 0.6453683376312256,
        "mad_sigma": 0.956823097372055,
        "skewness": -0.21794309926843133,
        "kurtosis_excess": -0.4339522477807125,
        "delta_mean_median": -0.07532499588635419
      },
      "d_n": {
        "n": 124,
        "nan_frac": 0.0,
        "mean": 0.24473752568085347,
        "median": -0.0965740792453289,
        "std": 1.088770783932585,
        "iqr": 0.9423008188605309,
        "mad": 0.4200211949646473,
        "mad_sigma": 0.622723423654586,
        "skewness": 2.0211545997242943,
        "kurtosis_excess": 4.027036233048343,
        "delta_mean_median": 0.3413116049261824
      },
      "d_l": {
        "n": 124,
        "nan_frac": 0.0,
        "mean": 0.2704409155694227,
        "median": -0.05902153067290783,
        "std": 0.9216815461059823,
        "iqr": 1.404224932193756,
        "mad": 0.6509159505367279,
        "mad_sigma": 0.9650479882657528,
        "skewness": 0.7090045321261031,
        "kurtosis_excess": -0.16484638015881936,
        "delta_mean_median": 0.3294624462423305
      },
      "d_s": {
        "n": 124,
        "nan_frac": 0.0,
        "mean": 0.4110213049777573,
        "median": 0.16190572828054428,
        "std": 1.027499450321929,
        "iqr": 1.3759737983345985,
        "mad": 0.6071256771683693,
        "mad_sigma": 0.9001245289698243,
        "skewness": 0.974064174716836,
        "kurtosis_excess": 0.3952008690815738,
        "delta_mean_median": 0.24911557669721301
      },
      "e_e": {
        "n": 124,
        "nan_frac": 0.0,
        "mean": -0.11688697644539418,
        "median": -2.1811574697494507e-06,
        "std": 1.0943413196466136,
        "iqr": 1.351899579167366,
        "mad": 0.6744929011911154,
        "mad_sigma": 1.0000031753059475,
        "skewness": -0.5620674266845873,
        "kurtosis_excess": 0.30060939498492045,
        "delta_mean_median": -0.11688479528792443
      },
      "e_s": {
        "n": 124,
        "nan_frac": 0.0,
        "mean": 0.2787405975884007,
        "median": 0.21943919360637665,
        "std": 0.5648063012145293,
        "iqr": 0.8038254082202911,
        "mad": 0.39792589843273163,
        "mad_sigma": 0.5899649370163679,
        "skewness": 0.6592028608718855,
        "kurtosis_excess": 0.4542764681500153,
        "delta_mean_median": 0.05930140398202405
      },
      "e_m": {
        "n": 124,
        "nan_frac": 0.0,
        "mean": -0.08546373217306551,
        "median": 1.0011717677116394e-07,
        "std": 1.0496600615957545,
        "iqr": 1.369678944349289,
        "mad": 0.6744908201508224,
        "mad_sigma": 1.0000000899556092,
        "skewness": -0.027378395900224936,
        "kurtosis_excess": -0.33468981914305074,
        "delta_mean_median": -0.08546383229024228
      }
    }
  },
  "entropy_provisional": {},
  "tau_summary": {
    "axes": {
      "m": {
        "tau_sec": 8.0,
        "dt_sec": 4.0,
        "max_lag_sec": 60.0,
        "threshold": 0.36787944117144233,
        "nan_frac": 0.0,
        "nan_policy": "strict"
      },
      "d": {
        "tau_sec": 8.0,
        "dt_sec": 4.0,
        "max_lag_sec": 60.0,
        "threshold": 0.36787944117144233,
        "nan_frac": 0.0,
        "nan_policy": "strict"
      },
      "e": {
        "tau_sec": 12.0,
        "dt_sec": 4.0,
        "max_lag_sec": 60.0,
        "threshold": 0.36787944117144233,
        "nan_frac": 0.0,
        "nan_policy": "strict"
      }
    },
    "subcoords": {
      "m_a": {
        "tau_sec": 8.0,
        "dt_sec": 4.0,
        "max_lag_sec": 60.0,
        "threshold": 0.36787944117144233,
        "nan_frac": 0.0,
        "nan_policy": "strict"
      },
      "m_e": {
        "tau_sec": 16.0,
        "dt_sec": 4.0,
        "max_lag_sec": 60.0,
        "threshold": 0.36787944117144233,
        "nan_frac": 0.0,
        "nan_policy": "strict"
      },
      "m_o": {
        "tau_sec": 16.0,
        "dt_sec": 4.0,
        "max_lag_sec": 60.0,
        "threshold": 0.36787944117144233,
        "nan_frac": 0.0,
        "nan_policy": "strict"
      },
      "d_n": {
        "tau_sec": 8.0,
        "dt_sec": 4.0,
        "max_lag_sec": 60.0,
        "threshold": 0.36787944117144233,
        "nan_frac": 0.0,
        "nan_policy": "strict"
      },
      "d_l": {
        "tau_sec": 16.0,
        "dt_sec": 4.0,
        "max_lag_sec": 60.0,
        "threshold": 0.36787944117144233,