{
  "dataset_id": "ds003478:sub-051:rest_Rest_run-01",
  "subject": "sub-051",
  "session": null,
  "reliability_axes": {
    "m": 0.6231773244124564,
    "d": 0.9090813878169011,
    "e": 0.7698289663078205
  },
  "reliability_subcoords": {
    "m_a": 0.8619328269031691,
    "m_e": 0.7206650095240945,
    "m_o": 0.7722313314822183,
    "d_n": 0.5323060486729838,
    "d_l": 0.9089478476524988,
    "d_s": 0.9068914443420453,
    "e_e": 0.7869743399883057,
    "e_s": 0.802727529149102,
    "e_m": 0.7689574098127747
  }
}