{
  "dataset_id": "ds003478:sub-051:rest_Rest_run-01",
  "subject": "sub-051",
  "session": null,
  "coverage": {
    "epochs": 119,
    "seconds": 476.0
  },
  "artifacts": {
    "methods": [
      "none"
    ],
    "bad_eeg_channels": [],
    "n_bad_eeg_channels": 0,
    "stem_collisions": {}
  },
  "ensemble": {
    "var_by_subcoord": {
      "m_a": 0.004173154942691326,
      "m_e": 0.015405021607875824,
      "m_o": 0.0018978480948135257,
      "d_n": 0.005186827853322029,
      "d_l": 0.03966999799013138,
      "d_s": 0.020112816244363785,
      "e_e": 0.0,
      "e_s": 0.01272924430668354,
      "e_m": 0.0
    },
    "var_mean": 0.011019434559986822,
    "var_max": 0.03966999799013138
  },
  "reliability": {
    "axes": {
      "m": 0.6231773244124564,
      "d": 0.9090813878169011,
      "e": 0.7698289663078205
    },
    "subcoords": {
      "m_a": 0.8619328269031691,
      "m_e": 0.7206650095240945,
      "m_o": 0.7722313314822183,
      "d_n": 0.5323060486729838,
      "d_l": 0.9089478476524988,
      "d_s": 0.9068914443420453,
      "e_e": 0.7869743399883057,
      "e_s": 0.802727529149102,
      "e_m": 0.7689574098127747
    }
  },
  "dist_summary": {
    "axes": {
      "m": {
        "n": 119,
        "nan_frac": 0.0,
        "mean": 0.01280473977984751,
        "median": -0.014415387064218521,
        "std": 0.37336023844924515,
        "iqr": 0.4495248645544052,
        "mad": 0.2260422371327877,
        "mad_sigma": 0.33513022077307103,
        "skewness": 0.7175777505576946,
        "kurtosis_excess": 1.3328189778921384,
        "delta_mean_median": 0.02722012684406603
      },
      "d": {
        "n": 119,
        "nan_frac": 0.0,
        "mean": 0.5157268166810102,
        "median": 0.0692172721028328,
        "std": 0.9455460660089263,
        "iqr": 1.646068423986435,
        "mad": 0.626758523285389,
        "mad_sigma": 0.9292321866229176,
        "skewness": 0.45452048469808853,
        "kurtosis_excess": -1.1935169721142593,
        "delta_mean_median": 0.4465095445781774
      },
      "e": {
        "n": 119,
        "nan_frac": 0.0,
        "mean": 0.0612601482958979,
        "median": 0.11027748137712479,
        "std": 0.5370643338062852,
        "iqr": 0.7222828418016434,
        "mad": 0.34954842180013657,
        "mad_sigma": 0.5182404901608825,
        "skewness": -0.1823671737410346,
        "kurtosis_excess": -0.08626545989970325,
        "delta_mean_median": -0.04901733308122689
      }
    },
    "subcoords": {
      "m_a": {
        "n": 119,
        "nan_frac": 0.0,
        "mean": -0.005835034389502737,
        "median": -0.09810157865285873,
        "std": 0.7553575868773168,
        "iqr": 1.4866732060909271,
        "mad": 0.7075525894761086,
        "mad_sigma": 1.0490174691572784,
        "skewness": -0.137541132617644,
        "kurtosis_excess": -1.317868755290898,
        "delta_mean_median": 0.092266544263356
      },
      "m_e": {
        "n": 119,
        "nan_frac": 0.0,
        "mean": -0.03550123078983371,
        "median": -0.044705212116241455,
        "std": 0.3195421519119718,
        "iqr": 0.4821762889623642,
        "mad": 0.2457868903875351,
        "mad_sigma": 0.3644036436885595,
        "skewness": -0.06267392757405207,
        "kurtosis_excess": -0.7304798245839597,
        "delta_mean_median": 0.009203981326407748
      },
      "m_o": {
        "n": 119,
        "nan_frac": 0.0,
        "mean": 0.09752683949210689,
        "median": 0.12600308656692505,
        "std": 0.8369058832260169,
        "iqr": 1.2180668115615845,
        "mad": 0.5913853347301483,
        "mad_sigma": 0.8767878972709179,
        "skewness": 0.21953936964725299,
        "kurtosis_excess": -0.3374530350146223,
        "delta_mean_median": -0.028476247074818162
      },
      "d_n": {
        "n": 119,
        "nan_frac": 0.0,
        "mean": 0.07524117949504812,
        "median": 0.040504395961761475,
        "std": 0.4661439915077934,
        "iqr": 0.5452793315052986,
        "mad": 0.27179425954818726,
        "mad_sigma": 0.4029621692061424,
        "skewness": 0.8837282461067549,
        "kurtosis_excess": 1.9150376305977774,
        "delta_mean_median": 0.034736783533286644
      },
      "d_l": {
        "n": 119,
        "nan_frac": 0.0,
        "mean": 0.7620690679099379,
        "median": -0.17018920183181763,
        "std": 1.424132363046602,
        "iqr": 2.5695393681526184,
        "mad": 0.5263485312461853,
        "mad_sigma": 0.7803643324255943,
        "skewness": 0.5282923510461867,
        "kurtosis_excess": -1.267251434078583,
        "delta_mean_median": 0.9322582697417555
      },
      "d_s": {
        "n": 119,
        "nan_frac": 0.0,
        "mean": 0.5808774483304063,
        "median": 0.11501559615135193,
        "std": 1.3423008792996018,
        "iqr": 2.311902701854706,
        "mad": 0.8575585782527924,
        "mad_sigma": 1.27141634811759,
        "skewness": 0.593156563664156,
        "kurtosis_excess": -0.8780165732881748,
        "delta_mean_median": 0.4658618521790544
      },
      "e_e": {
        "n": 119,
        "nan_frac": 0.0,
        "mean": -0.13670136630848176,
        "median": 0.0,
        "std": 1.0651908495373585,
        "iqr": 1.4127253592014313,
        "mad": 0.6744906902313232,
        "mad_sigma": 0.9999998973369598,
        "skewness": -0.3687019833590051,
        "kurtosis_excess": -0.20349796022729283,
        "delta_mean_median": -0.13670136630848176
      },
      "e_s": {
        "n": 119,
        "nan_frac": 0.0,
        "mean": 0.3192805307252066,
        "median": 0.3023631274700165,
        "std": 0.47730952372770585,
        "iqr": 0.6389587819576263,
        "mad": 0.3216755986213684,
        "mad_sigma": 0.47691624251604076,
        "skewness": 0.38882037365507005,
        "kurtosis_excess": -0.4160315766323257,
        "delta_mean_median": 0.016917403255190144
      },
      "e_m": {
        "n": 119,
        "nan_frac": 0.0,
        "mean": 0.3377487361822434,
        "median": 0.0,
        "std": 1.4432377977495991,
        "iqr": 1.2463340014219284,
        "mad": 0.6744906306266785,
        "mad_sigma": 0.9999998089671135,
        "skewness": 1.9561366016445088,
        "kurtosis_excess": 4.799576289272197,
        "delta_mean_median": 0.3377487361822434
      }
    }
  },
  "entropy_provisional": {},
  "tau_summary": {
    "axes": {
      "m": {
        "tau_sec": 8.0,
        "dt_sec": 4.0,
        "max_lag_sec": 60.0,
        "threshold": 0.36787944117144233,
        "nan_frac": 0.0,
        "nan_policy": "strict"
      },
      "d": {
        "tau_sec": 28.0,
        "dt_sec": 4.0,
        "max_lag_sec": 60.0,
        "threshold": 0.36787944117144233,
        "nan_frac": 0.0,
        "nan_policy": "strict"
      },
      "e": {
        "tau_sec": 32.0,
        "dt_sec": 4.0,
        "max_lag_sec": 60.0,
        "threshold": 0.36787944117144233,
        "nan_frac": 0.0,
        "nan_policy": "strict"
      }
    },
    "subcoords": {
      "m_a": {
        "tau_sec": 20.0,
        "dt_sec": 4.0,
        "max_lag_sec": 60.0,
        "threshold": 0.36787944117144233,
        "nan_frac": 0.0,
        "nan_policy": "strict"
      },
      "m_e": {
        "tau_sec": 24.0,
        "dt_sec": 4.0,
        "max_lag_sec": 60.0,
        "threshold": 0.36787944117144233,
        "nan_frac": 0.0,
        "nan_policy": "strict"
      },
      "m_o": {
        "tau_sec": 28.0,
        "dt_sec": 4.0,
        "max_lag_sec": 60.0,
        "threshold": 0.36787944117144233,
        "nan_frac": 0.0,
        "nan_policy": "strict"
      },
      "d_n": {
        "tau_sec": 8.0,
        "dt_sec": 4.0,
        "max_lag_sec": 60.0,
        "threshold": 0.36787944117144233,
        "nan_frac": 0.0,
        "nan_policy": "strict"
      },
      "d_l": {
        "tau_sec": 24.0,
        "dt_sec": 4.0,
        "max_lag_sec": 60.0,
        "threshold": 0.36787944117144233,
        "nan_frac": 0.0,
        "nan_policy": "strict"
      },