{
  "dataset_id": "ds003478:sub-080:rest_Rest_run-01",
  "subject": "sub-080",
  "session": null,
  "reliability_axes": {
    "m": 0.44801584280698803,
    "d": 0.5811433996463861,
    "e": 0.8273211132775214
  },
  "reliability_subcoords": {
    "m_a": 0.4685792461015077,
    "m_e": 0.39506390859801255,
    "m_o": 0.5909518979874455,
    "d_n": 0.51637137991393,
    "d_l": 0.6660832809199551,
    "d_s": 0.5625073774335153,
    "e_e": 0.8158840648442881,
    "e_s": 0.4353153552465175,
    "e_m": 0.6534259242000114
  }
}