{
  "dataset_id": "ds003478:sub-080:rest_Rest_run-01",
  "subject": "sub-080",
  "session": null,
  "coverage": {
    "epochs": 114,
    "seconds": 456.0
  },
  "artifacts": {
    "methods": [
      "none"
    ],
    "bad_eeg_channels": [],
    "n_bad_eeg_channels": 0,
    "stem_collisions": {}
  },
  "ensemble": {
    "var_by_subcoord": {
      "m_a": 0.0023984231520444155,
      "m_e": 0.005652636289596558,
      "m_o": 0.0008931558695621789,
      "d_n": 0.0005116587271913886,
      "d_l": 0.06638171523809433,
      "d_s": 0.3676885664463043,
      "e_e": 5.588115148565109e-13,
      "e_s": 0.09736445546150208,
      "e_m": 0.0
    },
    "var_mean": 0.060098956798317116,
    "var_max": 0.3676885664463043
  },
  "reliability": {
    "axes": {
      "m": 0.44801584280698803,
      "d": 0.5811433996463861,
      "e": 0.8273211132775214
    },
    "subcoords": {
      "m_a": 0.4685792461015077,
      "m_e": 0.39506390859801255,
      "m_o": 0.5909518979874455,
      "d_n": 0.51637137991393,
      "d_l": 0.6660832809199551,
      "d_s": 0.5625073774335153,
      "e_e": 0.8158840648442881,
      "e_s": 0.4353153552465175,
      "e_m": 0.6534259242000114
    }
  },
  "dist_summary": {
    "axes": {
      "m": {
        "n": 114,
        "nan_frac": 0.0,
        "mean": 0.07472146761995789,
        "median": 0.0630299560725689,
        "std": 0.5080078895651796,
        "iqr": 0.5618067495524883,
        "mad": 0.30108656361699104,
        "mad_sigma": 0.4463909392185509,
        "skewness": -0.0541939543345888,
        "kurtosis_excess": 1.9753558864256417,
        "delta_mean_median": 0.011691511547388997
      },
      "d": {
        "n": 114,
        "nan_frac": 0.0,
        "mean": 0.48208244438201453,
        "median": 0.5626154839992523,
        "std": 1.050337835532939,
        "iqr": 1.8680083602666855,
        "mad": 0.9227226972579956,
        "mad_sigma": 1.3680286709547043,
        "skewness": 0.3564981217557605,
        "kurtosis_excess": -0.8691604408011004,
        "delta_mean_median": -0.08053303961723779
      },
      "e": {
        "n": 114,
        "nan_frac": 0.0,
        "mean": 0.25095120828655926,
        "median": 0.30199606716632843,
        "std": 0.47967404352929194,
        "iqr": 0.6831673104315996,
        "mad": 0.34416794404387474,
        "mad_sigma": 0.5102633938394486,
        "skewness": -0.3029183635323529,
        "kurtosis_excess": -0.4404104748492479,
        "delta_mean_median": -0.05104485887976917
      }
    },
    "subcoords": {
      "m_a": {
        "n": 114,
        "nan_frac": 0.0,
        "mean": 0.013630581284432034,
        "median": 0.0064009930938482285,
        "std": 0.9149330430933749,
        "iqr": 1.1219086050987244,
        "mad": 0.5666764080524445,
        "mad_sigma": 0.8401544425785541,
        "skewness": -2.24696798624407,
        "kurtosis_excess": 14.399343547325945,
        "delta_mean_median": 0.007229588190583806
      },
      "m_e": {
        "n": 114,
        "nan_frac": 0.0,
        "mean": 0.06357430783406783,
        "median": 0.08936688303947449,
        "std": 0.447245506629524,
        "iqr": 0.5593697018921375,
        "mad": 0.29524703323841095,
        "mad_sigma": 0.43773325147926806,
        "skewness": -0.5821092438713541,
        "kurtosis_excess": 3.158354059102776,
        "delta_mean_median": -0.025792575205406662
      },
      "m_o": {
        "n": 114,
        "nan_frac": 0.0,
        "mean": 0.17251543601027183,
        "median": -0.009208040777593851,
        "std": 1.005791103953608,
        "iqr": 1.0298726707696915,
        "mad": 0.5248682796955109,
        "mad_sigma": 0.7781697114765643,
        "skewness": 1.5708616675602258,
        "kurtosis_excess": 3.07396191618236,
        "delta_mean_median": 0.18172347678786568
      },
      "d_n": {
        "n": 114,
        "nan_frac": 0.0,
        "mean": 0.4531449477531408,
        "median": -0.08435243740677834,
        "std": 1.7159403453469317,
        "iqr": 1.0975575298070908,
        "mad": 0.47005102410912514,
        "mad_sigma": 0.6968976483441889,
        "skewness": 1.756830751031647,
        "kurtosis_excess": 2.2754183735991624,
        "delta_mean_median": 0.5374973851599192
      },
      "d_l": {
        "n": 114,
        "nan_frac": 0.0,
        "mean": 0.4162126914189573,
        "median": 0.16972489655017853,
        "std": 1.1532040694273504,
        "iqr": 1.948537603020668,
        "mad": 0.8638142198324203,
        "mad_sigma": 1.2806909623235463,
        "skewness": 0.7097256648719477,
        "kurtosis_excess": -0.39488520503645086,
        "delta_mean_median": 0.24648779486877875
      },
      "d_s": {
        "n": 114,
        "nan_frac": 0.0,
        "mean": 0.7266607927648645,
        "median": 0.5222559571266174,
        "std": 1.3213652097271469,
        "iqr": 2.160420075058937,
        "mad": 1.0656982958316803,
        "mad_sigma": 1.580004293400049,
        "skewness": 0.423783306639239,
        "kurtosis_excess": -1.0414499753345619,
        "delta_mean_median": 0.20440483563824707
      },
      "e_e": {
        "n": 114,
        "nan_frac": 0.0,
        "mean": -0.03326789247231525,
        "median": 0.0,
        "std": 0.90562376819975,
        "iqr": 1.3875698745250702,
        "mad": 0.6744906902313232,
        "mad_sigma": 0.9999998973369598,
        "skewness": -0.15219041878277936,
        "kurtosis_excess": -0.5683555525081525,
        "delta_mean_median": -0.03326789247231525
      },
      "e_s": {
        "n": 114,
        "nan_frac": 0.0,
        "mean": 0.6506875288068202,
        "median": 0.6325700283050537,
        "std": 0.44451108971366454,
        "iqr": 0.7099776268005371,
        "mad": 0.3482903093099594,
        "mad_sigma": 0.5163752125829458,
        "skewness": -0.25245173655509706,
        "kurtosis_excess": -0.3498582311304461,
        "delta_mean_median": 0.018117500501766526
      },
      "e_m": {
        "n": 114,
        "nan_frac": 0.0,
        "mean": 0.04260897360693075,
        "median": 0.0,
        "std": 1.0051870833094252,
        "iqr": 1.3627820909023285,
        "mad": 0.6744907200336456,
        "mad_sigma": 0.999999941521883,
        "skewness": 0.11577329541369351,
        "kurtosis_excess": -0.3404185549570058,
        "delta_mean_median": 0.04260897360693075
      }
    }
  },
  "entropy_provisional": {},
  "tau_summary": {
    "axes": {
      "m": {
        "tau_sec": 8.0,
        "dt_sec": 4.0,
        "max_lag_sec": 60.0,
        "threshold": 0.36787944117144233,
        "nan_frac": 0.0,
        "nan_policy": "strict"
      },
      "d": {
        "tau_sec": 8.0,
        "dt_sec": 4.0,
        "max_lag_sec": 60.0,
        "threshold": 0.36787944117144233,
        "nan_frac": 0.0,
        "nan_policy": "strict"
      },
      "e": {
        "tau_sec": 36.0,
        "dt_sec": 4.0,
        "max_lag_sec": 60.0,
        "threshold": 0.36787944117144233,
        "nan_frac": 0.0,
        "nan_policy": "strict"
      }
    },
    "subcoords": {
      "m_a": {
        "tau_sec": 8.0,
        "dt_sec": 4.0,
        "max_lag_sec": 60.0,
        "threshold": 0.36787944117144233,
        "nan_frac": 0.0,
        "nan_policy": "strict"
      },
      "m_e": {
        "tau_sec": 8.0,
        "dt_sec": 4.0,
        "max_lag_sec": 60.0,
        "threshold": 0.36787944117144233,
        "nan_frac": 0.0,
        "nan_policy": "strict"
      },
      "m_o": {
        "tau_sec": 8.0,
        "dt_sec": 4.0,
        "max_lag_sec": 60.0,
        "threshold": 0.36787944117144233,
        "nan_frac": 0.0,
        "nan_policy": "strict"
      },
      "d_n": {
        "tau_sec": 8.0,
        "dt_sec": 4.0,
        "max_lag_sec": 60.0,
        "threshold": 0.36787944117144233,
        "nan_frac": 0.0,
        "nan_policy": "strict"
      },
      "d_l": {
        "tau_sec": 16.0,
        "dt_sec": 4.0,
        "max_lag_sec": 60.0,
        "threshold": 0.36787944117144233,
        "nan_frac": 0.0,
        "nan_policy": "strict"
      },