{
  "dataset_id": "ds003478:sub-099:rest_Rest_run-01",
  "subject": "sub-099",
  "session": null,
  "reliability_axes": {
    "m": 0.6967295465236553,
    "d": 0.7167738546836318,
    "e": 0.8977874547323746
  },
  "reliability_subcoords": {
    "m_a": 0.4693324493464826,
    "m_e": 0.8302266243351335,
    "m_o": 0.877108899043036,
    "d_n": 0.6935595341907054,
    "d_l": 0.6786852875201754,
    "d_s": 0.8228692736647597,
    "e_e": 0.923386671602065,
    "e_s": 0.5855605206005965,
    "e_m": 0.5878599032870503
  }
}