{
  "dataset_id": "ds003478:sub-099:rest_Rest_run-01",
  "subject": "sub-099",
  "session": null,
  "coverage": {
    "epochs": 124,
    "seconds": 496.0
  },
  "artifacts": {
    "methods": [
      "none"
    ],
    "bad_eeg_channels": [
      "CZ"
    ],
    "n_bad_eeg_channels": 1,
    "stem_collisions": {}
  },
  "ensemble": {
    "var_by_subcoord": {
      "m_a": 0.0018205092055723071,
      "m_e": 0.002581032458692789,
      "m_o": 0.004464988596737385,
      "d_n": 0.0018280675867572427,
      "d_l": 0.006746575236320496,
      "d_s": 0.01706576906144619,
      "e_e": 6.748214725731116e-13,
      "e_s": 0.004597348161041737,
      "e_m": 0.0
    },
    "var_mean": 0.004344921145249219,
    "var_max": 0.01706576906144619
  },
  "reliability": {
    "axes": {
      "m": 0.6967295465236553,
      "d": 0.7167738546836318,
      "e": 0.8977874547323746
    },
    "subcoords": {
      "m_a": 0.4693324493464826,
      "m_e": 0.8302266243351335,
      "m_o": 0.877108899043036,
      "d_n": 0.6935595341907054,
      "d_l": 0.6786852875201754,
      "d_s": 0.8228692736647597,
      "e_e": 0.923386671602065,
      "e_s": 0.5855605206005965,
      "e_m": 0.5878599032870503
    }
  },
  "dist_summary": {
    "axes": {
      "m": {
        "n": 124,
        "nan_frac": 0.0,
        "mean": -0.11771828841958795,
        "median": -0.07398438453674316,
        "std": 0.6736671827599268,
        "iqr": 0.8532791212201118,
        "mad": 0.44249023497104645,
        "mad_sigma": 0.6560360223680735,
        "skewness": -0.23996696216771535,
        "kurtosis_excess": -0.5540522454094492,
        "delta_mean_median": -0.04373390388284479
      },
      "d": {
        "n": 124,
        "nan_frac": 0.0,
        "mean": 0.3048368947310073,
        "median": 0.20566479861736298,
        "std": 0.6928654459242091,
        "iqr": 0.9705888330936432,
        "mad": 0.49148590862751007,
        "mad_sigma": 0.7286770081311464,
        "skewness": 0.4823273262934002,
        "kurtosis_excess": -0.4255338123377861,
        "delta_mean_median": 0.0991720961136443
      },
      "e": {
        "n": 124,
        "nan_frac": 0.0,
        "mean": -0.16909303166528022,
        "median": 0.004622109467163682,
        "std": 0.8946545108908822,
        "iqr": 0.5685273334383965,
        "mad": 0.27354843192733824,
        "mad_sigma": 0.40556290517547167,
        "skewness": -1.723023382225791,
        "kurtosis_excess": 2.5559117834788836,
        "delta_mean_median": -0.1737151411324439
      }
    },
    "subcoords": {
      "m_a": {
        "n": 124,
        "nan_frac": 0.0,
        "mean": -0.08354851264964729,
        "median": -0.013474752195179462,
        "std": 0.9728691503106939,
        "iqr": 1.0825034230947495,
        "mad": 0.5357374250888824,
        "mad_sigma": 0.794284306436777,
        "skewness": -0.8798830241690266,
        "kurtosis_excess": 2.6280766394246022,
        "delta_mean_median": -0.07007376045446782
      },
      "m_e": {
        "n": 124,
        "nan_frac": 0.0,
        "mean": -0.12097108816810613,
        "median": -0.031109487637877464,
        "std": 0.4471743591952018,
        "iqr": 0.6380637809634209,
        "mad": 0.28824564814567566,
        "mad_sigma": 0.4273529979407787,
        "skewness": -0.5275881517205352,
        "kurtosis_excess": -0.6199579408142983,
        "delta_mean_median": -0.08986160053022867
      },
      "m_o": {
        "n": 124,
        "nan_frac": 0.0,
        "mean": -0.16082100017510745,
        "median": 0.07918763533234596,
        "std": 1.1525298474351846,
        "iqr": 1.1894972175359726,
        "mad": 0.5955990217626095,
        "mad_sigma": 0.8830351096652448,
        "skewness": -1.044171899428334,
        "kurtosis_excess": 0.6999051380821157,
        "delta_mean_median": -0.2400086355074534
      },
      "d_n": {
        "n": 124,
        "nan_frac": 0.0,
        "mean": 0.06533328017159816,
        "median": -0.03320614993572235,
        "std": 0.5234427852037488,
        "iqr": 0.4860191158950329,
        "mad": 0.24529845267534256,
        "mad_sigma": 0.3636794859364629,
        "skewness": 1.1379120835295995,
        "kurtosis_excess": 1.1617402091181708,
        "delta_mean_median": 0.09853943010732051
      },
      "d_l": {
        "n": 124,
        "nan_frac": 0.0,
        "mean": 0.42165145968958256,
        "median": 0.3892442435026169,
        "std": 1.0284455179824152,
        "iqr": 1.4350207448005676,
        "mad": 0.7278742343187332,
        "mad_sigma": 1.0791463398009538,
        "skewness": 0.40547075595025894,
        "kurtosis_excess": -0.34166170606817614,
        "delta_mean_median": 0.03240721618696568
      },
      "d_s": {
        "n": 124,
        "nan_frac": 0.0,
        "mean": 0.39042213116021407,
        "median": 0.053689438849687576,
        "std": 1.1175552803945343,
        "iqr": 1.4207841530442238,
        "mad": 0.6664272546768188,
        "mad_sigma": 0.9880450477838516,
        "skewness": 0.9612727562024121,
        "kurtosis_excess": 0.08207854980613716,
        "delta_mean_median": 0.3367326923105265
      },
      "e_e": {
        "n": 124,
        "nan_frac": 0.0,
        "mean": -0.5418011859780357,
        "median": 2.084299921989441e-06,
        "std": 1.858092596250018,
        "iqr": 1.3493294268846512,
        "mad": 0.6744906902313232,
        "mad_sigma": 0.9999998973369598,
        "skewness": -1.7238820320519903,
        "kurtosis_excess": 2.1611687700559292,
        "delta_mean_median": -0.5418032702779577
      },
      "e_s": {
        "n": 124,
        "nan_frac": 0.0,
        "mean": 0.3306627782482293,
        "median": 0.3044132888317108,
        "std": 0.7717776434975627,
        "iqr": 1.0405945591628551,
        "mad": 0.5088535249233246,
        "mad_sigma": 0.754426236051321,
        "skewness": 0.7208662979295337,
        "kurtosis_excess": 0.7709846197574461,
        "delta_mean_median": 0.0262494894165185
      },
      "e_m": {
        "n": 124,
        "nan_frac": 0.0,
        "mean": 0.06268466790507157,
        "median": 0.0,
        "std": 0.9723345333752276,
        "iqr": 1.3400669246912003,
        "mad": 0.674490749835968,
        "mad_sigma": 0.9999999857068061,
        "skewness": 0.5594011248187092,
        "kurtosis_excess": 0.13562233580703342,
        "delta_mean_median": 0.06268466790507157
      }
    }
  },
  "entropy_provisional": {},
  "tau_summary": {
    "axes": {
      "m": {
        "tau_sec": 36.0,
        "dt_sec": 4.0,
        "max_lag_sec": 60.0,
        "threshold": 0.36787944117144233,
        "nan_frac": 0.0,
        "nan_policy": "strict"
      },
      "d": {
        "tau_sec": 16.0,
        "dt_sec": 4.0,
        "max_lag_sec": 60.0,
        "threshold": 0.36787944117144233,
        "nan_frac": 0.0,
        "nan_policy": "strict"
      },
      "e": {
        "tau_sec": 36.0,
        "dt_sec": 4.0,
        "max_lag_sec": 60.0,
        "threshold": 0.36787944117144233,
        "nan_frac": 0.0,
        "nan_policy": "strict"
      }
    },
    "subcoords": {
      "m_a": {
        "tau_sec": 8.0,
        "dt_sec": 4.0,
        "max_lag_sec": 60.0,
        "threshold": 0.36787944117144233,
        "nan_frac": 0.0,
        "nan_policy": "strict"
      },
      "m_e": {
        "tau_sec": 24.0,
        "dt_sec": 4.0,
        "max_lag_sec": 60.0,
        "threshold": 0.36787944117144233,
        "nan_frac": 0.0,
        "nan_policy": "strict"
      },
      "m_o": {
        "tau_sec": 40.0,
        "dt_sec": 4.0,
        "max_lag_sec": 60.0,
        "threshold": 0.36787944117144233,
        "nan_frac": 0.0,
        "nan_policy": "strict"
      },
      "d_n": {
        "tau_sec": 12.0,
        "dt_sec": 4.0,
        "max_lag_sec": 60.0,
        "threshold": 0.36787944117144233,
        "nan_frac": 0.0,
        "nan_policy": "strict"
      },
      "d_l": {
        "tau_sec": 16.0,
        "dt_sec": 4.0,
        "max_lag_sec": 60.0,
        "threshold": 0.36787944117144233,