{
  "dataset_id": "ds003478:sub-046:rest_Rest_run-02",
  "subject": "sub-046",
  "session": null,
  "reliability_axes": {
    "m": 0.6858445205955199,
    "d": 0.8327951090796363,
    "e": 0.773730994094885
  },
  "reliability_subcoords": {
    "m_a": 0.6919309828134371,
    "m_e": 0.8789222664159165,
    "m_o": 0.7697670884538879,
    "d_n": 0.9315461606266453,
    "d_l": 0.7278940168675385,
    "d_s": 0.9374419899427529,
    "e_e": 0.7191266640382024,
    "e_s": 0.6331428035806121,
    "e_m": null
  }
}