{
  "dataset_id": "ds003478:sub-072:rest_Rest_run-01",
  "subject": "sub-072",
  "session": null,
  "reliability_axes": {
    "m": 0.5970826040992857,
    "d": 0.7744452161247779,
    "e": 0.7445337222669044
  },
  "reliability_subcoords": {
    "m_a": 0.5798355811835112,
    "m_e": 0.8223116051608602,
    "m_o": 0.8159557526978364,
    "d_n": 0.8872531275710946,
    "d_l": 0.7421948822479623,
    "d_s": 0.8226685625122481,
    "e_e": 0.7877877330446782,
    "e_s": 0.6171933178832449,
    "e_m": 0.8022894638165833
  }
}