{
  "dataset_id": "ds003478:sub-072:rest_Rest_run-01",
  "subject": "sub-072",
  "session": null,
  "coverage": {
    "epochs": 123,
    "seconds": 492.0
  },
  "artifacts": {
    "methods": [
      "none"
    ],
    "bad_eeg_channels": [],
    "n_bad_eeg_channels": 0,
    "stem_collisions": {}
  },
  "ensemble": {
    "var_by_subcoord": {
      "m_a": 0.005696236155927181,
      "m_e": 0.0016520267818123102,
      "m_o": 0.0009095972636714578,
      "d_n": 0.009939922019839287,
      "d_l": 0.008221902884542942,
      "d_s": 0.04106159880757332,
      "e_e": 0.0,
      "e_s": 0.011635362170636654,
      "e_m": 0.0
    },
    "var_mean": 0.008790738453778127,
    "var_max": 0.04106159880757332
  },
  "reliability": {
    "axes": {
      "m": 0.5970826040992857,
      "d": 0.7744452161247779,
      "e": 0.7445337222669044
    },
    "subcoords": {
      "m_a": 0.5798355811835112,
      "m_e": 0.8223116051608602,
      "m_o": 0.8159557526978364,
      "d_n": 0.8872531275710946,
      "d_l": 0.7421948822479623,
      "d_s": 0.8226685625122481,
      "e_e": 0.7877877330446782,
      "e_s": 0.6171933178832449,
      "e_m": 0.8022894638165833
    }
  },
  "dist_summary": {
    "axes": {
      "m": {
        "n": 123,
        "nan_frac": 0.0,
        "mean": -0.18725273161236863,
        "median": -0.20130228996276855,
        "std": 0.5178612112724644,
        "iqr": 0.7224379852414131,
        "mad": 0.36717742681503296,
        "mad_sigma": 0.5443772529959678,
        "skewness": 0.029762215383778046,
        "kurtosis_excess": -0.721085675186528,
        "delta_mean_median": 0.014049558350399921
      },
      "d": {
        "n": 123,
        "nan_frac": 0.0,
        "mean": 0.3242177998389655,
        "median": 0.11267107725143433,
        "std": 0.8960586552270507,
        "iqr": 1.3754561245441437,
        "mad": 0.6404847502708435,
        "mad_sigma": 0.9495826907515525,
        "skewness": 0.6400153343894371,
        "kurtosis_excess": -0.6655712469313495,
        "delta_mean_median": 0.21154672258753116
      },
      "e": {
        "n": 123,
        "nan_frac": 0.0,
        "mean": 0.3273812127311438,
        "median": 0.2811780273914337,
        "std": 0.5351307697193735,
        "iqr": 0.762401919811964,
        "mad": 0.38471856713294983,
        "mad_sigma": 0.5703837476313114,
        "skewness": 0.28014536930476586,
        "kurtosis_excess": -0.5707565588310599,
        "delta_mean_median": 0.04620318533971007
      }
    },
    "subcoords": {
      "m_a": {
        "n": 123,
        "nan_frac": 0.0,
        "mean": -0.33520656821083245,
        "median": -0.00825926661491394,
        "std": 0.90897282329291,
        "iqr": 1.4736365675926208,
        "mad": 0.5708996951580048,
        "mad_sigma": 0.8464158880412578,
        "skewness": -0.642263058907656,
        "kurtosis_excess": -0.8571313665974181,
        "delta_mean_median": -0.3269473015959185
      },
      "m_e": {
        "n": 123,
        "nan_frac": 0.0,
        "mean": -0.1532778763160208,
        "median": -0.040445905178785324,
        "std": 0.4809301012205456,
        "iqr": 0.7026766836643219,
        "mad": 0.35056762769818306,
        "mad_sigma": 0.5197515648253261,
        "skewness": -0.5331446771463033,
        "kurtosis_excess": -0.7544295730051318,
        "delta_mean_median": -0.11283197113723548
      },
      "m_o": {
        "n": 123,
        "nan_frac": 0.0,
        "mean": -0.0249300440603004,
        "median": 0.05667165666818619,
        "std": 0.8735821805223234,
        "iqr": 1.3924897611141205,
        "mad": 0.6741602793335915,
        "mad_sigma": 0.9995100301399826,
        "skewness": -0.05894967519636557,
        "kurtosis_excess": -0.7295306439024829,
        "delta_mean_median": -0.08160170072848659
      },
      "d_n": {
        "n": 123,
        "nan_frac": 0.0,
        "mean": 0.18575212424545268,
        "median": 0.10298504680395126,
        "std": 0.6508470180826383,
        "iqr": 0.4208896905183792,
        "mad": 0.21978098899126053,
        "mad_sigma": 0.32584729427844283,
        "skewness": 2.729285325867126,
        "kurtosis_excess": 8.970243779105324,
        "delta_mean_median": 0.08276707744150141
      },
      "d_l": {
        "n": 123,
        "nan_frac": 0.0,
        "mean": 0.31269841447351426,
        "median": 0.14608800411224365,
        "std": 1.2763777277257724,
        "iqr": 2.1767573058605194,
        "mad": 1.0716034770011902,
        "mad_sigma": 1.5887593150019645,
        "skewness": 0.6169307698787003,
        "kurtosis_excess": -0.7040398905665946,
        "delta_mean_median": 0.1666104103612706
      },
      "d_s": {
        "n": 123,
        "nan_frac": 0.0,
        "mean": 0.6052132588091904,
        "median": 0.03396068513393402,
        "std": 1.3335609463052256,
        "iqr": 1.9213697761297226,
        "mad": 0.6128755062818527,
        "mad_sigma": 0.9086492256134748,
        "skewness": 0.9933909503294495,
        "kurtosis_excess": -0.22293269094040635,
        "delta_mean_median": 0.5712525736752564
      },
      "e_e": {
        "n": 123,
        "nan_frac": 0.0,
        "mean": -0.11455753901821931,
        "median": 0.0,
        "std": 1.055803678561709,
        "iqr": 1.435973197221756,
        "mad": 0.674490749835968,
        "mad_sigma": 0.9999999857068061,
        "skewness": -0.283732998533226,
        "kurtosis_excess": -0.26446767754883993,
        "delta_mean_median": -0.11455753901821931
      },
      "e_s": {
        "n": 123,
        "nan_frac": 0.0,
        "mean": 0.9547884049333208,
        "median": 1.0060968399047852,
        "std": 1.0608356259769325,
        "iqr": 1.7127850279211998,
        "mad": 0.8687610626220703,
        "mad_sigma": 1.2880251514434813,
        "skewness": 0.34918947308150877,
        "kurtosis_excess": -0.8053113345082759,
        "delta_mean_median": -0.05130843497146431
      },
      "e_m": {
        "n": 123,
        "nan_frac": 0.0,
        "mean": -0.11743536347720196,
        "median": 0.0,
        "std": 1.2604152508725281,
        "iqr": 1.411035180091858,
        "mad": 0.674490749835968,
        "mad_sigma": 0.9999999857068061,
        "skewness": -0.5803497999233473,
        "kurtosis_excess": 0.8292747618782181,
        "delta_mean_median": -0.11743536347720196
      }
    }
  },
  "entropy_provisional": {},
  "tau_summary": {
    "axes": {
      "m": {
        "tau_sec": 8.0,
        "dt_sec": 4.0,
        "max_lag_sec": 60.0,
        "threshold": 0.36787944117144233,
        "nan_frac": 0.0,
        "nan_policy": "strict"
      },
      "d": {
        "tau_sec": 28.0,
        "dt_sec": 4.0,
        "max_lag_sec": 60.0,
        "threshold": 0.36787944117144233,
        "nan_frac": 0.0,
        "nan_policy": "strict"
      },
      "e": {
        "tau_sec": 16.0,
        "dt_sec": 4.0,
        "max_lag_sec": 60.0,
        "threshold": 0.36787944117144233,
        "nan_frac": 0.0,
        "nan_policy": "strict"
      }
    },
    "subcoords": {
      "m_a": {
        "tau_sec": 8.0,
        "dt_sec": 4.0,
        "max_lag_sec": 60.0,
        "threshold": 0.36787944117144233,
        "nan_frac": 0.0,
        "nan_policy": "strict"
      },
      "m_e": {
        "tau_sec": 24.0,
        "dt_sec": 4.0,
        "max_lag_sec": 60.0,
        "threshold": 0.36787944117144233,
        "nan_frac": 0.0,
        "nan_policy": "strict"
      },
      "m_o": {
        "tau_sec": 24.0,
        "dt_sec": 4.0,
        "max_lag_sec": 60.0,
        "threshold": 0.36787944117144233,
        "nan_frac": 0.0,
        "nan_policy": "strict"
      },
      "d_n": {
        "tau_sec": 8.0,
        "dt_sec": 4.0,
        "max_lag_sec": 60.0,
        "threshold": 0.36787944117144233,
        "nan_frac": 0.0,
        "nan_policy": "strict"
      },
      "d_l": {
        "tau_sec": 16.0,
        "dt_sec": 4.0,
        "max_lag_sec": 60.0,
        "threshold": 0.36787944117144233,
        "nan_frac": 0.0,
        "nan_policy": "strict"
      },