{
  "dataset_id": "ds003478:sub-026:rest_Rest_run-02",
  "subject": "sub-026",
  "session": null,
  "reliability_axes": {
    "m": 0.5444248025403677,
    "d": 0.10502237682574854,
    "e": 0.846862279900452
  },
  "reliability_subcoords": {
    "m_a": 0.419174603013579,
    "m_e": 0.6111234018794227,
    "m_o": 0.7216904604959055,
    "d_n": 0.8066327931369706,
    "d_l": 0.321272413869614,
    "d_s": 0.0817222888441128,
    "e_e": 0.8244530155197562,
    "e_s": 0.497755545524585,
    "e_m": 0.629450617205037
  }
}