{
  "dataset_id": "ds003478:sub-026:rest_Rest_run-02",
  "subject": "sub-026",
  "session": null,
  "coverage": {
    "epochs": 40,
    "seconds": 160.0
  },
  "artifacts": {
    "methods": [
      "none"
    ],
    "bad_eeg_channels": [],
    "n_bad_eeg_channels": 0,
    "stem_collisions": {}
  },
  "ensemble": {
    "var_by_subcoord": {
      "m_a": 0.005249876528978348,
      "m_e": 0.004590296186506748,
      "m_o": 0.010501477867364883,
      "d_n": 0.0010813000844791532,
      "d_l": 0.02870958298444748,
      "d_s": 0.01614883728325367,
      "e_e": 1.2750217548429532e-14,
      "e_s": 0.015449030324816704,
      "e_m": 0.0
    },
    "var_mean": 0.009081155695539972,
    "var_max": 0.02870958298444748
  },
  "reliability": {
    "axes": {
      "m": 0.5444248025403677,
      "d": 0.10502237682574854,
      "e": 0.846862279900452
    },
    "subcoords": {
      "m_a": 0.419174603013579,
      "m_e": 0.6111234018794227,
      "m_o": 0.7216904604959055,
      "d_n": 0.8066327931369706,
      "d_l": 0.321272413869614,
      "d_s": 0.0817222888441128,
      "e_e": 0.8244530155197562,
      "e_s": 0.497755545524585,
      "e_m": 0.629450617205037
    }
  },
  "dist_summary": {
    "axes": {
      "m": {
        "n": 40,
        "nan_frac": 0.0,
        "mean": 0.21395411235280334,
        "median": -0.040298922918736935,
        "std": 0.7400331064648316,
        "iqr": 0.701073382049799,
        "mad": 0.2933206707239151,
        "mad_sigma": 0.4348772264152765,
        "skewness": 1.282330700782008,
        "kurtosis_excess": 1.1460152097986924,
        "delta_mean_median": 0.2542530352715403
      },
      "d": {
        "n": 40,
        "nan_frac": 0.0,
        "mean": 0.16286475374363363,
        "median": 0.20607393980026245,
        "std": 0.5205999320187725,
        "iqr": 0.5060928370803595,
        "mad": 0.2528341934084892,
        "mad_sigma": 0.37485197514742613,
        "skewness": 0.23915011282290424,
        "kurtosis_excess": 0.984675704821953,
        "delta_mean_median": -0.04320918605662882
      },
      "e": {
        "n": 40,
        "nan_frac": 0.0,
        "mean": 0.27319222945079674,
        "median": 0.089754119515419,
        "std": 0.8944351270428781,
        "iqr": 0.9766874983906746,
        "mad": 0.5260103046894073,
        "mad_sigma": 0.7798628777325153,
        "skewness": 1.0440383001615587,
        "kurtosis_excess": 0.7466678030987639,
        "delta_mean_median": 0.18343810993537774
      }
    },
    "subcoords": {
      "m_a": {
        "n": 40,
        "nan_frac": 0.0,
        "mean": -0.1501131106633693,
        "median": -0.11480078846216202,
        "std": 0.6672608536280513,
        "iqr": 0.9978298619389534,
        "mad": 0.521902322769165,
        "mad_sigma": 0.7737723837375641,
        "skewness": 0.1414732436117629,
        "kurtosis_excess": -0.6509817388517694,
        "delta_mean_median": -0.03531232220120728
      },
      "m_e": {
        "n": 40,
        "nan_frac": 0.0,
        "mean": 0.352285733766621,
        "median": 0.04463400458917022,
        "std": 0.9529158249356847,
        "iqr": 0.8608547411859035,
        "mad": 0.33497691666707397,
        "mad_sigma": 0.49663677665060385,
        "skewness": 1.2967751217415233,
        "kurtosis_excess": 0.6595396672179077,
        "delta_mean_median": 0.30765172917745076
      },
      "m_o": {
        "n": 40,
        "nan_frac": 0.0,
        "mean": 0.5464858532992366,
        "median": -0.1485826000571251,
        "std": 1.6451458924709126,
        "iqr": 1.0983132421970367,
        "mad": 0.4808146134018898,
        "mad_sigma": 0.7128557458296417,
        "skewness": 1.5550490026654198,
        "kurtosis_excess": 1.091533441758921,
        "delta_mean_median": 0.6950684533563617
      },
      "d_n": {
        "n": 40,
        "nan_frac": 0.0,
        "mean": 0.3641034038737416,
        "median": 0.15384841710329056,
        "std": 1.2024901503523233,
        "iqr": 1.0603190138936043,
        "mad": 0.4997407793998718,
        "mad_sigma": 0.7409156795382499,
        "skewness": 1.4507390678868883,
        "kurtosis_excess": 2.2250339236335055,
        "delta_mean_median": 0.21025498677045107
      },
      "d_l": {
        "n": 40,
        "nan_frac": 0.0,
        "mean": 0.07460160162299871,
        "median": 0.13834836333990097,
        "std": 0.9834510672850606,
        "iqr": 1.201465055346489,
        "mad": 0.6159816011786461,
        "mad_sigma": 0.9132543219074606,
        "skewness": -0.21328789887403454,
        "kurtosis_excess": 0.5222563577162602,
        "delta_mean_median": -0.06374676171690226
      },
      "d_s": {
        "n": 40,
        "nan_frac": 0.0,
        "mean": 0.061994973570108414,
        "median": 0.04371333867311478,
        "std": 0.7834522050494733,
        "iqr": 0.8884321302175522,
        "mad": 0.4546433389186859,
        "mad_sigma": 0.6740542142808437,
        "skewness": 0.67706339441907,
        "kurtosis_excess": 1.2253694576238434,
        "delta_mean_median": 0.018281634896993637
      },
      "e_e": {
        "n": 40,
        "nan_frac": 0.0,
        "mean": 0.06235402598977089,
        "median": 1.1026859283447266e-06,
        "std": 1.1386620137461114,
        "iqr": 1.2341252565383911,
        "mad": 0.6744907200336456,
        "mad_sigma": 0.999999941521883,
        "skewness": 0.49274428249438784,
        "kurtosis_excess": -0.297502375311514,
        "delta_mean_median": 0.062352923303842546
      },
      "e_s": {
        "n": 40,
        "nan_frac": 0.0,
        "mean": 0.5491576012223959,
        "median": 0.2929919511079788,
        "std": 0.96424013466121,
        "iqr": 1.0622513517737389,
        "mad": 0.5541887134313583,
        "mad_sigma": 0.8216401865333318,
        "skewness": 1.0052977308517783,
        "kurtosis_excess": 0.09970891204594912,
        "delta_mean_median": 0.25616565011441705
      },
      "e_m": {
        "n": 40,
        "nan_frac": 0.0,
        "mean": 0.5436575976200402,
        "median": -1.1734664440155029e-07,
        "std": 1.8697819467806134,
        "iqr": 1.5912711918354034,
        "mad": 0.674490749835968,
        "mad_sigma": 0.9999999857068061,
        "skewness": 1.1739114178746095,
        "kurtosis_excess": 0.8178689214144277,
        "delta_mean_median": 0.5436577149666846
      }
    }
  },
  "entropy_provisional": {},
  "tau_summary": {
    "axes": {
      "m": {
        "tau_sec": 8.0,
        "dt_sec": 4.0,
        "max_lag_sec": 60.0,
        "threshold": 0.36787944117144233,
        "nan_frac": 0.0,
        "nan_policy": "strict"
      },
      "d": {
        "tau_sec": 4.0,
        "dt_sec": 4.0,
        "max_lag_sec": 60.0,
        "threshold": 0.36787944117144233,
        "nan_frac": 0.0,
        "nan_policy": "strict"
      },
      "e": {
        "tau_sec": 12.0,
        "dt_sec": 4.0,
        "max_lag_sec": 60.0,
        "threshold": 0.36787944117144233,
        "nan_frac": 0.0,
        "nan_policy": "strict"
      }
    },
    "subcoords": {
      "m_a": {
        "tau_sec": 8.0,
        "dt_sec": 4.0,
        "max_lag_sec": 60.0,
        "threshold": 0.36787944117144233,
        "nan_frac": 0.0,
        "nan_policy": "strict"
      },
      "m_e": {
        "tau_sec": 8.0,
        "dt_sec": 4.0,
        "max_lag_sec": 60.0,
        "threshold": 0.36787944117144233,
        "nan_frac": 0.0,
        "nan_policy": "strict"
      },
      "m_o": {
        "tau_sec": 8.0,
        "dt_sec": 4.0,
        "max_lag_sec": 60.0,
        "threshold": 0.36787944117144233,
        "nan_frac": 0.0,
        "nan_policy": "strict"
      },
      "d_n": {
        "tau_sec": 8.0,
        "dt_sec": 4.0,
        "max_lag_sec": 60.0,
        "threshold": 0.36787944117144233,
        "nan_frac": 0.0,
        "nan_policy": "strict"
      },
      "d_l": {
        "tau_sec": 8.0,
        "dt_sec": 4.0,
        "max_lag_sec": 60.0,
        "threshold": 0.36787944117144233,
        "nan_frac": 0.0,
        "nan_policy": "strict"
      },