{
  "dataset_id": "ds003478:sub-027:rest_Rest_run-02",
  "subject": "sub-027",
  "session": null,
  "reliability_axes": {
    "m": 0.3968853219393033,
    "d": 0.4892909452275494,
    "e": 0.255710399138759
  },
  "reliability_subcoords": {
    "m_a": 0.415632580606837,
    "m_e": 0.5853816879742898,
    "m_o": 0.35098352731989557,
    "d_n": 0.24860155046229182,
    "d_l": 0.4734691993621638,
    "d_s": 0.6182557794197019,
    "e_e": 0.30683780544809636,
    "e_s": 0.42449278281609,
    "e_m": null
  }
}