{
  "dataset_id": "ds003478:sub-027:rest_Rest_run-02",
  "subject": "sub-027",
  "session": null,
  "coverage": {
    "epochs": 40,
    "seconds": 160.0
  },
  "artifacts": {
    "methods": [
      "none"
    ],
    "bad_eeg_channels": [],
    "n_bad_eeg_channels": 0,
    "stem_collisions": {}
  },
  "ensemble": {
    "var_by_subcoord": {
      "m_a": 0.0011058829259127378,
      "m_e": 0.007665861397981644,
      "m_o": 0.003887530881911516,
      "d_n": 0.004038738086819649,
      "d_l": 0.03272783383727074,
      "d_s": 0.0034224865958094597,
      "e_e": 3.600869602493617e-13,
      "e_s": 0.008696015924215317,
      "e_m": 0.0
    },
    "var_mean": 0.006838261072253461,
    "var_max": 0.03272783383727074
  },
  "reliability": {
    "axes": {
      "m": 0.3968853219393033,
      "d": 0.4892909452275494,
      "e": 0.255710399138759
    },
    "subcoords": {
      "m_a": 0.415632580606837,
      "m_e": 0.5853816879742898,
      "m_o": 0.35098352731989557,
      "d_n": 0.24860155046229182,
      "d_l": 0.4734691993621638,
      "d_s": 0.6182557794197019,
      "e_e": 0.30683780544809636,
      "e_s": 0.42449278281609,
      "e_m": null
    }
  },
  "dist_summary": {
    "axes": {
      "m": {
        "n": 40,
        "nan_frac": 0.0,
        "mean": 0.07943472475744784,
        "median": 0.011492245830595493,
        "std": 0.5706357316215119,
        "iqr": 0.8249722421169281,
        "mad": 0.38291185442358255,
        "mad_sigma": 0.5677051153684035,
        "skewness": 0.24566797744777139,
        "kurtosis_excess": -0.8829303728011717,
        "delta_mean_median": 0.06794247892685235
      },
      "d": {
        "n": 40,
        "nan_frac": 0.0,
        "mean": 0.39702675512526187,
        "median": 0.25817881524562836,
        "std": 0.8214300087728261,
        "iqr": 1.3166121020913124,
        "mad": 0.6049268245697021,
        "mad_sigma": 0.8968645101070404,
        "skewness": 0.7501173367609353,
        "kurtosis_excess": -0.5311505813222253,
        "delta_mean_median": 0.1388479398796335
      },
      "e": {
        "n": 40,
        "nan_frac": 0.0,
        "mean": 0.11457151742652058,
        "median": 0.10034814849495888,
        "std": 0.4844586360117664,
        "iqr": 0.5989373214542866,
        "mad": 0.2917745038866997,
        "mad_sigma": 0.4325848794624209,
        "skewness": -0.04791259800410672,
        "kurtosis_excess": 0.6834478371886532,
        "delta_mean_median": 0.014223368931561703
      }
    },
    "subcoords": {
      "m_a": {
        "n": 40,
        "nan_frac": 0.0,
        "mean": 0.07214679182507097,
        "median": -0.008221154101192951,
        "std": 0.6378209882520266,
        "iqr": 1.12480328977108,
        "mad": 0.6310224486514926,
        "mad_sigma": 0.9355538823707029,
        "skewness": -0.1743623755468357,
        "kurtosis_excess": -1.2023305770994077,
        "delta_mean_median": 0.08036794592626392
      },
      "m_e": {
        "n": 40,
        "nan_frac": 0.0,
        "mean": 0.011639348138123751,
        "median": -0.007217450067400932,
        "std": 0.4062705525732719,
        "iqr": 0.6784162670373917,
        "mad": 0.3504495155066252,
        "mad_sigma": 0.5195764516901225,
        "skewness": 0.07840508869687879,
        "kurtosis_excess": -1.258192888337853,
        "delta_mean_median": 0.01885679820552468
      },
      "m_o": {
        "n": 40,
        "nan_frac": 0.0,
        "mean": 0.17233693501912056,
        "median": -0.029149348847568035,
        "std": 0.9530341410646951,
        "iqr": 1.2304582074284554,
        "mad": 0.5912792636081576,
        "mad_sigma": 0.8766306362254545,
        "skewness": 0.3798113703938796,
        "kurtosis_excess": -0.493970669741036,
        "delta_mean_median": 0.2014862838666886
      },
      "d_n": {
        "n": 40,
        "nan_frac": 0.0,
        "mean": 0.16498465118929745,
        "median": 0.09394341707229614,
        "std": 0.6573587917856192,
        "iqr": 0.8311126679182053,
        "mad": 0.4244246482849121,
        "mad_sigma": 0.6292519835472107,
        "skewness": 1.234491690702273,
        "kurtosis_excess": 2.8604677654043353,
        "delta_mean_median": 0.0710412341170013
      },
      "d_l": {
        "n": 40,
        "nan_frac": 0.0,
        "mean": 0.5367490449920297,
        "median": 0.24037552624940872,
        "std": 1.1628578861919108,
        "iqr": 1.6769666150212288,
        "mad": 0.7587782740592957,
        "mad_sigma": 1.1249646691203117,
        "skewness": 0.6837052334069541,
        "kurtosis_excess": -0.6451181705239013,
        "delta_mean_median": 0.29637351874262097
      },
      "d_s": {
        "n": 40,
        "nan_frac": 0.0,
        "mean": 0.4022009804844856,
        "median": -0.03507615625858307,
        "std": 1.1644128672587448,
        "iqr": 1.3233715742826462,
        "mad": 0.6852406859397888,
        "mad_sigma": 1.015937840974331,
        "skewness": 0.9940126981692377,
        "kurtosis_excess": 0.15344955383870573,
        "delta_mean_median": 0.4372771367430687
      },
      "e_e": {
        "n": 40,
        "nan_frac": 0.0,
        "mean": -0.03172051068395376,
        "median": 0.0,
        "std": 1.2664029162821737,
        "iqr": 1.2853573709726334,
        "mad": 0.6744907200336456,
        "mad_sigma": 0.999999941521883,
        "skewness": -0.42880935315389535,
        "kurtosis_excess": 0.006070715137596938,
        "delta_mean_median": -0.03172051068395376
      },
      "e_s": {
        "n": 40,
        "nan_frac": 0.0,
        "mean": 0.3206769715994596,
        "median": 0.20560695230960846,
        "std": 0.7838199015566913,
        "iqr": 0.9659326113760471,
        "mad": 0.5297327786684036,
        "mad_sigma": 0.7853818176537751,
        "skewness": 0.5487003732700917,
        "kurtosis_excess": -0.6195142793510895,
        "delta_mean_median": 0.11507001928985117
      },
      "e_m": {
        "n": 40,
        "nan_frac": 0.0,
        "mean": 0.0,
        "median": 0.0,
        "std": 0.0,
        "iqr": 0.0,
        "mad": 0.0,
        "mad_sigma": 0.0,
        "skewness": null,
        "kurtosis_excess": null,
        "delta_mean_median": 0.0
      }
    }
  },
  "entropy_provisional": {
    "e_m": {
      "var": 0.0,
      "n_unique": 1,
      "nan_frac": 0.0,
      "provisional": true
    }
  },
  "tau_summary": {
    "axes": {
      "m": {
        "tau_sec": 8.0,
        "dt_sec": 4.0,
        "max_lag_sec": 60.0,
        "threshold": 0.36787944117144233,
        "nan_frac": 0.0,
        "nan_policy": "strict"
      },
      "d": {
        "tau_sec": 8.0,
        "dt_sec": 4.0,
        "max_lag_sec": 60.0,
        "threshold": 0.36787944117144233,
        "nan_frac": 0.0,
        "nan_policy": "strict"
      },
      "e": {
        "tau_sec": 4.0,
        "dt_sec": 4.0,
        "max_lag_sec": 60.0,
        "threshold": 0.36787944117144233,
        "nan_frac": 0.0,
        "nan_policy": "strict"
      }
    },
    "subcoords": {
      "m_a": {
        "tau_sec": 8.0,
        "dt_sec": 4.0,
        "max_lag_sec": 60.0,
        "threshold": 0.36787944117144233,
        "nan_frac": 0.0,
        "nan_policy": "strict"
      },
      "m_e": {
        "tau_sec": 8.0,
        "dt_sec": 4.0,
        "max_lag_sec": 60.0,
        "threshold": 0.36787944117144233,
        "nan_frac": 0.0,
        "nan_policy": "strict"
      },
      "m_o": {
        "tau_sec": 8.0,
        "dt_sec": 4.0,
        "max_lag_sec": 60.0,
        "threshold": 0.36787944117144233,
        "nan_frac": 0.0,
        "nan_policy": "strict"
      },
      "d_n": {
        "tau_sec": 4.0,
        "dt_sec": 4.0,
        "max_lag_sec": 60.0,
        "threshold": 0.36787944117144233,
        "nan_frac": 0.0,
        "nan_policy": "strict"
      },
      "d_l": {
        "tau_sec": 8.0,
        "dt_sec": 4.0,
        "max_lag_sec": 60.0,
        "threshold": 0.36787944117144233,
        "nan_frac": 0.0,
        "nan_policy": "strict"
      },
      "d_s": {
        "tau_sec": 8.0,