{
  "dataset_id": "ds003478:sub-093:rest_Rest_run-01",
  "subject": "sub-093",
  "session": null,
  "reliability_axes": {
    "m": 0.5504438479381462,
    "d": 0.8467275175928989,
    "e": 0.7892340653716671
  },
  "reliability_subcoords": {
    "m_a": 0.7680795461942519,
    "m_e": 0.7989340801196235,
    "m_o": 0.7911940703773229,
    "d_n": 0.8213925833533728,
    "d_l": 0.8279820885717022,
    "d_s": 0.863942045748149,
    "e_e": 0.8352413887108296,
    "e_s": 0.6295079315531737,
    "e_m": 0.5678862758395768
  }
}