{
  "dataset_id": "ds003478:sub-093:rest_Rest_run-01",
  "subject": "sub-093",
  "session": null,
  "coverage": {
    "epochs": 125,
    "seconds": 500.0
  },
  "artifacts": {
    "methods": [
      "none"
    ],
    "bad_eeg_channels": [],
    "n_bad_eeg_channels": 0,
    "stem_collisions": {}
  },
  "ensemble": {
    "var_by_subcoord": {
      "m_a": 0.0027386865112930536,
      "m_e": 0.0015065203187987208,
      "m_o": 0.004319687373936176,
      "d_n": 0.0031551688443869352,
      "d_l": 0.016285870224237442,
      "d_s": 0.011428753845393658,
      "e_e": 0.0,
      "e_s": 0.007613102439790964,
      "e_m": 0.0
    },
    "var_mean": 0.005227532173092995,
    "var_max": 0.016285870224237442
  },
  "reliability": {
    "axes": {
      "m": 0.5504438479381462,
      "d": 0.8467275175928989,
      "e": 0.7892340653716671
    },
    "subcoords": {
      "m_a": 0.7680795461942519,
      "m_e": 0.7989340801196235,
      "m_o": 0.7911940703773229,
      "d_n": 0.8213925833533728,
      "d_l": 0.8279820885717022,
      "d_s": 0.863942045748149,
      "e_e": 0.8352413887108296,
      "e_s": 0.6295079315531737,
      "e_m": 0.5678862758395768
    }
  },
  "dist_summary": {
    "axes": {
      "m": {
        "n": 125,
        "nan_frac": 0.0,
        "mean": -0.05059085049200803,
        "median": -0.11449199914932251,
        "std": 0.34242736692461545,
        "iqr": 0.3676731586456299,
        "mad": 0.18084728717803955,
        "mad_sigma": 0.2681241879701614,
        "skewness": 0.6551254931660386,
        "kurtosis_excess": 0.8043514741248883,
        "delta_mean_median": 0.06390114865731447
      },
      "d": {
        "n": 125,
        "nan_frac": 0.0,
        "mean": 0.47613315333426,
        "median": 0.18346066772937775,
        "std": 0.8572654954591146,
        "iqr": 1.5354470312595367,
        "mad": 0.6642823964357376,
        "mad_sigma": 0.9848650809556245,
        "skewness": 0.40403931317431224,
        "kurtosis_excess": -1.2549538560479359,
        "delta_mean_median": 0.29267248560488224
      },
      "e": {
        "n": 125,
        "nan_frac": 0.0,
        "mean": 0.17411248434334994,
        "median": 0.21477895975112915,
        "std": 0.4077522351251658,
        "iqr": 0.5797433480620384,
        "mad": 0.29347676038742065,
        "mad_sigma": 0.4351086449503898,
        "skewness": -0.3858595450431345,
        "kurtosis_excess": -0.20624009788047148,
        "delta_mean_median": -0.04066647540777921
      }
    },
    "subcoords": {
      "m_a": {
        "n": 125,
        "nan_frac": 0.0,
        "mean": -0.07168417032435537,
        "median": 0.05842180177569389,
        "std": 0.8239131923348906,
        "iqr": 1.2605621218681335,
        "mad": 0.5713555924594402,
        "mad_sigma": 0.847091801380366,
        "skewness": -0.16669764006335133,
        "kurtosis_excess": -0.605208344837334,
        "delta_mean_median": -0.13010597210004926
      },
      "m_e": {
        "n": 125,
        "nan_frac": 0.0,
        "mean": -0.1695723235681653,
        "median": -0.16218259930610657,
        "std": 0.3255293882238334,
        "iqr": 0.5708036050200462,
        "mad": 0.2861066460609436,
        "mad_sigma": 0.424181713449955,
        "skewness": -0.012416404001501994,
        "kurtosis_excess": -0.9806065201807401,
        "delta_mean_median": -0.007389724262058722
      },
      "m_o": {
        "n": 125,
        "nan_frac": 0.0,
        "mean": 0.12389286541193724,
        "median": 0.01734159328043461,
        "std": 0.9011513423462486,
        "iqr": 1.3227653503417969,
        "mad": 0.6660168971866369,
        "mad_sigma": 0.9874366517689078,
        "skewness": 0.6848689406414331,
        "kurtosis_excess": 1.0164949495600935,
        "delta_mean_median": 0.10655127213150263
      },
      "d_n": {
        "n": 125,
        "nan_frac": 0.0,
        "mean": 0.15420611072098836,
        "median": 0.07305562496185303,
        "std": 0.6146171836079571,
        "iqr": 0.33795320987701416,
        "mad": 0.18451452255249023,
        "mad_sigma": 0.273561231136322,
        "skewness": 4.523780812175093,
        "kurtosis_excess": 27.307125935196577,
        "delta_mean_median": 0.08115048575913533
      },
      "d_l": {
        "n": 125,
        "nan_frac": 0.0,
        "mean": 0.6169865726828575,
        "median": 0.05618947744369507,
        "std": 1.273531916943941,
        "iqr": 2.2720634937286377,
        "mad": 0.762355387210846,
        "mad_sigma": 1.1302680970788002,
        "skewness": 0.5279094853803129,
        "kurtosis_excess": -1.1012265128989365,
        "delta_mean_median": 0.5607970952391624
      },
      "d_s": {
        "n": 125,
        "nan_frac": 0.0,
        "mean": 0.6385035921186208,
        "median": 0.14542269706726074,
        "std": 1.2475883388728974,
        "iqr": 2.2573068141937256,
        "mad": 0.8914752006530762,
        "mad_sigma": 1.3217011324882506,
        "skewness": 0.4492623605555157,
        "kurtosis_excess": -1.17914156121449,
        "delta_mean_median": 0.4930808950513601
      },
      "e_e": {
        "n": 125,
        "nan_frac": 0.0,
        "mean": 0.042692077138461175,
        "median": 0.0,
        "std": 0.8773637692682744,
        "iqr": 1.4091348052024841,
        "mad": 0.6744906902313232,
        "mad_sigma": 0.9999998973369598,
        "skewness": -0.35620555332547904,
        "kurtosis_excess": -0.28658723133818587,
        "delta_mean_median": 0.042692077138461175
      },
      "e_s": {
        "n": 125,
        "nan_frac": 0.0,
        "mean": 0.3698479505106807,
        "median": 0.388320654630661,
        "std": 0.40413012657808545,
        "iqr": 0.621473878622055,
        "mad": 0.30335935950279236,
        "mad_sigma": 0.4497605863988399,
        "skewness": 0.23895226066718991,
        "kurtosis_excess": -0.43091868798240407,
        "delta_mean_median": -0.01847270411998031
      },
      "e_m": {
        "n": 125,
        "nan_frac": 0.0,
        "mean": -0.14750843884795903,
        "median": 0.0,
        "std": 1.1558145942539992,
        "iqr": 1.307328999042511,
        "mad": 0.674490749835968,
        "mad_sigma": 0.9999999857068061,
        "skewness": -1.0186682735894605,
        "kurtosis_excess": 2.004881308662962,
        "delta_mean_median": -0.14750843884795903
      }
    }
  },
  "entropy_provisional": {},
  "tau_summary": {
    "axes": {
      "m": {
        "tau_sec": 8.0,
        "dt_sec": 4.0,
        "max_lag_sec": 60.0,
        "threshold": 0.36787944117144233,
        "nan_frac": 0.0,
        "nan_policy": "strict"
      },
      "d": {
        "tau_sec": 24.0,
        "dt_sec": 4.0,
        "max_lag_sec": 60.0,
        "threshold": 0.36787944117144233,
        "nan_frac": 0.0,
        "nan_policy": "strict"
      },
      "e": {
        "tau_sec": 16.0,
        "dt_sec": 4.0,
        "max_lag_sec": 60.0,
        "threshold": 0.36787944117144233,
        "nan_frac": 0.0,
        "nan_policy": "strict"
      }
    },
    "subcoords": {
      "m_a": {
        "tau_sec": 8.0,
        "dt_sec": 4.0,
        "max_lag_sec": 60.0,
        "threshold": 0.36787944117144233,
        "nan_frac": 0.0,
        "nan_policy": "strict"
      },
      "m_e": {
        "tau_sec": 24.0,
        "dt_sec": 4.0,
        "max_lag_sec": 60.0,
        "threshold": 0.36787944117144233,
        "nan_frac": 0.0,
        "nan_policy": "strict"
      },
      "m_o": {
        "tau_sec": 20.0,
        "dt_sec": 4.0,
        "max_lag_sec": 60.0,
        "threshold": 0.36787944117144233,
        "nan_frac": 0.0,
        "nan_policy": "strict"
      },
      "d_n": {
        "tau_sec": 8.0,
        "dt_sec": 4.0,
        "max_lag_sec": 60.0,
        "threshold": 0.36787944117144233,
        "nan_frac": 0.0,
        "nan_policy": "strict"
      },
      "d_l": {
        "tau_sec": 24.0,
        "dt_sec": 4.0,
        "max_lag_sec": 60.0,
        "threshold": 0.36787944117144233,
        "nan_frac": 0.0,
        "nan_policy": "strict"
      },