{
  "dataset_id": "ds003478:sub-017:rest_Rest_run-01",
  "subject": "sub-017",
  "session": null,
  "reliability_axes": {
    "m": 0.6572421920535266,
    "d": 0.9317654313234779,
    "e": 0.8129366374462516
  },
  "reliability_subcoords": {
    "m_a": 0.8091285899636658,
    "m_e": 0.7830849133376203,
    "m_o": 0.8076400440216843,
    "d_n": 0.5576590151114177,
    "d_l": 0.9232031109990688,
    "d_s": 0.9401424897231422,
    "e_e": 0.8558942982336992,
    "e_s": 0.8545242299029515,
    "e_m": 0.6718433331757312
  }
}