{
  "dataset_id": "ds003478:sub-017:rest_Rest_run-01",
  "subject": "sub-017",
  "session": null,
  "coverage": {
    "epochs": 123,
    "seconds": 492.0
  },
  "artifacts": {
    "methods": [
      "none"
    ],
    "bad_eeg_channels": [],
    "n_bad_eeg_channels": 0,
    "stem_collisions": {}
  },
  "ensemble": {
    "var_by_subcoord": {
      "m_a": 0.008213777095079422,
      "m_e": 0.011689040809869766,
      "m_o": 0.000876143341884017,
      "d_n": 0.0037466445937752724,
      "d_l": 0.005270848516374826,
      "d_s": 0.013858805410563946,
      "e_e": 0.0,
      "e_s": 0.004985815845429897,
      "e_m": 0.0
    },
    "var_mean": 0.005404563956997461,
    "var_max": 0.013858805410563946
  },
  "reliability": {
    "axes": {
      "m": 0.6572421920535266,
      "d": 0.9317654313234779,
      "e": 0.8129366374462516
    },
    "subcoords": {
      "m_a": 0.8091285899636658,
      "m_e": 0.7830849133376203,
      "m_o": 0.8076400440216843,
      "d_n": 0.5576590151114177,
      "d_l": 0.9232031109990688,
      "d_s": 0.9401424897231422,
      "e_e": 0.8558942982336992,
      "e_s": 0.8545242299029515,
      "e_m": 0.6718433331757312
    }
  },
  "dist_summary": {
    "axes": {
      "m": {
        "n": 123,
        "nan_frac": 0.0,
        "mean": 0.01630644867957638,
        "median": -0.028798026964068413,
        "std": 0.37838505362187724,
        "iqr": 0.3751891478896141,
        "mad": 0.18216908164322376,
        "mad_sigma": 0.27008388044424353,
        "skewness": 1.4470731115508466,
        "kurtosis_excess": 4.37832115027781,
        "delta_mean_median": 0.045104475643644795
      },
      "d": {
        "n": 123,
        "nan_frac": 0.0,
        "mean": 0.6342915587990385,
        "median": 0.30837482213974,
        "std": 1.069614308855912,
        "iqr": 1.9901643097400665,
        "mad": 0.8448631167411804,
        "mad_sigma": 1.252594056880474,
        "skewness": 0.32589469193455234,
        "kurtosis_excess": -1.4330816535877418,
        "delta_mean_median": 0.32591673665929854
      },
      "e": {
        "n": 123,
        "nan_frac": 0.0,
        "mean": 0.13200348815445342,
        "median": 0.17682556807994843,
        "std": 0.3958818067634604,
        "iqr": 0.46287132799625397,
        "mad": 0.25525490939617157,
        "mad_sigma": 0.37844092867076395,
        "skewness": -0.1874383566808814,
        "kurtosis_excess": -0.23110941281970687,
        "delta_mean_median": -0.044822079925495
      }
    },
    "subcoords": {
      "m_a": {
        "n": 123,
        "nan_frac": 0.0,
        "mean": 0.023834344736684675,
        "median": -0.00014175349497236311,
        "std": 0.8033174260592063,
        "iqr": 1.442872017621994,
        "mad": 0.773570583522087,
        "mad_sigma": 1.146895747129846,
        "skewness": -0.3517108603613681,
        "kurtosis_excess": -0.9192634905997168,
        "delta_mean_median": 0.02397609823165704
      },
      "m_e": {
        "n": 123,
        "nan_frac": 0.0,
        "mean": -0.04523858006871343,
        "median": -0.037396352738142014,
        "std": 0.3752574885330083,
        "iqr": 0.4807015508413315,
        "mad": 0.21960505470633507,
        "mad_sigma": 0.32558645410761233,
        "skewness": 0.26674881639113773,
        "kurtosis_excess": 0.9027962407850705,
        "delta_mean_median": -0.007842227330571418
      },
      "m_o": {
        "n": 123,
        "nan_frac": 0.0,
        "mean": 0.08115639072668747,
        "median": 0.07907236367464066,
        "std": 1.0482120499570184,
        "iqr": 1.191835641860962,
        "mad": 0.5943272188305855,
        "mad_sigma": 0.881149534638226,
        "skewness": 0.8146581778365989,
        "kurtosis_excess": 1.9174410432543771,
        "delta_mean_median": 0.0020840270520468135
      },
      "d_n": {
        "n": 123,
        "nan_frac": 0.0,
        "mean": -0.006048635708365014,
        "median": -0.15317752957344055,
        "std": 0.6774470384844948,
        "iqr": 0.5627678707242012,
        "mad": 0.2769087851047516,
        "mad_sigma": 0.4105449647963047,
        "skewness": 1.4667138592228874,
        "kurtosis_excess": 2.797532626422525,
        "delta_mean_median": 0.14712889386507555
      },
      "d_l": {
        "n": 123,
        "nan_frac": 0.0,
        "mean": 0.9877992312961478,
        "median": -0.043830178678035736,
        "std": 1.6368545282342082,
        "iqr": 3.12378890812397,
        "mad": 0.6128851547837257,
        "mad_sigma": 0.9086635304823517,
        "skewness": 0.45719349749612,
        "kurtosis_excess": -1.5145729266709231,
        "delta_mean_median": 1.0316294099741836
      },
      "d_s": {
        "n": 123,
        "nan_frac": 0.0,
        "mean": 0.742483718971896,
        "median": 0.4020356237888336,
        "std": 1.5527720395411626,
        "iqr": 2.761918544769287,
        "mad": 1.264185756444931,
        "mad_sigma": 1.8742818025052546,
        "skewness": 0.35692634285920927,
        "kurtosis_excess": -1.3243410504339257,
        "delta_mean_median": 0.3404480951830624
      },
      "e_e": {
        "n": 123,
        "nan_frac": 0.0,
        "mean": -0.05397680569515844,
        "median": 0.0,
        "std": 0.9686519949546933,
        "iqr": 1.3026973605155945,
        "mad": 0.674490749835968,
        "mad_sigma": 0.9999999857068061,
        "skewness": -0.32727579714372546,
        "kurtosis_excess": -0.37339143568468947,
        "delta_mean_median": -0.05397680569515844
      },
      "e_s": {
        "n": 123,
        "nan_frac": 0.0,
        "mean": 0.385877004483851,
        "median": 0.3352562487125397,
        "std": 0.544815307013806,
        "iqr": 0.8232230469584465,
        "mad": 0.42078277468681335,
        "mad_sigma": 0.6238525417506694,
        "skewness": 0.20707384843525128,
        "kurtosis_excess": -1.0129528210237073,
        "delta_mean_median": 0.05062075577131131
      },
      "e_m": {
        "n": 123,
        "nan_frac": 0.0,
        "mean": 0.1547261691269866,
        "median": 0.0,
        "std": 1.0206508294200827,
        "iqr": 1.3634058833122253,
        "mad": 0.674490749835968,
        "mad_sigma": 0.9999999857068061,
        "skewness": 0.8585627326124742,
        "kurtosis_excess": 0.6704369396794361,
        "delta_mean_median": 0.1547261691269866
      }
    }
  },
  "entropy_provisional": {},
  "tau_summary": {
    "axes": {
      "m": {
        "tau_sec": 8.0,
        "dt_sec": 4.0,
        "max_lag_sec": 60.0,
        "threshold": 0.36787944117144233,
        "nan_frac": 0.0,
        "nan_policy": "strict"
      },
      "d": {
        "tau_sec": 32.0,
        "dt_sec": 4.0,
        "max_lag_sec": 60.0,
        "threshold": 0.36787944117144233,
        "nan_frac": 0.0,
        "nan_policy": "strict"
      },
      "e": {
        "tau_sec": 32.0,
        "dt_sec": 4.0,
        "max_lag_sec": 60.0,
        "threshold": 0.36787944117144233,
        "nan_frac": 0.0,
        "nan_policy": "strict"
      }
    },
    "subcoords": {
      "m_a": {
        "tau_sec": 16.0,
        "dt_sec": 4.0,
        "max_lag_sec": 60.0,
        "threshold": 0.36787944117144233,
        "nan_frac": 0.0,
        "nan_policy": "strict"
      },
      "m_e": {
        "tau_sec": 12.0,
        "dt_sec": 4.0,
        "max_lag_sec": 60.0,
        "threshold": 0.36787944117144233,
        "nan_frac": 0.0,
        "nan_policy": "strict"
      },
      "m_o": {
        "tau_sec": 24.0,
        "dt_sec": 4.0,
        "max_lag_sec": 60.0,
        "threshold": 0.36787944117144233,
        "nan_frac": 0.0,
        "nan_policy": "strict"
      },
      "d_n": {
        "tau_sec": 8.0,
        "dt_sec": 4.0,
        "max_lag_sec": 60.0,
        "threshold": 0.36787944117144233,
        "nan_frac": 0.0,
        "nan_policy": "strict"
      },
      "d_l": {
        "tau_sec": 32.0,
        "dt_sec": 4.0,
        "max_lag_sec": 60.0,
        "threshold": 0.36787944117144233,
        "nan_frac": 0.0,
        "nan_policy": "strict"
      },