{
  "dataset_id": "ds003478:sub-048:rest_Rest_run-01",
  "subject": "sub-048",
  "session": null,
  "reliability_axes": {
    "m": 0.7237257434059678,
    "d": 0.690447173085662,
    "e": 0.8245081844589583
  },
  "reliability_subcoords": {
    "m_a": 0.6276045311882797,
    "m_e": 0.754675113081696,
    "m_o": 0.7355392620703097,
    "d_n": 0.598371254256488,
    "d_l": 0.6837991990041032,
    "d_s": 0.780655692452539,
    "e_e": 0.8374128205450583,
    "e_s": 0.7470562028516616,
    "e_m": 0.4078795029228294
  }
}