{
  "dataset_id": "ds003478:sub-048:rest_Rest_run-01",
  "subject": "sub-048",
  "session": null,
  "coverage": {
    "epochs": 132,
    "seconds": 528.0
  },
  "artifacts": {
    "methods": [
      "none"
    ],
    "bad_eeg_channels": [],
    "n_bad_eeg_channels": 0,
    "stem_collisions": {}
  },
  "ensemble": {
    "var_by_subcoord": {
      "m_a": 0.007052851840853691,
      "m_e": 0.0064227646216750145,
      "m_o": 0.000375643401639536,
      "d_n": 0.014311268925666809,
      "d_l": 0.002432591747492552,
      "d_s": 0.011364197358489037,
      "e_e": 3.283957307476104e-13,
      "e_s": 0.0005419169901870191,
      "e_m": 0.0
    },
    "var_mean": 0.004722359431814673,
    "var_max": 0.014311268925666809
  },
  "reliability": {
    "axes": {
      "m": 0.7237257434059678,
      "d": 0.690447173085662,
      "e": 0.8245081844589583
    },
    "subcoords": {
      "m_a": 0.6276045311882797,
      "m_e": 0.754675113081696,
      "m_o": 0.7355392620703097,
      "d_n": 0.598371254256488,
      "d_l": 0.6837991990041032,
      "d_s": 0.780655692452539,
      "e_e": 0.8374128205450583,
      "e_s": 0.7470562028516616,
      "e_m": 0.4078795029228294
    }
  },
  "dist_summary": {
    "axes": {
      "m": {
        "n": 132,
        "nan_frac": 0.0,
        "mean": -0.07115246799499304,
        "median": -0.04200101085007191,
        "std": 0.6160073358979168,
        "iqr": 0.8047791570425034,
        "mad": 0.4063769429922104,
        "mad_sigma": 0.6024944556802511,
        "skewness": 0.3714003238179503,
        "kurtosis_excess": 0.10299610495058875,
        "delta_mean_median": -0.029151457144921136
      },
      "d": {
        "n": 132,
        "nan_frac": 0.0,
        "mean": 0.020217477901358947,
        "median": 0.1421971693634987,
        "std": 0.6354401440443431,
        "iqr": 0.920761801302433,
        "mad": 0.4321315586566925,
        "mad_sigma": 0.6406782488644123,
        "skewness": -0.1341904615947011,
        "kurtosis_excess": -0.2518790591737887,
        "delta_mean_median": -0.12197969146213974
      },
      "e": {
        "n": 132,
        "nan_frac": 0.0,
        "mean": 0.19642062366686083,
        "median": 0.15959886461496353,
        "std": 0.5439881696624541,
        "iqr": 0.8169802725315094,
        "mad": 0.4148813262581825,
        "mad_sigma": 0.6151030543103814,
        "skewness": 0.40261046057323874,
        "kurtosis_excess": -0.7028209451256298,
        "delta_mean_median": 0.0368217590518973
      }
    },
    "subcoords": {
      "m_a": {
        "n": 132,
        "nan_frac": 0.0,
        "mean": -0.20767801463653018,
        "median": -0.1866457462310791,
        "std": 0.9023662879582545,
        "iqr": 1.2894700020551682,
        "mad": 0.6230714619159698,
        "mad_sigma": 0.9237657494366168,
        "skewness": -0.008791242816595712,
        "kurtosis_excess": 0.07394575454295405,
        "delta_mean_median": -0.021032268405451082
      },
      "m_e": {
        "n": 132,
        "nan_frac": 0.0,
        "mean": -0.05156381794420833,
        "median": -0.019066674169152975,
        "std": 0.4267708127687587,
        "iqr": 0.5142533928155899,
        "mad": 0.2601274475455284,
        "mad_sigma": 0.3856649537310004,
        "skewness": -0.5360113918459958,
        "kurtosis_excess": -0.037051896080135815,
        "delta_mean_median": -0.03249714377505535
      },
      "m_o": {
        "n": 132,
        "nan_frac": 0.0,
        "mean": 0.09300770515851169,
        "median": -0.002752524917013943,
        "std": 1.0125645549417903,
        "iqr": 1.1479325667023659,
        "mad": 0.569162905216217,
        "mad_sigma": 0.8438409232735633,
        "skewness": 0.2854382779894622,
        "kurtosis_excess": 0.05052252381628186,
        "delta_mean_median": 0.09576023007552563
      },
      "d_n": {
        "n": 132,
        "nan_frac": 0.0,
        "mean": 0.07671874818025214,
        "median": 0.009257689118385315,
        "std": 0.6052845075386993,
        "iqr": 0.6344056278467178,
        "mad": 0.328888401389122,
        "mad_sigma": 0.4876099438995123,
        "skewness": 1.1191270924053853,
        "kurtosis_excess": 2.3321918269909325,
        "delta_mean_median": 0.06746105906186682
      },
      "d_l": {
        "n": 132,
        "nan_frac": 0.0,
        "mean": -0.04032406024634838,
        "median": 0.13020118698477745,
        "std": 0.9883803125750327,
        "iqr": 1.4637085497379303,
        "mad": 0.6933947540819645,
        "mad_sigma": 1.0280270624019205,
        "skewness": -0.08011592573145893,
        "kurtosis_excess": -0.32929209570730933,
        "delta_mean_median": -0.17052524723112583
      },
      "d_s": {
        "n": 132,
        "nan_frac": 0.0,
        "mean": 0.09662254925139925,
        "median": 0.10566561669111252,
        "std": 0.8258224659150565,
        "iqr": 1.1568525284528732,
        "mad": 0.5765316188335419,
        "mad_sigma": 0.8547657780826091,
        "skewness": 0.7922870829589764,
        "kurtosis_excess": 1.1091825830679287,
        "delta_mean_median": -0.009043067439713268
      },
      "e_e": {
        "n": 132,
        "nan_frac": 0.0,
        "mean": 0.027755378295268834,
        "median": -1.4164543244987726e-06,
        "std": 0.8509666641726282,
        "iqr": 1.359148621559143,
        "mad": 0.6744921364879701,
        "mad_sigma": 1.0000020415570645,
        "skewness": 0.3505619877515435,
        "kurtosis_excess": -0.5253060100240758,
        "delta_mean_median": 0.027756794749593333
      },
      "e_s": {
        "n": 132,
        "nan_frac": 0.0,
        "mean": 0.3924265575566978,
        "median": 0.16409869492053986,
        "std": 0.7365522697986051,
        "iqr": 0.8979733306914568,
        "mad": 0.40358637273311615,
        "mad_sigma": 0.598357156214118,
        "skewness": 0.8786794605800118,
        "kurtosis_excess": 0.3197880901575241,
        "delta_mean_median": 0.22832786263615795
      },
      "e_m": {
        "n": 132,
        "nan_frac": 0.0,
        "mean": 0.924480244132803,
        "median": 0.0,
        "std": 1.62022243190042,
        "iqr": 2.7957769632339478,
        "mad": 0.6744907796382904,
        "mad_sigma": 1.0000000298917293,
        "skewness": 0.5677769413581991,
        "kurtosis_excess": -0.8574576721933771,
        "delta_mean_median": 0.924480244132803
      }
    }
  },
  "entropy_provisional": {},
  "tau_summary": {
    "axes": {
      "m": {
        "tau_sec": 8.0,
        "dt_sec": 4.0,
        "max_lag_sec": 60.0,
        "threshold": 0.36787944117144233,
        "nan_frac": 0.0,
        "nan_policy": "strict"
      },
      "d": {
        "tau_sec": 8.0,
        "dt_sec": 4.0,
        "max_lag_sec": 60.0,
        "threshold": 0.36787944117144233,
        "nan_frac": 0.0,
        "nan_policy": "strict"
      },
      "e": {
        "tau_sec": 28.0,
        "dt_sec": 4.0,
        "max_lag_sec": 60.0,
        "threshold": 0.36787944117144233,
        "nan_frac": 0.0,
        "nan_policy": "strict"
      }
    },
    "subcoords": {
      "m_a": {
        "tau_sec": 8.0,
        "dt_sec": 4.0,
        "max_lag_sec": 60.0,
        "threshold": 0.36787944117144233,
        "nan_frac": 0.0,
        "nan_policy": "strict"
      },
      "m_e": {
        "tau_sec": 12.0,
        "dt_sec": 4.0,
        "max_lag_sec": 60.0,
        "threshold": 0.36787944117144233,
        "nan_frac": 0.0,
        "nan_policy": "strict"
      },
      "m_o": {
        "tau_sec": 8.0,
        "dt_sec": 4.0,
        "max_lag_sec": 60.0,
        "threshold": 0.36787944117144233,
        "nan_frac": 0.0,
        "nan_policy": "strict"
      },
      "d_n": {
        "tau_sec": 8.0,
        "dt_sec": 4.0,
        "max_lag_sec": 60.0,
        "threshold": 0.36787944117144233,
        "nan_frac": 0.0,
        "nan_policy": "strict"
      },
      "d_l": {
        "tau_sec": 8.0,
        "dt_sec": 4.0,
        "max_lag_sec": 60.0,
        "threshold": 0.36787944117144233,
        "nan_frac": 0.0,