{
  "dataset_id": "ds003478:sub-062:rest_Rest_run-02",
  "subject": "sub-062",
  "session": null,
  "reliability_axes": {
    "m": 0.7299033981169286,
    "d": 0.7631638925289803,
    "e": 0.7886281265446713
  },
  "reliability_subcoords": {
    "m_a": 0.8414383119118515,
    "m_e": 0.7383637399056023,
    "m_o": 0.7061775120213468,
    "d_n": 0.8877135337151182,
    "d_l": 0.7525213404367647,
    "d_s": 0.8475464198850746,
    "e_e": 0.7002313825279846,
    "e_s": 0.6976498970275277,
    "e_m": 0.739722647717742
  }
}