{
  "dataset_id": "ds003478:sub-062:rest_Rest_run-02",
  "subject": "sub-062",
  "session": null,
  "coverage": {
    "epochs": 54,
    "seconds": 216.0
  },
  "artifacts": {
    "methods": [
      "none"
    ],
    "bad_eeg_channels": [],
    "n_bad_eeg_channels": 0,
    "stem_collisions": {}
  },
  "ensemble": {
    "var_by_subcoord": {
      "m_a": 0.009623837657272816,
      "m_e": 0.013497631065547466,
      "m_o": 0.0016579830553382635,
      "d_n": 0.0007438927423208952,
      "d_l": 0.006659686099737883,
      "d_s": 0.049846600741147995,
      "e_e": 0.0,
      "e_s": 0.0408356674015522,
      "e_m": 0.0
    },
    "var_mean": 0.013651699862546392,
    "var_max": 0.049846600741147995
  },
  "reliability": {
    "axes": {
      "m": 0.7299033981169286,
      "d": 0.7631638925289803,
      "e": 0.7886281265446713
    },
    "subcoords": {
      "m_a": 0.8414383119118515,
      "m_e": 0.7383637399056023,
      "m_o": 0.7061775120213468,
      "d_n": 0.8877135337151182,
      "d_l": 0.7525213404367647,
      "d_s": 0.8475464198850746,
      "e_e": 0.7002313825279846,
      "e_s": 0.6976498970275277,
      "e_m": 0.739722647717742
    }
  },
  "dist_summary": {
    "axes": {
      "m": {
        "n": 54,
        "nan_frac": 0.0,
        "mean": 0.1124476140399498,
        "median": 0.07753568887710571,
        "std": 0.4676891516494487,
        "iqr": 0.48660724237561226,
        "mad": 0.24029622972011566,
        "mad_sigma": 0.3562631901830435,
        "skewness": 0.9798252834073823,
        "kurtosis_excess": 0.7414414324062761,
        "delta_mean_median": 0.03491192516284408
      },
      "d": {
        "n": 54,
        "nan_frac": 0.0,
        "mean": 0.4419548569109153,
        "median": 0.5878782868385315,
        "std": 0.6258956683129451,
        "iqr": 1.0556193850934505,
        "mad": 0.43398478627204895,
        "mad_sigma": 0.6434258441269397,
        "skewness": -0.45346541938789425,
        "kurtosis_excess": -1.1525254365377242,
        "delta_mean_median": -0.1459234299276162
      },
      "e": {
        "n": 54,
        "nan_frac": 0.0,
        "mean": 0.34159278084903405,
        "median": 0.36738674342632294,
        "std": 0.5498042529468962,
        "iqr": 0.7806042479351163,
        "mad": 0.397665536031127,
        "mad_sigma": 0.5895789237197488,
        "skewness": 0.025297891645967317,
        "kurtosis_excess": -0.7910933639757576,
        "delta_mean_median": -0.025793962577288887
      }
    },
    "subcoords": {
      "m_a": {
        "n": 54,
        "nan_frac": 0.0,
        "mean": 0.07003310985035366,
        "median": -0.0019443575292825699,
        "std": 0.7352449714746883,
        "iqr": 1.3969948142766953,
        "mad": 0.7018081843852997,
        "mad_sigma": 1.0405008141696452,
        "skewness": 0.040087505349253594,
        "kurtosis_excess": -1.531531228316297,
        "delta_mean_median": 0.07197746737963623
      },
      "m_e": {
        "n": 54,
        "nan_frac": 0.0,
        "mean": 0.116873652161168,
        "median": 0.04681213200092316,
        "std": 0.3084428352549387,
        "iqr": 0.4492591470479965,
        "mad": 0.21241842210292816,
        "mad_sigma": 0.31493155260980127,
        "skewness": 0.2552052720827971,
        "kurtosis_excess": -0.4044815890663802,
        "delta_mean_median": 0.07006152016024485
      },
      "m_o": {
        "n": 54,
        "nan_frac": 0.0,
        "mean": 0.16547577834205218,
        "median": -0.0221160224173218,
        "std": 0.8348090681827283,
        "iqr": 1.0142910033464432,
        "mad": 0.5463351011276245,
        "mad_sigma": 0.809996420931816,
        "skewness": 0.49406028283663295,
        "kurtosis_excess": 0.22530520762445638,
        "delta_mean_median": 0.18759180075937398
      },
      "d_n": {
        "n": 54,
        "nan_frac": 0.0,
        "mean": 0.542358947917819,
        "median": 0.013526789844036102,
        "std": 1.2526942327506447,
        "iqr": 1.3811168000102043,
        "mad": 0.5312950238585472,
        "mad_sigma": 0.7876980023726821,
        "skewness": 0.9963942015985218,
        "kurtosis_excess": -0.4891732771060151,
        "delta_mean_median": 0.5288321580737829
      },
      "d_l": {
        "n": 54,
        "nan_frac": 0.0,
        "mean": 0.2866165632451022,
        "median": -0.10725019127130508,
        "std": 0.9369410751763352,
        "iqr": 1.6866410076618195,
        "mad": 0.7333333119750023,
        "mad_sigma": 1.0872399683341383,
        "skewness": 0.29556071011238966,
        "kurtosis_excess": -1.411853854849507,
        "delta_mean_median": 0.3938667545164073
      },
      "d_s": {
        "n": 54,
        "nan_frac": 0.0,
        "mean": 0.7175811345654505,
        "median": 0.5784660577774048,
        "std": 0.9334598102373868,
        "iqr": 1.3537845984101295,
        "mad": 0.6313052177429199,
        "mad_sigma": 0.935973115825653,
        "skewness": 0.434090983336828,
        "kurtosis_excess": -0.8364098948288068,
        "delta_mean_median": 0.1391150767880457
      },
      "e_e": {
        "n": 54,
        "nan_frac": 0.0,
        "mean": 0.13649831584620256,
        "median": 2.2994354367256165e-06,
        "std": 1.0373575160122042,
        "iqr": 1.3756310641765594,
        "mad": 0.67449298966676,
        "mad_sigma": 1.0000033064799383,
        "skewness": 0.6218036557965987,
        "kurtosis_excess": -0.24551203360487195,
        "delta_mean_median": 0.13649601641076584
      },
      "e_s": {
        "n": 54,
        "nan_frac": 0.0,
        "mean": 0.6517817002755625,
        "median": 0.6000213027000427,
        "std": 0.6972151974511558,
        "iqr": 1.0354952774941921,
        "mad": 0.5246920585632324,
        "mad_sigma": 0.7779084460258483,
        "skewness": 0.31540079417962097,
        "kurtosis_excess": -0.6563922834828588,
        "delta_mean_median": 0.051760397575519757
      },
      "e_m": {
        "n": 54,
        "nan_frac": 0.0,
        "mean": -0.2579677395212154,
        "median": 2.2025778889656067e-07,
        "std": 0.9860551048260912,
        "iqr": 1.401521623134613,
        "mad": 0.6744909402914345,
        "mad_sigma": 1.0000002680760807,
        "skewness": -0.8651070033781016,
        "kurtosis_excess": 1.2153934831986453,
        "delta_mean_median": -0.2579679597790043
      }
    }
  },
  "entropy_provisional": {},
  "tau_summary": {
    "axes": {
      "m": {
        "tau_sec": 8.0,
        "dt_sec": 4.0,
        "max_lag_sec": 60.0,
        "threshold": 0.36787944117144233,
        "nan_frac": 0.0,
        "nan_policy": "strict"
      },
      "d": {
        "tau_sec": 12.0,
        "dt_sec": 4.0,
        "max_lag_sec": 60.0,
        "threshold": 0.36787944117144233,
        "nan_frac": 0.0,
        "nan_policy": "strict"
      },
      "e": {
        "tau_sec": 24.0,
        "dt_sec": 4.0,
        "max_lag_sec": 60.0,
        "threshold": 0.36787944117144233,
        "nan_frac": 0.0,
        "nan_policy": "strict"
      }
    },
    "subcoords": {
      "m_a": {
        "tau_sec": 12.0,
        "dt_sec": 4.0,
        "max_lag_sec": 60.0,
        "threshold": 0.36787944117144233,
        "nan_frac": 0.0,
        "nan_policy": "strict"
      },
      "m_e": {
        "tau_sec": 8.0,
        "dt_sec": 4.0,
        "max_lag_sec": 60.0,
        "threshold": 0.36787944117144233,
        "nan_frac": 0.0,
        "nan_policy": "strict"
      },
      "m_o": {
        "tau_sec": 12.0,
        "dt_sec": 4.0,
        "max_lag_sec": 60.0,
        "threshold": 0.36787944117144233,
        "nan_frac": 0.0,
        "nan_policy": "strict"
      },
      "d_n": {
        "tau_sec": 28.0,
        "dt_sec": 4.0,
        "max_lag_sec": 60.0,
        "threshold": 0.36787944117144233,
        "nan_frac": 0.0,
        "nan_policy": "strict"
      },
      "d_l": {
        "tau_sec": 12.0,
        "dt_sec": 4.0,
        "max_lag_sec": 60.0,
        "threshold": 0.36787944117144233,
        "nan_frac": 0.0,