{
  "dataset_id": "ds003478:sub-118:rest_Rest_run-02",
  "subject": "sub-118",
  "session": null,
  "reliability_axes": {
    "m": 0.7309076211483205,
    "d": 0.9325238114991816,
    "e": 0.7746625803978516
  },
  "reliability_subcoords": {
    "m_a": 0.6650972636907619,
    "m_e": 0.8068656979197893,
    "m_o": 0.8443225899426232,
    "d_n": 0.5716412078721935,
    "d_l": 0.9105522449581319,
    "d_s": 0.9390993511661709,
    "e_e": 0.9050473192488908,
    "e_s": 0.8206167202277792,
    "e_m": 0.7505601306598902
  }
}