{
  "dataset_id": "ds003478:sub-118:rest_Rest_run-02",
  "subject": "sub-118",
  "session": null,
  "coverage": {
    "epochs": 39,
    "seconds": 156.0
  },
  "artifacts": {
    "methods": [
      "none"
    ],
    "bad_eeg_channels": [],
    "n_bad_eeg_channels": 0,
    "stem_collisions": {}
  },
  "ensemble": {
    "var_by_subcoord": {
      "m_a": 0.006094689015299082,
      "m_e": 0.023518845438957214,
      "m_o": 0.0022511202841997147,
      "d_n": 0.011426366865634918,
      "d_l": 0.02519194409251213,
      "d_s": 0.03127630054950714,
      "e_e": 0.0,
      "e_s": 0.01642884500324726,
      "e_m": 0.0
    },
    "var_mean": 0.012909790138817497,
    "var_max": 0.03127630054950714
  },
  "reliability": {
    "axes": {
      "m": 0.7309076211483205,
      "d": 0.9325238114991816,
      "e": 0.7746625803978516
    },
    "subcoords": {
      "m_a": 0.6650972636907619,
      "m_e": 0.8068656979197893,
      "m_o": 0.8443225899426232,
      "d_n": 0.5716412078721935,
      "d_l": 0.9105522449581319,
      "d_s": 0.9390993511661709,
      "e_e": 0.9050473192488908,
      "e_s": 0.8206167202277792,
      "e_m": 0.7505601306598902
    }
  },
  "dist_summary": {
    "axes": {
      "m": {
        "n": 39,
        "nan_frac": 0.0,
        "mean": -0.272535183872932,
        "median": -0.408735454082489,
        "std": 0.5736705255031727,
        "iqr": 0.5836786329746246,
        "mad": 0.2634776830673218,
        "mad_sigma": 0.3906320129156112,
        "skewness": 0.794362515329651,
        "kurtosis_excess": 0.037104829952725016,
        "delta_mean_median": 0.136200270209557
      },
      "d": {
        "n": 39,
        "nan_frac": 0.0,
        "mean": 0.9420568570972253,
        "median": 1.2647819519042969,
        "std": 1.0867767103589883,
        "iqr": 1.9998314706608653,
        "mad": 0.7995684146881104,
        "mad_sigma": 1.1854401316165923,
        "skewness": -0.5540882011918636,
        "kurtosis_excess": -0.9942187634617192,
        "delta_mean_median": -0.32272509480707157
      },
      "e": {
        "n": 39,
        "nan_frac": 0.0,
        "mean": -0.08949114798675649,
        "median": -0.13701806962490082,
        "std": 0.6300621981526587,
        "iqr": 0.8117773830890656,
        "mad": 0.41361846029758453,
        "mad_sigma": 0.6132307292371988,
        "skewness": 0.433630807383591,
        "kurtosis_excess": -0.24362520925941578,
        "delta_mean_median": 0.04752692163814433
      }
    },
    "subcoords": {
      "m_a": {
        "n": 39,
        "nan_frac": 0.0,
        "mean": -0.16716064942570832,
        "median": -0.11240573972463608,
        "std": 1.3155447896058727,
        "iqr": 1.0436920821666718,
        "mad": 0.5193881019949913,
        "mad_sigma": 0.7700448000177741,
        "skewness": -0.6261352636306677,
        "kurtosis_excess": 0.7484631314674837,
        "delta_mean_median": -0.054754909701072246
      },
      "m_e": {
        "n": 39,
        "nan_frac": 0.0,
        "mean": -0.4654392995513402,
        "median": -0.4503905773162842,
        "std": 0.34840241279859047,
        "iqr": 0.5521431192755699,
        "mad": 0.2963223457336426,
        "mad_sigma": 0.4393275097846985,
        "skewness": 0.3369834822860257,
        "kurtosis_excess": -0.8229458328916976,
        "delta_mean_median": -0.015048722235056045
      },
      "m_o": {
        "n": 39,
        "nan_frac": 0.0,
        "mean": -0.18194619566202164,
        "median": 0.14285971224308014,
        "std": 0.9988233440846992,
        "iqr": 1.7637182176113129,
        "mad": 0.9468194097280502,
        "mad_sigma": 1.403754456862807,
        "skewness": -0.019778195393497056,
        "kurtosis_excess": -1.44345922578636,
        "delta_mean_median": -0.3248059079051018
      },
      "d_n": {
        "n": 39,
        "nan_frac": 0.0,
        "mean": 0.11264973573195629,
        "median": -0.13390983641147614,
        "std": 0.7558900536715534,
        "iqr": 0.45304539799690247,
        "mad": 0.17865027487277985,
        "mad_sigma": 0.26486689752638337,
        "skewness": 2.0595280014637214,
        "kurtosis_excess": 3.9778812719523833,
        "delta_mean_median": 0.24655957214343244
      },
      "d_l": {
        "n": 39,
        "nan_frac": 0.0,
        "mean": 1.344004092308191,
        "median": 2.1300244331359863,
        "std": 1.6578024373473605,
        "iqr": 2.7799869626760483,
        "mad": 0.9127171039581299,
        "mad_sigma": 1.3531943783283233,
        "skewness": -0.6287051881982534,
        "kurtosis_excess": -0.8455331487747983,
        "delta_mean_median": -0.7860203408277953
      },
      "d_s": {
        "n": 39,
        "nan_frac": 0.0,
        "mean": 1.2460097544468367,
        "median": 0.9954949617385864,
        "std": 1.7858028310805452,
        "iqr": 3.7244208455085754,
        "mad": 1.852386236190796,
        "mad_sigma": 2.7463478337764737,
        "skewness": 0.007052065455470322,
        "kurtosis_excess": -1.8462529970634658,
        "delta_mean_median": 0.2505147927082503
      },
      "e_e": {
        "n": 39,
        "nan_frac": 0.0,
        "mean": -0.7619946242954868,
        "median": 0.0,
        "std": 1.233865775146225,
        "iqr": 2.1131826788187027,
        "mad": 0.674490749835968,
        "mad_sigma": 0.9999999857068061,
        "skewness": -0.5197046884828301,
        "kurtosis_excess": -0.9752575761826736,
        "delta_mean_median": -0.7619946242954868
      },
      "e_s": {
        "n": 39,
        "nan_frac": 0.0,
        "mean": 0.8214645328430029,
        "median": 1.31046724319458,
        "std": 1.2430292635228095,
        "iqr": 1.7207377925515175,
        "mad": 0.8127024173736572,
        "mad_sigma": 1.2049126039981841,
        "skewness": -0.6592312025573259,
        "kurtosis_excess": -0.5214051530582555,
        "delta_mean_median": -0.48900271035157716
      },
      "e_m": {
        "n": 39,
        "nan_frac": 0.0,
        "mean": 0.138357081474402,
        "median": 0.0,
        "std": 1.1138604150299376,
        "iqr": 0.674490749835968,
        "mad": 0.674490749835968,
        "mad_sigma": 0.9999999857068061,
        "skewness": 1.7889304553382972,
        "kurtosis_excess": 2.76184357253615,
        "delta_mean_median": 0.138357081474402
      }
    }
  },
  "entropy_provisional": {},
  "tau_summary": {
    "axes": {
      "m": {
        "tau_sec": 16.0,
        "dt_sec": 4.0,
        "max_lag_sec": 60.0,
        "threshold": 0.36787944117144233,
        "nan_frac": 0.0,
        "nan_policy": "strict"
      },
      "d": {
        "tau_sec": 16.0,
        "dt_sec": 4.0,
        "max_lag_sec": 60.0,
        "threshold": 0.36787944117144233,
        "nan_frac": 0.0,
        "nan_policy": "strict"
      },
      "e": {
        "tau_sec": 8.0,
        "dt_sec": 4.0,
        "max_lag_sec": 60.0,
        "threshold": 0.36787944117144233,
        "nan_frac": 0.0,
        "nan_policy": "strict"
      }
    },
    "subcoords": {
      "m_a": {
        "tau_sec": 8.0,
        "dt_sec": 4.0,
        "max_lag_sec": 60.0,
        "threshold": 0.36787944117144233,
        "nan_frac": 0.0,
        "nan_policy": "strict"
      },
      "m_e": {
        "tau_sec": 20.0,
        "dt_sec": 4.0,
        "max_lag_sec": 60.0,
        "threshold": 0.36787944117144233,
        "nan_frac": 0.0,
        "nan_policy": "strict"
      },
      "m_o": {
        "tau_sec": 36.0,
        "dt_sec": 4.0,
        "max_lag_sec": 60.0,
        "threshold": 0.36787944117144233,
        "nan_frac": 0.0,
        "nan_policy": "strict"
      },
      "d_n": {
        "tau_sec": 8.0,
        "dt_sec": 4.0,
        "max_lag_sec": 60.0,
        "threshold": 0.36787944117144233,
        "nan_frac": 0.0,
        "nan_policy": "strict"
      },
      "d_l": {
        "tau_sec": 16.0,
        "dt_sec": 4.0,
        "max_lag_sec": 60.0,
        "threshold": 0.36787944117144233,
        "nan_frac": 0.0,
        "nan_policy": "strict"
      },
      "d_s": {
        "tau_sec": 32.0,