{
  "dataset_id": "ds003478:sub-112:rest_Rest_run-02",
  "subject": "sub-112",
  "session": null,
  "reliability_axes": {
    "m": 0.6648010157045018,
    "d": 0.8499265241879689,
    "e": 0.4971967950237892
  },
  "reliability_subcoords": {
    "m_a": 0.9481404453007762,
    "m_e": 0.7168658243129272,
    "m_o": 0.6836279959626143,
    "d_n": 0.8034897508146946,
    "d_l": 0.8811751082983377,
    "d_s": 0.7650275811938513,
    "e_e": 0.46444776012700023,
    "e_s": 0.37161063787965976,
    "e_m": 0.9174382428575691
  }
}