{
  "dataset_id": "ds003478:sub-112:rest_Rest_run-02",
  "subject": "sub-112",
  "session": null,
  "coverage": {
    "epochs": 56,
    "seconds": 224.0
  },
  "artifacts": {
    "methods": [
      "none"
    ],
    "bad_eeg_channels": [
      "CB2",
      "CZ"
    ],
    "n_bad_eeg_channels": 2,
    "stem_collisions": {}
  },
  "ensemble": {
    "var_by_subcoord": {
      "m_a": 0.01105786208063364,
      "m_e": 0.016567427664995193,
      "m_o": 0.0008371822186745703,
      "d_n": 0.0024002930149435997,
      "d_l": 0.09702351689338684,
      "d_s": 0.06756899505853653,
      "e_e": 0.0,
      "e_s": 0.0064326184801757336,
      "e_m": 0.0
    },
    "var_mean": 0.022431988379038457,
    "var_max": 0.09702351689338684
  },
  "reliability": {
    "axes": {
      "m": 0.6648010157045018,
      "d": 0.8499265241879689,
      "e": 0.4971967950237892
    },
    "subcoords": {
      "m_a": 0.9481404453007762,
      "m_e": 0.7168658243129272,
      "m_o": 0.6836279959626143,
      "d_n": 0.8034897508146946,
      "d_l": 0.8811751082983377,
      "d_s": 0.7650275811938513,
      "e_e": 0.46444776012700023,
      "e_s": 0.37161063787965976,
      "e_m": 0.9174382428575691
    }
  },
  "dist_summary": {
    "axes": {
      "m": {
        "n": 56,
        "nan_frac": 0.0,
        "mean": -0.024958709022030234,
        "median": -0.009082959732040763,
        "std": 0.38816038184924234,
        "iqr": 0.5269261822104454,
        "mad": 0.26689431071281433,
        "mad_sigma": 0.3956975050628185,
        "skewness": -0.12369442864934103,
        "kurtosis_excess": -0.3219370139850759,
        "delta_mean_median": -0.01587574928998947
      },
      "d": {
        "n": 56,
        "nan_frac": 0.0,
        "mean": 0.682604680037392,
        "median": 0.3174681067466736,
        "std": 1.0391487546362184,
        "iqr": 1.568380381911993,
        "mad": 0.5520523488521576,
        "mad_sigma": 0.8184728124082088,
        "skewness": 0.805478527490236,
        "kurtosis_excess": -0.8711578388210235,
        "delta_mean_median": 0.36513657329071847
      },
      "e": {
        "n": 56,
        "nan_frac": 0.0,
        "mean": 0.11014591117522546,
        "median": 0.1447211429476738,
        "std": 0.5599570423223731,
        "iqr": 0.6590492390096188,
        "mad": 0.3363083526492119,
        "mad_sigma": 0.4986107636377215,
        "skewness": -0.15600351378310792,
        "kurtosis_excess": 0.4250420230359748,
        "delta_mean_median": -0.03457523177244834
      }
    },
    "subcoords": {
      "m_a": {
        "n": 56,
        "nan_frac": 0.0,
        "mean": 0.05892008977908907,
        "median": 0.038722969591617584,
        "std": 0.7694174307947599,
        "iqr": 1.408718779683113,
        "mad": 0.7094543278217316,
        "mad_sigma": 1.051836986428499,
        "skewness": 0.18093390366982368,
        "kurtosis_excess": -1.2112276553010766,
        "delta_mean_median": 0.02019712018747149
      },
      "m_e": {
        "n": 56,
        "nan_frac": 0.0,
        "mean": -0.11020956069530387,
        "median": 0.08713042736053467,
        "std": 0.6692042984336102,
        "iqr": 1.0764145404100418,
        "mad": 0.426761656999588,
        "mad_sigma": 0.6327168326675892,
        "skewness": -0.487154390843798,
        "kurtosis_excess": -0.890375009800568,
        "delta_mean_median": -0.19733998805583852
      },
      "m_o": {
        "n": 56,
        "nan_frac": 0.0,
        "mean": -0.03632956139543759,
        "median": -0.007128639612346888,
        "std": 0.9338989361583407,
        "iqr": 0.9080835357308388,
        "mad": 0.48298618057742715,
        "mad_sigma": 0.7160753113240934,
        "skewness": 0.31596926314532536,
        "kurtosis_excess": 0.3578765726334039,
        "delta_mean_median": -0.0292009217830907
      },
      "d_n": {
        "n": 56,
        "nan_frac": 0.0,
        "mean": 0.14033060507582767,
        "median": -0.10305377840995789,
        "std": 0.8210412112975418,
        "iqr": 1.0120331645011902,
        "mad": 0.4913151413202286,
        "mad_sigma": 0.7284238285213709,
        "skewness": 0.9828138383838337,
        "kurtosis_excess": 0.05989812487254653,
        "delta_mean_median": 0.24338438348578556
      },
      "d_l": {
        "n": 56,
        "nan_frac": 0.0,
        "mean": 0.9463903347828558,
        "median": -0.006560675799846649,
        "std": 1.8917149126190087,
        "iqr": 2.9069127291440964,
        "mad": 0.6707763150334358,
        "mad_sigma": 0.9944929646685718,
        "skewness": 0.8897360129363664,
        "kurtosis_excess": -0.8581181400175999,
        "delta_mean_median": 0.9529510105827025
      },
      "d_s": {
        "n": 56,
        "nan_frac": 0.0,
        "mean": 0.8784361675913844,
        "median": 0.4863319844007492,
        "std": 1.1584540556450216,
        "iqr": 1.601963922381401,
        "mad": 0.5437506884336472,
        "mad_sigma": 0.8061647706717252,
        "skewness": 0.828067360196739,
        "kurtosis_excess": -0.7233242783288447,
        "delta_mean_median": 0.3921041831906352
      },
      "e_e": {
        "n": 56,
        "nan_frac": 0.0,
        "mean": -0.08349067944384712,
        "median": 1.7293496057391167e-06,
        "std": 1.1145802391379858,
        "iqr": 1.2022143825888634,
        "mad": 0.6744924791855738,
        "mad_sigma": 1.0000025496405316,
        "skewness": -0.2387584926351866,
        "kurtosis_excess": 0.6518308467532385,
        "delta_mean_median": -0.08349240879345286
      },
      "e_s": {
        "n": 56,
        "nan_frac": 0.0,
        "mean": 0.37764256447553635,
        "median": 0.36880283057689667,
        "std": 0.3255667421109773,
        "iqr": 0.5666730608791113,
        "mad": 0.28287409991025925,
        "mad_sigma": 0.4193891405269503,
        "skewness": 0.22839987142082174,
        "kurtosis_excess": -0.7311088311213836,
        "delta_mean_median": 0.008839733898639679
      },
      "e_m": {
        "n": 56,
        "nan_frac": 0.0,
        "mean": 0.06825204566121101,
        "median": 0.0,
        "std": 0.7913892794372976,
        "iqr": 1.348981499671936,
        "mad": 0.674490749835968,
        "mad_sigma": 0.9999999857068061,
        "skewness": 0.38142493392605814,
        "kurtosis_excess": -1.0457855835492025,
        "delta_mean_median": 0.06825204566121101
      }
    }
  },
  "entropy_provisional": {},
  "tau_summary": {
    "axes": {
      "m": {
        "tau_sec": 8.0,
        "dt_sec": 4.0,
        "max_lag_sec": 60.0,
        "threshold": 0.36787944117144233,
        "nan_frac": 0.0,
        "nan_policy": "strict"
      },
      "d": {
        "tau_sec": 28.0,
        "dt_sec": 4.0,
        "max_lag_sec": 60.0,
        "threshold": 0.36787944117144233,
        "nan_frac": 0.0,
        "nan_policy": "strict"
      },
      "e": {
        "tau_sec": 8.0,
        "dt_sec": 4.0,
        "max_lag_sec": 60.0,
        "threshold": 0.36787944117144233,
        "nan_frac": 0.0,
        "nan_policy": "strict"
      }
    },
    "subcoords": {
      "m_a": {
        "tau_sec": 28.0,
        "dt_sec": 4.0,
        "max_lag_sec": 60.0,
        "threshold": 0.36787944117144233,
        "nan_frac": 0.0,
        "nan_policy": "strict"
      },
      "m_e": {
        "tau_sec": 8.0,
        "dt_sec": 4.0,
        "max_lag_sec": 60.0,
        "threshold": 0.36787944117144233,
        "nan_frac": 0.0,
        "nan_policy": "strict"
      },
      "m_o": {
        "tau_sec": 8.0,
        "dt_sec": 4.0,
        "max_lag_sec": 60.0,
        "threshold": 0.36787944117144233,
        "nan_frac": 0.0,
        "nan_policy": "strict"
      },
      "d_n": {
        "tau_sec": 12.0,
        "dt_sec": 4.0,
        "max_lag_sec": 60.0,
        "threshold": 0.36787944117144233,
        "nan_frac": 0.0,
        "nan_policy": "strict"
      },
      "d_l": {
        "tau_sec": 28.0,
        "dt_sec": 4.0,
        "max_lag_sec": 60.0,
        "threshold": 0.36787944117144233,
        "nan_frac": 0.0,