{
  "dataset_id": "ds003478:sub-039:rest_Rest_run-01",
  "subject": "sub-039",
  "session": null,
  "reliability_axes": {
    "m": 0.8705652127988742,
    "d": 0.7383022478910326,
    "e": 0.6057014957162343
  },
  "reliability_subcoords": {
    "m_a": 0.7691072906593645,
    "m_e": 0.9101116684716476,
    "m_o": 0.9094725753915794,
    "d_n": 0.7541340812950906,
    "d_l": 0.711235875004551,
    "d_s": 0.8865989301103593,
    "e_e": 0.9214248469756935,
    "e_s": 0.7954025474620422,
    "e_m": null
  }
}