{
  "dataset_id": "ds003478:sub-039:rest_Rest_run-01",
  "subject": "sub-039",
  "session": null,
  "coverage": {
    "epochs": 123,
    "seconds": 492.0
  },
  "artifacts": {
    "methods": [
      "none"
    ],
    "bad_eeg_channels": [],
    "n_bad_eeg_channels": 0,
    "stem_collisions": {}
  },
  "ensemble": {
    "var_by_subcoord": {
      "m_a": 0.006151536945253611,
      "m_e": 0.0011052124900743365,
      "m_o": 0.0014748965622857213,
      "d_n": 0.03195691108703613,
      "d_l": 0.00020381408103276044,
      "d_s": 0.030957568436861038,
      "e_e": 0.0,
      "e_s": 0.0030201382469385862,
      "e_m": 0.0
    },
    "var_mean": 0.008318897538831353,
    "var_max": 0.03195691108703613
  },
  "reliability": {
    "axes": {
      "m": 0.8705652127988742,
      "d": 0.7383022478910326,
      "e": 0.6057014957162343
    },
    "subcoords": {
      "m_a": 0.7691072906593645,
      "m_e": 0.9101116684716476,
      "m_o": 0.9094725753915794,
      "d_n": 0.7541340812950906,
      "d_l": 0.711235875004551,
      "d_s": 0.8865989301103593,
      "e_e": 0.9214248469756935,
      "e_s": 0.7954025474620422,
      "e_m": null
    }
  },
  "dist_summary": {
    "axes": {
      "m": {
        "n": 123,
        "nan_frac": 0.0,
        "mean": 0.0015869421573976676,
        "median": -0.23069807887077332,
        "std": 0.6019834491008573,
        "iqr": 1.068187028169632,
        "mad": 0.3943096101284027,
        "mad_sigma": 0.5846034279763698,
        "skewness": -0.3094564929821432,
        "kurtosis_excess": 0.5855166940222025,
        "delta_mean_median": 0.23228502102817097
      },
      "d": {
        "n": 123,
        "nan_frac": 0.0,
        "mean": 0.44713506994511537,
        "median": 0.25410595536231995,
        "std": 0.6494066598710453,
        "iqr": 0.7267809882760048,
        "mad": 0.34640736877918243,
        "mad_sigma": 0.5135835649520158,
        "skewness": 0.8111714205717967,
        "kurtosis_excess": 0.8156252897350513,
        "delta_mean_median": 0.19302911458279542
      },
      "e": {
        "n": 123,
        "nan_frac": 0.0,
        "mean": -0.01662775594741106,
        "median": -0.051661353558301926,
        "std": 0.29749475075457926,
        "iqr": 0.31035570055246353,
        "mad": 0.16017475351691246,
        "mad_sigma": 0.2374750895641744,
        "skewness": 1.1329466639735581,
        "kurtosis_excess": 1.4982178050721684,
        "delta_mean_median": 0.035033597610890865
      }
    },
    "subcoords": {
      "m_a": {
        "n": 123,
        "nan_frac": 0.0,
        "mean": -0.03182646628030068,
        "median": -0.020029965788125992,
        "std": 0.9029277291617631,
        "iqr": 1.04887193441391,
        "mad": 0.6022641025483608,
        "mad_sigma": 0.8929167584381997,
        "skewness": -2.4702860457481157,
        "kurtosis_excess": 13.529665999198034,
        "delta_mean_median": -0.011796500492174691
      },
      "m_e": {
        "n": 123,
        "nan_frac": 0.0,
        "mean": -0.06943801697248941,
        "median": -0.09952035546302795,
        "std": 0.29121631221478045,
        "iqr": 0.4263678565621376,
        "mad": 0.21198942512273788,
        "mad_sigma": 0.31429552168697117,
        "skewness": -1.943319357574717,
        "kurtosis_excess": 10.869147483472181,
        "delta_mean_median": 0.03008233849053854
      },
      "m_o": {
        "n": 123,
        "nan_frac": 0.0,
        "mean": 0.13443146789223107,
        "median": 0.0491839274764061,
        "std": 0.9754783286189257,
        "iqr": 1.747511625289917,
        "mad": 0.8374418243765831,
        "mad_sigma": 1.2415912488207221,
        "skewness": 0.3625685536170367,
        "kurtosis_excess": -1.2071357330921226,
        "delta_mean_median": 0.08524754041582497
      },
      "d_n": {
        "n": 123,
        "nan_frac": 0.0,
        "mean": 0.1318172619231348,
        "median": -0.01012428104877472,
        "std": 0.5559773614829547,
        "iqr": 0.31590795516967773,
        "mad": 0.14598749577999115,
        "mad_sigma": 0.21644106124341486,
        "skewness": 3.8203348299517645,
        "kurtosis_excess": 20.276849814754463,
        "delta_mean_median": 0.14194154297190953
      },
      "d_l": {
        "n": 123,
        "nan_frac": 0.0,
        "mean": 0.6414864687779085,
        "median": 0.46419674158096313,
        "std": 0.8555242172888387,
        "iqr": 0.8429650962352753,
        "mad": 0.4080725908279419,
        "mad_sigma": 0.6050084231615066,
        "skewness": 0.3814449906358225,
        "kurtosis_excess": 0.24662653142333113,
        "delta_mean_median": 0.17728972719694536
      },
      "d_s": {
        "n": 123,
        "nan_frac": 0.0,
        "mean": 0.44103065593455865,
        "median": -0.10396222770214081,
        "std": 1.2495610216055335,
        "iqr": 2.0622740983963013,
        "mad": 0.7389668375253677,
        "mad_sigma": 1.0955922333151102,
        "skewness": 0.6607589910252888,
        "kurtosis_excess": -0.8293759373671707,
        "delta_mean_median": 0.5449928836366995
      },
      "e_e": {
        "n": 123,
        "nan_frac": 0.0,
        "mean": -0.2804539591013416,
        "median": 0.0,
        "std": 0.835104893729765,
        "iqr": 1.4857163727283478,
        "mad": 0.674490749835968,
        "mad_sigma": 0.9999999857068061,
        "skewness": -0.20048172418529514,
        "kurtosis_excess": -1.4105534407356037,
        "delta_mean_median": -0.2804539591013416
      },
      "e_s": {
        "n": 123,
        "nan_frac": 0.0,
        "mean": 0.34190454200758197,
        "median": 0.43966588377952576,
        "std": 1.0213276141354717,
        "iqr": 1.7300146222114563,
        "mad": 0.9358088076114655,
        "mad_sigma": 1.3874301381647587,
        "skewness": 0.3195046163450528,
        "kurtosis_excess": -0.893130643069056,
        "delta_mean_median": -0.09776134177194379
      },
      "e_m": {
        "n": 123,
        "nan_frac": 0.0,
        "mean": 0.04878048780487805,
        "median": 0.0,
        "std": 0.5387980983993786,
        "iqr": 0.0,
        "mad": 0.0,
        "mad_sigma": 0.0,
        "skewness": 10.954825271144738,
        "kurtosis_excess": 118.00819672131142,
        "delta_mean_median": 0.04878048780487805
      }
    }
  },
  "entropy_provisional": {
    "e_m": {
      "var": 0.2903033908387865,
      "n_unique": 2,
      "nan_frac": 0.0,
      "provisional": true
    }
  },
  "tau_summary": {
    "axes": {
      "m": {
        "tau_sec": 24.0,
        "dt_sec": 4.0,
        "max_lag_sec": 60.0,
        "threshold": 0.36787944117144233,
        "nan_frac": 0.0,
        "nan_policy": "strict"
      },
      "d": {
        "tau_sec": 12.0,
        "dt_sec": 4.0,
        "max_lag_sec": 60.0,
        "threshold": 0.36787944117144233,
        "nan_frac": 0.0,
        "nan_policy": "strict"
      },
      "e": {
        "tau_sec": 12.0,
        "dt_sec": 4.0,
        "max_lag_sec": 60.0,
        "threshold": 0.36787944117144233,
        "nan_frac": 0.0,
        "nan_policy": "strict"
      }
    },
    "subcoords": {
      "m_a": {
        "tau_sec": 8.0,
        "dt_sec": 4.0,
        "max_lag_sec": 60.0,
        "threshold": 0.36787944117144233,
        "nan_frac": 0.0,
        "nan_policy": "strict"
      },
      "m_e": {
        "tau_sec": 16.0,
        "dt_sec": 4.0,
        "max_lag_sec": 60.0,
        "threshold": 0.36787944117144233,
        "nan_frac": 0.0,
        "nan_policy": "strict"
      },
      "m_o": {
        "tau_sec": 32.0,
        "dt_sec": 4.0,
        "max_lag_sec": 60.0,
        "threshold": 0.36787944117144233,
        "nan_frac": 0.0,
        "nan_policy": "strict"
      },
      "d_n": {
        "tau_sec": 8.0,
        "dt_sec": 4.0,
        "max_lag_sec": 60.0,
        "threshold": 0.36787944117144233,
        "nan_frac": 0.0,
        "nan_policy": "strict"
      },
      "d_l": {
        "tau_sec": 12.0,
        "dt_sec": 4.0,
        "max_lag_sec": 60.0,
        "threshold": 0.36787944117144233,