{
  "dataset_id": "ds003478:sub-065:rest_Rest_run-02",
  "subject": "sub-065",
  "session": null,
  "reliability_axes": {
    "m": 0.5022554273421441,
    "d": 0.9058516892012367,
    "e": 0.5323277757657554
  },
  "reliability_subcoords": {
    "m_a": 0.8795711477584558,
    "m_e": 0.34728327706115036,
    "m_o": 0.4550956903080898,
    "d_n": 0.6504486053140005,
    "d_l": 0.9067730137242189,
    "d_s": 0.8579746458086261,
    "e_e": 0.5608430028909787,
    "e_s": 0.7857504504085806,
    "e_m": null
  }
}