{
  "dataset_id": "ds003478:sub-009:rest_Rest_run-02",
  "subject": "sub-009",
  "session": null,
  "reliability_axes": {
    "m": 0.7931518773345598,
    "d": 0.8443262515701406,
    "e": 0.802889813627564
  },
  "reliability_subcoords": {
    "m_a": 0.8341484430961467,
    "m_e": 0.8146718962040155,
    "m_o": 0.5386702176186178,
    "d_n": 0.8413421209969897,
    "d_l": 0.7569132165550001,
    "d_s": 0.8686274552163816,
    "e_e": 0.7822435304888083,
    "e_s": 0.658110001195338,
    "e_m": null
  }
}