{
  "dataset_id": "ds003478:sub-028:rest_Rest_run-01",
  "subject": "sub-028",
  "session": null,
  "reliability_axes": {
    "m": 0.7220604448681018,
    "d": 0.9135994356357643,
    "e": 0.7488678389444721
  },
  "reliability_subcoords": {
    "m_a": 0.566290652471893,
    "m_e": 0.7649252690235435,
    "m_o": 0.7377106675219153,
    "d_n": 0.30711587214427655,
    "d_l": 0.9311476309113951,
    "d_s": 0.9206611684916609,
    "e_e": 0.7557039947423457,
    "e_s": 0.5572146597369854,
    "e_m": null
  }
}