{
  "dataset_id": "ds003478:sub-028:rest_Rest_run-01",
  "subject": "sub-028",
  "session": null,
  "coverage": {
    "epochs": 122,
    "seconds": 488.0
  },
  "artifacts": {
    "methods": [
      "none"
    ],
    "bad_eeg_channels": [],
    "n_bad_eeg_channels": 0,
    "stem_collisions": {}
  },
  "ensemble": {
    "var_by_subcoord": {
      "m_a": 0.004926767665892839,
      "m_e": 0.01178460381925106,
      "m_o": 0.0015816523227840662,
      "d_n": 0.00468292785808444,
      "d_l": 0.1126023530960083,
      "d_s": 0.0702999085187912,
      "e_e": 2.0881663368929604e-13,
      "e_s": 0.051165271550416946,
      "e_m": 0.0
    },
    "var_mean": 0.028560387203493076,
    "var_max": 0.1126023530960083
  },
  "reliability": {
    "axes": {
      "m": 0.7220604448681018,
      "d": 0.9135994356357643,
      "e": 0.7488678389444721
    },
    "subcoords": {
      "m_a": 0.566290652471893,
      "m_e": 0.7649252690235435,
      "m_o": 0.7377106675219153,
      "d_n": 0.30711587214427655,
      "d_l": 0.9311476309113951,
      "d_s": 0.9206611684916609,
      "e_e": 0.7557039947423457,
      "e_s": 0.5572146597369854,
      "e_m": null
    }
  },
  "dist_summary": {
    "axes": {
      "m": {
        "n": 122,
        "nan_frac": 0.0,
        "mean": -0.12275850897861003,
        "median": -0.1413394659757614,
        "std": 0.37223306324537025,
        "iqr": 0.40829527750611305,
        "mad": 0.20418158173561096,
        "mad_sigma": 0.3027196130812168,
        "skewness": -0.8356115239238812,
        "kurtosis_excess": 5.392848161807869,
        "delta_mean_median": 0.018580956997151385
      },
      "d": {
        "n": 122,
        "nan_frac": 0.0,
        "mean": 0.6707771990570377,
        "median": 0.26009010523557663,
        "std": 1.2186863667941963,
        "iqr": 2.4418962225317955,
        "mad": 0.983068160712719,
        "mad_sigma": 1.457496855072677,
        "skewness": 0.271065409686263,
        "kurtosis_excess": -1.4501114689326953,
        "delta_mean_median": 0.41068709382146107
      },
      "e": {
        "n": 122,
        "nan_frac": 0.0,
        "mean": 0.10969045938404857,
        "median": 0.2375834509730339,
        "std": 0.5832116313418123,
        "iqr": 0.8471047803759575,
        "mad": 0.34660374000668526,
        "mad_sigma": 0.5138747049339115,
        "skewness": -0.5661321849825875,
        "kurtosis_excess": -0.1499093138231129,
        "delta_mean_median": -0.12789299158898532
      }
    },
    "subcoords": {
      "m_a": {
        "n": 122,
        "nan_frac": 0.0,
        "mean": -0.10526111697946049,
        "median": 0.07213297486305237,
        "std": 0.845443010852863,
        "iqr": 0.9450665041804314,
        "mad": 0.4066229462623596,
        "mad_sigma": 0.6028591801285743,
        "skewness": -3.1285352941832367,
        "kurtosis_excess": 17.661838290971673,
        "delta_mean_median": -0.17739409184251287
      },
      "m_e": {
        "n": 122,
        "nan_frac": 0.0,
        "mean": -0.15672634742947936,
        "median": -0.1156175434589386,
        "std": 0.29619027514926266,
        "iqr": 0.45377524569630623,
        "mad": 0.21199090033769608,
        "mad_sigma": 0.3142977088406682,
        "skewness": -1.8915602984858664,
        "kurtosis_excess": 10.089309328196412,
        "delta_mean_median": -0.04110880397054076
      },
      "m_o": {
        "n": 122,
        "nan_frac": 0.0,
        "mean": -0.1053497859042271,
        "median": 0.04151269234716892,
        "std": 0.8961026408511167,
        "iqr": 1.5034817904233932,
        "mad": 0.7110017593950033,
        "mad_sigma": 1.054131208479032,
        "skewness": 0.23627144253899954,
        "kurtosis_excess": -0.05257858561348794,
        "delta_mean_median": -0.14686247825139603
      },
      "d_n": {
        "n": 122,
        "nan_frac": 0.0,
        "mean": 0.014876069409436867,
        "median": -0.1561872884631157,
        "std": 0.5948244247062741,
        "iqr": 0.3923351317644119,
        "mad": 0.16371236741542816,
        "mad_sigma": 0.24271995593011378,
        "skewness": 4.859681796812762,
        "kurtosis_excess": 34.77725810474359,
        "delta_mean_median": 0.17106335787255256
      },
      "d_l": {
        "n": 122,
        "nan_frac": 0.0,
        "mean": 0.9625292273207766,
        "median": 0.08801858872175217,
        "std": 1.8119622979712444,
        "iqr": 3.632795497775078,
        "mad": 1.2341728135943413,
        "mad_sigma": 1.8297846134349702,
        "skewness": 0.2478690282003138,
        "kurtosis_excess": -1.6261190630967883,
        "delta_mean_median": 0.8745106385990244
      },
      "d_s": {
        "n": 122,
        "nan_frac": 0.0,
        "mean": 0.987612605705613,
        "median": 0.297183096408844,
        "std": 1.6325502788191493,
        "iqr": 3.261968106031418,
        "mad": 1.090856909751892,
        "mad_sigma": 1.6173044543981552,
        "skewness": 0.25637580965413426,
        "kurtosis_excess": -1.6513787961430233,
        "delta_mean_median": 0.690429509296769
      },
      "e_e": {
        "n": 122,
        "nan_frac": 0.0,
        "mean": -0.37194815175760476,
        "median": 0.0,
        "std": 1.1319916368559877,
        "iqr": 1.6322424709796906,
        "mad": 0.6744906902313232,
        "mad_sigma": 0.9999998973369598,
        "skewness": -0.5767087627069704,
        "kurtosis_excess": -0.5448380735188536,
        "delta_mean_median": -0.37194815175760476
      },
      "e_s": {
        "n": 122,
        "nan_frac": 0.0,
        "mean": 0.7729293844189311,
        "median": 0.8255928456783295,
        "std": 0.47071101067621324,
        "iqr": 0.8254132643342018,
        "mad": 0.41893817484378815,
        "mad_sigma": 0.6211177380234003,
        "skewness": -0.23005410529213485,
        "kurtosis_excess": -1.06619345798723,
        "delta_mean_median": -0.05266346125939836
      },
      "e_m": {
        "n": 122,
        "nan_frac": 0.0,
        "mean": 0.04918032786885246,
        "median": 0.0,
        "std": 0.540983606557377,
        "iqr": 0.0,
        "mad": 0.0,
        "mad_sigma": 0.0,
        "skewness": 10.90909090909091,
        "kurtosis_excess": 117.0082644628099,
        "delta_mean_median": 0.04918032786885246
      }
    }
  },
  "entropy_provisional": {
    "e_m": {
      "var": 0.2926632625638269,
      "n_unique": 2,
      "nan_frac": 0.0,
      "provisional": true
    }
  },
  "tau_summary": {
    "axes": {
      "m": {
        "tau_sec": 12.0,
        "dt_sec": 4.0,
        "max_lag_sec": 60.0,
        "threshold": 0.36787944117144233,
        "nan_frac": 0.0,
        "nan_policy": "strict"
      },
      "d": {
        "tau_sec": 36.0,
        "dt_sec": 4.0,
        "max_lag_sec": 60.0,
        "threshold": 0.36787944117144233,
        "nan_frac": 0.0,
        "nan_policy": "strict"
      },
      "e": {
        "tau_sec": 16.0,
        "dt_sec": 4.0,
        "max_lag_sec": 60.0,
        "threshold": 0.36787944117144233,
        "nan_frac": 0.0,
        "nan_policy": "strict"
      }
    },
    "subcoords": {
      "m_a": {
        "tau_sec": 8.0,
        "dt_sec": 4.0,
        "max_lag_sec": 60.0,
        "threshold": 0.36787944117144233,
        "nan_frac": 0.0,
        "nan_policy": "strict"
      },
      "m_e": {
        "tau_sec": 24.0,
        "dt_sec": 4.0,
        "max_lag_sec": 60.0,
        "threshold": 0.36787944117144233,
        "nan_frac": 0.0,
        "nan_policy": "strict"
      },
      "m_o": {
        "tau_sec": 24.0,
        "dt_sec": 4.0,
        "max_lag_sec": 60.0,
        "threshold": 0.36787944117144233,
        "nan_frac": 0.0,
        "nan_policy": "strict"
      },
      "d_n": {
        "tau_sec": 4.0,
        "dt_sec": 4.0,
        "max_lag_sec": 60.0,
        "threshold": 0.36787944117144233,
        "nan_frac": 0.0,
        "nan_policy": "strict"
      },
      "d_l": {
        "tau_sec": 36.0,
        "dt_sec": 4.0,
        "max_lag_sec": 60.0,
        "threshold": 0.36787944117144233,