{
  "dataset_id": "ds003478:sub-001:rest_Rest_run-01",
  "subject": "sub-001",
  "session": null,
  "reliability_axes": {
    "m": 0.5333255815572129,
    "d": 0.23440546425049114,
    "e": 0.6176007562133258
  },
  "reliability_subcoords": {
    "m_a": 0.4884850316774727,
    "m_e": 0.5889474785004412,
    "m_o": 0.4748765176969476,
    "d_n": 0.6197282978281692,
    "d_l": 0.5952874446788607,
    "d_s": 0.5320484045977911,
    "e_e": 0.6039218845856125,
    "e_s": 0.7047490857061687,
    "e_m": null
  }
}