{
  "dataset_id": "ds003478:sub-001:rest_Rest_run-01",
  "subject": "sub-001",
  "session": null,
  "coverage": {
    "epochs": 124,
    "seconds": 496.0
  },
  "artifacts": {
    "methods": [
      "none"
    ],
    "bad_eeg_channels": [],
    "n_bad_eeg_channels": 0,
    "stem_collisions": {}
  },
  "ensemble": {
    "var_by_subcoord": {
      "m_a": 0.0010604625567793846,
      "m_e": 0.003958383575081825,
      "m_o": 0.00473660696297884,
      "d_n": 0.0035533339250832796,
      "d_l": 0.014512239024043083,
      "d_s": 0.005383770912885666,
      "e_e": 2.474046629456078e-13,
      "e_s": 0.0030909355264157057,
      "e_m": 0.0
    },
    "var_mean": 0.004032859164835021,
    "var_max": 0.014512239024043083
  },
  "reliability": {
    "axes": {
      "m": 0.5333255815572129,
      "d": 0.23440546425049114,
      "e": 0.6176007562133258
    },
    "subcoords": {
      "m_a": 0.4884850316774727,
      "m_e": 0.5889474785004412,
      "m_o": 0.4748765176969476,
      "d_n": 0.6197282978281692,
      "d_l": 0.5952874446788607,
      "d_s": 0.5320484045977911,
      "e_e": 0.6039218845856125,
      "e_s": 0.7047490857061687,
      "e_m": null
    }
  },
  "dist_summary": {
    "axes": {
      "m": {
        "n": 124,
        "nan_frac": 0.0,
        "mean": -0.02115917533463348,
        "median": 0.10983368381857872,
        "std": 0.5475617678298834,
        "iqr": 0.6947393342852592,
        "mad": 0.3098960816860199,
        "mad_sigma": 0.4594519307076931,
        "skewness": -0.7497221784667,
        "kurtosis_excess": 0.6140154344724196,
        "delta_mean_median": -0.1309928591532122
      },
      "d": {
        "n": 124,
        "nan_frac": 0.0,
        "mean": -0.0032896178496641016,
        "median": -0.005795016651973128,
        "std": 0.4891470630778734,
        "iqr": 0.4863510727882385,
        "mad": 0.2365476710256189,
        "mad_sigma": 0.3507055770625826,
        "skewness": 1.7116555991606048,
        "kurtosis_excess": 6.5147610669026665,
        "delta_mean_median": 0.0025053988023090268
      },
      "e": {
        "n": 124,
        "nan_frac": 0.0,
        "mean": 0.04779075843942983,
        "median": 0.06852452829480171,
        "std": 0.4911788565026865,
        "iqr": 0.6361821591854095,
        "mad": 0.3378698378801346,
        "mad_sigma": 0.5009258216410875,
        "skewness": 0.05767865965176774,
        "kurtosis_excess": -0.23045233288510936,
        "delta_mean_median": -0.020733769855371884
      }
    },
    "subcoords": {
      "m_a": {
        "n": 124,
        "nan_frac": 0.0,
        "mean": 0.06364252955415484,
        "median": 0.0024190466683648992,
        "std": 0.7245792449601068,
        "iqr": 1.0139700770378113,
        "mad": 0.5897004086691595,
        "mad_sigma": 0.8742898258928958,
        "skewness": -2.8487363018172216,
        "kurtosis_excess": 17.479101847565655,
        "delta_mean_median": 0.06122348288578994
      },
      "m_e": {
        "n": 124,
        "nan_frac": 0.0,
        "mean": -0.2356366213230837,
        "median": -0.1506454274058342,
        "std": 0.5157259335788745,
        "iqr": 0.5785397291183472,
        "mad": 0.2902809754014015,
        "mad_sigma": 0.43037057413011787,
        "skewness": -0.9011795495527442,
        "kurtosis_excess": 0.5903773546673245,
        "delta_mean_median": -0.08499119391724949
      },
      "m_o": {
        "n": 124,
        "nan_frac": 0.0,
        "mean": 0.1241420334516724,
        "median": 0.05071141943335533,
        "std": 0.8489329331047746,
        "iqr": 0.9052782207727432,
        "mad": 0.46589701995253563,
        "mad_sigma": 0.6907389217816293,
        "skewness": 0.49197776245454855,
        "kurtosis_excess": 0.5651170558169527,
        "delta_mean_median": 0.07343061401831708
      },
      "d_n": {
        "n": 124,
        "nan_frac": 0.0,
        "mean": -0.10022445846228831,
        "median": -0.19541063904762268,
        "std": 0.999072668786252,
        "iqr": 1.2920052409172058,
        "mad": 0.65010005235672,
        "mad_sigma": 0.963838337624073,
        "skewness": 1.0126945174254949,
        "kurtosis_excess": 1.8298127845331695,
        "delta_mean_median": 0.09518618058533437
      },
      "d_l": {
        "n": 124,
        "nan_frac": 0.0,
        "mean": 0.08673704860191192,
        "median": -0.027583621442317963,
        "std": 0.8190404002914523,
        "iqr": 1.5972375124692917,
        "mad": 0.783611886203289,
        "mad_sigma": 1.1617829824849963,
        "skewness": 0.060084964997112446,
        "kurtosis_excess": -1.485852649202418,
        "delta_mean_median": 0.11432067004422988
      },
      "d_s": {
        "n": 124,
        "nan_frac": 0.0,
        "mean": -0.09384119769017543,
        "median": -0.18465469032526016,
        "std": 0.47150933711517673,
        "iqr": 0.43600670248270035,
        "mad": 0.22007951885461807,
        "mad_sigma": 0.3262898946538567,
        "skewness": 2.355337273398869,
        "kurtosis_excess": 10.643024853519323,
        "delta_mean_median": 0.09081349263508473
      },
      "e_e": {
        "n": 124,
        "nan_frac": 0.0,
        "mean": -0.10346031654250598,
        "median": 1.8535647541284561e-06,
        "std": 0.9301343502050593,
        "iqr": 1.291458785533905,
        "mad": 0.6744906902313232,
        "mad_sigma": 0.9999998973369598,
        "skewness": -0.27996647897004956,
        "kurtosis_excess": -0.3475773382779077,
        "delta_mean_median": -0.10346217010726011
      },
      "e_s": {
        "n": 124,
        "nan_frac": 0.0,
        "mean": 0.25512226100169844,
        "median": 0.09767382591962814,
        "std": 0.7286756229287509,
        "iqr": 1.1917926892638206,
        "mad": 0.5339503511786461,
        "mad_sigma": 0.7916347906574607,
        "skewness": 0.6972842563475591,
        "kurtosis_excess": -0.7242754641327109,
        "delta_mean_median": 0.1574484350820703
      },
      "e_m": {
        "n": 124,
        "nan_frac": 0.0,
        "mean": 0.04838709677419355,
        "median": 0.0,
        "std": 0.5366388632133589,
        "iqr": 0.0,
        "mad": 0.0,
        "mad_sigma": 0.0,
        "skewness": 11.000369542942675,
        "kurtosis_excess": 119.00813008130085,
        "delta_mean_median": 0.04838709677419355
      }
    }
  },
  "entropy_provisional": {
    "e_m": {
      "var": 0.2879812695109261,
      "n_unique": 2,
      "nan_frac": 0.0,
      "provisional": true
    }
  },
  "tau_summary": {
    "axes": {
      "m": {
        "tau_sec": 8.0,
        "dt_sec": 4.0,
        "max_lag_sec": 60.0,
        "threshold": 0.36787944117144233,
        "nan_frac": 0.0,
        "nan_policy": "strict"
      },
      "d": {
        "tau_sec": 4.0,
        "dt_sec": 4.0,
        "max_lag_sec": 60.0,
        "threshold": 0.36787944117144233,
        "nan_frac": 0.0,
        "nan_policy": "strict"
      },
      "e": {
        "tau_sec": 8.0,
        "dt_sec": 4.0,
        "max_lag_sec": 60.0,
        "threshold": 0.36787944117144233,
        "nan_frac": 0.0,
        "nan_policy": "strict"
      }
    },
    "subcoords": {
      "m_a": {
        "tau_sec": 8.0,
        "dt_sec": 4.0,
        "max_lag_sec": 60.0,
        "threshold": 0.36787944117144233,
        "nan_frac": 0.0,
        "nan_policy": "strict"
      },
      "m_e": {
        "tau_sec": 8.0,
        "dt_sec": 4.0,
        "max_lag_sec": 60.0,
        "threshold": 0.36787944117144233,
        "nan_frac": 0.0,
        "nan_policy": "strict"
      },
      "m_o": {
        "tau_sec": 8.0,
        "dt_sec": 4.0,
        "max_lag_sec": 60.0,
        "threshold": 0.36787944117144233,
        "nan_frac": 0.0,
        "nan_policy": "strict"
      },
      "d_n": {
        "tau_sec": 28.0,
        "dt_sec": 4.0,
        "max_lag_sec": 60.0,
        "threshold": 0.36787944117144233,
        "nan_frac": 0.0,
        "nan_policy": "strict"
      },
      "d_l": {
        "tau_sec": 8.0,
        "dt_sec": 4.0,
        "max_lag_sec": 60.0,