{
  "dataset_id": "ds003478:sub-121:rest_Rest_run-01",
  "subject": "sub-121",
  "session": null,
  "reliability_axes": {
    "m": 0.7255387839498605,
    "d": 0.8604232139311273,
    "e": 0.7506757865816636
  },
  "reliability_subcoords": {
    "m_a": 0.8945527931167571,
    "m_e": 0.5549645138165991,
    "m_o": 0.5042134558211551,
    "d_n": 0.7414357487389763,
    "d_l": 0.8873260787916661,
    "d_s": 0.799809696408754,
    "e_e": 0.7308393804660012,
    "e_s": 0.4922009242443382,
    "e_m": 0.5678998676487708
  }
}