{
  "dataset_id": "ds003478:sub-121:rest_Rest_run-01",
  "subject": "sub-121",
  "session": null,
  "coverage": {
    "epochs": 127,
    "seconds": 508.0
  },
  "artifacts": {
    "methods": [
      "none"
    ],
    "bad_eeg_channels": [
      "CPZ"
    ],
    "n_bad_eeg_channels": 1,
    "stem_collisions": {}
  },
  "ensemble": {
    "var_by_subcoord": {
      "m_a": 0.00014956870290916413,
      "m_e": 0.0013167320284992456,
      "m_o": 0.008172102272510529,
      "d_n": 0.00518413120880723,
      "d_l": 0.018651584163308144,
      "d_s": 0.1015651747584343,
      "e_e": 0.0,
      "e_s": 0.029133599251508713,
      "e_m": 0.0
    },
    "var_mean": 0.018241432487330813,
    "var_max": 0.1015651747584343
  },
  "reliability": {
    "axes": {
      "m": 0.7255387839498605,
      "d": 0.8604232139311273,
      "e": 0.7506757865816636
    },
    "subcoords": {
      "m_a": 0.8945527931167571,
      "m_e": 0.5549645138165991,
      "m_o": 0.5042134558211551,
      "d_n": 0.7414357487389763,
      "d_l": 0.8873260787916661,
      "d_s": 0.799809696408754,
      "e_e": 0.7308393804660012,
      "e_s": 0.4922009242443382,
      "e_m": 0.5678998676487708
    }
  },
  "dist_summary": {
    "axes": {
      "m": {
        "n": 127,
        "nan_frac": 0.0,
        "mean": 0.13205155103988064,
        "median": 0.14349517226219177,
        "std": 0.5332061311019404,
        "iqr": 0.815190926194191,
        "mad": 0.4224337041378021,
        "mad_sigma": 0.6263002097547054,
        "skewness": -0.014100850259562526,
        "kurtosis_excess": -0.6934745231542521,
        "delta_mean_median": -0.011443621222311129
      },
      "d": {
        "n": 127,
        "nan_frac": 0.0,
        "mean": 0.8036051183520985,
        "median": 0.33997607231140137,
        "std": 1.0861126688994118,
        "iqr": 1.9250477738678455,
        "mad": 0.6694611608982086,
        "mad_sigma": 0.9925431171476841,
        "skewness": 0.525218076814593,
        "kurtosis_excess": -1.2293581695225828,
        "delta_mean_median": 0.4636290460406971
      },
      "e": {
        "n": 127,
        "nan_frac": 0.0,
        "mean": 0.06532795960633597,
        "median": 0.07375209778547287,
        "std": 0.5030425628596644,
        "iqr": 0.7370310127735138,
        "mad": 0.3723742440342903,
        "mad_sigma": 0.5520820542052388,
        "skewness": -0.2685252220785975,
        "kurtosis_excess": -0.6054008485103535,
        "delta_mean_median": -0.008424138179136897
      }
    },
    "subcoords": {
      "m_a": {
        "n": 127,
        "nan_frac": 0.0,
        "mean": 0.29008885891008096,
        "median": -0.05283988639712334,
        "std": 0.9464303432455771,
        "iqr": 1.7779444605112076,
        "mad": 0.6332141645252705,
        "mad_sigma": 0.9388033203251659,
        "skewness": 0.32962801093448396,
        "kurtosis_excess": -1.335270752989842,
        "delta_mean_median": 0.3429287453072043
      },
      "m_e": {
        "n": 127,
        "nan_frac": 0.0,
        "mean": 0.009061663700304338,
        "median": -0.056461822241544724,
        "std": 0.42937441541707716,
        "iqr": 0.5990744382143021,
        "mad": 0.2975246272981167,
        "mad_sigma": 0.4411100124321878,
        "skewness": 0.4768995616549094,
        "kurtosis_excess": 0.06557605935723165,
        "delta_mean_median": 0.06552348594184906
      },
      "m_o": {
        "n": 127,
        "nan_frac": 0.0,
        "mean": 0.06463223278126497,
        "median": 0.018142102286219597,
        "std": 0.7607571866528626,
        "iqr": 0.9006111323833466,
        "mad": 0.44601997919380665,
        "mad_sigma": 0.6612692211527377,
        "skewness": 0.7703756323629326,
        "kurtosis_excess": 1.1019544693743555,
        "delta_mean_median": 0.04649013049504537
      },
      "d_n": {
        "n": 127,
        "nan_frac": 0.0,
        "mean": 0.16056403614521966,
        "median": 0.0418793149292469,
        "std": 0.8968157689632699,
        "iqr": 1.1471554934978485,
        "mad": 0.5627921409904957,
        "mad_sigma": 0.8343956282325089,
        "skewness": 0.9820031376950326,
        "kurtosis_excess": 1.0561629304538034,
        "delta_mean_median": 0.11868472121597276
      },
      "d_l": {
        "n": 127,
        "nan_frac": 0.0,
        "mean": 1.1937717076713645,
        "median": -0.06143329292535782,
        "std": 2.0270630703483716,
        "iqr": 3.647492855787277,
        "mad": 0.58456601947546,
        "mad_sigma": 0.866677580474317,
        "skewness": 0.6713615894000126,
        "kurtosis_excess": -1.2332674836497335,
        "delta_mean_median": 1.2552050005967224
      },
      "d_s": {
        "n": 127,
        "nan_frac": 0.0,
        "mean": 0.809262093479239,
        "median": 0.4348691701889038,
        "std": 1.0173891089079745,
        "iqr": 1.6678990982472897,
        "mad": 0.6919880509376526,
        "mad_sigma": 1.0259414843201637,
        "skewness": 0.5479997077255706,
        "kurtosis_excess": -1.0284448721775366,
        "delta_mean_median": 0.37439292329033524
      },
      "e_e": {
        "n": 127,
        "nan_frac": 0.0,
        "mean": -0.11812100254043233,
        "median": 0.0,
        "std": 0.85837822617469,
        "iqr": 1.310447245836258,
        "mad": 0.6744906902313232,
        "mad_sigma": 0.9999998973369598,
        "skewness": -0.4650543322538386,
        "kurtosis_excess": -0.5518855253131862,
        "delta_mean_median": -0.11812100254043233
      },
      "e_s": {
        "n": 127,
        "nan_frac": 0.0,
        "mean": 0.2930085613707623,
        "median": 0.21933984756469727,
        "std": 0.36548129882525376,
        "iqr": 0.45736292749643326,
        "mad": 0.222427099943161,
        "mad_sigma": 0.3297704183757305,
        "skewness": 1.17304375568966,
        "kurtosis_excess": 1.9238119593891243,
        "delta_mean_median": 0.07366871380606504
      },
      "e_m": {
        "n": 127,
        "nan_frac": 0.0,
        "mean": 0.5576498433360904,
        "median": 0.0,
        "std": 1.1700737162325237,
        "iqr": 2.023472249507904,
        "mad": 0.674490749835968,
        "mad_sigma": 0.9999999857068061,
        "skewness": 1.0728130853128035,
        "kurtosis_excess": 0.7820687137875333,
        "delta_mean_median": 0.5576498433360904
      }
    }
  },
  "entropy_provisional": {},
  "tau_summary": {
    "axes": {
      "m": {
        "tau_sec": 12.0,
        "dt_sec": 4.0,
        "max_lag_sec": 60.0,
        "threshold": 0.36787944117144233,
        "nan_frac": 0.0,
        "nan_policy": "strict"
      },
      "d": {
        "tau_sec": 24.0,
        "dt_sec": 4.0,
        "max_lag_sec": 60.0,
        "threshold": 0.36787944117144233,
        "nan_frac": 0.0,
        "nan_policy": "strict"
      },
      "e": {
        "tau_sec": 16.0,
        "dt_sec": 4.0,
        "max_lag_sec": 60.0,
        "threshold": 0.36787944117144233,
        "nan_frac": 0.0,
        "nan_policy": "strict"
      }
    },
    "subcoords": {
      "m_a": {
        "tau_sec": 24.0,
        "dt_sec": 4.0,
        "max_lag_sec": 60.0,
        "threshold": 0.36787944117144233,
        "nan_frac": 0.0,
        "nan_policy": "strict"
      },
      "m_e": {
        "tau_sec": 8.0,
        "dt_sec": 4.0,
        "max_lag_sec": 60.0,
        "threshold": 0.36787944117144233,
        "nan_frac": 0.0,
        "nan_policy": "strict"
      },
      "m_o": {
        "tau_sec": 8.0,
        "dt_sec": 4.0,
        "max_lag_sec": 60.0,
        "threshold": 0.36787944117144233,
        "nan_frac": 0.0,
        "nan_policy": "strict"
      },
      "d_n": {
        "tau_sec": 12.0,
        "dt_sec": 4.0,
        "max_lag_sec": 60.0,
        "threshold": 0.36787944117144233,
        "nan_frac": 0.0,
        "nan_policy": "strict"
      },
      "d_l": {
        "tau_sec": 28.0,
        "dt_sec": 4.0,
        "max_lag_sec": 60.0,
        "threshold": 0.36787944117144233,
        "nan_frac": 0.0,
        "nan_policy": "strict"
      },