{
  "dataset_id": "ds003478:sub-058:rest_Rest_run-01",
  "subject": "sub-058",
  "session": null,
  "reliability_axes": {
    "m": 0.5368517923397208,
    "d": 0.31674406904667457,
    "e": 0.7594161634559217
  },
  "reliability_subcoords": {
    "m_a": 0.5879487626510765,
    "m_e": 0.29494461285461937,
    "m_o": 0.4923630945935086,
    "d_n": 0.32985982781674705,
    "d_l": 0.583643013448244,
    "d_s": 0.47891110066053705,
    "e_e": 0.7116796116848156,
    "e_s": 0.6523776562714156,
    "e_m": 0.40159139215808354
  }
}