{
  "dataset_id": "ds003478:sub-058:rest_Rest_run-01",
  "subject": "sub-058",
  "session": null,
  "coverage": {
    "epochs": 123,
    "seconds": 492.0
  },
  "artifacts": {
    "methods": [
      "none"
    ],
    "bad_eeg_channels": [],
    "n_bad_eeg_channels": 0,
    "stem_collisions": {}
  },
  "ensemble": {
    "var_by_subcoord": {
      "m_a": 0.04128773882985115,
      "m_e": 0.0035408572293817997,
      "m_o": 0.004934797063469887,
      "d_n": 0.008716346696019173,
      "d_l": 0.0002685277722775936,
      "d_s": 0.0012177478056401014,
      "e_e": 0.0,
      "e_s": 0.0004160129465162754,
      "e_m": 0.0
    },
    "var_mean": 0.006709114260350664,
    "var_max": 0.04128773882985115
  },
  "reliability": {
    "axes": {
      "m": 0.5368517923397208,
      "d": 0.31674406904667457,
      "e": 0.7594161634559217
    },
    "subcoords": {
      "m_a": 0.5879487626510765,
      "m_e": 0.29494461285461937,
      "m_o": 0.4923630945935086,
      "d_n": 0.32985982781674705,
      "d_l": 0.583643013448244,
      "d_s": 0.47891110066053705,
      "e_e": 0.7116796116848156,
      "e_s": 0.6523776562714156,
      "e_m": 0.40159139215808354
    }
  },
  "dist_summary": {
    "axes": {
      "m": {
        "n": 123,
        "nan_frac": 0.0,
        "mean": -0.2669383666508384,
        "median": -0.19893886148929596,
        "std": 0.7173215881111006,
        "iqr": 1.183760553598404,
        "mad": 0.5948147922754288,
        "mad_sigma": 0.8818724110275507,
        "skewness": -0.34880967887317776,
        "kurtosis_excess": -0.9416602830452039,
        "delta_mean_median": -0.06799950516154246
      },
      "d": {
        "n": 123,
        "nan_frac": 0.0,
        "mean": 0.1276775971187536,
        "median": 0.15293122828006744,
        "std": 0.4661100982894988,
        "iqr": 0.7130902707576752,
        "mad": 0.3343970626592636,
        "mad_sigma": 0.4957770850986242,
        "skewness": -0.12318866421688243,
        "kurtosis_excess": -0.6512947543752623,
        "delta_mean_median": -0.02525363116131385
      },
      "e": {
        "n": 123,
        "nan_frac": 0.0,
        "mean": 0.27034286036708854,
        "median": 0.358862966299057,
        "std": 0.4706402985932831,
        "iqr": 0.6841335482895374,
        "mad": 0.320700079202652,
        "mad_sigma": 0.4754699374258518,
        "skewness": -0.07511379866039548,
        "kurtosis_excess": -0.56160697178536,
        "delta_mean_median": -0.08852010593196846
      }
    },
    "subcoords": {
      "m_a": {
        "n": 123,
        "nan_frac": 0.0,
        "mean": -0.7980533665030952,
        "median": -0.14387968182563782,
        "std": 1.3096323273438366,
        "iqr": 2.3412679582834244,
        "mad": 0.7998258173465729,
        "mad_sigma": 1.185821756798029,
        "skewness": -0.35918012487648415,
        "kurtosis_excess": -1.4114541652026669,
        "delta_mean_median": -0.6541736846774574
      },
      "m_e": {
        "n": 123,
        "nan_frac": 0.0,
        "mean": 0.10122559537989943,
        "median": 0.1481919288635254,
        "std": 0.3213027368500028,
        "iqr": 0.46127569302916527,
        "mad": 0.2183876931667328,
        "mad_sigma": 0.323781593888998,
        "skewness": -0.6050670060082404,
        "kurtosis_excess": -0.3926152440280055,
        "delta_mean_median": -0.04696633348362596
      },
      "m_o": {
        "n": 123,
        "nan_frac": 0.0,
        "mean": 0.014841919636156985,
        "median": -0.05108429864048958,
        "std": 0.6969135760641394,
        "iqr": 0.9977646917104721,
        "mad": 0.4749777130782604,
        "mad_sigma": 0.7042019574098288,
        "skewness": -0.014839829499863915,
        "kurtosis_excess": -0.15335517508663266,
        "delta_mean_median": 0.06592621827664656
      },
      "d_n": {
        "n": 123,
        "nan_frac": 0.0,
        "mean": 0.34513144488862857,
        "median": 0.20053938031196594,
        "std": 0.8577889329614259,
        "iqr": 0.8170231729745865,
        "mad": 0.42113521695137024,
        "mad_sigma": 0.6243750726521015,
        "skewness": 1.4073255113450953,
        "kurtosis_excess": 1.955939295892195,
        "delta_mean_median": 0.14459206457666263
      },
      "d_l": {
        "n": 123,
        "nan_frac": 0.0,
        "mean": -0.07990821022767483,
        "median": 0.019114941358566284,
        "std": 0.7221766759951951,
        "iqr": 1.3034449517726898,
        "mad": 0.6217090785503387,
        "mad_sigma": 0.9217458798587321,
        "skewness": -0.19218315415849452,
        "kurtosis_excess": -1.1996120077883317,
        "delta_mean_median": -0.09902315158624111
      },
      "d_s": {
        "n": 123,
        "nan_frac": 0.0,
        "mean": 0.3472970075965897,
        "median": 0.12662768363952637,
        "std": 0.7939078341140106,
        "iqr": 0.8994575962424278,
        "mad": 0.4398908019065857,
        "mad_sigma": 0.6521821029067039,
        "skewness": 1.070403280937721,
        "kurtosis_excess": 0.6784103197786826,
        "delta_mean_median": 0.22066932395706335
      },
      "e_e": {
        "n": 123,
        "nan_frac": 0.0,
        "mean": 0.019176011243494363,
        "median": 0.0,
        "std": 0.8921655910323883,
        "iqr": 1.367687076330185,
        "mad": 0.674490749835968,
        "mad_sigma": 0.9999999857068061,
        "skewness": -0.37734133845732626,
        "kurtosis_excess": -0.07260641140024937,
        "delta_mean_median": 0.019176011243494363
      },
      "e_s": {
        "n": 123,
        "nan_frac": 0.0,
        "mean": 0.6289542196545659,
        "median": 0.17935685813426971,
        "std": 1.1219977239341712,
        "iqr": 1.5777214020490646,
        "mad": 0.5207700878381729,
        "mad_sigma": 0.7720937322288751,
        "skewness": 1.1516591915167858,
        "kurtosis_excess": 0.38542989063302313,
        "delta_mean_median": 0.44959736152029617
      },
      "e_m": {
        "n": 123,
        "nan_frac": 0.0,
        "mean": -0.024563730626208025,
        "median": 0.0,
        "std": 1.0515887082474038,
        "iqr": 1.271217167377472,
        "mad": 0.674490749835968,
        "mad_sigma": 0.9999999857068061,
        "skewness": -0.39149774588322794,
        "kurtosis_excess": 0.5048796019438604,
        "delta_mean_median": -0.024563730626208025
      }
    }
  },
  "entropy_provisional": {},
  "tau_summary": {
    "axes": {
      "m": {
        "tau_sec": 8.0,
        "dt_sec": 4.0,
        "max_lag_sec": 60.0,
        "threshold": 0.36787944117144233,
        "nan_frac": 0.0,
        "nan_policy": "strict"
      },
      "d": {
        "tau_sec": 8.0,
        "dt_sec": 4.0,
        "max_lag_sec": 60.0,
        "threshold": 0.36787944117144233,
        "nan_frac": 0.0,
        "nan_policy": "strict"
      },
      "e": {
        "tau_sec": 16.0,
        "dt_sec": 4.0,
        "max_lag_sec": 60.0,
        "threshold": 0.36787944117144233,
        "nan_frac": 0.0,
        "nan_policy": "strict"
      }
    },
    "subcoords": {
      "m_a": {
        "tau_sec": 8.0,
        "dt_sec": 4.0,
        "max_lag_sec": 60.0,
        "threshold": 0.36787944117144233,
        "nan_frac": 0.0,
        "nan_policy": "strict"
      },
      "m_e": {
        "tau_sec": 8.0,
        "dt_sec": 4.0,
        "max_lag_sec": 60.0,
        "threshold": 0.36787944117144233,
        "nan_frac": 0.0,
        "nan_policy": "strict"
      },
      "m_o": {
        "tau_sec": 8.0,
        "dt_sec": 4.0,
        "max_lag_sec": 60.0,
        "threshold": 0.36787944117144233,
        "nan_frac": 0.0,
        "nan_policy": "strict"
      },
      "d_n": {
        "tau_sec": 8.0,
        "dt_sec": 4.0,
        "max_lag_sec": 60.0,
        "threshold": 0.36787944117144233,
        "nan_frac": 0.0,
        "nan_policy": "strict"
      },
      "d_l": {
        "tau_sec": 8.0,
        "dt_sec": 4.0,
        "max_lag_sec": 60.0,
        "threshold": 0.36787944117144233,
        "nan_frac": 0.0,
        "nan_policy": "strict"
      },