{
  "dataset_id": "ds003478:sub-054:rest_Rest_run-02",
  "subject": "sub-054",
  "session": null,
  "reliability_axes": {
    "m": 0.5064671159608605,
    "d": 0.9155111499045117,
    "e": 0.7346479091424489
  },
  "reliability_subcoords": {
    "m_a": 0.9065784982196281,
    "m_e": 0.6926284905509338,
    "m_o": 0.770220521259271,
    "d_n": 0.9047906462596511,
    "d_l": 0.9207550094425284,
    "d_s": 0.9195577681182083,
    "e_e": 0.855683955049321,
    "e_s": 0.7989278650947561,
    "e_m": 0.8607178100023999
  }
}