{
  "dataset_id": "ds003478:sub-054:rest_Rest_run-02",
  "subject": "sub-054",
  "session": null,
  "coverage": {
    "epochs": 54,
    "seconds": 216.0
  },
  "artifacts": {
    "methods": [
      "none"
    ],
    "bad_eeg_channels": [],
    "n_bad_eeg_channels": 0,
    "stem_collisions": {}
  },
  "ensemble": {
    "var_by_subcoord": {
      "m_a": 0.00011040462413802743,
      "m_e": 0.004952476359903812,
      "m_o": 0.0062077343463897705,
      "d_n": 0.0033640097826719284,
      "d_l": 0.010868659242987633,
      "d_s": 0.3565146028995514,
      "e_e": 5.795700291216788e-13,
      "e_s": 0.03519056364893913,
      "e_m": 0.0
    },
    "var_mean": 0.04635649454501792,
    "var_max": 0.3565146028995514
  },
  "reliability": {
    "axes": {
      "m": 0.5064671159608605,
      "d": 0.9155111499045117,
      "e": 0.7346479091424489
    },
    "subcoords": {
      "m_a": 0.9065784982196281,
      "m_e": 0.6926284905509338,
      "m_o": 0.770220521259271,
      "d_n": 0.9047906462596511,
      "d_l": 0.9207550094425284,
      "d_s": 0.9195577681182083,
      "e_e": 0.855683955049321,
      "e_s": 0.7989278650947561,
      "e_m": 0.8607178100023999
    }
  },
  "dist_summary": {
    "axes": {
      "m": {
        "n": 54,
        "nan_frac": 0.0,
        "mean": 0.17301236382357915,
        "median": 0.13665182888507843,
        "std": 0.31503694114237935,
        "iqr": 0.34517591673647985,
        "mad": 0.18960800766944885,
        "mad_sigma": 0.28111283217072486,
        "skewness": 0.25947098247340616,
        "kurtosis_excess": -0.08361210061870272,
        "delta_mean_median": 0.03636053493850072
      },
      "d": {
        "n": 54,
        "nan_frac": 0.0,
        "mean": 0.8367048102362012,
        "median": 0.9363210499286652,
        "std": 1.0302915370171755,
        "iqr": 1.945751592516899,
        "mad": 1.0456527546048164,
        "mad_sigma": 1.5502847739771008,
        "skewness": -0.018473446340761528,
        "kurtosis_excess": -1.4031732859138641,
        "delta_mean_median": -0.09961623969246391
      },
      "e": {
        "n": 54,
        "nan_frac": 0.0,
        "mean": 0.3368283306265733,
        "median": 0.3388293534517288,
        "std": 0.35784032820558154,
        "iqr": 0.4828175436705351,
        "mad": 0.2468639276921749,
        "mad_sigma": 0.3660004591964185,
        "skewness": 0.06310652017726923,
        "kurtosis_excess": -0.4128424588869746,
        "delta_mean_median": -0.0020010228251555184
      }
    },
    "subcoords": {
      "m_a": {
        "n": 54,
        "nan_frac": 0.0,
        "mean": 0.05995044008725219,
        "median": -0.03299267403781414,
        "std": 0.8210541449948436,
        "iqr": 1.60995751619339,
        "mad": 0.7413954306393862,
        "mad_sigma": 1.099192865465954,
        "skewness": 0.058771780436007504,
        "kurtosis_excess": -1.2862039031900125,
        "delta_mean_median": 0.09294311412506634
      },
      "m_e": {
        "n": 54,
        "nan_frac": 0.0,
        "mean": 0.28167944232915976,
        "median": 0.30018699169158936,
        "std": 0.43491504386189006,
        "iqr": 0.6906989575363696,
        "mad": 0.3106426098383963,
        "mad_sigma": 0.46055873334640635,
        "skewness": 0.18498380593240515,
        "kurtosis_excess": -0.7106837104638495,
        "delta_mean_median": -0.0185075493624296
      },
      "m_o": {
        "n": 54,
        "nan_frac": 0.0,
        "mean": 0.1959712535349859,
        "median": 0.2577282190322876,
        "std": 0.7624020537613484,
        "iqr": 1.0748862847685814,
        "mad": 0.5707942694425583,
        "mad_sigma": 0.8462595838755369,
        "skewness": 0.03305378815865443,
        "kurtosis_excess": -0.8005673311143635,
        "delta_mean_median": -0.0617569654973017
      },
      "d_n": {
        "n": 54,
        "nan_frac": 0.0,
        "mean": 0.6195947754162329,
        "median": -0.018943414092063904,
        "std": 1.309961260372029,
        "iqr": 2.1049913689494133,
        "mad": 0.4946300536394119,
        "mad_sigma": 0.733338517525792,
        "skewness": 0.9455268201747048,
        "kurtosis_excess": -0.4796917859301697,
        "delta_mean_median": 0.6385381895082968
      },
      "d_l": {
        "n": 54,
        "nan_frac": 0.0,
        "mean": 0.8208602207402388,
        "median": -0.016765236854553223,
        "std": 1.7493171300751822,
        "iqr": 3.452952668070793,
        "mad": 0.6653404831886292,
        "mad_sigma": 0.9864338003754616,
        "skewness": 0.7511345921938739,
        "kurtosis_excess": -1.185566247610667,
        "delta_mean_median": 0.837625457594792
      },
      "d_s": {
        "n": 54,
        "nan_frac": 0.0,
        "mean": 1.270803345505286,
        "median": 1.731687843799591,
        "std": 1.3527864740112745,
        "iqr": 2.5686379158869386,
        "mad": 1.1829065680503845,
        "mad_sigma": 1.7537772777915,
        "skewness": -0.29095557787920334,
        "kurtosis_excess": -1.386945204257987,
        "delta_mean_median": -0.460884498294305
      },
      "e_e": {
        "n": 54,
        "nan_frac": 0.0,
        "mean": 0.09144944835592199,
        "median": 0.0,
        "std": 0.8390570298155388,
        "iqr": 1.3314304798841476,
        "mad": 0.6744907200336456,
        "mad_sigma": 0.999999941521883,
        "skewness": 0.27249918253626254,
        "kurtosis_excess": -0.8101955758336432,
        "delta_mean_median": 0.09144944835592199
      },
      "e_s": {
        "n": 54,
        "nan_frac": 0.0,
        "mean": 0.7072148567272557,
        "median": 0.8783435225486755,
        "std": 0.4461742787035872,
        "iqr": 0.6661410927772522,
        "mad": 0.2258232831954956,
        "mad_sigma": 0.3348055996656418,
        "skewness": -0.8415302014376955,
        "kurtosis_excess": -0.7097235722400006,
        "delta_mean_median": -0.17112866582141983
      },
      "e_m": {
        "n": 54,
        "nan_frac": 0.0,
        "mean": -0.36542409996467606,
        "median": -1.9185245037078857e-07,
        "std": 1.0590737243842272,
        "iqr": 1.5996421352028847,
        "mad": 0.6744907796382904,
        "mad_sigma": 1.0000000298917293,
        "skewness": -0.5205821248778632,
        "kurtosis_excess": -0.9781663010863237,
        "delta_mean_median": -0.3654239081122257
      }
    }
  },
  "entropy_provisional": {},
  "tau_summary": {
    "axes": {
      "m": {
        "tau_sec": 8.0,
        "dt_sec": 4.0,
        "max_lag_sec": 60.0,
        "threshold": 0.36787944117144233,
        "nan_frac": 0.0,
        "nan_policy": "strict"
      },
      "d": {
        "tau_sec": 32.0,
        "dt_sec": 4.0,
        "max_lag_sec": 60.0,
        "threshold": 0.36787944117144233,
        "nan_frac": 0.0,
        "nan_policy": "strict"
      },
      "e": {
        "tau_sec": 16.0,
        "dt_sec": 4.0,
        "max_lag_sec": 60.0,
        "threshold": 0.36787944117144233,
        "nan_frac": 0.0,
        "nan_policy": "strict"
      }
    },
    "subcoords": {
      "m_a": {
        "tau_sec": 24.0,
        "dt_sec": 4.0,
        "max_lag_sec": 60.0,
        "threshold": 0.36787944117144233,
        "nan_frac": 0.0,
        "nan_policy": "strict"
      },
      "m_e": {
        "tau_sec": 20.0,
        "dt_sec": 4.0,
        "max_lag_sec": 60.0,
        "threshold": 0.36787944117144233,
        "nan_frac": 0.0,
        "nan_policy": "strict"
      },
      "m_o": {
        "tau_sec": 24.0,
        "dt_sec": 4.0,
        "max_lag_sec": 60.0,
        "threshold": 0.36787944117144233,
        "nan_frac": 0.0,
        "nan_policy": "strict"
      },
      "d_n": {
        "tau_sec": 32.0,
        "dt_sec": 4.0,
        "max_lag_sec": 60.0,
        "threshold": 0.36787944117144233,
        "nan_frac": 0.0,
        "nan_policy": "strict"
      },
      "d_l": {
        "tau_sec": 28.0,
        "dt_sec": 4.0,
        "max_lag_sec": 60.0,
        "threshold": 0.36787944117144233,
        "nan_frac": 0.0,