{
  "dataset_id": "ds003478:sub-034:rest_Rest_run-01",
  "subject": "sub-034",
  "session": null,
  "reliability_axes": {
    "m": 0.6200809106872385,
    "d": 0.8501957218799725,
    "e": 0.4374570804706057
  },
  "reliability_subcoords": {
    "m_a": 0.4007313273695827,
    "m_e": 0.7153844127896002,
    "m_o": 0.6562537346109117,
    "d_n": 0.6877454680184949,
    "d_l": 0.842840399519909,
    "d_s": 0.8502726101025255,
    "e_e": 0.5535863245426145,
    "e_s": 0.6921010730756713,
    "e_m": null
  }
}