{
  "dataset_id": "ds003478:sub-034:rest_Rest_run-01",
  "subject": "sub-034",
  "session": null,
  "coverage": {
    "epochs": 113,
    "seconds": 452.0
  },
  "artifacts": {
    "methods": [
      "none"
    ],
    "bad_eeg_channels": [],
    "n_bad_eeg_channels": 0,
    "stem_collisions": {}
  },
  "ensemble": {
    "var_by_subcoord": {
      "m_a": 0.001528323395177722,
      "m_e": 0.0108443982899189,
      "m_o": 0.0060935853980481625,
      "d_n": 0.0010153838666155934,
      "d_l": 0.0022532071452587843,
      "d_s": 0.004335846286267042,
      "e_e": 0.0,
      "e_s": 0.012714637443423271,
      "e_m": 0.0
    },
    "var_mean": 0.004309486869412164,
    "var_max": 0.012714637443423271
  },
  "reliability": {
    "axes": {
      "m": 0.6200809106872385,
      "d": 0.8501957218799725,
      "e": 0.4374570804706057
    },
    "subcoords": {
      "m_a": 0.4007313273695827,
      "m_e": 0.7153844127896002,
      "m_o": 0.6562537346109117,
      "d_n": 0.6877454680184949,
      "d_l": 0.842840399519909,
      "d_s": 0.8502726101025255,
      "e_e": 0.5535863245426145,
      "e_s": 0.6921010730756713,
      "e_m": null
    }
  },
  "dist_summary": {
    "axes": {
      "m": {
        "n": 113,
        "nan_frac": 0.0,
        "mean": -0.11838773623380842,
        "median": -0.1325845569372177,
        "std": 0.5976645629180461,
        "iqr": 0.6493666619062424,
        "mad": 0.3232717365026474,
        "mad_sigma": 0.479282676538825,
        "skewness": -0.8710088458024623,
        "kurtosis_excess": 2.3636569343405034,
        "delta_mean_median": 0.014196820703409288
      },
      "d": {
        "n": 113,
        "nan_frac": 0.0,
        "mean": 0.3537478259011518,
        "median": 0.14449842274188995,
        "std": 0.8307075544351479,
        "iqr": 0.980450376868248,
        "mad": 0.43766240775585175,
        "mad_sigma": 0.6488782857388258,
        "skewness": 0.9128223656555279,
        "kurtosis_excess": -0.05400261341720203,
        "delta_mean_median": 0.20924940315926183
      },
      "e": {
        "n": 113,
        "nan_frac": 0.0,
        "mean": 0.19383294581419136,
        "median": 0.2890889644622803,
        "std": 0.5326650127891852,
        "iqr": 0.6551753357052803,
        "mad": 0.323062002658844,
        "mad_sigma": 0.4789717251420021,
        "skewness": -1.355295765945355,
        "kurtosis_excess": 4.477105185054296,
        "delta_mean_median": -0.09525601864808891
      }
    },
    "subcoords": {
      "m_a": {
        "n": 113,
        "nan_frac": 0.0,
        "mean": -0.2540674241984972,
        "median": -0.010267231613397598,
        "std": 1.018031127231887,
        "iqr": 1.1559499502182007,
        "mad": 0.5473684333264828,
        "mad_sigma": 0.8115284392498433,
        "skewness": -2.641315069539634,
        "kurtosis_excess": 10.928546805109486,
        "delta_mean_median": -0.2438001925850996
      },
      "m_e": {
        "n": 113,
        "nan_frac": 0.0,
        "mean": -0.11565658553561146,
        "median": -0.06032770499587059,
        "std": 0.5167543389520493,
        "iqr": 0.6297918260097504,
        "mad": 0.319561418145895,
        "mad_sigma": 0.4737817585431039,
        "skewness": -1.0662439389131164,
        "kurtosis_excess": 1.4671739949209632,
        "delta_mean_median": -0.055328880539740874
      },
      "m_o": {
        "n": 113,
        "nan_frac": 0.0,
        "mean": 0.0652106557107341,
        "median": -0.027154749259352684,
        "std": 0.8924688664790629,
        "iqr": 1.0493689179420471,
        "mad": 0.5417013112455606,
        "mad_sigma": 0.8031263640526681,
        "skewness": -0.06539692594507457,
        "kurtosis_excess": -0.2125872613608606,
        "delta_mean_median": 0.09236540497008679
      },
      "d_n": {
        "n": 113,
        "nan_frac": 0.0,
        "mean": 0.13072164119344898,
        "median": 0.04799208045005798,
        "std": 0.9007206440946108,
        "iqr": 0.9083004593849182,
        "mad": 0.4531785547733307,
        "mad_sigma": 0.67188252530694,
        "skewness": 1.6322595651927745,
        "kurtosis_excess": 4.771405481871366,
        "delta_mean_median": 0.082729560743391
      },
      "d_l": {
        "n": 113,
        "nan_frac": 0.0,
        "mean": 0.4223297405163799,
        "median": 0.21809044480323792,
        "std": 1.3289611373418875,
        "iqr": 2.15656054019928,
        "mad": 0.9846548140048981,
        "mad_sigma": 1.4598492272436618,
        "skewness": 0.7350662603280813,
        "kurtosis_excess": -0.4925131531785545,
        "delta_mean_median": 0.20423929571314198
      },
      "d_s": {
        "n": 113,
        "nan_frac": 0.0,
        "mean": 0.5511618129974973,
        "median": 0.04416537284851074,
        "std": 1.243476148934644,
        "iqr": 1.9257158637046814,
        "mad": 0.5335420668125153,
        "mad_sigma": 0.7910294682562351,
        "skewness": 0.9371717876477053,
        "kurtosis_excess": -0.26296581669341057,
        "delta_mean_median": 0.5069964401489866
      },
      "e_e": {
        "n": 113,
        "nan_frac": 0.0,
        "mean": -0.10080410535158836,
        "median": 0.0,
        "std": 1.133011754396502,
        "iqr": 1.374412178993225,
        "mad": 0.6744906902313232,
        "mad_sigma": 0.9999998973369598,
        "skewness": -0.9467504588658909,
        "kurtosis_excess": 2.1851936025937446,
        "delta_mean_median": -0.10080410535158836
      },
      "e_s": {
        "n": 113,
        "nan_frac": 0.0,
        "mean": 0.6045806484082631,
        "median": 0.6167235374450684,
        "std": 0.8862942533661784,
        "iqr": 1.473271518945694,
        "mad": 0.711268424987793,
        "mad_sigma": 1.0545265668869017,
        "skewness": 0.4512407758385579,
        "kurtosis_excess": -0.5396063099035837,
        "delta_mean_median": -0.012142889036805271
      },
      "e_m": {
        "n": 113,
        "nan_frac": 0.0,
        "mean": 0.05309734513274336,
        "median": 0.0,
        "std": 0.5619294819960193,
        "iqr": 0.0,
        "mad": 0.0,
        "mad_sigma": 0.0,
        "skewness": 10.488514126006052,
        "kurtosis_excess": 108.00892857142853,
        "delta_mean_median": 0.05309734513274336
      }
    }
  },
  "entropy_provisional": {
    "e_m": {
      "var": 0.31576474273631455,
      "n_unique": 2,
      "nan_frac": 0.0,
      "provisional": true
    }
  },
  "tau_summary": {
    "axes": {
      "m": {
        "tau_sec": 8.0,
        "dt_sec": 4.0,
        "max_lag_sec": 60.0,
        "threshold": 0.36787944117144233,
        "nan_frac": 0.0,
        "nan_policy": "strict"
      },
      "d": {
        "tau_sec": 24.0,
        "dt_sec": 4.0,
        "max_lag_sec": 60.0,
        "threshold": 0.36787944117144233,
        "nan_frac": 0.0,
        "nan_policy": "strict"
      },
      "e": {
        "tau_sec": 8.0,
        "dt_sec": 4.0,
        "max_lag_sec": 60.0,
        "threshold": 0.36787944117144233,
        "nan_frac": 0.0,
        "nan_policy": "strict"
      }
    },
    "subcoords": {
      "m_a": {
        "tau_sec": 8.0,
        "dt_sec": 4.0,
        "max_lag_sec": 60.0,
        "threshold": 0.36787944117144233,
        "nan_frac": 0.0,
        "nan_policy": "strict"
      },
      "m_e": {
        "tau_sec": 24.0,
        "dt_sec": 4.0,
        "max_lag_sec": 60.0,
        "threshold": 0.36787944117144233,
        "nan_frac": 0.0,
        "nan_policy": "strict"
      },
      "m_o": {
        "tau_sec": 8.0,
        "dt_sec": 4.0,
        "max_lag_sec": 60.0,
        "threshold": 0.36787944117144233,
        "nan_frac": 0.0,
        "nan_policy": "strict"
      },
      "d_n": {
        "tau_sec": 8.0,
        "dt_sec": 4.0,
        "max_lag_sec": 60.0,
        "threshold": 0.36787944117144233,
        "nan_frac": 0.0,
        "nan_policy": "strict"
      },
      "d_l": {
        "tau_sec": 20.0,
        "dt_sec": 4.0,
        "max_lag_sec": 60.0,
        "threshold": 0.36787944117144233,
        "nan_frac": 0.0,