{
  "dataset_id": "ds003478:sub-045:rest_Rest_run-01",
  "subject": "sub-045",
  "session": null,
  "reliability_axes": {
    "m": 0.5755695128334377,
    "d": 0.6638567286934319,
    "e": 0.7383121874922381
  },
  "reliability_subcoords": {
    "m_a": 0.6301847434745464,
    "m_e": 0.5550446358334222,
    "m_o": 0.6225264441567627,
    "d_n": 0.5899532199585377,
    "d_l": 0.7053986694964761,
    "d_s": 0.7881290975591625,
    "e_e": 0.6926414536362077,
    "e_s": 0.6864606885862979,
    "e_m": null
  }
}