{
  "dataset_id": "ds003478:sub-045:rest_Rest_run-01",
  "subject": "sub-045",
  "session": null,
  "coverage": {
    "epochs": 121,
    "seconds": 484.0
  },
  "artifacts": {
    "methods": [
      "none"
    ],
    "bad_eeg_channels": [],
    "n_bad_eeg_channels": 0,
    "stem_collisions": {}
  },
  "ensemble": {
    "var_by_subcoord": {
      "m_a": 0.0006515785353258252,
      "m_e": 0.0025660309474915266,
      "m_o": 0.0025246168952435255,
      "d_n": 0.0009166694362647831,
      "d_l": 0.009601971134543419,
      "d_s": 0.006453191861510277,
      "e_e": 0.0,
      "e_s": 0.011747447773814201,
      "e_m": 0.0
    },
    "var_mean": 0.0038290562871326175,
    "var_max": 0.011747447773814201
  },
  "reliability": {
    "axes": {
      "m": 0.5755695128334377,
      "d": 0.6638567286934319,
      "e": 0.7383121874922381
    },
    "subcoords": {
      "m_a": 0.6301847434745464,
      "m_e": 0.5550446358334222,
      "m_o": 0.6225264441567627,
      "d_n": 0.5899532199585377,
      "d_l": 0.7053986694964761,
      "d_s": 0.7881290975591625,
      "e_e": 0.6926414536362077,
      "e_s": 0.6864606885862979,
      "e_m": null
    }
  },
  "dist_summary": {
    "axes": {
      "m": {
        "n": 121,
        "nan_frac": 0.0,
        "mean": -0.06221931071351629,
        "median": -0.11852636933326721,
        "std": 0.5874617673477897,
        "iqr": 0.6958681493997574,
        "mad": 0.3585454970598221,
        "mad_sigma": 0.5315795539408922,
        "skewness": 0.13686971576995607,
        "kurtosis_excess": 0.610445134207759,
        "delta_mean_median": 0.056307058619750924
      },
      "d": {
        "n": 121,
        "nan_frac": 0.0,
        "mean": 0.13622401719374105,
        "median": 0.187159463763237,
        "std": 0.5404988454428448,
        "iqr": 0.7535490691661835,
        "mad": 0.3614178001880646,
        "mad_sigma": 0.5358380305588245,
        "skewness": 0.5093686790853212,
        "kurtosis_excess": 1.4744947873742076,
        "delta_mean_median": -0.050935446569495946
      },
      "e": {
        "n": 121,
        "nan_frac": 0.0,
        "mean": 0.3137484464086284,
        "median": 0.34806641936302185,
        "std": 0.569289754703996,
        "iqr": 0.7459574714303017,
        "mad": 0.41510388255119324,
        "mad_sigma": 0.615433016270399,
        "skewness": 0.7056918979387758,
        "kurtosis_excess": 1.7767663763661803,
        "delta_mean_median": -0.03431797295439343
      }
    },
    "subcoords": {
      "m_a": {
        "n": 121,
        "nan_frac": 0.0,
        "mean": -0.36119288963473534,
        "median": 0.018870240077376366,
        "std": 0.9582920614086724,
        "iqr": 1.355902224779129,
        "mad": 0.582747345790267,
        "mad_sigma": 0.8639812148686498,
        "skewness": -1.8551271562528768,
        "kurtosis_excess": 7.878139173515821,
        "delta_mean_median": -0.3800631297121117
      },
      "m_e": {
        "n": 121,
        "nan_frac": 0.0,
        "mean": 0.023724334733945526,
        "median": 0.023366471752524376,
        "std": 0.45486981830972684,
        "iqr": 0.6213289201259613,
        "mad": 0.30514304898679256,
        "mad_sigma": 0.4524050844278186,
        "skewness": -0.5115231546544935,
        "kurtosis_excess": 1.897452663119342,
        "delta_mean_median": 0.00035786298142114967
      },
      "m_o": {
        "n": 121,
        "nan_frac": 0.0,
        "mean": 0.24465763797379322,
        "median": 0.07927747815847397,
        "std": 0.9753752464479248,
        "iqr": 1.2751121520996094,
        "mad": 0.5657976791262627,
        "mad_sigma": 0.838851639072597,
        "skewness": 0.7526528128745362,
        "kurtosis_excess": -0.15715835908385278,
        "delta_mean_median": 0.16538015981531926
      },
      "d_n": {
        "n": 121,
        "nan_frac": 0.0,
        "mean": 0.31207650438074236,
        "median": 0.22488059103488922,
        "std": 0.8201904011496794,
        "iqr": 0.9356786906719208,
        "mad": 0.49158619344234467,
        "mad_sigma": 0.7288256903976201,
        "skewness": 0.9841798724451727,
        "kurtosis_excess": 1.897155436851862,
        "delta_mean_median": 0.08719591334585314
      },
      "d_l": {
        "n": 121,
        "nan_frac": 0.0,
        "mean": -0.016436798882878516,
        "median": 0.2510319948196411,
        "std": 0.8846690611336195,
        "iqr": 1.553122103214264,
        "mad": 0.7150783836841583,
        "mad_sigma": 1.060175211650133,
        "skewness": -0.02813014571721175,
        "kurtosis_excess": -1.1400557700588556,
        "delta_mean_median": -0.26746879370251964
      },
      "d_s": {
        "n": 121,
        "nan_frac": 0.0,
        "mean": 0.2692797954294307,
        "median": 0.18741244077682495,
        "std": 0.7345599555951806,
        "iqr": 0.9610425680875778,
        "mad": 0.5340734124183655,
        "mad_sigma": 0.7918172412514686,
        "skewness": 0.7704039043964483,
        "kurtosis_excess": 0.7373312373705572,
        "delta_mean_median": 0.08186735465260575
      },
      "e_e": {
        "n": 121,
        "nan_frac": 0.0,
        "mean": 0.10662881211062109,
        "median": 0.0,
        "std": 0.9889183138921157,
        "iqr": 1.3409695029258728,
        "mad": 0.674490749835968,
        "mad_sigma": 0.9999999857068061,
        "skewness": 0.6973426643813135,
        "kurtosis_excess": 1.0379928262463674,
        "delta_mean_median": 0.10662881211062109
      },
      "e_s": {
        "n": 121,
        "nan_frac": 0.0,
        "mean": 0.6104848420570704,
        "median": 0.2947538197040558,
        "std": 0.9448819172853734,
        "iqr": 1.1799113675951958,
        "mad": 0.5223111659288406,
        "mad_sigma": 0.7743785346060991,
        "skewness": 0.9731038271254662,
        "kurtosis_excess": 0.18988323415393493,
        "delta_mean_median": 0.31573102235301465
      },
      "e_m": {
        "n": 121,
        "nan_frac": 0.0,
        "mean": 0.049586776859504134,
        "median": 0.0,
        "std": 0.5431959247985119,
        "iqr": 0.0,
        "mad": 0.0,
        "mad_sigma": 0.0,
        "skewness": 10.863164057185788,
        "kurtosis_excess": 116.00833333333325,
        "delta_mean_median": 0.049586776859504134
      }
    }
  },
  "entropy_provisional": {
    "e_m": {
      "var": 0.29506181271771054,
      "n_unique": 2,
      "nan_frac": 0.0,
      "provisional": true
    }
  },
  "tau_summary": {
    "axes": {
      "m": {
        "tau_sec": 8.0,
        "dt_sec": 4.0,
        "max_lag_sec": 60.0,
        "threshold": 0.36787944117144233,
        "nan_frac": 0.0,
        "nan_policy": "strict"
      },
      "d": {
        "tau_sec": 8.0,
        "dt_sec": 4.0,
        "max_lag_sec": 60.0,
        "threshold": 0.36787944117144233,
        "nan_frac": 0.0,
        "nan_policy": "strict"
      },
      "e": {
        "tau_sec": 8.0,
        "dt_sec": 4.0,
        "max_lag_sec": 60.0,
        "threshold": 0.36787944117144233,
        "nan_frac": 0.0,
        "nan_policy": "strict"
      }
    },
    "subcoords": {
      "m_a": {
        "tau_sec": 8.0,
        "dt_sec": 4.0,
        "max_lag_sec": 60.0,
        "threshold": 0.36787944117144233,
        "nan_frac": 0.0,
        "nan_policy": "strict"
      },
      "m_e": {
        "tau_sec": 8.0,
        "dt_sec": 4.0,
        "max_lag_sec": 60.0,
        "threshold": 0.36787944117144233,
        "nan_frac": 0.0,
        "nan_policy": "strict"
      },
      "m_o": {
        "tau_sec": 8.0,
        "dt_sec": 4.0,
        "max_lag_sec": 60.0,
        "threshold": 0.36787944117144233,
        "nan_frac": 0.0,
        "nan_policy": "strict"
      },
      "d_n": {
        "tau_sec": 8.0,
        "dt_sec": 4.0,
        "max_lag_sec": 60.0,
        "threshold": 0.36787944117144233,
        "nan_frac": 0.0,
        "nan_policy": "strict"
      },
      "d_l": {
        "tau_sec": 12.0,
        "dt_sec": 4.0,
        "max_lag_sec": 60.0,
        "threshold": 0.36787944117144233,