{
  "dataset_id": "ds003478:sub-079:rest_Rest_run-01",
  "subject": "sub-079",
  "session": null,
  "reliability_axes": {
    "m": 0.46786966762225274,
    "d": 0.8518876871288663,
    "e": 0.7186752534559486
  },
  "reliability_subcoords": {
    "m_a": 0.684388861092198,
    "m_e": 0.8566294733174455,
    "m_o": 0.7549545553617898,
    "d_n": 0.8295217244641498,
    "d_l": 0.8661976482711626,
    "d_s": 0.8364175792903992,
    "e_e": 0.6851719191092931,
    "e_s": 0.22161703024306345,
    "e_m": 0.6907125110713445
  }
}