{
  "dataset_id": "ds003478:sub-079:rest_Rest_run-01",
  "subject": "sub-079",
  "session": null,
  "coverage": {
    "epochs": 121,
    "seconds": 484.0
  },
  "artifacts": {
    "methods": [
      "none"
    ],
    "bad_eeg_channels": [],
    "n_bad_eeg_channels": 0,
    "stem_collisions": {}
  },
  "ensemble": {
    "var_by_subcoord": {
      "m_a": 0.007138300687074661,
      "m_e": 0.015038552694022655,
      "m_o": 0.0013989692088216543,
      "d_n": 0.005336579401046038,
      "d_l": 0.012029074132442474,
      "d_s": 0.012995884753763676,
      "e_e": 0.0,
      "e_s": 0.003472000826150179,
      "e_m": 0.0
    },
    "var_mean": 0.006378817967035704,
    "var_max": 0.015038552694022655
  },
  "reliability": {
    "axes": {
      "m": 0.46786966762225274,
      "d": 0.8518876871288663,
      "e": 0.7186752534559486
    },
    "subcoords": {
      "m_a": 0.684388861092198,
      "m_e": 0.8566294733174455,
      "m_o": 0.7549545553617898,
      "d_n": 0.8295217244641498,
      "d_l": 0.8661976482711626,
      "d_s": 0.8364175792903992,
      "e_e": 0.6851719191092931,
      "e_s": 0.22161703024306345,
      "e_m": 0.6907125110713445
    }
  },
  "dist_summary": {
    "axes": {
      "m": {
        "n": 121,
        "nan_frac": 0.0,
        "mean": -0.13660909829676643,
        "median": -0.16615483164787292,
        "std": 0.30923046254346204,
        "iqr": 0.4591112434864044,
        "mad": 0.21123993396759033,
        "mad_sigma": 0.3131843261003494,
        "skewness": 0.23683188506992386,
        "kurtosis_excess": 0.3509384788276084,
        "delta_mean_median": 0.029545733351106496
      },
      "d": {
        "n": 121,
        "nan_frac": 0.0,
        "mean": 0.5983052945595758,
        "median": 0.4620847702026367,
        "std": 0.7641917195613062,
        "iqr": 1.2911116406321526,
        "mad": 0.592787891626358,
        "mad_sigma": 0.8788673281252384,
        "skewness": 0.48089225930544494,
        "kurtosis_excess": -1.083511103364262,
        "delta_mean_median": 0.1362205243569391
      },
      "e": {
        "n": 121,
        "nan_frac": 0.0,
        "mean": 0.17303055879171197,
        "median": 0.2553606629371643,
        "std": 0.4266192560881188,
        "iqr": 0.5820822045207024,
        "mad": 0.29374343156814575,
        "mad_sigma": 0.43550401164293284,
        "skewness": -0.26552557285932016,
        "kurtosis_excess": -0.07707311326537569,
        "delta_mean_median": -0.08233010414545233
      }
    },
    "subcoords": {
      "m_a": {
        "n": 121,
        "nan_frac": 0.0,
        "mean": -0.15705194832249122,
        "median": -0.18051598966121674,
        "std": 0.8758972357841387,
        "iqr": 1.3135727047920227,
        "mad": 0.727826401591301,
        "mad_sigma": 1.0790754229992627,
        "skewness": -0.13308402372154254,
        "kurtosis_excess": -1.0085893585825638,
        "delta_mean_median": 0.02346404133872551
      },
      "m_e": {
        "n": 121,
        "nan_frac": 0.0,
        "mean": -0.20383332146924327,
        "median": -0.08110108226537704,
        "std": 0.6604226817113129,
        "iqr": 1.1861603260040283,
        "mad": 0.5290542170405388,
        "mad_sigma": 0.7843757821843028,
        "skewness": -0.10718469781905406,
        "kurtosis_excess": -1.090269416867462,
        "delta_mean_median": -0.12273223920386622
      },
      "m_o": {
        "n": 121,
        "nan_frac": 0.0,
        "mean": -0.02628045138317999,
        "median": 0.09209348261356354,
        "std": 0.6434218414290817,
        "iqr": 1.0944397747516632,
        "mad": 0.47043292224407196,
        "mad_sigma": 0.697463850519061,
        "skewness": -0.3157016339002284,
        "kurtosis_excess": -0.8880717912991809,
        "delta_mean_median": -0.11837393399674354
      },
      "d_n": {
        "n": 121,
        "nan_frac": 0.0,
        "mean": 0.06541270219282178,
        "median": 0.11257234215736389,
        "std": 0.8382887290743067,
        "iqr": 1.22923743724823,
        "mad": 0.7086722552776337,
        "mad_sigma": 1.0506774856746197,
        "skewness": 0.5762238295807233,
        "kurtosis_excess": -0.31353681601553873,
        "delta_mean_median": -0.047159639964542116
      },
      "d_l": {
        "n": 121,
        "nan_frac": 0.0,
        "mean": 0.8435569925864866,
        "median": -0.07554598152637482,
        "std": 1.54805150333694,
        "iqr": 2.8126044869422913,
        "mad": 0.7155001312494278,
        "mad_sigma": 1.0608004945904015,
        "skewness": 0.47036713913315686,
        "kurtosis_excess": -1.4199924065339307,
        "delta_mean_median": 0.9191029741128615
      },
      "d_s": {
        "n": 121,
        "nan_frac": 0.0,
        "mean": 0.8316620899718409,
        "median": 0.6923425793647766,
        "std": 0.9517467247379244,
        "iqr": 1.415214091539383,
        "mad": 0.7299509942531586,
        "mad_sigma": 1.082225344079733,
        "skewness": 0.5857387559821088,
        "kurtosis_excess": -0.8325934677001117,
        "delta_mean_median": 0.13931951060706427
      },
      "e_e": {
        "n": 121,
        "nan_frac": 0.0,
        "mean": -0.04774390139486179,
        "median": 0.0,
        "std": 0.8553184721686088,
        "iqr": 1.3210784196853638,
        "mad": 0.6744906902313232,
        "mad_sigma": 0.9999998973369598,
        "skewness": -0.11608198903612782,
        "kurtosis_excess": -0.4511935713199864,
        "delta_mean_median": -0.04774390139486179
      },
      "e_s": {
        "n": 121,
        "nan_frac": 0.0,
        "mean": 0.47543222734258195,
        "median": 0.4468168318271637,
        "std": 0.3977390657088507,
        "iqr": 0.6082838028669357,
        "mad": 0.2696766257286072,
        "mad_sigma": 0.39982256530523297,
        "skewness": -0.25426998130189193,
        "kurtosis_excess": -0.06379458837745489,
        "delta_mean_median": 0.02861539551541825
      },
      "e_m": {
        "n": 121,
        "nan_frac": 0.0,
        "mean": 0.17867281867279228,
        "median": 0.0,
        "std": 1.2773698334598893,
        "iqr": 1.345581829547882,
        "mad": 0.6744906902313232,
        "mad_sigma": 0.9999998973369598,
        "skewness": 1.033881373515865,
        "kurtosis_excess": 1.5707581837457356,
        "delta_mean_median": 0.17867281867279228
      }
    }
  },
  "entropy_provisional": {},
  "tau_summary": {
    "axes": {
      "m": {
        "tau_sec": 8.0,
        "dt_sec": 4.0,
        "max_lag_sec": 60.0,
        "threshold": 0.36787944117144233,
        "nan_frac": 0.0,
        "nan_policy": "strict"
      },
      "d": {
        "tau_sec": 28.0,
        "dt_sec": 4.0,
        "max_lag_sec": 60.0,
        "threshold": 0.36787944117144233,
        "nan_frac": 0.0,
        "nan_policy": "strict"
      },
      "e": {
        "tau_sec": 16.0,
        "dt_sec": 4.0,
        "max_lag_sec": 60.0,
        "threshold": 0.36787944117144233,
        "nan_frac": 0.0,
        "nan_policy": "strict"
      }
    },
    "subcoords": {
      "m_a": {
        "tau_sec": 8.0,
        "dt_sec": 4.0,
        "max_lag_sec": 60.0,
        "threshold": 0.36787944117144233,
        "nan_frac": 0.0,
        "nan_policy": "strict"
      },
      "m_e": {
        "tau_sec": 24.0,
        "dt_sec": 4.0,
        "max_lag_sec": 60.0,
        "threshold": 0.36787944117144233,
        "nan_frac": 0.0,
        "nan_policy": "strict"
      },
      "m_o": {
        "tau_sec": 28.0,
        "dt_sec": 4.0,
        "max_lag_sec": 60.0,
        "threshold": 0.36787944117144233,
        "nan_frac": 0.0,
        "nan_policy": "strict"
      },
      "d_n": {
        "tau_sec": 16.0,
        "dt_sec": 4.0,
        "max_lag_sec": 60.0,
        "threshold": 0.36787944117144233,
        "nan_frac": 0.0,
        "nan_policy": "strict"
      },
      "d_l": {
        "tau_sec": 32.0,
        "dt_sec": 4.0,
        "max_lag_sec": 60.0,
        "threshold": 0.36787944117144233,
        "nan_frac": 0.0,
        "nan_policy": "strict"
      },