{
  "dataset_id": "ds003478:sub-007:rest_Rest_run-01",
  "subject": "sub-007",
  "session": null,
  "reliability_axes": {
    "m": 0.7160482013813768,
    "d": 0.6371654209910731,
    "e": 0.8002306018143537
  },
  "reliability_subcoords": {
    "m_a": 0.6168277059087552,
    "m_e": 0.7935759695023206,
    "m_o": 0.8201170869466904,
    "d_n": 0.4675003567244887,
    "d_l": 0.672579030539557,
    "d_s": 0.7108825787477515,
    "e_e": 0.87018988696945,
    "e_s": 0.5450952769619475,
    "e_m": null
  }
}