{
  "dataset_id": "ds003478:sub-052:rest_Rest_run-02",
  "subject": "sub-052",
  "session": null,
  "reliability_axes": {
    "m": 0.522042185124904,
    "d": 0.8478045989137473,
    "e": 0.6253414745959572
  },
  "reliability_subcoords": {
    "m_a": 0.8049306584405326,
    "m_e": 0.69597489428463,
    "m_o": 0.7265921502832681,
    "d_n": 0.5373273724506528,
    "d_l": 0.875600860475938,
    "d_s": 0.8882687416702595,
    "e_e": 0.6337079511739854,
    "e_s": 0.9166119644018608,
    "e_m": null
  }
}