{
  "dataset_id": "ds003478:sub-052:rest_Rest_run-02",
  "subject": "sub-052",
  "session": null,
  "coverage": {
    "epochs": 39,
    "seconds": 156.0
  },
  "artifacts": {
    "methods": [
      "none"
    ],
    "bad_eeg_channels": [],
    "n_bad_eeg_channels": 0,
    "stem_collisions": {}
  },
  "ensemble": {
    "var_by_subcoord": {
      "m_a": 0.0018530695233494043,
      "m_e": 0.0090924222022295,
      "m_o": 0.0033025494776666164,
      "d_n": 0.0039883023127913475,
      "d_l": 0.11340443044900894,
      "d_s": 0.14072632789611816,
      "e_e": 0.0,
      "e_s": 0.06099017709493637,
      "e_m": 0.0
    },
    "var_mean": 0.037039697661788926,
    "var_max": 0.14072632789611816
  },
  "reliability": {
    "axes": {
      "m": 0.522042185124904,
      "d": 0.8478045989137473,
      "e": 0.6253414745959572
    },
    "subcoords": {
      "m_a": 0.8049306584405326,
      "m_e": 0.69597489428463,
      "m_o": 0.7265921502832681,
      "d_n": 0.5373273724506528,
      "d_l": 0.875600860475938,
      "d_s": 0.8882687416702595,
      "e_e": 0.6337079511739854,
      "e_s": 0.9166119644018608,
      "e_m": null
    }
  },
  "dist_summary": {
    "axes": {
      "m": {
        "n": 39,
        "nan_frac": 0.0,
        "mean": 0.09446136449248745,
        "median": 0.15385839343070984,
        "std": 0.45779506847661117,
        "iqr": 0.3339374808128923,
        "mad": 0.1634589433670044,
        "mad_sigma": 0.2423442294359207,
        "skewness": -3.5321710976347207,
        "kurtosis_excess": 15.76234599775334,
        "delta_mean_median": -0.05939702893822239
      },
      "d": {
        "n": 39,
        "nan_frac": 0.0,
        "mean": 1.0582389772320404,
        "median": 1.026911735534668,
        "std": 1.1525636134086938,
        "iqr": 2.294912673532963,
        "mad": 1.1505688652396202,
        "mad_sigma": 1.7058333996042607,
        "skewness": -0.04982486064389132,
        "kurtosis_excess": -1.7496740131664994,
        "delta_mean_median": 0.03132724169737244
      },
      "e": {
        "n": 39,
        "nan_frac": 0.0,
        "mean": 0.3307104274117125,
        "median": 0.1643831580877304,
        "std": 0.7275216155260842,
        "iqr": 0.585072735673748,
        "mad": 0.2803546339273453,
        "mad_sigma": 0.41565378026068206,
        "skewness": 1.3799636078576925,
        "kurtosis_excess": 4.467278057036724,
        "delta_mean_median": 0.16632726932398212
      }
    },
    "subcoords": {
      "m_a": {
        "n": 39,
        "nan_frac": 0.0,
        "mean": -0.0060297696827313835,
        "median": -0.024219157174229622,
        "std": 1.2418858143590465,
        "iqr": 1.378172293305397,
        "mad": 0.5317857842892408,
        "mad_sigma": 0.7884256037872284,
        "skewness": -2.9090337997464517,
        "kurtosis_excess": 11.474174990643041,
        "delta_mean_median": 0.01818938749149824
      },
      "m_e": {
        "n": 39,
        "nan_frac": 0.0,
        "mean": 0.22802228151032558,
        "median": 0.3695094883441925,
        "std": 0.5937990334173294,
        "iqr": 0.867621123790741,
        "mad": 0.34185001254081726,
        "mad_sigma": 0.5068268285930156,
        "skewness": -1.1706350255406128,
        "kurtosis_excess": 2.91967695883341,
        "delta_mean_median": -0.14148720683386692
      },
      "m_o": {
        "n": 39,
        "nan_frac": 0.0,
        "mean": 0.06967467565137224,
        "median": 0.022686859592795372,
        "std": 0.7887470761745771,
        "iqr": 1.0713033229112625,
        "mad": 0.5508471522480249,
        "mad_sigma": 0.8166859879229217,
        "skewness": 0.4824938827110877,
        "kurtosis_excess": 0.8161620402946559,
        "delta_mean_median": 0.04698781605857687
      },
      "d_n": {
        "n": 39,
        "nan_frac": 0.0,
        "mean": 0.35349000837558353,
        "median": 0.019962072372436523,
        "std": 1.0396890794132836,
        "iqr": 1.02844999730587,
        "mad": 0.47128331661224365,
        "mad_sigma": 0.6987246452093124,
        "skewness": 1.4900356131956072,
        "kurtosis_excess": 1.715168965293481,
        "delta_mean_median": 0.333527936003147
      },
      "d_l": {
        "n": 39,
        "nan_frac": 0.0,
        "mean": 1.3283723939496737,
        "median": 0.24793672561645508,
        "std": 1.861357118757322,
        "iqr": 3.8650238066911697,
        "mad": 1.069995939731598,
        "mad_sigma": 1.5863759802460669,
        "skewness": 0.1186042826027867,
        "kurtosis_excess": -1.8655203476070794,
        "delta_mean_median": 1.0804356683332186
      },
      "d_s": {
        "n": 39,
        "nan_frac": 0.0,
        "mean": 1.5256143697561362,
        "median": 2.424849033355713,
        "std": 1.6980455333764297,
        "iqr": 3.297743111848831,
        "mad": 1.2130180597305298,
        "mad_sigma": 1.7984205753564833,
        "skewness": -0.1952847088090846,
        "kurtosis_excess": -1.6760574166248272,
        "delta_mean_median": -0.8992346635995767
      },
      "e_e": {
        "n": 39,
        "nan_frac": 0.0,
        "mean": 0.009981420726921314,
        "median": 0.0,
        "std": 1.3190697282140158,
        "iqr": 1.3122624456882477,
        "mad": 0.6744906902313232,
        "mad_sigma": 0.9999998973369598,
        "skewness": 0.6108918412481378,
        "kurtosis_excess": 3.388481285426704,
        "delta_mean_median": 0.009981420726921314
      },
      "e_s": {
        "n": 39,
        "nan_frac": 0.0,
        "mean": 0.7789775266861304,
        "median": 0.9860533475875854,
        "std": 0.7693592147534977,
        "iqr": 1.2440214231610298,
        "mad": 0.7369487583637238,
        "mad_sigma": 1.0926002291500567,
        "skewness": 0.14274392781908055,
        "kurtosis_excess": -0.8123089807726038,
        "delta_mean_median": -0.20707582090145504
      },
      "e_m": {
        "n": 39,
        "nan_frac": 0.0,
        "mean": 0.15384615384615385,
        "median": 0.0,
        "std": 0.9483713850721502,
        "iqr": 0.0,
        "mad": 0.0,
        "mad_sigma": 0.0,
        "skewness": 6.002192581838213,
        "kurtosis_excess": 34.02631578947368,
        "delta_mean_median": 0.15384615384615385
      }
    }
  },
  "entropy_provisional": {
    "e_m": {
      "var": 0.8994082840236686,
      "n_unique": 2,
      "nan_frac": 0.0,
      "provisional": true
    }
  },
  "tau_summary": {
    "axes": {
      "m": {
        "tau_sec": 4.0,
        "dt_sec": 4.0,
        "max_lag_sec": 60.0,
        "threshold": 0.36787944117144233,
        "nan_frac": 0.0,
        "nan_policy": "strict"
      },
      "d": {
        "tau_sec": 28.0,
        "dt_sec": 4.0,
        "max_lag_sec": 60.0,
        "threshold": 0.36787944117144233,
        "nan_frac": 0.0,
        "nan_policy": "strict"
      },
      "e": {
        "tau_sec": 8.0,
        "dt_sec": 4.0,
        "max_lag_sec": 60.0,
        "threshold": 0.36787944117144233,
        "nan_frac": 0.0,
        "nan_policy": "strict"
      }
    },
    "subcoords": {
      "m_a": {
        "tau_sec": 4.0,
        "dt_sec": 4.0,
        "max_lag_sec": 60.0,
        "threshold": 0.36787944117144233,
        "nan_frac": 0.0,
        "nan_policy": "strict"
      },
      "m_e": {
        "tau_sec": 8.0,
        "dt_sec": 4.0,
        "max_lag_sec": 60.0,
        "threshold": 0.36787944117144233,
        "nan_frac": 0.0,
        "nan_policy": "strict"
      },
      "m_o": {
        "tau_sec": 8.0,
        "dt_sec": 4.0,
        "max_lag_sec": 60.0,
        "threshold": 0.36787944117144233,
        "nan_frac": 0.0,
        "nan_policy": "strict"
      },
      "d_n": {
        "tau_sec": 8.0,
        "dt_sec": 4.0,
        "max_lag_sec": 60.0,
        "threshold": 0.36787944117144233,
        "nan_frac": 0.0,
        "nan_policy": "strict"
      },
      "d_l": {
        "tau_sec": 24.0,
        "dt_sec": 4.0,
        "max_lag_sec": 60.0,
        "threshold": 0.36787944117144233,
        "nan_frac": 0.0,