{
  "dataset_id": "ds003478:sub-075:rest_Rest_run-01",
  "subject": "sub-075",
  "session": null,
  "reliability_axes": {
    "m": 0.661695032255398,
    "d": 0.9209468306832621,
    "e": 0.7665059583910385
  },
  "reliability_subcoords": {
    "m_a": 0.6842126091487939,
    "m_e": 0.5170439567315454,
    "m_o": 0.6524916365210566,
    "d_n": 0.8339085651142835,
    "d_l": 0.9077184011929705,
    "d_s": 0.8999679965475736,
    "e_e": 0.7576187228647868,
    "e_s": 0.7449598499337337,
    "e_m": null
  }
}