{
  "dataset_id": "ds003478:sub-075:rest_Rest_run-01",
  "subject": "sub-075",
  "session": null,
  "coverage": {
    "epochs": 132,
    "seconds": 528.0
  },
  "artifacts": {
    "methods": [
      "none"
    ],
    "bad_eeg_channels": [],
    "n_bad_eeg_channels": 0,
    "stem_collisions": {}
  },
  "ensemble": {
    "var_by_subcoord": {
      "m_a": 0.0013012411072850227,
      "m_e": 0.006159176118671894,
      "m_o": 0.00109970779158175,
      "d_n": 0.005157917272299528,
      "d_l": 0.0036140279844403267,
      "d_s": 0.007923197001218796,
      "e_e": 1.1447890161872532e-13,
      "e_s": 0.0010524088284000754,
      "e_m": 0.0
    },
    "var_mean": 0.002923075122667986,
    "var_max": 0.007923197001218796
  },
  "reliability": {
    "axes": {
      "m": 0.661695032255398,
      "d": 0.9209468306832621,
      "e": 0.7665059583910385
    },
    "subcoords": {
      "m_a": 0.6842126091487939,
      "m_e": 0.5170439567315454,
      "m_o": 0.6524916365210566,
      "d_n": 0.8339085651142835,
      "d_l": 0.9077184011929705,
      "d_s": 0.8999679965475736,
      "e_e": 0.7576187228647868,
      "e_s": 0.7449598499337337,
      "e_m": null
    }
  },
  "dist_summary": {
    "axes": {
      "m": {
        "n": 132,
        "nan_frac": 0.0,
        "mean": 0.0718010415386578,
        "median": 0.07082569971680641,
        "std": 0.5042453430070566,
        "iqr": 0.7384260892868042,
        "mad": 0.37985077127814293,
        "mad_sigma": 0.5631667534969746,
        "skewness": -0.14685799917470765,
        "kurtosis_excess": -0.2117039985622995,
        "delta_mean_median": 0.0009753418218513832
      },
      "d": {
        "n": 132,
        "nan_frac": 0.0,
        "mean": 0.5069819573616383,
        "median": 0.3601946532726288,
        "std": 0.9127134494834392,
        "iqr": 1.2630745768547058,
        "mad": 0.6300832182168961,
        "mad_sigma": 0.9341613793283701,
        "skewness": 0.860081177787585,
        "kurtosis_excess": 0.057663090727573696,
        "delta_mean_median": 0.14678730408900953
      },
      "e": {
        "n": 132,
        "nan_frac": 0.0,
        "mean": 0.14224272522771958,
        "median": 0.07774948701262474,
        "std": 0.6501247094827152,
        "iqr": 0.7619319632649422,
        "mad": 0.3768721967935562,
        "mad_sigma": 0.5587507189661264,
        "skewness": 1.892168895391811,
        "kurtosis_excess": 8.897552223786017,
        "delta_mean_median": 0.06449323821509484
      }
    },
    "subcoords": {
      "m_a": {
        "n": 132,
        "nan_frac": 0.0,
        "mean": 0.0778750642908342,
        "median": 0.005722928326576948,
        "std": 0.8123751694545579,
        "iqr": 1.1390140801668167,
        "mad": 0.5596496760845184,
        "mad_sigma": 0.829736609762907,
        "skewness": -3.061373414688952,
        "kurtosis_excess": 21.317358559556755,
        "delta_mean_median": 0.07215213596425725
      },
      "m_e": {
        "n": 132,
        "nan_frac": 0.0,
        "mean": 0.032003508072882665,
        "median": 0.033762077800929546,
        "std": 0.40634494699463886,
        "iqr": 0.5847440958023071,
        "mad": 0.2943817526102066,
        "mad_sigma": 0.4364503864198923,
        "skewness": -0.7244417914409286,
        "kurtosis_excess": 3.4182360789825177,
        "delta_mean_median": -0.0017585697280468812
      },
      "m_o": {
        "n": 132,
        "nan_frac": 0.0,
        "mean": 0.11207382825457236,
        "median": 0.055920056998729706,
        "std": 0.9413625274220538,
        "iqr": 1.2288355380296707,
        "mad": 0.6148852109909058,
        "mad_sigma": 0.9116288138151168,
        "skewness": 1.373824082971952,
        "kurtosis_excess": 5.309456626923334,
        "delta_mean_median": 0.05615377125584266
      },
      "d_n": {
        "n": 132,
        "nan_frac": 0.0,
        "mean": 0.37153399492980854,
        "median": 0.1286439299583435,
        "std": 1.0087171040354508,
        "iqr": 0.649731419980526,
        "mad": 0.3501494601368904,
        "mad_sigma": 0.5191315895989537,
        "skewness": 2.7438530536505645,
        "kurtosis_excess": 8.919196468034373,
        "delta_mean_median": 0.24289006497146504
      },
      "d_l": {
        "n": 132,
        "nan_frac": 0.0,
        "mean": 0.5404046510600231,
        "median": 0.08598243817687035,
        "std": 1.2793047283777028,
        "iqr": 1.729976698756218,
        "mad": 0.6669916473329067,
        "mad_sigma": 0.9888818163357674,
        "skewness": 1.0134112887146853,
        "kurtosis_excess": -0.07939792167341686,
        "delta_mean_median": 0.45442221288315277
      },
      "d_s": {
        "n": 132,
        "nan_frac": 0.0,
        "mean": 0.6509726080253269,
        "median": 0.2605295181274414,
        "std": 1.2115376520851573,
        "iqr": 1.8826728239655495,
        "mad": 0.7372966259717941,
        "mad_sigma": 1.093115977665782,
        "skewness": 0.779628232382878,
        "kurtosis_excess": -0.5266375358814757,
        "delta_mean_median": 0.39044308989788545
      },
      "e_e": {
        "n": 132,
        "nan_frac": 0.0,
        "mean": -0.013726543352910967,
        "median": 0.0,
        "std": 1.1637782079889751,
        "iqr": 1.3106699734926224,
        "mad": 0.674490749835968,
        "mad_sigma": 0.9999999857068061,
        "skewness": 1.2493968207405477,
        "kurtosis_excess": 5.6417397964339155,
        "delta_mean_median": -0.013726543352910967
      },
      "e_s": {
        "n": 132,
        "nan_frac": 0.0,
        "mean": 0.36075488009461854,
        "median": 0.2512972056865692,
        "std": 0.565142503785695,
        "iqr": 0.7258062921464443,
        "mad": 0.3760943114757538,
        "mad_sigma": 0.5575974261939526,
        "skewness": 0.5961102113221244,
        "kurtosis_excess": -0.3426341501539749,
        "delta_mean_median": 0.10945767440804932
      },
      "e_m": {
        "n": 132,
        "nan_frac": 0.0,
        "mean": 0.045454545454545456,
        "median": 0.0,
        "std": 0.5202510519208907,
        "iqr": 0.0,
        "mad": 0.0,
        "mad_sigma": 0.0,
        "skewness": 11.358152736593494,
        "kurtosis_excess": 127.0076335877863,
        "delta_mean_median": 0.045454545454545456
      }
    }
  },
  "entropy_provisional": {
    "e_m": {
      "var": 0.2706611570247934,
      "n_unique": 2,
      "nan_frac": 0.0,
      "provisional": true
    }
  },
  "tau_summary": {
    "axes": {
      "m": {
        "tau_sec": 12.0,
        "dt_sec": 4.0,
        "max_lag_sec": 60.0,
        "threshold": 0.36787944117144233,
        "nan_frac": 0.0,
        "nan_policy": "strict"
      },
      "d": {
        "tau_sec": 32.0,
        "dt_sec": 4.0,
        "max_lag_sec": 60.0,
        "threshold": 0.36787944117144233,
        "nan_frac": 0.0,
        "nan_policy": "strict"
      },
      "e": {
        "tau_sec": 8.0,
        "dt_sec": 4.0,
        "max_lag_sec": 60.0,
        "threshold": 0.36787944117144233,
        "nan_frac": 0.0,
        "nan_policy": "strict"
      }
    },
    "subcoords": {
      "m_a": {
        "tau_sec": 12.0,
        "dt_sec": 4.0,
        "max_lag_sec": 60.0,
        "threshold": 0.36787944117144233,
        "nan_frac": 0.0,
        "nan_policy": "strict"
      },
      "m_e": {
        "tau_sec": 8.0,
        "dt_sec": 4.0,
        "max_lag_sec": 60.0,
        "threshold": 0.36787944117144233,
        "nan_frac": 0.0,
        "nan_policy": "strict"
      },
      "m_o": {
        "tau_sec": 8.0,
        "dt_sec": 4.0,
        "max_lag_sec": 60.0,
        "threshold": 0.36787944117144233,
        "nan_frac": 0.0,
        "nan_policy": "strict"
      },
      "d_n": {
        "tau_sec": 12.0,
        "dt_sec": 4.0,
        "max_lag_sec": 60.0,
        "threshold": 0.36787944117144233,
        "nan_frac": 0.0,
        "nan_policy": "strict"
      },
      "d_l": {
        "tau_sec": 28.0,
        "dt_sec": 4.0,
        "max_lag_sec": 60.0,
        "threshold": 0.36787944117144233,