{
  "dataset_id": "ds003478:sub-102:rest_Rest_run-02",
  "subject": "sub-102",
  "session": null,
  "reliability_axes": {
    "m": 0.8050022618918745,
    "d": 0.9375360342242587,
    "e": 0.24860989833338296
  },
  "reliability_subcoords": {
    "m_a": 0.9461545441776243,
    "m_e": 0.6900680200418849,
    "m_o": 0.6554269944928145,
    "d_n": 0.8501577068726686,
    "d_l": 0.9448438091581152,
    "d_s": 0.9372961163975585,
    "e_e": 0.24642797583909185,
    "e_s": 0.8796493310469102,
    "e_m": 0.5356465384098561
  }
}