{
  "dataset_id": "ds003478:sub-102:rest_Rest_run-02",
  "subject": "sub-102",
  "session": null,
  "coverage": {
    "epochs": 52,
    "seconds": 208.0
  },
  "artifacts": {
    "methods": [
      "none"
    ],
    "bad_eeg_channels": [
      "C5",
      "CB1",
      "CB2"
    ],
    "n_bad_eeg_channels": 3,
    "stem_collisions": {}
  },
  "ensemble": {
    "var_by_subcoord": {
      "m_a": 0.003793326672166586,
      "m_e": 0.024907395243644714,
      "m_o": 0.0010539882350713015,
      "d_n": 0.027953220531344414,
      "d_l": 0.12120164185762405,
      "d_s": 0.06244654580950737,
      "e_e": 0.0,
      "e_s": 0.014365002512931824,
      "e_m": 0.0
    },
    "var_mean": 0.028413457873587806,
    "var_max": 0.12120164185762405
  },
  "reliability": {
    "axes": {
      "m": 0.8050022618918745,
      "d": 0.9375360342242587,
      "e": 0.24860989833338296
    },
    "subcoords": {
      "m_a": 0.9461545441776243,
      "m_e": 0.6900680200418849,
      "m_o": 0.6554269944928145,
      "d_n": 0.8501577068726686,
      "d_l": 0.9448438091581152,
      "d_s": 0.9372961163975585,
      "e_e": 0.24642797583909185,
      "e_s": 0.8796493310469102,
      "e_m": 0.5356465384098561
    }
  },
  "dist_summary": {
    "axes": {
      "m": {
        "n": 52,
        "nan_frac": 0.0,
        "mean": 0.20940670725674584,
        "median": 0.1662554293870926,
        "std": 0.6210738324555718,
        "iqr": 1.0526098310947418,
        "mad": 0.5635775774717331,
        "mad_sigma": 0.8355601163595915,
        "skewness": 0.17424309454676448,
        "kurtosis_excess": -0.9975946750904239,
        "delta_mean_median": 0.043151277869653254
      },
      "d": {
        "n": 52,
        "nan_frac": 0.0,
        "mean": 1.1190020819284165,
        "median": 0.7096462845802307,
        "std": 1.4386825058867687,
        "iqr": 2.9194211047142744,
        "mad": 1.239897072315216,
        "mad_sigma": 1.8382713994145392,
        "skewness": 0.24763223085853375,
        "kurtosis_excess": -1.5695559884416386,
        "delta_mean_median": 0.40935579734818583
      },
      "e": {
        "n": 52,
        "nan_frac": 0.0,
        "mean": 0.21395669469180015,
        "median": 0.260245680809021,
        "std": 0.5481913007799928,
        "iqr": 0.8179480358958244,
        "mad": 0.3755668103694916,
        "mad_sigma": 0.5568153530538081,
        "skewness": -0.15747764579260343,
        "kurtosis_excess": -0.8922469760419536,
        "delta_mean_median": -0.04628898611722085
      }
    },
    "subcoords": {
      "m_a": {
        "n": 52,
        "nan_frac": 0.0,
        "mean": 0.37173051215135133,
        "median": -0.028204401955008507,
        "std": 1.159758486560545,
        "iqr": 2.229571580886841,
        "mad": 0.6891243550926447,
        "mad_sigma": 1.021695768860355,
        "skewness": 0.40789822301565937,
        "kurtosis_excess": -1.2258692415391057,
        "delta_mean_median": 0.39993491410635984
      },
      "m_e": {
        "n": 52,
        "nan_frac": 0.0,
        "mean": -0.004253031775498619,
        "median": -0.016741159837692976,
        "std": 0.37728801041207816,
        "iqr": 0.45326605439186096,
        "mad": 0.23306463984772563,
        "mad_sigma": 0.345541635038238,
        "skewness": 0.16194354358996724,
        "kurtosis_excess": -0.3668381385651225,
        "delta_mean_median": 0.012488128062194357
      },
      "m_o": {
        "n": 52,
        "nan_frac": 0.0,
        "mean": 0.24690027589587352,
        "median": 0.1206192895770073,
        "std": 0.9375787776551603,
        "iqr": 1.0555101186037064,
        "mad": 0.549805223941803,
        "mad_sigma": 0.8151412250161171,
        "skewness": 1.246731217683873,
        "kurtosis_excess": 2.0589370641270692,
        "delta_mean_median": 0.12628098631886622
      },
      "d_n": {
        "n": 52,
        "nan_frac": 0.0,
        "mean": 0.5825129278863852,
        "median": 0.2285146340727806,
        "std": 1.2774717089913152,
        "iqr": 1.4450178146362305,
        "mad": 0.6342441290616989,
        "mad_sigma": 0.9403303457468748,
        "skewness": 1.5141497114521165,
        "kurtosis_excess": 2.4937822519429904,
        "delta_mean_median": 0.3539982938136046
      },
      "d_l": {
        "n": 52,
        "nan_frac": 0.0,
        "mean": 1.3863779984844418,
        "median": 0.012615397572517395,
        "std": 2.271861324493117,
        "iqr": 4.6775758638978004,
        "mad": 0.6339924186468124,
        "mad_sigma": 0.9399571598857641,
        "skewness": 0.6679698794249253,
        "kurtosis_excess": -1.372621885545073,
        "delta_mean_median": 1.3737626009119244
      },
      "d_s": {
        "n": 52,
        "nan_frac": 0.0,
        "mean": 1.2939890316472604,
        "median": 1.2505531311035156,
        "std": 1.477733533177077,
        "iqr": 3.0978517532348633,
        "mad": 1.5503577291965485,
        "mad_sigma": 2.2985603693068026,
        "skewness": -0.0962114813060529,
        "kurtosis_excess": -1.6024215632179815,
        "delta_mean_median": 0.0434359005437448
      },
      "e_e": {
        "n": 52,
        "nan_frac": 0.0,
        "mean": -0.01857558705020123,
        "median": -2.6549678295850754e-06,
        "std": 1.0162156535087876,
        "iqr": 1.4282476305961609,
        "mad": 0.6744933750014752,
        "mad_sigma": 1.0000038777771871,
        "skewness": -0.12089642109745917,
        "kurtosis_excess": -0.374749207648414,
        "delta_mean_median": -0.018572932082371645
      },
      "e_s": {
        "n": 52,
        "nan_frac": 0.0,
        "mean": 0.542784911652024,
        "median": 0.7525214850902557,
        "std": 0.47233386469532335,
        "iqr": 0.7600051760673523,
        "mad": 0.29988713562488556,
        "mad_sigma": 0.4446126672774553,
        "skewness": 0.10016912064134659,
        "kurtosis_excess": -0.44066635664529885,
        "delta_mean_median": -0.2097365734382317
      },
      "e_m": {
        "n": 52,
        "nan_frac": 0.0,
        "mean": 0.006588479396528923,
        "median": -1.41095370054245e-07,
        "std": 1.3078996995967211,
        "iqr": 1.218740552663803,
        "mad": 0.674490749835968,
        "mad_sigma": 0.9999999857068061,
        "skewness": -0.01014813417395996,
        "kurtosis_excess": 1.0600014336197257,
        "delta_mean_median": 0.006588620491898977
      }
    }
  },
  "entropy_provisional": {},
  "tau_summary": {
    "axes": {
      "m": {
        "tau_sec": 16.0,
        "dt_sec": 4.0,
        "max_lag_sec": 60.0,
        "threshold": 0.36787944117144233,
        "nan_frac": 0.0,
        "nan_policy": "strict"
      },
      "d": {
        "tau_sec": 36.0,
        "dt_sec": 4.0,
        "max_lag_sec": 60.0,
        "threshold": 0.36787944117144233,
        "nan_frac": 0.0,
        "nan_policy": "strict"
      },
      "e": {
        "tau_sec": 8.0,
        "dt_sec": 4.0,
        "max_lag_sec": 60.0,
        "threshold": 0.36787944117144233,
        "nan_frac": 0.0,
        "nan_policy": "strict"
      }
    },
    "subcoords": {
      "m_a": {
        "tau_sec": 36.0,
        "dt_sec": 4.0,
        "max_lag_sec": 60.0,
        "threshold": 0.36787944117144233,
        "nan_frac": 0.0,
        "nan_policy": "strict"
      },
      "m_e": {
        "tau_sec": 8.0,
        "dt_sec": 4.0,
        "max_lag_sec": 60.0,
        "threshold": 0.36787944117144233,
        "nan_frac": 0.0,
        "nan_policy": "strict"
      },
      "m_o": {
        "tau_sec": 8.0,
        "dt_sec": 4.0,
        "max_lag_sec": 60.0,
        "threshold": 0.36787944117144233,
        "nan_frac": 0.0,
        "nan_policy": "strict"
      },
      "d_n": {
        "tau_sec": 12.0,
        "dt_sec": 4.0,
        "max_lag_sec": 60.0,
        "threshold": 0.36787944117144233,
        "nan_frac": 0.0,
        "nan_policy": "strict"
      },
      "d_l": {
        "tau_sec": 36.0,
        "dt_sec": 4.0,
        "max_lag_sec": 60.0,
        "threshold": 0.36787944117144233,