{
  "dataset_id": "ds003478:sub-121:rest_Rest_run-02",
  "subject": "sub-121",
  "session": null,
  "reliability_axes": {
    "m": 0.8970426295410783,
    "d": 0.9097990757196648,
    "e": 0.8199423196202097
  },
  "reliability_subcoords": {
    "m_a": 0.869949116053932,
    "m_e": 0.7495408478755365,
    "m_o": 0.6264074695993057,
    "d_n": 0.5082821845174467,
    "d_l": 0.8661606425551889,
    "d_s": 0.9273477634498952,
    "e_e": 0.9282252682922082,
    "e_s": -0.003218760501099984,
    "e_m": 0.49879985300035695
  }
}