{
  "dataset_id": "ds003478:sub-121:rest_Rest_run-02",
  "subject": "sub-121",
  "session": null,
  "coverage": {
    "epochs": 41,
    "seconds": 164.0
  },
  "artifacts": {
    "methods": [
      "none"
    ],
    "bad_eeg_channels": [
      "FP2"
    ],
    "n_bad_eeg_channels": 1,
    "stem_collisions": {}
  },
  "ensemble": {
    "var_by_subcoord": {
      "m_a": 0.000761831586714834,
      "m_e": 0.009529970586299896,
      "m_o": 0.009445290081202984,
      "d_n": 0.004258838016539812,
      "d_l": 0.008237907662987709,
      "d_s": 0.2661564350128174,
      "e_e": 0.0,
      "e_s": 0.01763283461332321,
      "e_m": 0.0
    },
    "var_mean": 0.03511367861776509,
    "var_max": 0.2661564350128174
  },
  "reliability": {
    "axes": {
      "m": 0.8970426295410783,
      "d": 0.9097990757196648,
      "e": 0.8199423196202097
    },
    "subcoords": {
      "m_a": 0.869949116053932,
      "m_e": 0.7495408478755365,
      "m_o": 0.6264074695993057,
      "d_n": 0.5082821845174467,
      "d_l": 0.8661606425551889,
      "d_s": 0.9273477634498952,
      "e_e": 0.9282252682922082,
      "e_s": -0.003218760501099984,
      "e_m": 0.49879985300035695
    }
  },
  "dist_summary": {
    "axes": {
      "m": {
        "n": 41,
        "nan_frac": 0.0,
        "mean": 0.38505202459125987,
        "median": 0.18873152136802673,
        "std": 0.838258238211013,
        "iqr": 1.4372721910476685,
        "mad": 0.7027635872364044,
        "mad_sigma": 1.0419172944366932,
        "skewness": 0.3416786263955472,
        "kurtosis_excess": -1.2575581148945767,
        "delta_mean_median": 0.19632050322323313
      },
      "d": {
        "n": 41,
        "nan_frac": 0.0,
        "mean": 1.0327608742546746,
        "median": 0.21144963800907135,
        "std": 1.44292158820425,
        "iqr": 2.690039247274399,
        "mad": 0.618354395031929,
        "mad_sigma": 0.916772226074338,
        "skewness": 0.5088182448855567,
        "kurtosis_excess": -1.4312680579412107,
        "delta_mean_median": 0.8213112362456032
      },
      "e": {
        "n": 41,
        "nan_frac": 0.0,
        "mean": 0.04974137573707395,
        "median": -0.05190704017877579,
        "std": 0.3770373813947958,
        "iqr": 0.5944534838199615,
        "mad": 0.25177400559186935,
        "mad_sigma": 0.37328014069050547,
        "skewness": 0.6936598717662738,
        "kurtosis_excess": -0.4821758931241842,
        "delta_mean_median": 0.10164841591584974
      }
    },
    "subcoords": {
      "m_a": {
        "n": 41,
        "nan_frac": 0.0,
        "mean": 1.0819457853894408,
        "median": 0.04123929515480995,
        "std": 1.8031797542622392,
        "iqr": 3.76283660531044,
        "mad": 0.6700793243944645,
        "mad_sigma": 0.993459606347233,
        "skewness": 0.5770182253503916,
        "kurtosis_excess": -1.361044680388035,
        "delta_mean_median": 1.0407064902346308
      },
      "m_e": {
        "n": 41,
        "nan_frac": 0.0,
        "mean": -0.15216663788731505,
        "median": -0.20144732296466827,
        "std": 0.2869987862975878,
        "iqr": 0.37255194783210754,
        "mad": 0.21473948657512665,
        "mad_sigma": 0.31837276279628274,
        "skewness": 0.3861145313777839,
        "kurtosis_excess": -0.3586040754430959,
        "delta_mean_median": 0.049280685077353226
      },
      "m_o": {
        "n": 41,
        "nan_frac": 0.0,
        "mean": 0.08148787425058644,
        "median": -0.07982499152421951,
        "std": 0.6856797913604635,
        "iqr": 1.0211662352085114,
        "mad": 0.4706453010439873,
        "mad_sigma": 0.6977787233278155,
        "skewness": 0.5971963624536467,
        "kurtosis_excess": -0.2557312751017764,
        "delta_mean_median": 0.16131286577480597
      },
      "d_n": {
        "n": 41,
        "nan_frac": 0.0,
        "mean": -0.11262135673314333,
        "median": -0.12799715995788574,
        "std": 0.8429099976970944,
        "iqr": 0.9577096104621887,
        "mad": 0.5257492661476135,
        "mad_sigma": 0.7794758619904518,
        "skewness": 0.19836935223577934,
        "kurtosis_excess": 0.47980269872680337,
        "delta_mean_median": 0.015375803224742413
      },
      "d_l": {
        "n": 41,
        "nan_frac": 0.0,
        "mean": 1.7886733024767258,
        "median": -0.04403425380587578,
        "std": 2.7563799839861436,
        "iqr": 5.673234224319458,
        "mad": 0.5889386422932148,
        "mad_sigma": 0.8731604310639202,
        "skewness": 0.6207078571428313,
        "kurtosis_excess": -1.4125388321301244,
        "delta_mean_median": 1.8327075562826016
      },
      "d_s": {
        "n": 41,
        "nan_frac": 0.0,
        "mean": 0.8643428127213222,
        "median": 0.3619007468223572,
        "std": 1.1333569275570528,
        "iqr": 2.123702257871628,
        "mad": 0.6108546257019043,
        "mad_sigma": 0.9056530680656433,
        "skewness": 0.4094833204640245,
        "kurtosis_excess": -1.3500799213539456,
        "delta_mean_median": 0.502442065898965
      },
      "e_e": {
        "n": 41,
        "nan_frac": 0.0,
        "mean": -0.0624333596447619,
        "median": 0.0,
        "std": 0.6579872896733457,
        "iqr": 1.2373701333999634,
        "mad": 0.6744906902313232,
        "mad_sigma": 0.9999998973369598,
        "skewness": 0.08938901727815042,
        "kurtosis_excess": -1.4777489123768004,
        "delta_mean_median": -0.0624333596447619
      },
      "e_s": {
        "n": 41,
        "nan_frac": 0.0,
        "mean": 0.2064094826942537,
        "median": 0.1739724576473236,
        "std": 0.46600654384654716,
        "iqr": 0.4967523217201233,
        "mad": 0.28200092911720276,
        "mad_sigma": 0.4180945775091648,
        "skewness": 0.26176887907225155,
        "kurtosis_excess": 0.6149928921835794,
        "delta_mean_median": 0.03243702504693008
      },
      "e_m": {
        "n": 41,
        "nan_frac": 0.0,
        "mean": -0.009781846753889469,
        "median": 0.0,
        "std": 1.2875293594228747,
        "iqr": 1.1527183055877686,
        "mad": 0.674490749835968,
        "mad_sigma": 0.9999999857068061,
        "skewness": -0.18440918741438952,
        "kurtosis_excess": 0.598415840620282,
        "delta_mean_median": -0.009781846753889469
      }
    }
  },
  "entropy_provisional": {},
  "tau_summary": {
    "axes": {
      "m": {
        "tau_sec": 40.0,
        "dt_sec": 4.0,
        "max_lag_sec": 60.0,
        "threshold": 0.36787944117144233,
        "nan_frac": 0.0,
        "nan_policy": "strict"
      },
      "d": {
        "tau_sec": 32.0,
        "dt_sec": 4.0,
        "max_lag_sec": 60.0,
        "threshold": 0.36787944117144233,
        "nan_frac": 0.0,
        "nan_policy": "strict"
      },
      "e": {
        "tau_sec": 20.0,
        "dt_sec": 4.0,
        "max_lag_sec": 60.0,
        "threshold": 0.36787944117144233,
        "nan_frac": 0.0,
        "nan_policy": "strict"
      }
    },
    "subcoords": {
      "m_a": {
        "tau_sec": 36.0,
        "dt_sec": 4.0,
        "max_lag_sec": 60.0,
        "threshold": 0.36787944117144233,
        "nan_frac": 0.0,
        "nan_policy": "strict"
      },
      "m_e": {
        "tau_sec": 12.0,
        "dt_sec": 4.0,
        "max_lag_sec": 60.0,
        "threshold": 0.36787944117144233,
        "nan_frac": 0.0,
        "nan_policy": "strict"
      },
      "m_o": {
        "tau_sec": 8.0,
        "dt_sec": 4.0,
        "max_lag_sec": 60.0,
        "threshold": 0.36787944117144233,
        "nan_frac": 0.0,
        "nan_policy": "strict"
      },
      "d_n": {
        "tau_sec": 8.0,
        "dt_sec": 4.0,
        "max_lag_sec": 60.0,
        "threshold": 0.36787944117144233,
        "nan_frac": 0.0,
        "nan_policy": "strict"
      },
      "d_l": {
        "tau_sec": 32.0,
        "dt_sec": 4.0,
        "max_lag_sec": 60.0,
        "threshold": 0.36787944117144233,
        "nan_frac": 0.0,
        "nan_policy": "strict"
      },