{
  "dataset_id": "ds003478:sub-065:rest_Rest_run-01",
  "subject": "sub-065",
  "session": null,
  "reliability_axes": {
    "m": 0.5920400577710514,
    "d": 0.7842710673581483,
    "e": 0.7123969463970243
  },
  "reliability_subcoords": {
    "m_a": 0.6152135939288546,
    "m_e": 0.6149631497431435,
    "m_o": 0.6501749594260311,
    "d_n": 0.49069349724088124,
    "d_l": 0.7470269956078345,
    "d_s": 0.7570989056632922,
    "e_e": 0.6568099559613612,
    "e_s": 0.6513912377285321,
    "e_m": 0.6485536142694661
  }
}