{
  "dataset_id": "ds003478:sub-065:rest_Rest_run-01",
  "subject": "sub-065",
  "session": null,
  "coverage": {
    "epochs": 122,
    "seconds": 488.0
  },
  "artifacts": {
    "methods": [
      "none"
    ],
    "bad_eeg_channels": [
      "CB2"
    ],
    "n_bad_eeg_channels": 1,
    "stem_collisions": {}
  },
  "ensemble": {
    "var_by_subcoord": {
      "m_a": 0.0011784698581323028,
      "m_e": 0.00022143134265206754,
      "m_o": 0.0005598287098109722,
      "d_n": 0.0060603623278439045,
      "d_l": 0.001247016480192542,
      "d_s": 0.001190423732623458,
      "e_e": 1.6090339781046903e-12,
      "e_s": 0.007777479477226734,
      "e_m": 0.0
    },
    "var_mean": 0.0020261124366767794,
    "var_max": 0.007777479477226734
  },
  "reliability": {
    "axes": {
      "m": 0.5920400577710514,
      "d": 0.7842710673581483,
      "e": 0.7123969463970243
    },
    "subcoords": {
      "m_a": 0.6152135939288546,
      "m_e": 0.6149631497431435,
      "m_o": 0.6501749594260311,
      "d_n": 0.49069349724088124,
      "d_l": 0.7470269956078345,
      "d_s": 0.7570989056632922,
      "e_e": 0.6568099559613612,
      "e_s": 0.6513912377285321,
      "e_m": 0.6485536142694661
    }
  },
  "dist_summary": {
    "axes": {
      "m": {
        "n": 122,
        "nan_frac": 0.0,
        "mean": -0.09709882117868936,
        "median": -0.053248319774866104,
        "std": 0.6666030268588379,
        "iqr": 0.6348198652267456,
        "mad": 0.3345763124525547,
        "mad_sigma": 0.49604284084215755,
        "skewness": -0.5155664965971142,
        "kurtosis_excess": 0.960493202849813,
        "delta_mean_median": -0.04385050140382325
      },
      "d": {
        "n": 122,
        "nan_frac": 0.0,
        "mean": -0.0745824167932399,
        "median": 0.11649008840322495,
        "std": 0.6334558540739423,
        "iqr": 1.0263752937316895,
        "mad": 0.46083318442106247,
        "mad_sigma": 0.6832312792226671,
        "skewness": -0.2864323605796539,
        "kurtosis_excess": -0.9566210422746813,
        "delta_mean_median": -0.19107250519646485
      },
      "e": {
        "n": 122,
        "nan_frac": 0.0,
        "mean": 0.07797007071861967,
        "median": 0.12055397406220436,
        "std": 0.5436288648824499,
        "iqr": 0.7175969630479813,
        "mad": 0.35542037710547447,
        "mad_sigma": 0.5269462510965764,
        "skewness": -0.10725183069046532,
        "kurtosis_excess": -0.41224188242542503,
        "delta_mean_median": -0.042583903343584695
      }
    },
    "subcoords": {
      "m_a": {
        "n": 122,
        "nan_frac": 0.0,
        "mean": -0.342192923192118,
        "median": -0.006785323843359947,
        "std": 1.0618783571169939,
        "iqr": 1.1883077025413513,
        "mad": 0.5422873198986053,
        "mad_sigma": 0.8039951804816723,
        "skewness": -1.1367027849471818,
        "kurtosis_excess": 0.9990063503863671,
        "delta_mean_median": -0.3354075993487581
      },
      "m_e": {
        "n": 122,
        "nan_frac": 0.0,
        "mean": 0.058411255753675444,
        "median": 0.02286051446571946,
        "std": 0.5138947925494692,
        "iqr": 0.605593629181385,
        "mad": 0.31653279066085815,
        "mad_sigma": 0.4692915154337883,
        "skewness": 0.029060729307180618,
        "kurtosis_excess": -0.12249260933509154,
        "delta_mean_median": 0.03555074128795598
      },
      "m_o": {
        "n": 122,
        "nan_frac": 0.0,
        "mean": 0.050518524291024346,
        "median": -0.10120962932705879,
        "std": 0.8478608151185328,
        "iqr": 0.9999399557709694,
        "mad": 0.5287764966487885,
        "mad_sigma": 0.7839640339314937,
        "skewness": 0.5645550507651431,
        "kurtosis_excess": -0.014295152084951912,
        "delta_mean_median": 0.15172815361808314
      },
      "d_n": {
        "n": 122,
        "nan_frac": 0.0,
        "mean": 0.020607641974433523,
        "median": -0.011135194450616837,
        "std": 0.637423133612889,
        "iqr": 0.9304897636175156,
        "mad": 0.4603214003145695,
        "mad_sigma": 0.6824725081063807,
        "skewness": 0.329988163851446,
        "kurtosis_excess": -0.4830685976880056,
        "delta_mean_median": 0.03174283642505036
      },
      "d_l": {
        "n": 122,
        "nan_frac": 0.0,
        "mean": -0.14263073819094016,
        "median": -0.03333916515111923,
        "std": 0.8632767002679211,
        "iqr": 1.358173407614231,
        "mad": 0.6771474480628967,
        "mad_sigma": 1.0039388064980506,
        "skewness": -0.14561324610723336,
        "kurtosis_excess": -0.8071979519864567,
        "delta_mean_median": -0.10929157303982093
      },
      "d_s": {
        "n": 122,
        "nan_frac": 0.0,
        "mean": -0.04528028866062399,
        "median": 0.004823669791221619,
        "std": 0.7467237075139924,
        "iqr": 1.1047126278281212,
        "mad": 0.5686594545841217,
        "mad_sigma": 0.8430945073664188,
        "skewness": 0.3217051472461441,
        "kurtosis_excess": -0.2103393036956427,
        "delta_mean_median": -0.05010395845184561
      },
      "e_e": {
        "n": 122,
        "nan_frac": 0.0,
        "mean": -0.10804963500437434,
        "median": -2.5569461286067963e-06,
        "std": 0.9509762145238971,
        "iqr": 1.444640725851059,
        "mad": 0.674488163087517,
        "mad_sigma": 0.9999961505935527,
        "skewness": -0.05852663441237252,
        "kurtosis_excess": -0.763592983900133,
        "delta_mean_median": -0.10804707805824573
      },
      "e_s": {
        "n": 122,
        "nan_frac": 0.0,
        "mean": 0.3371191120966048,
        "median": 0.11604464799165726,
        "std": 0.7253335224217957,
        "iqr": 0.5989041719585657,
        "mad": 0.25007040053606033,
        "mad_sigma": 0.370754375834763,
        "skewness": 1.400409821347194,
        "kurtosis_excess": 1.89226588920795,
        "delta_mean_median": 0.22107446410494752
      },
      "e_m": {
        "n": 122,
        "nan_frac": 0.0,
        "mean": -0.007218323739581421,
        "median": 0.0,
        "std": 1.1102209426818905,
        "iqr": 1.2746244817972183,
        "mad": 0.6744907200336456,
        "mad_sigma": 0.999999941521883,
        "skewness": -0.8385261346340527,
        "kurtosis_excess": 1.3698572848354624,
        "delta_mean_median": -0.007218323739581421
      }
    }
  },
  "entropy_provisional": {},
  "tau_summary": {
    "axes": {
      "m": {
        "tau_sec": 8.0,
        "dt_sec": 4.0,
        "max_lag_sec": 60.0,
        "threshold": 0.36787944117144233,
        "nan_frac": 0.0,
        "nan_policy": "strict"
      },
      "d": {
        "tau_sec": 28.0,
        "dt_sec": 4.0,
        "max_lag_sec": 60.0,
        "threshold": 0.36787944117144233,
        "nan_frac": 0.0,
        "nan_policy": "strict"
      },
      "e": {
        "tau_sec": 8.0,
        "dt_sec": 4.0,
        "max_lag_sec": 60.0,
        "threshold": 0.36787944117144233,
        "nan_frac": 0.0,
        "nan_policy": "strict"
      }
    },
    "subcoords": {
      "m_a": {
        "tau_sec": 8.0,
        "dt_sec": 4.0,
        "max_lag_sec": 60.0,
        "threshold": 0.36787944117144233,
        "nan_frac": 0.0,
        "nan_policy": "strict"
      },
      "m_e": {
        "tau_sec": 8.0,
        "dt_sec": 4.0,
        "max_lag_sec": 60.0,
        "threshold": 0.36787944117144233,
        "nan_frac": 0.0,
        "nan_policy": "strict"
      },
      "m_o": {
        "tau_sec": 8.0,
        "dt_sec": 4.0,
        "max_lag_sec": 60.0,
        "threshold": 0.36787944117144233,
        "nan_frac": 0.0,
        "nan_policy": "strict"
      },
      "d_n": {
        "tau_sec": 8.0,
        "dt_sec": 4.0,
        "max_lag_sec": 60.0,
        "threshold": 0.36787944117144233,
        "nan_frac": 0.0,
        "nan_policy": "strict"
      },
      "d_l": {
        "tau_sec": 16.0,
        "dt_sec": 4.0,
        "max_lag_sec": 60.0,