{
  "dataset_id": "ds003478:sub-029:rest_Rest_run-02",
  "subject": "sub-029",
  "session": null,
  "reliability_axes": {
    "m": 0.8460693678961194,
    "d": 0.8162005027778695,
    "e": 0.8520485654603766
  },
  "reliability_subcoords": {
    "m_a": 0.8353022383663722,
    "m_e": 0.7243156859286659,
    "m_o": 0.7646089391440392,
    "d_n": 0.431477758802311,
    "d_l": 0.8171645412732325,
    "d_s": 0.8494266675712421,
    "e_e": 0.8070186896136772,
    "e_s": 0.8328386934879314,
    "e_m": 0.4587072568972304
  }
}