{
  "dataset_id": "ds003478:sub-029:rest_Rest_run-02",
  "subject": "sub-029",
  "session": null,
  "coverage": {
    "epochs": 40,
    "seconds": 160.0
  },
  "artifacts": {
    "methods": [
      "none"
    ],
    "bad_eeg_channels": [],
    "n_bad_eeg_channels": 0,
    "stem_collisions": {}
  },
  "ensemble": {
    "var_by_subcoord": {
      "m_a": 0.0019930729176849127,
      "m_e": 0.016602057963609695,
      "m_o": 0.0010504017118364573,
      "d_n": 0.007817677222192287,
      "d_l": 0.0008088629692792892,
      "d_s": 0.06001480668783188,
      "e_e": 0.0,
      "e_s": 0.009559627622365952,
      "e_m": 0.0
    },
    "var_mean": 0.010871834121644497,
    "var_max": 0.06001480668783188
  },
  "reliability": {
    "axes": {
      "m": 0.8460693678961194,
      "d": 0.8162005027778695,
      "e": 0.8520485654603766
    },
    "subcoords": {
      "m_a": 0.8353022383663722,
      "m_e": 0.7243156859286659,
      "m_o": 0.7646089391440392,
      "d_n": 0.431477758802311,
      "d_l": 0.8171645412732325,
      "d_s": 0.8494266675712421,
      "e_e": 0.8070186896136772,
      "e_s": 0.8328386934879314,
      "e_m": 0.4587072568972304
    }
  },
  "dist_summary": {
    "axes": {
      "m": {
        "n": 40,
        "nan_frac": 0.0,
        "mean": -0.18020217632874846,
        "median": -0.09189995937049389,
        "std": 0.6174562361387635,
        "iqr": 0.6982166320085526,
        "mad": 0.292225643992424,
        "mad_sigma": 0.43325373978316783,
        "skewness": -0.5582881106565707,
        "kurtosis_excess": 0.47294064779424394,
        "delta_mean_median": -0.08830221695825458
      },
      "d": {
        "n": 40,
        "nan_frac": 0.0,
        "mean": -0.012771695386618376,
        "median": -0.0206270944327116,
        "std": 0.5251930555612302,
        "iqr": 0.6336326599121094,
        "mad": 0.33627222292125225,
        "mad_sigma": 0.49855719770304857,
        "skewness": -0.13827540464240956,
        "kurtosis_excess": -0.3849521858941012,
        "delta_mean_median": 0.007855399046093225
      },
      "e": {
        "n": 40,
        "nan_frac": 0.0,
        "mean": 0.2426019669510424,
        "median": 0.13764330744743347,
        "std": 0.5004666086033899,
        "iqr": 0.70383046194911,
        "mad": 0.3389309197664261,
        "mad_sigma": 0.5024989816457033,
        "skewness": 0.5230026372444391,
        "kurtosis_excess": -0.11841233894064995,
        "delta_mean_median": 0.10495865950360894
      }
    },
    "subcoords": {
      "m_a": {
        "n": 40,
        "nan_frac": 0.0,
        "mean": -0.45217341370880604,
        "median": 0.007491655647754669,
        "std": 1.3179264200108256,
        "iqr": 1.2304556220769882,
        "mad": 0.5849319100379944,
        "mad_sigma": 0.8672200498223305,
        "skewness": -1.2249069814607112,
        "kurtosis_excess": 0.8504469991587356,
        "delta_mean_median": -0.4596650693565607
      },
      "m_e": {
        "n": 40,
        "nan_frac": 0.0,
        "mean": -0.1219159321160987,
        "median": -0.10798081755638123,
        "std": 0.2654706317167977,
        "iqr": 0.4075436592102051,
        "mad": 0.20612598583102226,
        "mad_sigma": 0.3056023865930736,
        "skewness": -0.10689392188301017,
        "kurtosis_excess": -0.7195275106954258,
        "delta_mean_median": -0.01393511455971748
      },
      "m_o": {
        "n": 40,
        "nan_frac": 0.0,
        "mean": 0.12327501453692094,
        "median": -0.012060870183631778,
        "std": 0.8433351964538551,
        "iqr": 1.2573319375514984,
        "mad": 0.6570079028606415,
        "mad_sigma": 0.974079916781187,
        "skewness": 0.27653322675427283,
        "kurtosis_excess": -1.000834084392099,
        "delta_mean_median": 0.13533588472055272
      },
      "d_n": {
        "n": 40,
        "nan_frac": 0.0,
        "mean": 0.08030528984963894,
        "median": -0.031240031123161316,
        "std": 0.5300294153794874,
        "iqr": 0.5925669446587563,
        "mad": 0.246956467628479,
        "mad_sigma": 0.36613765890598293,
        "skewness": 0.45366166936303254,
        "kurtosis_excess": 0.19130612604796093,
        "delta_mean_median": 0.11154532097280026
      },
      "d_l": {
        "n": 40,
        "nan_frac": 0.0,
        "mean": -0.10187520505860448,
        "median": 0.12506689131259918,
        "std": 0.9553046460940757,
        "iqr": 1.5212932974100113,
        "mad": 0.6280800700187683,
        "mad_sigma": 0.9311915118098258,
        "skewness": -0.4061375096283384,
        "kurtosis_excess": -0.9034018370549388,
        "delta_mean_median": -0.22694209637120366
      },
      "d_s": {
        "n": 40,
        "nan_frac": 0.0,
        "mean": 0.08196540772914887,
        "median": 0.2106989026069641,
        "std": 0.6358525020365923,
        "iqr": 1.058869130909443,
        "mad": 0.5577815920114517,
        "mad_sigma": 0.8269669883161783,
        "skewness": 0.11132867874394577,
        "kurtosis_excess": -1.2217252977521789,
        "delta_mean_median": -0.12873349487781524
      },
      "e_e": {
        "n": 40,
        "nan_frac": 0.0,
        "mean": 0.13625261485576629,
        "median": 1.4854595065116882e-06,
        "std": 0.7891049533265414,
        "iqr": 1.1576275303959846,
        "mad": 0.6744892643764615,
        "mad_sigma": 0.9999977833645418,
        "skewness": 0.0743168537244405,
        "kurtosis_excess": -1.073171266566278,
        "delta_mean_median": 0.13625112939625977
      },
      "e_s": {
        "n": 40,
        "nan_frac": 0.0,
        "mean": 0.4205704314634204,
        "median": 0.11029520630836487,
        "std": 0.8940862117525559,
        "iqr": 0.654000336304307,
        "mad": 0.2779913544654846,
        "mad_sigma": 0.41214998213052745,
        "skewness": 1.3062469344741685,
        "kurtosis_excess": 0.8198366743535468,
        "delta_mean_median": 0.3102752251550555
      },
      "e_m": {
        "n": 40,
        "nan_frac": 0.0,
        "mean": -0.4221807768335566,
        "median": -1.3364478945732117e-07,
        "std": 1.3556918137490008,
        "iqr": 1.4378980696201324,
        "mad": 0.6744908834807575,
        "mad_sigma": 1.000000183848571,
        "skewness": -1.0703533477603788,
        "kurtosis_excess": 0.10441137019961566,
        "delta_mean_median": -0.42218064318876714
      }
    }
  },
  "entropy_provisional": {},
  "tau_summary": {
    "axes": {
      "m": {
        "tau_sec": 8.0,
        "dt_sec": 4.0,
        "max_lag_sec": 60.0,
        "threshold": 0.36787944117144233,
        "nan_frac": 0.0,
        "nan_policy": "strict"
      },
      "d": {
        "tau_sec": 8.0,
        "dt_sec": 4.0,
        "max_lag_sec": 60.0,
        "threshold": 0.36787944117144233,
        "nan_frac": 0.0,
        "nan_policy": "strict"
      },
      "e": {
        "tau_sec": 16.0,
        "dt_sec": 4.0,
        "max_lag_sec": 60.0,
        "threshold": 0.36787944117144233,
        "nan_frac": 0.0,
        "nan_policy": "strict"
      }
    },
    "subcoords": {
      "m_a": {
        "tau_sec": 8.0,
        "dt_sec": 4.0,
        "max_lag_sec": 60.0,
        "threshold": 0.36787944117144233,
        "nan_frac": 0.0,
        "nan_policy": "strict"
      },
      "m_e": {
        "tau_sec": 24.0,
        "dt_sec": 4.0,
        "max_lag_sec": 60.0,
        "threshold": 0.36787944117144233,
        "nan_frac": 0.0,
        "nan_policy": "strict"
      },
      "m_o": {
        "tau_sec": 24.0,
        "dt_sec": 4.0,
        "max_lag_sec": 60.0,
        "threshold": 0.36787944117144233,
        "nan_frac": 0.0,
        "nan_policy": "strict"
      },
      "d_n": {
        "tau_sec": 8.0,
        "dt_sec": 4.0,
        "max_lag_sec": 60.0,
        "threshold": 0.36787944117144233,
        "nan_frac": 0.0,
        "nan_policy": "strict"
      },
      "d_l": {
        "tau_sec": 8.0,
        "dt_sec": 4.0,
        "max_lag_sec": 60.0,
        "threshold": 0.36787944117144233,
        "nan_frac": 0.0,