{
  "dataset_id": "ds003478:sub-091:rest_Rest_run-02",
  "subject": "sub-091",
  "session": null,
  "reliability_axes": {
    "m": 0.6888165581446482,
    "d": 0.5475811492779724,
    "e": 0.6632811483718607
  },
  "reliability_subcoords": {
    "m_a": 0.8517295158515863,
    "m_e": 0.7576272778856131,
    "m_o": 0.7186641213752509,
    "d_n": 0.8308091004242942,
    "d_l": 0.6948430965463008,
    "d_s": 0.6771529413091434,
    "e_e": 0.7634788132052547,
    "e_s": 0.7002286172813517,
    "e_m": 0.8358231040785534
  }
}