{
  "dataset_id": "ds003478:sub-091:rest_Rest_run-02",
  "subject": "sub-091",
  "session": null,
  "coverage": {
    "epochs": 58,
    "seconds": 232.0
  },
  "artifacts": {
    "methods": [
      "none"
    ],
    "bad_eeg_channels": [],
    "n_bad_eeg_channels": 0,
    "stem_collisions": {}
  },
  "ensemble": {
    "var_by_subcoord": {
      "m_a": 0.01788431778550148,
      "m_e": 0.00023101127590052783,
      "m_o": 0.007796871475875378,
      "d_n": 0.004506976343691349,
      "d_l": 0.36711153388023376,
      "d_s": 0.1863420307636261,
      "e_e": 0.0,
      "e_s": 0.015801262110471725,
      "e_m": 0.0
    },
    "var_mean": 0.06663044484836671,
    "var_max": 0.36711153388023376
  },
  "reliability": {
    "axes": {
      "m": 0.6888165581446482,
      "d": 0.5475811492779724,
      "e": 0.6632811483718607
    },
    "subcoords": {
      "m_a": 0.8517295158515863,
      "m_e": 0.7576272778856131,
      "m_o": 0.7186641213752509,
      "d_n": 0.8308091004242942,
      "d_l": 0.6948430965463008,
      "d_s": 0.6771529413091434,
      "e_e": 0.7634788132052547,
      "e_s": 0.7002286172813517,
      "e_m": 0.8358231040785534
    }
  },
  "dist_summary": {
    "axes": {
      "m": {
        "n": 58,
        "nan_frac": 0.0,
        "mean": 0.0771337682702418,
        "median": -0.022315504029393196,
        "std": 0.7013323882451836,
        "iqr": 1.0714304074645042,
        "mad": 0.506129801273346,
        "mad_sigma": 0.7503880433678627,
        "skewness": 0.6344065525824857,
        "kurtosis_excess": -0.5059829438986285,
        "delta_mean_median": 0.099449272299635
      },
      "d": {
        "n": 58,
        "nan_frac": 0.0,
        "mean": 0.801714925545043,
        "median": 0.47919388115406036,
        "std": 0.998768217659549,
        "iqr": 2.0921402741223574,
        "mad": 0.8392484784126282,
        "mad_sigma": 1.2442697940945624,
        "skewness": 0.13656149927827127,
        "kurtosis_excess": -1.4369102618257799,
        "delta_mean_median": 0.3225210443909826
      },
      "e": {
        "n": 58,
        "nan_frac": 0.0,
        "mean": 0.30548010657316654,
        "median": 0.2869970202445984,
        "std": 0.46699339868405754,
        "iqr": 0.5907290037721395,
        "mad": 0.2842609453946352,
        "mad_sigma": 0.4214452776420861,
        "skewness": -0.3872508699289358,
        "kurtosis_excess": -0.3243696418733695,
        "delta_mean_median": 0.018483086328568155
      }
    },
    "subcoords": {
      "m_a": {
        "n": 58,
        "nan_frac": 0.0,
        "mean": -0.20682756512843328,
        "median": -0.013378281146287918,
        "std": 1.1686964079144064,
        "iqr": 2.4777501821517944,
        "mad": 1.265148401260376,
        "mad_sigma": 1.8757090197086332,
        "skewness": 0.01610755780598129,
        "kurtosis_excess": -1.7086253329874643,
        "delta_mean_median": -0.19344928398214536
      },
      "m_e": {
        "n": 58,
        "nan_frac": 0.0,
        "mean": 0.4549840209957469,
        "median": 0.09870436787605286,
        "std": 0.8281167055363372,
        "iqr": 1.2019763588905334,
        "mad": 0.35843658447265625,
        "mad_sigma": 0.5314180801391601,
        "skewness": 0.9098619327326627,
        "kurtosis_excess": -0.504815452327211,
        "delta_mean_median": 0.35627965311969406
      },
      "m_o": {
        "n": 58,
        "nan_frac": 0.0,
        "mean": 0.006552389405410865,
        "median": 0.15415556728839874,
        "std": 0.773113366780306,
        "iqr": 1.2015519887208939,
        "mad": 0.6097236126661301,
        "mad_sigma": 0.9039762281388044,
        "skewness": -0.21603356199201712,
        "kurtosis_excess": -0.8817411856708608,
        "delta_mean_median": -0.14760317788298788
      },
      "d_n": {
        "n": 58,
        "nan_frac": 0.0,
        "mean": 0.24192328532708102,
        "median": -0.0448501892387867,
        "std": 0.81664621409737,
        "iqr": 1.4627265483140945,
        "mad": 0.49600959941744804,
        "mad_sigma": 0.7353838320963084,
        "skewness": 0.6386265141361155,
        "kurtosis_excess": -0.9262115174295711,
        "delta_mean_median": 0.2867734745658677
      },
      "d_l": {
        "n": 58,
        "nan_frac": 0.0,
        "mean": 1.0062425240617374,
        "median": -0.11362989619374275,
        "std": 1.736238314461928,
        "iqr": 3.82172828912735,
        "mad": 0.5711740367114544,
        "mad_sigma": 0.8468226268284023,
        "skewness": 0.43435833009163444,
        "kurtosis_excess": -1.6428248275002033,
        "delta_mean_median": 1.1198724202554802
      },
      "d_s": {
        "n": 58,
        "nan_frac": 0.0,
        "mean": 1.2023692235093693,
        "median": 0.8313601613044739,
        "std": 1.2658736629164598,
        "iqr": 2.6510608717799187,
        "mad": 0.8495077192783356,
        "mad_sigma": 1.2594801446020603,
        "skewness": 0.2571283042717337,
        "kurtosis_excess": -1.2433755181786474,
        "delta_mean_median": 0.3710090622048954
      },
      "e_e": {
        "n": 58,
        "nan_frac": 0.0,
        "mean": 0.032061026913338696,
        "median": 0.0,
        "std": 0.9495737178612108,
        "iqr": 1.450839251279831,
        "mad": 0.6744906902313232,
        "mad_sigma": 0.9999998973369598,
        "skewness": -0.3216017620998302,
        "kurtosis_excess": -0.816951818019747,
        "delta_mean_median": 0.032061026913338696
      },
      "e_s": {
        "n": 58,
        "nan_frac": 0.0,
        "mean": 0.6982584238566202,
        "median": 0.571112334728241,
        "std": 0.37401235149009554,
        "iqr": 0.6423611342906952,
        "mad": 0.25767940282821655,
        "mad_sigma": 0.3820354826331138,
        "skewness": 0.2927563221896661,
        "kurtosis_excess": -0.362638931510304,
        "delta_mean_median": 0.1271460891283792
      },
      "e_m": {
        "n": 58,
        "nan_frac": 0.0,
        "mean": -0.0650637228812637,
        "median": 0.0,
        "std": 1.0501238956753822,
        "iqr": 1.3406085819005966,
        "mad": 0.6744907796382904,
        "mad_sigma": 1.0000000298917293,
        "skewness": 0.11044646494896665,
        "kurtosis_excess": -0.4770995706476069,
        "delta_mean_median": -0.0650637228812637
      }
    }
  },
  "entropy_provisional": {},
  "tau_summary": {
    "axes": {
      "m": {
        "tau_sec": 12.0,
        "dt_sec": 4.0,
        "max_lag_sec": 60.0,
        "threshold": 0.36787944117144233,
        "nan_frac": 0.0,
        "nan_policy": "strict"
      },
      "d": {
        "tau_sec": 16.0,
        "dt_sec": 4.0,
        "max_lag_sec": 60.0,
        "threshold": 0.36787944117144233,
        "nan_frac": 0.0,
        "nan_policy": "strict"
      },
      "e": {
        "tau_sec": 8.0,
        "dt_sec": 4.0,
        "max_lag_sec": 60.0,
        "threshold": 0.36787944117144233,
        "nan_frac": 0.0,
        "nan_policy": "strict"
      }
    },
    "subcoords": {
      "m_a": {
        "tau_sec": 36.0,
        "dt_sec": 4.0,
        "max_lag_sec": 60.0,
        "threshold": 0.36787944117144233,
        "nan_frac": 0.0,
        "nan_policy": "strict"
      },
      "m_e": {
        "tau_sec": 32.0,
        "dt_sec": 4.0,
        "max_lag_sec": 60.0,
        "threshold": 0.36787944117144233,
        "nan_frac": 0.0,
        "nan_policy": "strict"
      },
      "m_o": {
        "tau_sec": 28.0,
        "dt_sec": 4.0,
        "max_lag_sec": 60.0,
        "threshold": 0.36787944117144233,
        "nan_frac": 0.0,
        "nan_policy": "strict"
      },
      "d_n": {
        "tau_sec": 44.0,
        "dt_sec": 4.0,
        "max_lag_sec": 60.0,
        "threshold": 0.36787944117144233,
        "nan_frac": 0.0,
        "nan_policy": "strict"
      },
      "d_l": {
        "tau_sec": 48.0,
        "dt_sec": 4.0,
        "max_lag_sec": 60.0,
        "threshold": 0.36787944117144233,
        "nan_frac": 0.0,
        "nan_policy": "strict"
      },
      "d_s": {
        "tau_sec": 36.0,