{
  "dataset_id": "ds003478:sub-039:rest_Rest_run-02",
  "subject": "sub-039",
  "session": null,
  "reliability_axes": {
    "m": 0.6749748302498189,
    "d": 0.7469390049656385,
    "e": 0.6736582714979357
  },
  "reliability_subcoords": {
    "m_a": 0.7066368667023156,
    "m_e": 0.2179800046132652,
    "m_o": 0.9302429543980777,
    "d_n": 0.7937204064063075,
    "d_l": 0.671824443272564,
    "d_s": 0.744133615169577,
    "e_e": 0.8777639999214896,
    "e_s": 0.8776234389168079,
    "e_m": null
  }
}