{
  "dataset_id": "ds003478:sub-018:rest_Rest_run-02",
  "subject": "sub-018",
  "session": null,
  "reliability_axes": {
    "m": 0.7893028280728691,
    "d": 0.44575899966707366,
    "e": 0.923438500478818
  },
  "reliability_subcoords": {
    "m_a": 0.7520225444160539,
    "m_e": 0.9293306769154668,
    "m_o": 0.9124460813567694,
    "d_n": 0.8036065390801265,
    "d_l": 0.5911147881745195,
    "d_s": 0.8447018131242686,
    "e_e": 0.9271888350574079,
    "e_s": 0.8223441814777697,
    "e_m": 0.7322801825238253
  }
}