{
  "dataset_id": "ds003478:sub-018:rest_Rest_run-02",
  "subject": "sub-018",
  "session": null,
  "coverage": {
    "epochs": 53,
    "seconds": 212.0
  },
  "artifacts": {
    "methods": [
      "none"
    ],
    "bad_eeg_channels": [],
    "n_bad_eeg_channels": 0,
    "stem_collisions": {}
  },
  "ensemble": {
    "var_by_subcoord": {
      "m_a": 0.05641493573784828,
      "m_e": 0.00524491909891367,
      "m_o": 0.0009106391225941479,
      "d_n": 0.011051512323319912,
      "d_l": 0.014275330118834972,
      "d_s": 0.027158912271261215,
      "e_e": 0.0,
      "e_s": 0.015930257737636566,
      "e_m": 0.0
    },
    "var_mean": 0.014554056267823197,
    "var_max": 0.05641493573784828
  },
  "reliability": {
    "axes": {
      "m": 0.7893028280728691,
      "d": 0.44575899966707366,
      "e": 0.923438500478818
    },
    "subcoords": {
      "m_a": 0.7520225444160539,
      "m_e": 0.9293306769154668,
      "m_o": 0.9124460813567694,
      "d_n": 0.8036065390801265,
      "d_l": 0.5911147881745195,
      "d_s": 0.8447018131242686,
      "e_e": 0.9271888350574079,
      "e_s": 0.8223441814777697,
      "e_m": 0.7322801825238253
    }
  },
  "dist_summary": {
    "axes": {
      "m": {
        "n": 53,
        "nan_frac": 0.0,
        "mean": -0.20023130463822833,
        "median": -0.30618593096733093,
        "std": 0.6250460497238645,
        "iqr": 1.2481766641139984,
        "mad": 0.5235065519809723,
        "mad_sigma": 0.7761508139669895,
        "skewness": 0.4071964421330111,
        "kurtosis_excess": -1.0218920443885562,
        "delta_mean_median": 0.1059546263291026
      },
      "d": {
        "n": 53,
        "nan_frac": 0.0,
        "mean": 0.25554008704592596,
        "median": 0.3136814534664154,
        "std": 0.5723071006738271,
        "iqr": 0.756684198975563,
        "mad": 0.4096634164452553,
        "mad_sigma": 0.6073669812217355,
        "skewness": -0.019183109086622168,
        "kurtosis_excess": -0.7404038661210639,
        "delta_mean_median": -0.05814136642048945
      },
      "e": {
        "n": 53,
        "nan_frac": 0.0,
        "mean": -0.2074475003459122,
        "median": 0.13958607614040375,
        "std": 0.959427289931092,
        "iqr": 1.7260509133338928,
        "mad": 0.4513801485300064,
        "mad_sigma": 0.6692162082105875,
        "skewness": -0.6092547973771157,
        "kurtosis_excess": -1.0515905382106903,
        "delta_mean_median": -0.34703357648631594
      }
    },
    "subcoords": {
      "m_a": {
        "n": 53,
        "nan_frac": 0.0,
        "mean": -0.1446610783349793,
        "median": 0.051834940910339355,
        "std": 1.2168632508904709,
        "iqr": 1.416452407836914,
        "mad": 0.5697548985481262,
        "mad_sigma": 0.8447186125874518,
        "skewness": -0.2697792625292911,
        "kurtosis_excess": -0.3411346233792263,
        "delta_mean_median": -0.19649601924531865
      },
      "m_e": {
        "n": 53,
        "nan_frac": 0.0,
        "mean": -0.20291413862328483,
        "median": -0.01742962934076786,
        "std": 0.6095448727399602,
        "iqr": 1.1237562000751495,
        "mad": 0.4271810743957758,
        "mad_sigma": 0.6333386608991771,
        "skewness": -0.3160871706224255,
        "kurtosis_excess": -1.4112634987785369,
        "delta_mean_median": -0.18548450928251697
      },
      "m_o": {
        "n": 53,
        "nan_frac": 0.0,
        "mean": -0.27351573338064383,
        "median": 0.05399715155363083,
        "std": 1.0692098896711533,
        "iqr": 1.839504987001419,
        "mad": 0.7209115698933601,
        "mad_sigma": 1.0688234935238956,
        "skewness": -0.43416751501127887,
        "kurtosis_excess": -1.2262498915182443,
        "delta_mean_median": -0.32751288493427466
      },
      "d_n": {
        "n": 53,
        "nan_frac": 0.0,
        "mean": 0.05426660264438053,
        "median": -0.0968383252620697,
        "std": 0.522170033541726,
        "iqr": 0.6260041296482086,
        "mad": 0.3058542311191559,
        "mad_sigma": 0.45345948305726047,
        "skewness": 1.0309718196883213,
        "kurtosis_excess": 1.1206178814325067,
        "delta_mean_median": 0.15110492790645025
      },
      "d_l": {
        "n": 53,
        "nan_frac": 0.0,
        "mean": 0.3643388140876338,
        "median": 0.47040754556655884,
        "std": 1.119088708029018,
        "iqr": 1.6371662020683289,
        "mad": 0.9068462252616882,
        "mad_sigma": 1.3444902135729788,
        "skewness": -0.2000520465617139,
        "kurtosis_excess": -0.912042629702813,
        "delta_mean_median": -0.10606873147892504
      },
      "d_s": {
        "n": 53,
        "nan_frac": 0.0,
        "mean": 0.29633215793742324,
        "median": 0.04458174109458923,
        "std": 0.7923297040164343,
        "iqr": 1.2526222467422485,
        "mad": 0.5202629864215851,
        "mad_sigma": 0.771341903668642,
        "skewness": 0.8148650403159642,
        "kurtosis_excess": -0.12003843953792392,
        "delta_mean_median": 0.251750416842834
      },
      "e_e": {
        "n": 53,
        "nan_frac": 0.0,
        "mean": -0.7959991928260282,
        "median": 0.0,
        "std": 1.6665562271013947,
        "iqr": 2.988672196865082,
        "mad": 0.674490749835968,
        "mad_sigma": 0.9999999857068061,
        "skewness": -0.7526314857286579,
        "kurtosis_excess": -1.0949726172720888,
        "delta_mean_median": -0.7959991928260282
      },
      "e_s": {
        "n": 53,
        "nan_frac": 0.0,
        "mean": 0.5470464071434624,
        "median": 0.4458785355091095,
        "std": 0.8289992042087129,
        "iqr": 0.9144648797810078,
        "mad": 0.4644589275121689,
        "mad_sigma": 0.6886068059295416,
        "skewness": 0.5864451945877447,
        "kurtosis_excess": -0.11944653331216415,
        "delta_mean_median": 0.10116787163435292
      },
      "e_m": {
        "n": 53,
        "nan_frac": 0.0,
        "mean": 0.8753094493042467,
        "median": 0.0,
        "std": 1.703056669813522,
        "iqr": 2.8533366322517395,
        "mad": 0.674490749835968,
        "mad_sigma": 0.9999999857068061,
        "skewness": 0.6963373773372116,
        "kurtosis_excess": -1.05457529496835,
        "delta_mean_median": 0.8753094493042467
      }
    }
  },
  "entropy_provisional": {},
  "tau_summary": {
    "axes": {
      "m": {
        "tau_sec": 20.0,
        "dt_sec": 4.0,
        "max_lag_sec": 60.0,
        "threshold": 0.36787944117144233,
        "nan_frac": 0.0,
        "nan_policy": "strict"
      },
      "d": {
        "tau_sec": 8.0,
        "dt_sec": 4.0,
        "max_lag_sec": 60.0,
        "threshold": 0.36787944117144233,
        "nan_frac": 0.0,
        "nan_policy": "strict"
      },
      "e": {
        "tau_sec": 36.0,
        "dt_sec": 4.0,
        "max_lag_sec": 60.0,
        "threshold": 0.36787944117144233,
        "nan_frac": 0.0,
        "nan_policy": "strict"
      }
    },
    "subcoords": {
      "m_a": {
        "tau_sec": 20.0,
        "dt_sec": 4.0,
        "max_lag_sec": 60.0,
        "threshold": 0.36787944117144233,
        "nan_frac": 0.0,
        "nan_policy": "strict"
      },
      "m_e": {
        "tau_sec": 40.0,
        "dt_sec": 4.0,
        "max_lag_sec": 60.0,
        "threshold": 0.36787944117144233,
        "nan_frac": 0.0,
        "nan_policy": "strict"
      },
      "m_o": {
        "tau_sec": 36.0,
        "dt_sec": 4.0,
        "max_lag_sec": 60.0,
        "threshold": 0.36787944117144233,
        "nan_frac": 0.0,
        "nan_policy": "strict"
      },
      "d_n": {
        "tau_sec": 28.0,
        "dt_sec": 4.0,
        "max_lag_sec": 60.0,
        "threshold": 0.36787944117144233,
        "nan_frac": 0.0,
        "nan_policy": "strict"
      },
      "d_l": {
        "tau_sec": 12.0,
        "dt_sec": 4.0,
        "max_lag_sec": 60.0,
        "threshold": 0.36787944117144233,
        "nan_frac": 0.0,
        "nan_policy": "strict"
      },