{
  "dataset_id": "ds003478:sub-012:rest_Rest_run-02",
  "subject": "sub-012",
  "session": null,
  "reliability_axes": {
    "m": 0.7868940322282766,
    "d": 0.9331281029863974,
    "e": 0.7858885170196063
  },
  "reliability_subcoords": {
    "m_a": 0.921055964219615,
    "m_e": 0.6456775975428259,
    "m_o": 0.741833328286089,
    "d_n": 0.7261277159751488,
    "d_l": 0.9261843190148801,
    "d_s": 0.8724052165169508,
    "e_e": 0.7597760874204015,
    "e_s": 0.8146166071121572,
    "e_m": 0.7221206337365441
  }
}