{
  "dataset_id": "ds003478:sub-012:rest_Rest_run-02",
  "subject": "sub-012",
  "session": null,
  "coverage": {
    "epochs": 40,
    "seconds": 160.0
  },
  "artifacts": {
    "methods": [
      "none"
    ],
    "bad_eeg_channels": [
      "CB1",
      "CPZ",
      "CZ"
    ],
    "n_bad_eeg_channels": 3,
    "stem_collisions": {}
  },
  "ensemble": {
    "var_by_subcoord": {
      "m_a": 0.005014264956116676,
      "m_e": 0.03568241745233536,
      "m_o": 0.0059101516380906105,
      "d_n": 0.018668513745069504,
      "d_l": 0.03475211560726166,
      "d_s": 0.0016158781945705414,
      "e_e": 1.3239336927109435e-12,
      "e_s": 0.003976496402174234,
      "e_m": 0.0
    },
    "var_mean": 0.011735537555215836,
    "var_max": 0.03568241745233536
  },
  "reliability": {
    "axes": {
      "m": 0.7868940322282766,
      "d": 0.9331281029863974,
      "e": 0.7858885170196063
    },
    "subcoords": {
      "m_a": 0.921055964219615,
      "m_e": 0.6456775975428259,
      "m_o": 0.741833328286089,
      "d_n": 0.7261277159751488,
      "d_l": 0.9261843190148801,
      "d_s": 0.8724052165169508,
      "e_e": 0.7597760874204015,
      "e_s": 0.8146166071121572,
      "e_m": 0.7221206337365441
    }
  },
  "dist_summary": {
    "axes": {
      "m": {
        "n": 40,
        "nan_frac": 0.0,
        "mean": 0.07123781550908462,
        "median": 0.04456121032126248,
        "std": 0.7774270348320811,
        "iqr": 0.9970940575003624,
        "mad": 0.5013604133855551,
        "mad_sigma": 0.743316948885424,
        "skewness": -0.25994132218261623,
        "kurtosis_excess": 0.26187997081139125,
        "delta_mean_median": 0.02667660518782214
      },
      "d": {
        "n": 40,
        "nan_frac": 0.0,
        "mean": 1.1061739568482154,
        "median": 0.6928826570510864,
        "std": 1.3087974423268967,
        "iqr": 2.726586051285267,
        "mad": 0.9846713840961456,
        "mad_sigma": 1.4598737940609454,
        "skewness": 0.17615991627066255,
        "kurtosis_excess": -1.7742479671482037,
        "delta_mean_median": 0.413291299797129
      },
      "e": {
        "n": 40,
        "nan_frac": 0.0,
        "mean": -0.06593523109331727,
        "median": 0.15792526677250862,
        "std": 0.9391787040507541,
        "iqr": 1.06365767121315,
        "mad": 0.5184917263686657,
        "mad_sigma": 0.7687158335141837,
        "skewness": -1.1357886708233218,
        "kurtosis_excess": 0.7811038989256902,
        "delta_mean_median": -0.2238604978658259
      }
    },
    "subcoords": {
      "m_a": {
        "n": 40,
        "nan_frac": 0.0,
        "mean": 0.33128942688927054,
        "median": -0.006579188629984856,
        "std": 0.8966025975306398,
        "iqr": 1.7441698536276817,
        "mad": 0.7436658162623644,
        "mad_sigma": 1.1025589391905815,
        "skewness": 0.16872897747226628,
        "kurtosis_excess": -1.5949390596430424,
        "delta_mean_median": 0.3378686155192554
      },
      "m_e": {
        "n": 40,
        "nan_frac": 0.0,
        "mean": -0.08376700166845694,
        "median": 0.019487221725285053,
        "std": 0.8892014494680037,
        "iqr": 0.611998189240694,
        "mad": 0.3423389494419098,
        "mad_sigma": 0.5075517264425754,
        "skewness": -1.4264433032111943,
        "kurtosis_excess": 2.775207917324579,
        "delta_mean_median": -0.10325422339374199
      },
      "m_o": {
        "n": 40,
        "nan_frac": 0.0,
        "mean": -0.09760520178824664,
        "median": 0.09413569793105125,
        "std": 1.3052820139980696,
        "iqr": 1.2026460394263268,
        "mad": 0.584753155708313,
        "mad_sigma": 0.8669550286531448,
        "skewness": -0.7736290427799017,
        "kurtosis_excess": 1.787896276871181,
        "delta_mean_median": -0.1917408997192979
      },
      "d_n": {
        "n": 40,
        "nan_frac": 0.0,
        "mean": 0.3208319957368076,
        "median": 0.12617192417383194,
        "std": 0.8763239747178865,
        "iqr": 0.8274153769016266,
        "mad": 0.4204733744263649,
        "mad_sigma": 0.6233938249245286,
        "skewness": 1.4161142245845855,
        "kurtosis_excess": 2.0152878391817985,
        "delta_mean_median": 0.19466007156297566
      },
      "d_l": {
        "n": 40,
        "nan_frac": 0.0,
        "mean": 1.5063637184444816,
        "median": -0.03180269990116358,
        "std": 2.1963698856873193,
        "iqr": 4.426596716046333,
        "mad": 0.6321086129173636,
        "mad_sigma": 0.9371642295112833,
        "skewness": 0.32683827742904076,
        "kurtosis_excess": -1.8004926556171335,
        "delta_mean_median": 1.5381664183456452
      },
      "d_s": {
        "n": 40,
        "nan_frac": 0.0,
        "mean": 1.3365860972553492,
        "median": 1.0211560130119324,
        "std": 1.5064264999660824,
        "iqr": 2.9629336707293987,
        "mad": 1.4050460904836655,
        "mad_sigma": 2.083121333751082,
        "skewness": 0.18712310269538043,
        "kurtosis_excess": -1.5191904216819223,
        "delta_mean_median": 0.3154300842434168
      },
      "e_e": {
        "n": 40,
        "nan_frac": 0.0,
        "mean": -0.5635366364382207,
        "median": -2.4382025003433228e-06,
        "std": 1.752566747082149,
        "iqr": 1.3361676633358002,
        "mad": 0.6744882818311453,
        "mad_sigma": 0.999996326642856,
        "skewness": -1.5445593215511413,
        "kurtosis_excess": 1.9724096900422659,
        "delta_mean_median": -0.5635341982357204
      },
      "e_s": {
        "n": 40,
        "nan_frac": 0.0,
        "mean": 0.6217380706220865,
        "median": 0.6069817245006561,
        "std": 0.537551654204202,
        "iqr": 0.9308886043727398,
        "mad": 0.4739885553717613,
        "mad_sigma": 0.7027354321941733,
        "skewness": 0.2854355002074224,
        "kurtosis_excess": -0.48768297122744775,
        "delta_mean_median": 0.014756346121430397
      },
      "e_m": {
        "n": 40,
        "nan_frac": 0.0,
        "mean": -0.17914350545033814,
        "median": -2.1047890186309814e-07,
        "std": 1.071199041275881,
        "iqr": 1.5017690658569336,
        "mad": 0.6744909305125475,
        "mad_sigma": 1.000000253577903,
        "skewness": -0.668334886193966,
        "kurtosis_excess": -0.17008033778048226,
        "delta_mean_median": -0.17914329497143627
      }
    }
  },
  "entropy_provisional": {},
  "tau_summary": {
    "axes": {
      "m": {
        "tau_sec": 12.0,
        "dt_sec": 4.0,
        "max_lag_sec": 60.0,
        "threshold": 0.36787944117144233,
        "nan_frac": 0.0,
        "nan_policy": "strict"
      },
      "d": {
        "tau_sec": 32.0,
        "dt_sec": 4.0,
        "max_lag_sec": 60.0,
        "threshold": 0.36787944117144233,
        "nan_frac": 0.0,
        "nan_policy": "strict"
      },
      "e": {
        "tau_sec": 12.0,
        "dt_sec": 4.0,
        "max_lag_sec": 60.0,
        "threshold": 0.36787944117144233,
        "nan_frac": 0.0,
        "nan_policy": "strict"
      }
    },
    "subcoords": {
      "m_a": {
        "tau_sec": 28.0,
        "dt_sec": 4.0,
        "max_lag_sec": 60.0,
        "threshold": 0.36787944117144233,
        "nan_frac": 0.0,
        "nan_policy": "strict"
      },
      "m_e": {
        "tau_sec": 8.0,
        "dt_sec": 4.0,
        "max_lag_sec": 60.0,
        "threshold": 0.36787944117144233,
        "nan_frac": 0.0,
        "nan_policy": "strict"
      },
      "m_o": {
        "tau_sec": 12.0,
        "dt_sec": 4.0,
        "max_lag_sec": 60.0,
        "threshold": 0.36787944117144233,
        "nan_frac": 0.0,
        "nan_policy": "strict"
      },
      "d_n": {
        "tau_sec": 8.0,
        "dt_sec": 4.0,
        "max_lag_sec": 60.0,
        "threshold": 0.36787944117144233,
        "nan_frac": 0.0,
        "nan_policy": "strict"
      },
      "d_l": {
        "tau_sec": 32.0,
        "dt_sec": 4.0,
        "max_lag_sec": 60.0,
        "threshold": 0.36787944117144233,