{
  "dataset_id": "ds003478:sub-083:rest_Rest_run-01",
  "subject": "sub-083",
  "session": null,
  "reliability_axes": {
    "m": 0.3660978688653529,
    "d": 0.48788378935581006,
    "e": 0.7749675208685177
  },
  "reliability_subcoords": {
    "m_a": 0.4458245893147948,
    "m_e": 0.3727479786018289,
    "m_o": 0.6393678001498874,
    "d_n": 0.5206116753978541,
    "d_l": 0.5440161553758415,
    "d_s": 0.6835814898534877,
    "e_e": 0.7026678385968782,
    "e_s": 0.47479177453035737,
    "e_m": null
  }
}