{
  "dataset_id": "ds003478:sub-083:rest_Rest_run-01",
  "subject": "sub-083",
  "session": null,
  "coverage": {
    "epochs": 122,
    "seconds": 488.0
  },
  "artifacts": {
    "methods": [
      "none"
    ],
    "bad_eeg_channels": [],
    "n_bad_eeg_channels": 0,
    "stem_collisions": {}
  },
  "ensemble": {
    "var_by_subcoord": {
      "m_a": 0.02490370348095894,
      "m_e": 0.002400127239525318,
      "m_o": 0.002554943785071373,
      "d_n": 0.0028174500912427902,
      "d_l": 0.0008110268390737474,
      "d_s": 0.0006730494787916541,
      "e_e": 1.3684553165117797e-13,
      "e_s": 0.007585318759083748,
      "e_m": 0.0
    },
    "var_mean": 0.004638402185987158,
    "var_max": 0.02490370348095894
  },
  "reliability": {
    "axes": {
      "m": 0.3660978688653529,
      "d": 0.48788378935581006,
      "e": 0.7749675208685177
    },
    "subcoords": {
      "m_a": 0.4458245893147948,
      "m_e": 0.3727479786018289,
      "m_o": 0.6393678001498874,
      "d_n": 0.5206116753978541,
      "d_l": 0.5440161553758415,
      "d_s": 0.6835814898534877,
      "e_e": 0.7026678385968782,
      "e_s": 0.47479177453035737,
      "e_m": null
    }
  },
  "dist_summary": {
    "axes": {
      "m": {
        "n": 122,
        "nan_frac": 0.0,
        "mean": -0.06667176975971699,
        "median": -0.14552342891693115,
        "std": 0.5822375797816599,
        "iqr": 0.8203824386000633,
        "mad": 0.3797256350517273,
        "mad_sigma": 0.5629812265276909,
        "skewness": 0.08485338645627309,
        "kurtosis_excess": -0.46545825735390345,
        "delta_mean_median": 0.07885165915721416
      },
      "d": {
        "n": 122,
        "nan_frac": 0.0,
        "mean": -0.13617848835839721,
        "median": -0.020785335451364517,
        "std": 0.7815885256014379,
        "iqr": 1.146741010248661,
        "mad": 0.45769352093338966,
        "mad_sigma": 0.6785764141358435,
        "skewness": 0.9832751280897374,
        "kurtosis_excess": 6.13456877355773,
        "delta_mean_median": -0.1153931529070327
      },
      "e": {
        "n": 122,
        "nan_frac": 0.0,
        "mean": 0.4148303905089737,
        "median": 0.3171702176332474,
        "std": 0.7004379062441317,
        "iqr": 1.096223995089531,
        "mad": 0.5118783190846443,
        "mad_sigma": 0.7589107958748936,
        "skewness": 0.3839904815859029,
        "kurtosis_excess": -0.5553630793663262,
        "delta_mean_median": 0.09766017287572631
      }
    },
    "subcoords": {
      "m_a": {
        "n": 122,
        "nan_frac": 0.0,
        "mean": -0.3589126110596002,
        "median": -0.038052971474826336,
        "std": 1.1046634877515835,
        "iqr": 1.6873494237661362,
        "mad": 0.6052981866523623,
        "mad_sigma": 0.8974150915307924,
        "skewness": -1.3318325552718127,
        "kurtosis_excess": 3.839535859983555,
        "delta_mean_median": -0.32085963958477387
      },
      "m_e": {
        "n": 122,
        "nan_frac": 0.0,
        "mean": 0.1267741069275901,
        "median": 0.11905696615576744,
        "std": 0.441599030251463,
        "iqr": 0.5877241566777229,
        "mad": 0.29942602291703224,
        "mad_sigma": 0.443929021576792,
        "skewness": -1.0124557857837597,
        "kurtosis_excess": 3.08742931718718,
        "delta_mean_median": 0.0077171407718226726
      },
      "m_o": {
        "n": 122,
        "nan_frac": 0.0,
        "mean": 0.0995373420005084,
        "median": 0.06322735361754894,
        "std": 0.8810752317261277,
        "iqr": 1.125833198428154,
        "mad": 0.587724894285202,
        "mad_sigma": 0.8713609282672404,
        "skewness": 1.6157727538660454,
        "kurtosis_excess": 7.867620407641999,
        "delta_mean_median": 0.03630998838295946
      },
      "d_n": {
        "n": 122,
        "nan_frac": 0.0,
        "mean": 0.08111727112507233,
        "median": 0.047532469034194946,
        "std": 0.7251967282629539,
        "iqr": 0.65256367623806,
        "mad": 0.34724344313144684,
        "mad_sigma": 0.514823128786683,
        "skewness": 4.488978925330529,
        "kurtosis_excess": 33.93133848973834,
        "delta_mean_median": 0.033584802090877386
      },
      "d_l": {
        "n": 122,
        "nan_frac": 0.0,
        "mean": -0.3417750406460684,
        "median": 0.15861549228429794,
        "std": 1.20171249517747,
        "iqr": 2.084315612912178,
        "mad": 0.4837859570980072,
        "mad_sigma": 0.7172610599935054,
        "skewness": -0.4416393247712136,
        "kurtosis_excess": -0.4394494280501693,
        "delta_mean_median": -0.5003905329303664
      },
      "d_s": {
        "n": 122,
        "nan_frac": 0.0,
        "mean": 0.07789751875107406,
        "median": -0.05592505633831024,
        "std": 0.7844680297433176,
        "iqr": 1.2483583241701126,
        "mad": 0.5864875912666321,
        "mad_sigma": 0.8695265028119087,
        "skewness": 0.7548696540032349,
        "kurtosis_excess": 1.124013702634497,
        "delta_mean_median": 0.1338225750893843
      },
      "e_e": {
        "n": 122,
        "nan_frac": 0.0,
        "mean": 0.07734650028411483,
        "median": -1.5851110219955444e-06,
        "std": 0.9504696607051336,
        "iqr": 1.3172063380479813,
        "mad": 0.6744891051203012,
        "mad_sigma": 0.9999975472513586,
        "skewness": 0.5130886560064231,
        "kurtosis_excess": 1.767025292458329,
        "delta_mean_median": 0.07734808539513682
      },
      "e_s": {
        "n": 122,
        "nan_frac": 0.0,
        "mean": 0.895202710858134,
        "median": 0.31819702684879303,
        "std": 1.3813581744654893,
        "iqr": 2.7180904261767864,
        "mad": 0.7793633043766022,
        "mad_sigma": 1.1554840350687503,
        "skewness": 0.5084644198002245,
        "kurtosis_excess": -1.3142785522603115,
        "delta_mean_median": 0.5770056840093409
      },
      "e_m": {
        "n": 122,
        "nan_frac": 0.0,
        "mean": 0.04918032786885246,
        "median": 0.0,
        "std": 0.540983606557377,
        "iqr": 0.0,
        "mad": 0.0,
        "mad_sigma": 0.0,
        "skewness": 10.90909090909091,
        "kurtosis_excess": 117.0082644628099,
        "delta_mean_median": 0.04918032786885246
      }
    }
  },
  "entropy_provisional": {
    "e_m": {
      "var": 0.2926632625638269,
      "n_unique": 2,
      "nan_frac": 0.0,
      "provisional": true
    }
  },
  "tau_summary": {
    "axes": {
      "m": {
        "tau_sec": 8.0,
        "dt_sec": 4.0,
        "max_lag_sec": 60.0,
        "threshold": 0.36787944117144233,
        "nan_frac": 0.0,
        "nan_policy": "strict"
      },
      "d": {
        "tau_sec": 8.0,
        "dt_sec": 4.0,
        "max_lag_sec": 60.0,
        "threshold": 0.36787944117144233,
        "nan_frac": 0.0,
        "nan_policy": "strict"
      },
      "e": {
        "tau_sec": 16.0,
        "dt_sec": 4.0,
        "max_lag_sec": 60.0,
        "threshold": 0.36787944117144233,
        "nan_frac": 0.0,
        "nan_policy": "strict"
      }
    },
    "subcoords": {
      "m_a": {
        "tau_sec": 8.0,
        "dt_sec": 4.0,
        "max_lag_sec": 60.0,
        "threshold": 0.36787944117144233,
        "nan_frac": 0.0,
        "nan_policy": "strict"
      },
      "m_e": {
        "tau_sec": 8.0,
        "dt_sec": 4.0,
        "max_lag_sec": 60.0,
        "threshold": 0.36787944117144233,
        "nan_frac": 0.0,
        "nan_policy": "strict"
      },
      "m_o": {
        "tau_sec": 8.0,
        "dt_sec": 4.0,
        "max_lag_sec": 60.0,
        "threshold": 0.36787944117144233,
        "nan_frac": 0.0,
        "nan_policy": "strict"
      },
      "d_n": {
        "tau_sec": 4.0,
        "dt_sec": 4.0,
        "max_lag_sec": 60.0,
        "threshold": 0.36787944117144233,
        "nan_frac": 0.0,
        "nan_policy": "strict"
      },
      "d_l": {
        "tau_sec": 8.0,
        "dt_sec": 4.0,
        "max_lag_sec": 60.0,
        "threshold": 0.36787944117144233,