{
  "dataset_id": "ds003478:sub-078:rest_Rest_run-01",
  "subject": "sub-078",
  "session": null,
  "reliability_axes": {
    "m": 0.43155749118991904,
    "d": 0.8394016899992175,
    "e": 0.621193826913174
  },
  "reliability_subcoords": {
    "m_a": 0.5361685720454525,
    "m_e": 0.671658042238979,
    "m_o": 0.6259958105315857,
    "d_n": 0.6773610976506816,
    "d_l": 0.8416298322771288,
    "d_s": 0.8860408773468628,
    "e_e": 0.6476281263921277,
    "e_s": 0.6994562211677663,
    "e_m": 0.48342795059319826
  }
}