{
  "dataset_id": "ds003478:sub-078:rest_Rest_run-01",
  "subject": "sub-078",
  "session": null,
  "coverage": {
    "epochs": 121,
    "seconds": 484.0
  },
  "artifacts": {
    "methods": [
      "none"
    ],
    "bad_eeg_channels": [],
    "n_bad_eeg_channels": 0,
    "stem_collisions": {}
  },
  "ensemble": {
    "var_by_subcoord": {
      "m_a": 0.0005443980917334557,
      "m_e": 0.0008772450964897871,
      "m_o": 0.0008158747223205864,
      "d_n": 0.004439821932464838,
      "d_l": 0.007361357565969229,
      "d_s": 0.004600565880537033,
      "e_e": 0.0,
      "e_s": 0.0027456190437078476,
      "e_m": 0.0
    },
    "var_mean": 0.002376098037024753,
    "var_max": 0.007361357565969229
  },
  "reliability": {
    "axes": {
      "m": 0.43155749118991904,
      "d": 0.8394016899992175,
      "e": 0.621193826913174
    },
    "subcoords": {
      "m_a": 0.5361685720454525,
      "m_e": 0.671658042238979,
      "m_o": 0.6259958105315857,
      "d_n": 0.6773610976506816,
      "d_l": 0.8416298322771288,
      "d_s": 0.8860408773468628,
      "e_e": 0.6476281263921277,
      "e_s": 0.6994562211677663,
      "e_m": 0.48342795059319826
    }
  },
  "dist_summary": {
    "axes": {
      "m": {
        "n": 121,
        "nan_frac": 0.0,
        "mean": 0.03612307204445439,
        "median": 0.02906055562198162,
        "std": 0.4881059472154301,
        "iqr": 0.6324071288108826,
        "mad": 0.3061003852635622,
        "mad_sigma": 0.4538244311917573,
        "skewness": 0.4226376483298131,
        "kurtosis_excess": 0.06553486447705392,
        "delta_mean_median": 0.00706251642247277
      },
      "d": {
        "n": 121,
        "nan_frac": 0.0,
        "mean": 0.41348173017305717,
        "median": 0.21570594608783722,
        "std": 0.8923199870632437,
        "iqr": 1.270445629954338,
        "mad": 0.5512746423482895,
        "mad_sigma": 0.817319784745574,
        "skewness": 0.6014447410601341,
        "kurtosis_excess": -0.601497611302984,
        "delta_mean_median": 0.19777578408521995
      },
      "e": {
        "n": 121,
        "nan_frac": 0.0,
        "mean": 0.06582322611650529,
        "median": 0.11698617041110992,
        "std": 0.5017064267217273,
        "iqr": 0.668564647436142,
        "mad": 0.32773490250110626,
        "mad_sigma": 0.4858997664481401,
        "skewness": -0.7435172885373552,
        "kurtosis_excess": 1.1541651968118165,
        "delta_mean_median": -0.051162944294604634
      }
    },
    "subcoords": {
      "m_a": {
        "n": 121,
        "nan_frac": 0.0,
        "mean": 0.018752822290705747,
        "median": 0.04696207493543625,
        "std": 0.6836472193193737,
        "iqr": 1.1944448351860046,
        "mad": 0.5878813341259956,
        "mad_sigma": 0.8715928659752011,
        "skewness": -0.16442533310499796,
        "kurtosis_excess": -0.8165031252362471,
        "delta_mean_median": -0.028209252644730502
      },
      "m_e": {
        "n": 121,
        "nan_frac": 0.0,
        "mean": 0.009356166490099647,
        "median": 0.016569575294852257,
        "std": 0.40163105046127123,
        "iqr": 0.5641736835241318,
        "mad": 0.27043122984468937,
        "mad_sigma": 0.40094134136773646,
        "skewness": -0.39973953970051795,
        "kurtosis_excess": -0.23475035530319666,
        "delta_mean_median": -0.007213408804752609
      },
      "m_o": {
        "n": 121,
        "nan_frac": 0.0,
        "mean": 0.09277051945663373,
        "median": -0.03540738299489021,
        "std": 0.8876319183291366,
        "iqr": 1.1525228023529053,
        "mad": 0.5606779865920544,
        "mad_sigma": 0.8312611829213797,
        "skewness": 0.3559288422158829,
        "kurtosis_excess": -0.14289767045861934,
        "delta_mean_median": 0.12817790245152394
      },
      "d_n": {
        "n": 121,
        "nan_frac": 0.0,
        "mean": 0.0470035001019801,
        "median": -0.039086341857910156,
        "std": 0.7027410859687728,
        "iqr": 0.9632971286773682,
        "mad": 0.4863699674606323,
        "mad_sigma": 0.7210921137571334,
        "skewness": 0.5883281956433316,
        "kurtosis_excess": 0.007556276251038607,
        "delta_mean_median": 0.08608984195989025
      },
      "d_l": {
        "n": 121,
        "nan_frac": 0.0,
        "mean": 0.647647202661461,
        "median": -0.1515139639377594,
        "std": 1.430686078151171,
        "iqr": 2.1795274019241333,
        "mad": 0.5661457479000092,
        "mad_sigma": 0.8393676858365535,
        "skewness": 0.8518759239907178,
        "kurtosis_excess": -0.5978750903939352,
        "delta_mean_median": 0.7991611665992204
      },
      "d_s": {
        "n": 121,
        "nan_frac": 0.0,
        "mean": 0.38213686041595524,
        "median": 0.12801650166511536,
        "std": 1.2160573449425023,
        "iqr": 1.7746094465255737,
        "mad": 0.8302744328975677,
        "mad_sigma": 1.2309648742139339,
        "skewness": 0.65617832496817,
        "kurtosis_excess": -0.35620512337615207,
        "delta_mean_median": 0.2541203587508399
      },
      "e_e": {
        "n": 121,
        "nan_frac": 0.0,
        "mean": -0.04914041987138277,
        "median": 0.0,
        "std": 1.0413401591185538,
        "iqr": 1.3467665314674377,
        "mad": 0.674490749835968,
        "mad_sigma": 0.9999999857068061,
        "skewness": -0.29974819231397365,
        "kurtosis_excess": 0.2657163855880351,
        "delta_mean_median": -0.04914041987138277
      },
      "e_s": {
        "n": 121,
        "nan_frac": 0.0,
        "mean": 0.22264611665621276,
        "median": 0.22114038467407227,
        "std": 0.49642316188461716,
        "iqr": 0.6028590202331543,
        "mad": 0.29884421825408936,
        "mad_sigma": 0.44306643798351286,
        "skewness": -0.06252736930007403,
        "kurtosis_excess": -0.16281864526800938,
        "delta_mean_median": 0.0015057319821404902
      },
      "e_m": {
        "n": 121,
        "nan_frac": 0.0,
        "mean": 0.08212043842193016,
        "median": 0.0,
        "std": 1.1075087262391046,
        "iqr": 1.390669047832489,
        "mad": 0.674490749835968,
        "mad_sigma": 0.9999999857068061,
        "skewness": 0.5169720550278429,
        "kurtosis_excess": 0.29378587150092983,
        "delta_mean_median": 0.08212043842193016
      }
    }
  },
  "entropy_provisional": {},
  "tau_summary": {
    "axes": {
      "m": {
        "tau_sec": 8.0,
        "dt_sec": 4.0,
        "max_lag_sec": 60.0,
        "threshold": 0.36787944117144233,
        "nan_frac": 0.0,
        "nan_policy": "strict"
      },
      "d": {
        "tau_sec": 28.0,
        "dt_sec": 4.0,
        "max_lag_sec": 60.0,
        "threshold": 0.36787944117144233,
        "nan_frac": 0.0,
        "nan_policy": "strict"
      },
      "e": {
        "tau_sec": 8.0,
        "dt_sec": 4.0,
        "max_lag_sec": 60.0,
        "threshold": 0.36787944117144233,
        "nan_frac": 0.0,
        "nan_policy": "strict"
      }
    },
    "subcoords": {
      "m_a": {
        "tau_sec": 8.0,
        "dt_sec": 4.0,
        "max_lag_sec": 60.0,
        "threshold": 0.36787944117144233,
        "nan_frac": 0.0,
        "nan_policy": "strict"
      },
      "m_e": {
        "tau_sec": 12.0,
        "dt_sec": 4.0,
        "max_lag_sec": 60.0,
        "threshold": 0.36787944117144233,
        "nan_frac": 0.0,
        "nan_policy": "strict"
      },
      "m_o": {
        "tau_sec": 8.0,
        "dt_sec": 4.0,
        "max_lag_sec": 60.0,
        "threshold": 0.36787944117144233,
        "nan_frac": 0.0,
        "nan_policy": "strict"
      },
      "d_n": {
        "tau_sec": 8.0,
        "dt_sec": 4.0,
        "max_lag_sec": 60.0,
        "threshold": 0.36787944117144233,
        "nan_frac": 0.0,
        "nan_policy": "strict"
      },
      "d_l": {
        "tau_sec": 20.0,
        "dt_sec": 4.0,
        "max_lag_sec": 60.0,
        "threshold": 0.36787944117144233,
        "nan_frac": 0.0,
        "nan_policy": "strict"
      },