{
  "dataset_id": "ds003478:sub-113:rest_Rest_run-02",
  "subject": "sub-113",
  "session": null,
  "reliability_axes": {
    "m": 0.5093325824253369,
    "d": 0.8225983632682922,
    "e": 0.8666984455991762
  },
  "reliability_subcoords": {
    "m_a": 0.8506512716793317,
    "m_e": 0.5611310222286281,
    "m_o": 0.7173364234174769,
    "d_n": 0.8869169994093494,
    "d_l": 0.7803370054123815,
    "d_s": 0.8715434308660588,
    "e_e": 0.7668953504299004,
    "e_s": 0.809495089770768,
    "e_m": 0.7706767877502125
  }
}