{
  "dataset_id": "ds003478:sub-113:rest_Rest_run-02",
  "subject": "sub-113",
  "session": null,
  "coverage": {
    "epochs": 52,
    "seconds": 208.0
  },
  "artifacts": {
    "methods": [
      "none"
    ],
    "bad_eeg_channels": [],
    "n_bad_eeg_channels": 0,
    "stem_collisions": {}
  },
  "ensemble": {
    "var_by_subcoord": {
      "m_a": 0.021802496165037155,
      "m_e": 0.012804120779037476,
      "m_o": 4.154044290771708e-05,
      "d_n": 0.005969387013465166,
      "d_l": 0.005437090527266264,
      "d_s": 0.026949213817715645,
      "e_e": 4.996177083160802e-14,
      "e_s": 0.005197520833462477,
      "e_m": 0.0
    },
    "var_mean": 0.008689041064326873,
    "var_max": 0.026949213817715645
  },
  "reliability": {
    "axes": {
      "m": 0.5093325824253369,
      "d": 0.8225983632682922,
      "e": 0.8666984455991762
    },
    "subcoords": {
      "m_a": 0.8506512716793317,
      "m_e": 0.5611310222286281,
      "m_o": 0.7173364234174769,
      "d_n": 0.8869169994093494,
      "d_l": 0.7803370054123815,
      "d_s": 0.8715434308660588,
      "e_e": 0.7668953504299004,
      "e_s": 0.809495089770768,
      "e_m": 0.7706767877502125
    }
  },
  "dist_summary": {
    "axes": {
      "m": {
        "n": 52,
        "nan_frac": 0.0,
        "mean": 0.00019862615646651157,
        "median": -0.027624979615211487,
        "std": 0.4597214159606492,
        "iqr": 0.7683023288846016,
        "mad": 0.3856460154056549,
        "mad_sigma": 0.5717587824404239,
        "skewness": 0.13208689498578433,
        "kurtosis_excess": -0.4025711934824945,
        "delta_mean_median": 0.027823605771677997
      },
      "d": {
        "n": 52,
        "nan_frac": 0.0,
        "mean": 0.12913152627655877,
        "median": -0.011747922224458307,
        "std": 0.7614979230699714,
        "iqr": 0.7294793277978897,
        "mad": 0.3981747478246689,
        "mad_sigma": 0.5903338811248541,
        "skewness": 0.7919782735802711,
        "kurtosis_excess": 0.24409088972850812,
        "delta_mean_median": 0.14087944850101708
      },
      "e": {
        "n": 52,
        "nan_frac": 0.0,
        "mean": 0.16995919961482286,
        "median": 0.23471160233020782,
        "std": 0.6566095040772614,
        "iqr": 1.0331819653511047,
        "mad": 0.4931336119771004,
        "mad_sigma": 0.731119893117249,
        "skewness": -0.047159428878552165,
        "kurtosis_excess": -0.9190297420782025,
        "delta_mean_median": -0.06475240271538496
      }
    },
    "subcoords": {
      "m_a": {
        "n": 52,
        "nan_frac": 0.0,
        "mean": -0.25814130157232285,
        "median": -0.034087810665369034,
        "std": 0.9228727477981209,
        "iqr": 1.4636957794427872,
        "mad": 0.7961881756782532,
        "mad_sigma": 1.1804285892605781,
        "skewness": -0.42495500797409025,
        "kurtosis_excess": -1.0466841285413746,
        "delta_mean_median": -0.2240534909069538
      },
      "m_e": {
        "n": 52,
        "nan_frac": 0.0,
        "mean": 0.15503233055978155,
        "median": 0.21192312985658646,
        "std": 0.36280845365634096,
        "iqr": 0.5235507506877184,
        "mad": 0.24682322703301907,
        "mad_sigma": 0.365940116399154,
        "skewness": -0.20816629456002456,
        "kurtosis_excess": -0.4177826118165844,
        "delta_mean_median": -0.056890799296804906
      },
      "m_o": {
        "n": 52,
        "nan_frac": 0.0,
        "mean": 0.16689245732357869,
        "median": -0.06297051720321178,
        "std": 1.1067849429947583,
        "iqr": 1.388666793704033,
        "mad": 0.6631025988608599,
        "mad_sigma": 0.9831159130711108,
        "skewness": 0.7305023910210142,
        "kurtosis_excess": -0.22209572853712434,
        "delta_mean_median": 0.22986297452679047
      },
      "d_n": {
        "n": 52,
        "nan_frac": 0.0,
        "mean": 0.5165427040595275,
        "median": -0.19809528440237045,
        "std": 1.4876947594638894,
        "iqr": 1.2613847106695175,
        "mad": 0.3853107765316963,
        "mad_sigma": 0.5712617572858929,
        "skewness": 1.4494788023763456,
        "kurtosis_excess": 0.6750669072070061,
        "delta_mean_median": 0.714637988461898
      },
      "d_l": {
        "n": 52,
        "nan_frac": 0.0,
        "mean": -0.15668035096202332,
        "median": -0.14331980794668198,
        "std": 0.8951586650366232,
        "iqr": 1.2481612265110016,
        "mad": 0.637509286403656,
        "mad_sigma": 0.9451712680220603,
        "skewness": 0.03940125579959638,
        "kurtosis_excess": -0.6312481595701289,
        "delta_mean_median": -0.013360543015341342
      },
      "d_s": {
        "n": 52,
        "nan_frac": 0.0,
        "mean": 0.27434632502711165,
        "median": 0.13025711849331856,
        "std": 0.7869051627880295,
        "iqr": 0.7314648851752281,
        "mad": 0.37677380070090294,
        "mad_sigma": 0.5586048369191586,
        "skewness": 0.8018787241383373,
        "kurtosis_excess": -0.04011992992613811,
        "delta_mean_median": 0.1440892065337931
      },
      "e_e": {
        "n": 52,
        "nan_frac": 0.0,
        "mean": -0.13733472324048096,
        "median": -1.1436641216278076e-06,
        "std": 0.9135062088953303,
        "iqr": 1.398012489080429,
        "mad": 0.6744907200336456,
        "mad_sigma": 0.999999941521883,
        "skewness": -0.19544122012599813,
        "kurtosis_excess": -0.634636422448148,
        "delta_mean_median": -0.13733357957635933
      },
      "e_s": {
        "n": 52,
        "nan_frac": 0.0,
        "mean": 0.6131730873424274,
        "median": 0.09560129046440125,
        "std": 1.0380734676200594,
        "iqr": 1.1400320380926132,
        "mad": 0.48669856786727905,
        "mad_sigma": 0.7215792967200279,
        "skewness": 1.1259243442935896,
        "kurtosis_excess": 0.12983706261739236,
        "delta_mean_median": 0.5175717968780261
      },
      "e_m": {
        "n": 52,
        "nan_frac": 0.0,
        "mean": -0.2831325485335233,
        "median": 1.6530975699424744e-07,
        "std": 1.126692439924104,
        "iqr": 1.5554372668266296,
        "mad": 0.6744907796382904,
        "mad_sigma": 1.0000000298917293,
        "skewness": -0.5265441249815154,
        "kurtosis_excess": -0.3891470966703259,
        "delta_mean_median": -0.2831327138432803
      }
    }
  },
  "entropy_provisional": {},
  "tau_summary": {
    "axes": {
      "m": {
        "tau_sec": 8.0,
        "dt_sec": 4.0,
        "max_lag_sec": 60.0,
        "threshold": 0.36787944117144233,
        "nan_frac": 0.0,
        "nan_policy": "strict"
      },
      "d": {
        "tau_sec": 8.0,
        "dt_sec": 4.0,
        "max_lag_sec": 60.0,
        "threshold": 0.36787944117144233,
        "nan_frac": 0.0,
        "nan_policy": "strict"
      },
      "e": {
        "tau_sec": 12.0,
        "dt_sec": 4.0,
        "max_lag_sec": 60.0,
        "threshold": 0.36787944117144233,
        "nan_frac": 0.0,
        "nan_policy": "strict"
      }
    },
    "subcoords": {
      "m_a": {
        "tau_sec": 20.0,
        "dt_sec": 4.0,
        "max_lag_sec": 60.0,
        "threshold": 0.36787944117144233,
        "nan_frac": 0.0,
        "nan_policy": "strict"
      },
      "m_e": {
        "tau_sec": 8.0,
        "dt_sec": 4.0,
        "max_lag_sec": 60.0,
        "threshold": 0.36787944117144233,
        "nan_frac": 0.0,
        "nan_policy": "strict"
      },
      "m_o": {
        "tau_sec": 12.0,
        "dt_sec": 4.0,
        "max_lag_sec": 60.0,
        "threshold": 0.36787944117144233,
        "nan_frac": 0.0,
        "nan_policy": "strict"
      },
      "d_n": {
        "tau_sec": 20.0,
        "dt_sec": 4.0,
        "max_lag_sec": 60.0,
        "threshold": 0.36787944117144233,
        "nan_frac": 0.0,
        "nan_policy": "strict"
      },
      "d_l": {
        "tau_sec": 8.0,
        "dt_sec": 4.0,
        "max_lag_sec": 60.0,
        "threshold": 0.36787944117144233,