{
  "dataset_id": "ds003478:sub-002:rest_Rest_run-02",
  "subject": "sub-002",
  "session": null,
  "reliability_axes": {
    "m": 0.6137554059011421,
    "d": 0.5223117080763872,
    "e": 0.86678472336248
  },
  "reliability_subcoords": {
    "m_a": 0.39376828929807506,
    "m_e": 0.5044315342995481,
    "m_o": 0.7700034177309701,
    "d_n": 0.25325041770521894,
    "d_l": 0.6672531527258763,
    "d_s": 0.6975015502592,
    "e_e": 0.8225152183258587,
    "e_s": 0.7335403584234126,
    "e_m": null
  }
}