{
  "dataset_id": "ds003478:sub-002:rest_Rest_run-02",
  "subject": "sub-002",
  "session": null,
  "coverage": {
    "epochs": 90,
    "seconds": 360.0
  },
  "artifacts": {
    "methods": [
      "none"
    ],
    "bad_eeg_channels": [],
    "n_bad_eeg_channels": 0,
    "stem_collisions": {}
  },
  "ensemble": {
    "var_by_subcoord": {
      "m_a": 0.004200509749352932,
      "m_e": 0.0063199205324053764,
      "m_o": 0.0016494272276759148,
      "d_n": 0.010378017090260983,
      "d_l": 0.009228880517184734,
      "d_s": 0.009274916723370552,
      "e_e": 2.426607363398975e-13,
      "e_s": 0.004062717314809561,
      "e_m": 0.0
    },
    "var_mean": 0.005012709906144746,
    "var_max": 0.010378017090260983
  },
  "reliability": {
    "axes": {
      "m": 0.6137554059011421,
      "d": 0.5223117080763872,
      "e": 0.86678472336248
    },
    "subcoords": {
      "m_a": 0.39376828929807506,
      "m_e": 0.5044315342995481,
      "m_o": 0.7700034177309701,
      "d_n": 0.25325041770521894,
      "d_l": 0.6672531527258763,
      "d_s": 0.6975015502592,
      "e_e": 0.8225152183258587,
      "e_s": 0.7335403584234126,
      "e_m": null
    }
  },
  "dist_summary": {
    "axes": {
      "m": {
        "n": 90,
        "nan_frac": 0.0,
        "mean": -0.12985824674833565,
        "median": -0.1357666254043579,
        "std": 0.46625747928731076,
        "iqr": 0.6439367271959782,
        "mad": 0.32885653525590897,
        "mad_sigma": 0.4875626991704106,
        "skewness": -0.2842073186178458,
        "kurtosis_excess": 0.44557589563801603,
        "delta_mean_median": 0.005908378656022256
      },
      "d": {
        "n": 90,
        "nan_frac": 0.0,
        "mean": 0.10340632782835099,
        "median": 0.18540795892477036,
        "std": 0.6626600034895734,
        "iqr": 0.6819349378347397,
        "mad": 0.3655115142464638,
        "mad_sigma": 0.5419073710218072,
        "skewness": 1.2526927517031945,
        "kurtosis_excess": 8.11298463332142,
        "delta_mean_median": -0.08200163109641936
      },
      "e": {
        "n": 90,
        "nan_frac": 0.0,
        "mean": -0.03324201558457895,
        "median": -0.07725300826132298,
        "std": 0.6577464719039955,
        "iqr": 0.7720390558242798,
        "mad": 0.3972943816334009,
        "mad_sigma": 0.5890286502096802,
        "skewness": 0.08958969671823216,
        "kurtosis_excess": -0.0072022477738946655,
        "delta_mean_median": 0.04401099267674403
      }
    },
    "subcoords": {
      "m_a": {
        "n": 90,
        "nan_frac": 0.0,
        "mean": -0.10363376615310295,
        "median": -0.07898882403969765,
        "std": 0.9088893437090848,
        "iqr": 0.8975057899951935,
        "mad": 0.4556128978729248,
        "mad_sigma": 0.6754916823863982,
        "skewness": -2.8510836184550907,
        "kurtosis_excess": 17.536587910936742,
        "delta_mean_median": -0.024644942113405302
      },
      "m_e": {
        "n": 90,
        "nan_frac": 0.0,
        "mean": -0.15795844094310368,
        "median": -0.06261817738413811,
        "std": 0.3749585866392589,
        "iqr": 0.5549198463559151,
        "mad": 0.24778864160180092,
        "mad_sigma": 0.36737144003883004,
        "skewness": -1.393575672427043,
        "kurtosis_excess": 4.475596008000853,
        "delta_mean_median": -0.09534026355896558
      },
      "m_o": {
        "n": 90,
        "nan_frac": 0.0,
        "mean": -0.13164508837378688,
        "median": 0.054214874282479286,
        "std": 0.9323893141511891,
        "iqr": 1.2924567684531212,
        "mad": 0.6234789695590734,
        "mad_sigma": 0.9243699202682822,
        "skewness": 0.9480921142302476,
        "kurtosis_excess": 4.671093122310184,
        "delta_mean_median": -0.18585996265626617
      },
      "d_n": {
        "n": 90,
        "nan_frac": 0.0,
        "mean": 0.06080925848541988,
        "median": -0.008306060452014208,
        "std": 0.716005246630981,
        "iqr": 0.3811640031635761,
        "mad": 0.19734687358140945,
        "mad_sigma": 0.29258647477179767,
        "skewness": 6.287955384517003,
        "kurtosis_excess": 49.79412396352167,
        "delta_mean_median": 0.06911531893743408
      },
      "d_l": {
        "n": 90,
        "nan_frac": 0.0,
        "mean": 0.0986161065598329,
        "median": 0.25236576050519943,
        "std": 0.8810436117437417,
        "iqr": 1.0311290919780731,
        "mad": 0.5380038693547249,
        "mad_sigma": 0.7976445367053151,
        "skewness": -0.6119692547676877,
        "kurtosis_excess": 0.9126089102981716,
        "delta_mean_median": -0.15374965394536655
      },
      "d_s": {
        "n": 90,
        "nan_frac": 0.0,
        "mean": 0.1935010357035531,
        "median": -0.06585849076509476,
        "std": 0.8384989033938195,
        "iqr": 1.3743087947368622,
        "mad": 0.5556505173444748,
        "mad_sigma": 0.8238074570149183,
        "skewness": 0.6594086701024012,
        "kurtosis_excess": -0.40524166025746,
        "delta_mean_median": 0.25935952646864785
      },
      "e_e": {
        "n": 90,
        "nan_frac": 0.0,
        "mean": -0.3280737197233571,
        "median": 0.0,
        "std": 1.1221165455514803,
        "iqr": 1.425450325012207,
        "mad": 0.674490749835968,
        "mad_sigma": 0.9999999857068061,
        "skewness": -0.7190774404090118,
        "kurtosis_excess": 0.009113747714447396,
        "delta_mean_median": -0.3280737197233571
      },
      "e_s": {
        "n": 90,
        "nan_frac": 0.0,
        "mean": 0.366128460276458,
        "median": 0.34804752469062805,
        "std": 0.8444481360759692,
        "iqr": 1.0236907936632633,
        "mad": 0.5059134066104889,
        "mad_sigma": 0.7500672166407107,
        "skewness": 0.6687250561821451,
        "kurtosis_excess": 0.609760693652909,
        "delta_mean_median": 0.01808093558582996
      },
      "e_m": {
        "n": 90,
        "nan_frac": 0.0,
        "mean": 0.06666666666666667,
        "median": 0.0,
        "std": 0.6289320754704403,
        "iqr": 0.0,
        "mad": 0.0,
        "mad_sigma": 0.0,
        "skewness": 9.327981344055965,
        "kurtosis_excess": 85.01123595505615,
        "delta_mean_median": 0.06666666666666667
      }
    }
  },
  "entropy_provisional": {
    "e_m": {
      "var": 0.39555555555555555,
      "n_unique": 2,
      "nan_frac": 0.0,
      "provisional": true
    }
  },
  "tau_summary": {
    "axes": {
      "m": {
        "tau_sec": 8.0,
        "dt_sec": 4.0,
        "max_lag_sec": 60.0,
        "threshold": 0.36787944117144233,
        "nan_frac": 0.0,
        "nan_policy": "strict"
      },
      "d": {
        "tau_sec": 16.0,
        "dt_sec": 4.0,
        "max_lag_sec": 60.0,
        "threshold": 0.36787944117144233,
        "nan_frac": 0.0,
        "nan_policy": "strict"
      },
      "e": {
        "tau_sec": 24.0,
        "dt_sec": 4.0,
        "max_lag_sec": 60.0,
        "threshold": 0.36787944117144233,
        "nan_frac": 0.0,
        "nan_policy": "strict"
      }
    },
    "subcoords": {
      "m_a": {
        "tau_sec": 4.0,
        "dt_sec": 4.0,
        "max_lag_sec": 60.0,
        "threshold": 0.36787944117144233,
        "nan_frac": 0.0,
        "nan_policy": "strict"
      },
      "m_e": {
        "tau_sec": 16.0,
        "dt_sec": 4.0,
        "max_lag_sec": 60.0,
        "threshold": 0.36787944117144233,
        "nan_frac": 0.0,
        "nan_policy": "strict"
      },
      "m_o": {
        "tau_sec": 16.0,
        "dt_sec": 4.0,
        "max_lag_sec": 60.0,
        "threshold": 0.36787944117144233,
        "nan_frac": 0.0,
        "nan_policy": "strict"
      },
      "d_n": {
        "tau_sec": 4.0,
        "dt_sec": 4.0,
        "max_lag_sec": 60.0,
        "threshold": 0.36787944117144233,
        "nan_frac": 0.0,
        "nan_policy": "strict"
      },
      "d_l": {
        "tau_sec": 20.0,
        "dt_sec": 4.0,
        "max_lag_sec": 60.0,
        "threshold": 0.36787944117144233,