{
  "dataset_id": "ds003478:sub-078:rest_Rest_run-02",
  "subject": "sub-078",
  "session": null,
  "reliability_axes": {
    "m": 0.6118313068044144,
    "d": 0.8273282095287734,
    "e": 0.7148032161465606
  },
  "reliability_subcoords": {
    "m_a": 0.934964864383485,
    "m_e": 0.548102419711645,
    "m_o": 0.6210143928924989,
    "d_n": 0.9196468374668004,
    "d_l": 0.8572298699749767,
    "d_s": 0.7101752371761608,
    "e_e": 0.7309749410237156,
    "e_s": 0.4998698219559441,
    "e_m": 0.5948517058923514
  }
}