{
  "dataset_id": "ds003478:sub-078:rest_Rest_run-02",
  "subject": "sub-078",
  "session": null,
  "coverage": {
    "epochs": 48,
    "seconds": 192.0
  },
  "artifacts": {
    "methods": [
      "none"
    ],
    "bad_eeg_channels": [
      "FP2"
    ],
    "n_bad_eeg_channels": 1,
    "stem_collisions": {}
  },
  "ensemble": {
    "var_by_subcoord": {
      "m_a": 0.00364929111674428,
      "m_e": 0.0052189333364367485,
      "m_o": 0.000882788619492203,
      "d_n": 0.0032156524248421192,
      "d_l": 0.07100869715213776,
      "d_s": 0.2494826316833496,
      "e_e": 1.0929711996565672e-13,
      "e_s": 0.007155322004109621,
      "e_m": 0.0
    },
    "var_mean": 0.03784592403746907,
    "var_max": 0.2494826316833496
  },
  "reliability": {
    "axes": {
      "m": 0.6118313068044144,
      "d": 0.8273282095287734,
      "e": 0.7148032161465606
    },
    "subcoords": {
      "m_a": 0.934964864383485,
      "m_e": 0.548102419711645,
      "m_o": 0.6210143928924989,
      "d_n": 0.9196468374668004,
      "d_l": 0.8572298699749767,
      "d_s": 0.7101752371761608,
      "e_e": 0.7309749410237156,
      "e_s": 0.4998698219559441,
      "e_m": 0.5948517058923514
    }
  },
  "dist_summary": {
    "axes": {
      "m": {
        "n": 48,
        "nan_frac": 0.0,
        "mean": -0.010510963329579681,
        "median": 0.06797856092453003,
        "std": 0.3695742017384514,
        "iqr": 0.5449010357260704,
        "mad": 0.23795513808727264,
        "mad_sigma": 0.3527922877281904,
        "skewness": -0.07213805502229398,
        "kurtosis_excess": -0.48171989660035,
        "delta_mean_median": -0.07848952425410971
      },
      "d": {
        "n": 48,
        "nan_frac": 0.0,
        "mean": 0.7275680797562624,
        "median": 0.4468234181404114,
        "std": 1.023471285349018,
        "iqr": 1.5941158295609057,
        "mad": 0.6330861374735832,
        "mad_sigma": 0.9386135074183344,
        "skewness": 0.4079881553476476,
        "kurtosis_excess": -1.044119556604593,
        "delta_mean_median": 0.280744661615851
      },
      "e": {
        "n": 48,
        "nan_frac": 0.0,
        "mean": 0.19643505845063677,
        "median": 0.202210895717144,
        "std": 0.46978196353487733,
        "iqr": 0.6861084960401058,
        "mad": 0.38447097688913345,
        "mad_sigma": 0.5700166703358293,
        "skewness": 0.12276885840901712,
        "kurtosis_excess": -0.8326927784338216,
        "delta_mean_median": -0.005775837266507239
      }
    },
    "subcoords": {
      "m_a": {
        "n": 48,
        "nan_frac": 0.0,
        "mean": 0.010960069174567858,
        "median": -0.06523674353957176,
        "std": 0.8622610544582384,
        "iqr": 1.4464681148529053,
        "mad": 0.6119632385671139,
        "mad_sigma": 0.907296697499603,
        "skewness": -0.28937325979015754,
        "kurtosis_excess": -0.7722617653160349,
        "delta_mean_median": 0.07619681271413963
      },
      "m_e": {
        "n": 48,
        "nan_frac": 0.0,
        "mean": -0.05304655828513205,
        "median": 0.014020800590515137,
        "std": 0.4470125177514603,
        "iqr": 0.6079250052571297,
        "mad": 0.2786608338356018,
        "mad_sigma": 0.41314255224466323,
        "skewness": -0.9820161222593948,
        "kurtosis_excess": 1.157767213803198,
        "delta_mean_median": -0.06706735887564719
      },
      "m_o": {
        "n": 48,
        "nan_frac": 0.0,
        "mean": 0.011894676562709114,
        "median": 0.058148542419075966,
        "std": 0.6526557929817784,
        "iqr": 0.897903174161911,
        "mad": 0.4579469505697489,
        "mad_sigma": 0.6789521489147097,
        "skewness": -0.49176230927523207,
        "kurtosis_excess": -0.08702598389576588,
        "delta_mean_median": -0.04625386585636685
      },
      "d_n": {
        "n": 48,
        "nan_frac": 0.0,
        "mean": 0.20600854667524496,
        "median": -0.004412554204463959,
        "std": 0.9229558769032038,
        "iqr": 1.2684639543294907,
        "mad": 0.6090259626507759,
        "mad_sigma": 0.9029418922260403,
        "skewness": 0.8128407299055121,
        "kurtosis_excess": 0.040636166960647646,
        "delta_mean_median": 0.21042110087970892
      },
      "d_l": {
        "n": 48,
        "nan_frac": 0.0,
        "mean": 0.976520006544888,
        "median": -0.16827240586280823,
        "std": 1.8377935914802943,
        "iqr": 3.2970163375139236,
        "mad": 0.4207780063152313,
        "mad_sigma": 0.6238454721629619,
        "skewness": 0.7574646029416261,
        "kurtosis_excess": -1.1269159042833536,
        "delta_mean_median": 1.1447924124076962
      },
      "d_s": {
        "n": 48,
        "nan_frac": 0.0,
        "mean": 0.9298508988382915,
        "median": 0.6761557459831238,
        "std": 1.1686722130258407,
        "iqr": 1.5464960895478725,
        "mad": 0.8292050287127495,
        "mad_sigma": 1.2293793755695224,
        "skewness": 0.33614037528202506,
        "kurtosis_excess": -0.8610374040063422,
        "delta_mean_median": 0.25369515285516775
      },
      "e_e": {
        "n": 48,
        "nan_frac": 0.0,
        "mean": -0.017408649602051202,
        "median": -1.5527475625276566e-06,
        "std": 0.9349003743556731,
        "iqr": 1.3254986256361008,
        "mad": 0.6744922727812082,
        "mad_sigma": 1.0000022436254192,
        "skewness": 0.0745718540794013,
        "kurtosis_excess": -0.4957839350397766,
        "delta_mean_median": -0.017407096854488675
      },
      "e_s": {
        "n": 48,
        "nan_frac": 0.0,
        "mean": 0.4932684472296387,
        "median": 0.5343719124794006,
        "std": 0.38788583730879417,
        "iqr": 0.503833781927824,
        "mad": 0.2734963968396187,
        "mad_sigma": 0.40548575795441866,
        "skewness": -0.13658540270271038,
        "kurtosis_excess": -0.8963138845146115,
        "delta_mean_median": -0.04110346524976194
      },
      "e_m": {
        "n": 48,
        "nan_frac": 0.0,
        "mean": 0.1207840598654002,
        "median": 1.695007085800171e-07,
        "std": 1.0468487852310164,
        "iqr": 1.307524636387825,
        "mad": 0.6744907796382904,
        "mad_sigma": 1.0000000298917293,
        "skewness": 0.5103313538587452,
        "kurtosis_excess": -0.10887282554996824,
        "delta_mean_median": 0.12078389036469162
      }
    }
  },
  "entropy_provisional": {},
  "tau_summary": {
    "axes": {
      "m": {
        "tau_sec": 8.0,
        "dt_sec": 4.0,
        "max_lag_sec": 60.0,
        "threshold": 0.36787944117144233,
        "nan_frac": 0.0,
        "nan_policy": "strict"
      },
      "d": {
        "tau_sec": 28.0,
        "dt_sec": 4.0,
        "max_lag_sec": 60.0,
        "threshold": 0.36787944117144233,
        "nan_frac": 0.0,
        "nan_policy": "strict"
      },
      "e": {
        "tau_sec": 8.0,
        "dt_sec": 4.0,
        "max_lag_sec": 60.0,
        "threshold": 0.36787944117144233,
        "nan_frac": 0.0,
        "nan_policy": "strict"
      }
    },
    "subcoords": {
      "m_a": {
        "tau_sec": 40.0,
        "dt_sec": 4.0,
        "max_lag_sec": 60.0,
        "threshold": 0.36787944117144233,
        "nan_frac": 0.0,
        "nan_policy": "strict"
      },
      "m_e": {
        "tau_sec": 8.0,
        "dt_sec": 4.0,
        "max_lag_sec": 60.0,
        "threshold": 0.36787944117144233,
        "nan_frac": 0.0,
        "nan_policy": "strict"
      },
      "m_o": {
        "tau_sec": 8.0,
        "dt_sec": 4.0,
        "max_lag_sec": 60.0,
        "threshold": 0.36787944117144233,
        "nan_frac": 0.0,
        "nan_policy": "strict"
      },
      "d_n": {
        "tau_sec": 8.0,
        "dt_sec": 4.0,
        "max_lag_sec": 60.0,
        "threshold": 0.36787944117144233,
        "nan_frac": 0.0,
        "nan_policy": "strict"
      },
      "d_l": {
        "tau_sec": 36.0,
        "dt_sec": 4.0,
        "max_lag_sec": 60.0,
        "threshold": 0.36787944117144233,