{
  "dataset_id": "ds003478:sub-015:rest_Rest_run-01",
  "subject": "sub-015",
  "session": null,
  "reliability_axes": {
    "m": 0.672263567211111,
    "d": 0.8019563086139134,
    "e": 0.7309453719877383
  },
  "reliability_subcoords": {
    "m_a": 0.5937367530674905,
    "m_e": 0.5956377940172326,
    "m_o": 0.9102233338292838,
    "d_n": 0.7573459499722704,
    "d_l": 0.7625268419730774,
    "d_s": 0.8408618575768135,
    "e_e": 0.9023831837746266,
    "e_s": 0.6046244923886714,
    "e_m": null
  }
}