{
  "dataset_id": "ds003478:sub-015:rest_Rest_run-01",
  "subject": "sub-015",
  "session": null,
  "coverage": {
    "epochs": 126,
    "seconds": 504.0
  },
  "artifacts": {
    "methods": [
      "none"
    ],
    "bad_eeg_channels": [],
    "n_bad_eeg_channels": 0,
    "stem_collisions": {}
  },
  "ensemble": {
    "var_by_subcoord": {
      "m_a": 0.0026158271357417107,
      "m_e": 0.003767979796975851,
      "m_o": 0.0052678873762488365,
      "d_n": 0.013808691874146461,
      "d_l": 0.004175485111773014,
      "d_s": 0.035878002643585205,
      "e_e": 6.432694817353618e-14,
      "e_s": 0.004207117948681116,
      "e_m": 0.0
    },
    "var_mean": 0.007746776876357391,
    "var_max": 0.035878002643585205
  },
  "reliability": {
    "axes": {
      "m": 0.672263567211111,
      "d": 0.8019563086139134,
      "e": 0.7309453719877383
    },
    "subcoords": {
      "m_a": 0.5937367530674905,
      "m_e": 0.5956377940172326,
      "m_o": 0.9102233338292838,
      "d_n": 0.7573459499722704,
      "d_l": 0.7625268419730774,
      "d_s": 0.8408618575768135,
      "e_e": 0.9023831837746266,
      "e_s": 0.6046244923886714,
      "e_m": null
    }
  },
  "dist_summary": {
    "axes": {
      "m": {
        "n": 126,
        "nan_frac": 0.0,
        "mean": -0.1007242469553141,
        "median": -0.2308630645275116,
        "std": 0.5483874726873722,
        "iqr": 0.8778318017721176,
        "mad": 0.33404330909252167,
        "mad_sigma": 0.4952526100605726,
        "skewness": -0.2612929926667801,
        "kurtosis_excess": 1.4169485725749746,
        "delta_mean_median": 0.1301388175721975
      },
      "d": {
        "n": 126,
        "nan_frac": 0.0,
        "mean": 0.41843986157180063,
        "median": 0.35692183673381805,
        "std": 0.6957839732085055,
        "iqr": 0.6991713044699281,
        "mad": 0.3389299917034805,
        "mad_sigma": 0.5024976056995801,
        "skewness": 0.8787077257209952,
        "kurtosis_excess": 0.8849744975308167,
        "delta_mean_median": 0.06151802483798258
      },
      "e": {
        "n": 126,
        "nan_frac": 0.0,
        "mean": 0.1300127694442395,
        "median": 0.05354606173932552,
        "std": 0.44677262683453034,
        "iqr": 0.5227384157478809,
        "mad": 0.24492494016885757,
        "mad_sigma": 0.3631257162943482,
        "skewness": 1.0077914307704317,
        "kurtosis_excess": 1.1273281211627006,
        "delta_mean_median": 0.07646670770491398
      }
    },
    "subcoords": {
      "m_a": {
        "n": 126,
        "nan_frac": 0.0,
        "mean": -0.0886874334177091,
        "median": -0.039781076833605766,
        "std": 1.0148145753116515,
        "iqr": 1.0144649744033813,
        "mad": 0.5108447521924973,
        "mad_sigma": 0.7573784296005964,
        "skewness": -1.6611765025455032,
        "kurtosis_excess": 7.57616605044101,
        "delta_mean_median": -0.04890635658410333
      },
      "m_e": {
        "n": 126,
        "nan_frac": 0.0,
        "mean": -0.20335290621456115,
        "median": -0.08943025395274162,
        "std": 0.37268335233094574,
        "iqr": 0.6059428174048662,
        "mad": 0.2986357547342777,
        "mad_sigma": 0.44275736996904014,
        "skewness": -0.9552119160945984,
        "kurtosis_excess": 2.394698760677284,
        "delta_mean_median": -0.11392265226181952
      },
      "m_o": {
        "n": 126,
        "nan_frac": 0.0,
        "mean": 0.008126719766074703,
        "median": 0.19142363220453262,
        "std": 0.7910878854770614,
        "iqr": 1.35032619535923,
        "mad": 0.6719603762030602,
        "mad_sigma": 0.9962484537586569,
        "skewness": 0.025541585621959264,
        "kurtosis_excess": -1.0449726937462598,
        "delta_mean_median": -0.18329691243845792
      },
      "d_n": {
        "n": 126,
        "nan_frac": 0.0,
        "mean": 0.10948695254231257,
        "median": -0.043963685631752014,
        "std": 0.6581768251630372,
        "iqr": 0.4702208898961544,
        "mad": 0.21714283525943756,
        "mad_sigma": 0.32193596755564213,
        "skewness": 3.2025412101581128,
        "kurtosis_excess": 12.671069831132197,
        "delta_mean_median": 0.15345063817406457
      },
      "d_l": {
        "n": 126,
        "nan_frac": 0.0,
        "mean": 0.5712674474195828,
        "median": 0.7600475549697876,
        "std": 1.0469645728739654,
        "iqr": 1.3206996619701385,
        "mad": 0.5475322306156158,
        "mad_sigma": 0.8117712851107121,
        "skewness": -0.0607941462355572,
        "kurtosis_excess": -0.47479087629637684,
        "delta_mean_median": -0.1887801075502048
      },
      "d_s": {
        "n": 126,
        "nan_frac": 0.0,
        "mean": 0.5225749931756466,
        "median": 0.1520959436893463,
        "std": 1.173098535276391,
        "iqr": 1.510983683168888,
        "mad": 0.7196972370147705,
        "mad_sigma": 1.0670231235980987,
        "skewness": 1.0075949292625415,
        "kurtosis_excess": 0.18154905805057364,
        "delta_mean_median": 0.3704790494863003
      },
      "e_e": {
        "n": 126,
        "nan_frac": 0.0,
        "mean": -0.13191371304648264,
        "median": 0.0,
        "std": 0.8471770555188937,
        "iqr": 1.3544802814722061,
        "mad": 0.674490749835968,
        "mad_sigma": 0.9999999857068061,
        "skewness": -0.5947047433091254,
        "kurtosis_excess": -0.5744465369093339,
        "delta_mean_median": -0.13191371304648264
      },
      "e_s": {
        "n": 126,
        "nan_frac": 0.0,
        "mean": 0.49309234004763386,
        "median": 0.46829216182231903,
        "std": 0.9467634928154071,
        "iqr": 1.385785773396492,
        "mad": 0.6799261718988419,
        "mad_sigma": 1.0080585424572228,
        "skewness": 0.603679772449816,
        "kurtosis_excess": 0.5202110841412098,
        "delta_mean_median": 0.02480017822531483
      },
      "e_m": {
        "n": 126,
        "nan_frac": 0.0,
        "mean": 0.047619047619047616,
        "median": 0.0,
        "std": 0.5323971374999499,
        "iqr": 0.0,
        "mad": 0.0,
        "mad_sigma": 0.0,
        "skewness": 11.09089716839896,
        "kurtosis_excess": 121.00800000000002,
        "delta_mean_median": 0.047619047619047616
      }
    }
  },
  "entropy_provisional": {
    "e_m": {
      "var": 0.2834467120181406,
      "n_unique": 2,
      "nan_frac": 0.0,
      "provisional": true
    }
  },
  "tau_summary": {
    "axes": {
      "m": {
        "tau_sec": 24.0,
        "dt_sec": 4.0,
        "max_lag_sec": 60.0,
        "threshold": 0.36787944117144233,
        "nan_frac": 0.0,
        "nan_policy": "strict"
      },
      "d": {
        "tau_sec": 12.0,
        "dt_sec": 4.0,
        "max_lag_sec": 60.0,
        "threshold": 0.36787944117144233,
        "nan_frac": 0.0,
        "nan_policy": "strict"
      },
      "e": {
        "tau_sec": 16.0,
        "dt_sec": 4.0,
        "max_lag_sec": 60.0,
        "threshold": 0.36787944117144233,
        "nan_frac": 0.0,
        "nan_policy": "strict"
      }
    },
    "subcoords": {
      "m_a": {
        "tau_sec": 8.0,
        "dt_sec": 4.0,
        "max_lag_sec": 60.0,
        "threshold": 0.36787944117144233,
        "nan_frac": 0.0,
        "nan_policy": "strict"
      },
      "m_e": {
        "tau_sec": 28.0,
        "dt_sec": 4.0,
        "max_lag_sec": 60.0,
        "threshold": 0.36787944117144233,
        "nan_frac": 0.0,
        "nan_policy": "strict"
      },
      "m_o": {
        "tau_sec": 32.0,
        "dt_sec": 4.0,
        "max_lag_sec": 60.0,
        "threshold": 0.36787944117144233,
        "nan_frac": 0.0,
        "nan_policy": "strict"
      },
      "d_n": {
        "tau_sec": 8.0,
        "dt_sec": 4.0,
        "max_lag_sec": 60.0,
        "threshold": 0.36787944117144233,
        "nan_frac": 0.0,
        "nan_policy": "strict"
      },
      "d_l": {
        "tau_sec": 8.0,
        "dt_sec": 4.0,
        "max_lag_sec": 60.0,