{
  "dataset_id": "ds003478:sub-027:rest_Rest_run-01",
  "subject": "sub-027",
  "session": null,
  "reliability_axes": {
    "m": 0.7805992964334306,
    "d": 0.7764011713994956,
    "e": 0.6645659223949117
  },
  "reliability_subcoords": {
    "m_a": 0.8343854481585126,
    "m_e": 0.45187575999433116,
    "m_o": 0.7383304329751561,
    "d_n": 0.22955709369443106,
    "d_l": 0.780161852549964,
    "d_s": 0.6591697205139823,
    "e_e": 0.7662180933518764,
    "e_s": 0.7878102297392673,
    "e_m": null
  }
}