{
  "dataset_id": "ds003478:sub-029:rest_Rest_run-01",
  "subject": "sub-029",
  "session": null,
  "reliability_axes": {
    "m": 0.9231055778274097,
    "d": 0.8290035910325476,
    "e": 0.9460391855787298
  },
  "reliability_subcoords": {
    "m_a": 0.9132931957860092,
    "m_e": 0.8855591318987811,
    "m_o": 0.8115665652645496,
    "d_n": 0.8608890725429357,
    "d_l": 0.7271214197597764,
    "d_s": 0.8995622317777774,
    "e_e": 0.9719790762596494,
    "e_s": 0.8465665102789149,
    "e_m": 0.696299149103967
  }
}