{
  "dataset_id": "ds003478:sub-029:rest_Rest_run-01",
  "subject": "sub-029",
  "session": null,
  "coverage": {
    "epochs": 122,
    "seconds": 488.0
  },
  "artifacts": {
    "methods": [
      "none"
    ],
    "bad_eeg_channels": [],
    "n_bad_eeg_channels": 0,
    "stem_collisions": {}
  },
  "ensemble": {
    "var_by_subcoord": {
      "m_a": 0.0007309984066523612,
      "m_e": 0.00443664938211441,
      "m_o": 0.009068414568901062,
      "d_n": 0.03616321086883545,
      "d_l": 0.006660898681730032,
      "d_s": 0.06212525814771652,
      "e_e": 4.597771816050589e-13,
      "e_s": 0.017129316926002502,
      "e_m": 0.0
    },
    "var_mean": 0.01514608299804579,
    "var_max": 0.06212525814771652
  },
  "reliability": {
    "axes": {
      "m": 0.9231055778274097,
      "d": 0.8290035910325476,
      "e": 0.9460391855787298
    },
    "subcoords": {
      "m_a": 0.9132931957860092,
      "m_e": 0.8855591318987811,
      "m_o": 0.8115665652645496,
      "d_n": 0.8608890725429357,
      "d_l": 0.7271214197597764,
      "d_s": 0.8995622317777774,
      "e_e": 0.9719790762596494,
      "e_s": 0.8465665102789149,
      "e_m": 0.696299149103967
    }
  },
  "dist_summary": {
    "axes": {
      "m": {
        "n": 122,
        "nan_frac": 0.0,
        "mean": -0.8418041667213938,
        "median": -0.0020821522921323776,
        "std": 1.5019797297692177,
        "iqr": 3.044969864189625,
        "mad": 0.4397458117455244,
        "mad_sigma": 0.6519671404939145,
        "skewness": -0.694707239525114,
        "kurtosis_excess": -1.350265109880362,
        "delta_mean_median": -0.8397220144292614
      },
      "d": {
        "n": 122,
        "nan_frac": 0.0,
        "mean": 0.6582750210569042,
        "median": 0.7786568701267242,
        "std": 0.8517473067999355,
        "iqr": 1.3628938868641853,
        "mad": 0.6047541052103043,
        "mad_sigma": 0.896608436384797,
        "skewness": 0.32188234380758973,
        "kurtosis_excess": -0.3667802186032785,
        "delta_mean_median": -0.12038184906982008
      },
      "e": {
        "n": 122,
        "nan_frac": 0.0,
        "mean": -0.4948409922329373,
        "median": 0.079926498234272,
        "std": 1.1350211034453366,
        "iqr": 2.1858034282922745,
        "mad": 0.2955324202775955,
        "mad_sigma": 0.4381563663035631,
        "skewness": -0.7883069991014902,
        "kurtosis_excess": -1.0846401931143252,
        "delta_mean_median": -0.5747674904672093
      }
    },
    "subcoords": {
      "m_a": {
        "n": 122,
        "nan_frac": 0.0,
        "mean": -1.347282776250275,
        "median": 0.009879647986963391,
        "std": 2.2685772920932172,
        "iqr": 4.8234018459916115,
        "mad": 0.5230486996006221,
        "mad_sigma": 0.7754720020278822,
        "skewness": -0.6863959731535979,
        "kurtosis_excess": -1.4380439368283604,
        "delta_mean_median": -1.3571624242372384
      },
      "m_e": {
        "n": 122,
        "nan_frac": 0.0,
        "mean": -0.5824316641445593,
        "median": -0.022017893847078085,
        "std": 1.008055295717988,
        "iqr": 2.2079985551536083,
        "mad": 0.3059989786706865,
        "mad_sigma": 0.45367408577715973,
        "skewness": -0.6228545336142104,
        "kurtosis_excess": -1.4661140985276513,
        "delta_mean_median": -0.5604137702974812
      },
      "m_o": {
        "n": 122,
        "nan_frac": 0.0,
        "mean": -0.46237783512619673,
        "median": -0.19752568751573563,
        "std": 1.2701636414037718,
        "iqr": 1.6529681831598282,
        "mad": 0.7292294427752495,
        "mad_sigma": 1.0811555718585848,
        "skewness": -0.317057434966722,
        "kurtosis_excess": -0.10169110160444372,
        "delta_mean_median": -0.2648521476104611
      },
      "d_n": {
        "n": 122,
        "nan_frac": 0.0,
        "mean": 0.9736894797839102,
        "median": 0.14392925798892975,
        "std": 1.6391127882991297,
        "iqr": 3.026614621281624,
        "mad": 0.6936978548765182,
        "mad_sigma": 1.028476439639926,
        "skewness": 0.7799212264144832,
        "kurtosis_excess": -0.708160740082397,
        "delta_mean_median": 0.8297602217949804
      },
      "d_l": {
        "n": 122,
        "nan_frac": 0.0,
        "mean": 0.29492493392136254,
        "median": -0.036060627549886703,
        "std": 1.0043891123894901,
        "iqr": 1.529779240489006,
        "mad": 0.5949364639818668,
        "mad_sigma": 0.8820528014995157,
        "skewness": 0.8714809636966129,
        "kurtosis_excess": 0.08959870932338188,
        "delta_mean_median": 0.33098556147124925
      },
      "d_s": {
        "n": 122,
        "nan_frac": 0.0,
        "mean": 1.159131520595707,
        "median": 0.7662408947944641,
        "std": 1.6111458892590484,
        "iqr": 3.0192620009183884,
        "mad": 1.3663475811481476,
        "mad_sigma": 2.0257469238102437,
        "skewness": 0.4869503215748626,
        "kurtosis_excess": -0.9709393816238276,
        "delta_mean_median": 0.3928906258012428
      },
      "e_e": {
        "n": 122,
        "nan_frac": 0.0,
        "mean": -1.4022334386159467,
        "median": -2.0007137209177017e-06,
        "std": 2.6512407770950146,
        "iqr": 5.239004969596863,
        "mad": 0.6744927207473665,
        "mad_sigma": 1.0000029077800456,
        "skewness": -0.7906197197959416,
        "kurtosis_excess": -1.1780892526297941,
        "delta_mean_median": -1.4022314379022258
      },
      "e_s": {
        "n": 122,
        "nan_frac": 0.0,
        "mean": 0.7012805293207286,
        "median": 0.23123903572559357,
        "std": 0.9961792599632022,
        "iqr": 1.8009999822825193,
        "mad": 0.5764780193567276,
        "mad_sigma": 0.8546863114982843,
        "skewness": 0.571939963801307,
        "kurtosis_excess": -1.0232525492313937,
        "delta_mean_median": 0.47004149359513503
      },
      "e_m": {
        "n": 122,
        "nan_frac": 0.0,
        "mean": 0.4947664392043333,
        "median": -1.126900315284729e-07,
        "std": 1.3308468663840816,
        "iqr": 1.8484393879771233,
        "mad": 0.6744906073436141,
        "mad_sigma": 0.9999997744476422,
        "skewness": 1.0416475526014717,
        "kurtosis_excess": 0.15453635726485881,
        "delta_mean_median": 0.4947665518943648
      }
    }
  },
  "entropy_provisional": {},
  "tau_summary": {
    "axes": {
      "m": {
        "tau_sec": 60.0,
        "dt_sec": 4.0,
        "max_lag_sec": 60.0,
        "threshold": 0.36787944117144233,
        "nan_frac": 0.0,
        "nan_policy": "strict"
      },
      "d": {
        "tau_sec": 44.0,
        "dt_sec": 4.0,
        "max_lag_sec": 60.0,
        "threshold": 0.36787944117144233,
        "nan_frac": 0.0,
        "nan_policy": "strict"
      },
      "e": {
        "tau_sec": 60.0,
        "dt_sec": 4.0,
        "max_lag_sec": 60.0,
        "threshold": 0.36787944117144233,
        "nan_frac": 0.0,
        "nan_policy": "strict"
      }
    },
    "subcoords": {
      "m_a": {
        "tau_sec": 60.0,
        "dt_sec": 4.0,
        "max_lag_sec": 60.0,
        "threshold": 0.36787944117144233,
        "nan_frac": 0.0,
        "nan_policy": "strict"
      },
      "m_e": {
        "tau_sec": 60.0,
        "dt_sec": 4.0,
        "max_lag_sec": 60.0,
        "threshold": 0.36787944117144233,
        "nan_frac": 0.0,
        "nan_policy": "strict"
      },
      "m_o": {
        "tau_sec": 40.0,
        "dt_sec": 4.0,
        "max_lag_sec": 60.0,
        "threshold": 0.36787944117144233,
        "nan_frac": 0.0,
        "nan_policy": "strict"
      },
      "d_n": {
        "tau_sec": 60.0,
        "dt_sec": 4.0,
        "max_lag_sec": 60.0,
        "threshold": 0.36787944117144233,
        "nan_frac": 0.0,
        "nan_policy": "strict"
      },
      "d_l": {
        "tau_sec": 20.0,
        "dt_sec": 4.0,
        "max_lag_sec": 60.0,
        "threshold": 0.36787944117144233,
        "nan_frac": 0.0,