{
  "dataset_id": "ds003478:sub-076:rest_Rest_run-02",
  "subject": "sub-076",
  "session": null,
  "reliability_axes": {
    "m": 0.0917610118521525,
    "d": 0.6402856364928421,
    "e": 0.5457421524528826
  },
  "reliability_subcoords": {
    "m_a": 0.8318387261318879,
    "m_e": 0.5590844281075047,
    "m_o": 0.15188211161657192,
    "d_n": 0.31840235291522717,
    "d_l": 0.8041610803707491,
    "d_s": 0.7148138200789733,
    "e_e": 0.5074968429240069,
    "e_s": 0.6883841830697891,
    "e_m": 0.3240464307979585
  }
}