{
  "dataset_id": "ds003478:sub-076:rest_Rest_run-02",
  "subject": "sub-076",
  "session": null,
  "coverage": {
    "epochs": 38,
    "seconds": 152.0
  },
  "artifacts": {
    "methods": [
      "none"
    ],
    "bad_eeg_channels": [],
    "n_bad_eeg_channels": 0,
    "stem_collisions": {}
  },
  "ensemble": {
    "var_by_subcoord": {
      "m_a": 0.000840591499581933,
      "m_e": 0.004347019828855991,
      "m_o": 0.004278079140931368,
      "d_n": 0.0063351793214678764,
      "d_l": 0.4379819333553314,
      "d_s": 0.2092534452676773,
      "e_e": 1.6956152194130825e-12,
      "e_s": 0.02359829843044281,
      "e_m": 0.0
    },
    "var_mean": 0.07629272742733159,
    "var_max": 0.4379819333553314
  },
  "reliability": {
    "axes": {
      "m": 0.0917610118521525,
      "d": 0.6402856364928421,
      "e": 0.5457421524528826
    },
    "subcoords": {
      "m_a": 0.8318387261318879,
      "m_e": 0.5590844281075047,
      "m_o": 0.15188211161657192,
      "d_n": 0.31840235291522717,
      "d_l": 0.8041610803707491,
      "d_s": 0.7148138200789733,
      "e_e": 0.5074968429240069,
      "e_s": 0.6883841830697891,
      "e_m": 0.3240464307979585
    }
  },
  "dist_summary": {
    "axes": {
      "m": {
        "n": 38,
        "nan_frac": 0.0,
        "mean": 0.0951164553775207,
        "median": 0.0480527700856328,
        "std": 0.4912760004535946,
        "iqr": 0.41988561302423477,
        "mad": 0.21401747036725283,
        "mad_sigma": 0.31730230156648903,
        "skewness": 0.3378931738625442,
        "kurtosis_excess": 2.1449317035740796,
        "delta_mean_median": 0.0470636852918879
      },
      "d": {
        "n": 38,
        "nan_frac": 0.0,
        "mean": 1.0323365965956135,
        "median": 1.0540738105773926,
        "std": 1.355368217268185,
        "iqr": 2.8474313095211983,
        "mad": 1.44570392370224,
        "mad_sigma": 2.143400637280941,
        "skewness": 0.16406254970630388,
        "kurtosis_excess": -1.5508598881055304,
        "delta_mean_median": -0.02173721398177908
      },
      "e": {
        "n": 38,
        "nan_frac": 0.0,
        "mean": 0.25942889684321063,
        "median": 0.27558375895023346,
        "std": 0.6476037469199108,
        "iqr": 0.8760132901370525,
        "mad": 0.4547232389450073,
        "mad_sigma": 0.6741726740598678,
        "skewness": -0.1939161605697918,
        "kurtosis_excess": 0.099607374151097,
        "delta_mean_median": -0.016154862107022827
      }
    },
    "subcoords": {
      "m_a": {
        "n": 38,
        "nan_frac": 0.0,
        "mean": 0.31332707120791864,
        "median": -0.0693455133587122,
        "std": 1.0496349736304709,
        "iqr": 1.7915409579873085,
        "mad": 1.0264307260513306,
        "mad_sigma": 1.5217861944437026,
        "skewness": -0.1314592423446307,
        "kurtosis_excess": -1.1886455790692894,
        "delta_mean_median": 0.38267258456663084
      },
      "m_e": {
        "n": 38,
        "nan_frac": 0.0,
        "mean": -0.12324757832347562,
        "median": -0.03492902731522918,
        "std": 0.6515847619449433,
        "iqr": 0.7655714750289917,
        "mad": 0.35963660990819335,
        "mad_sigma": 0.5331972378498875,
        "skewness": 0.377503266753805,
        "kurtosis_excess": 0.7899182045487514,
        "delta_mean_median": -0.08831855100824644
      },
      "m_o": {
        "n": 38,
        "nan_frac": 0.0,
        "mean": 0.061360091779773175,
        "median": 0.01762444619089365,
        "std": 0.9556808390961428,
        "iqr": 0.8617409840226173,
        "mad": 0.40598935540765524,
        "mad_sigma": 0.6019198183273896,
        "skewness": 1.899861981906276,
        "kurtosis_excess": 5.342667614221286,
        "delta_mean_median": 0.043735645588879525
      },
      "d_n": {
        "n": 38,
        "nan_frac": 0.0,
        "mean": 0.47528793760820437,
        "median": -0.059272222220897675,
        "std": 1.4934623591595222,
        "iqr": 0.41421036422252655,
        "mad": 0.21675486862659454,
        "mad_sigma": 0.3213607682257891,
        "skewness": 2.480584481464827,
        "kurtosis_excess": 5.440855681208088,
        "delta_mean_median": 0.5345601598291021
      },
      "d_l": {
        "n": 38,
        "nan_frac": 0.0,
        "mean": 1.2578853827558065,
        "median": 0.1321561150252819,
        "std": 1.968466849084865,
        "iqr": 4.316170483827591,
        "mad": 0.7552954964339733,
        "mad_sigma": 1.1198011030130088,
        "skewness": 0.383478422245177,
        "kurtosis_excess": -1.686425166310339,
        "delta_mean_median": 1.1257292677305246
      },
      "d_s": {
        "n": 38,
        "nan_frac": 0.0,
        "mean": 1.3665306732842797,
        "median": 1.1490804553031921,
        "std": 1.831525417421577,
        "iqr": 3.7015730291604996,
        "mad": 1.7475490272045135,
        "mad_sigma": 2.5909161877334115,
        "skewness": 0.3248820941523505,
        "kurtosis_excess": -1.117024202810814,
        "delta_mean_median": 0.21745021798108755
      },
      "e_e": {
        "n": 38,
        "nan_frac": 0.0,
        "mean": -0.09500012585991308,
        "median": 0.0,
        "std": 0.973916658905996,
        "iqr": 1.3912179619073868,
        "mad": 0.6744906902313232,
        "mad_sigma": 0.9999998973369598,
        "skewness": -0.2128615692354007,
        "kurtosis_excess": -0.0009556565783972459,
        "delta_mean_median": -0.09500012585991308
      },
      "e_s": {
        "n": 38,
        "nan_frac": 0.0,
        "mean": 0.7127927075091162,
        "median": 0.39243388175964355,
        "std": 0.6460291156299607,
        "iqr": 1.1001442931592464,
        "mad": 0.4488656669855118,
        "mad_sigma": 0.6654882378727197,
        "skewness": 0.6473369813870654,
        "kurtosis_excess": -0.27212363570347087,
        "delta_mean_median": 0.3203588257494726
      },
      "e_m": {
        "n": 38,
        "nan_frac": 0.0,
        "mean": 0.9320665278324956,
        "median": 0.0,
        "std": 2.404300637470838,
        "iqr": 1.6634579002857208,
        "mad": 0.6744907200336456,
        "mad_sigma": 0.999999941521883,
        "skewness": 1.2711905202004259,
        "kurtosis_excess": 0.34533376460964504,
        "delta_mean_median": 0.9320665278324956
      }
    }
  },
  "entropy_provisional": {},
  "tau_summary": {
    "axes": {
      "m": {
        "tau_sec": 4.0,
        "dt_sec": 4.0,
        "max_lag_sec": 60.0,
        "threshold": 0.36787944117144233,
        "nan_frac": 0.0,
        "nan_policy": "strict"
      },
      "d": {
        "tau_sec": 24.0,
        "dt_sec": 4.0,
        "max_lag_sec": 60.0,
        "threshold": 0.36787944117144233,
        "nan_frac": 0.0,
        "nan_policy": "strict"
      },
      "e": {
        "tau_sec": 8.0,
        "dt_sec": 4.0,
        "max_lag_sec": 60.0,
        "threshold": 0.36787944117144233,
        "nan_frac": 0.0,
        "nan_policy": "strict"
      }
    },
    "subcoords": {
      "m_a": {
        "tau_sec": 20.0,
        "dt_sec": 4.0,
        "max_lag_sec": 60.0,
        "threshold": 0.36787944117144233,
        "nan_frac": 0.0,
        "nan_policy": "strict"
      },
      "m_e": {
        "tau_sec": 8.0,
        "dt_sec": 4.0,
        "max_lag_sec": 60.0,
        "threshold": 0.36787944117144233,
        "nan_frac": 0.0,
        "nan_policy": "strict"
      },
      "m_o": {
        "tau_sec": 8.0,
        "dt_sec": 4.0,
        "max_lag_sec": 60.0,
        "threshold": 0.36787944117144233,
        "nan_frac": 0.0,
        "nan_policy": "strict"
      },
      "d_n": {
        "tau_sec": 8.0,
        "dt_sec": 4.0,
        "max_lag_sec": 60.0,
        "threshold": 0.36787944117144233,
        "nan_frac": 0.0,
        "nan_policy": "strict"
      },
      "d_l": {
        "tau_sec": 32.0,
        "dt_sec": 4.0,
        "max_lag_sec": 60.0,
        "threshold": 0.36787944117144233,
        "nan_frac": 0.0,
        "nan_policy": "strict"
      },