{
  "dataset_id": "ds003478:sub-056:rest_Rest_run-01",
  "subject": "sub-056",
  "session": null,
  "reliability_axes": {
    "m": 0.6716906421955126,
    "d": 0.7809145751881822,
    "e": 0.7850704512418095
  },
  "reliability_subcoords": {
    "m_a": 0.6163149752837235,
    "m_e": 0.8815148378410688,
    "m_o": 0.8787578701318992,
    "d_n": 0.6301818866338657,
    "d_l": 0.7616083672400513,
    "d_s": 0.8570214411321933,
    "e_e": 0.9069545569651278,
    "e_s": 0.5635986364755966,
    "e_m": 0.48864696135471475
  }
}