{
  "dataset_id": "ds003478:sub-056:rest_Rest_run-01",
  "subject": "sub-056",
  "session": null,
  "coverage": {
    "epochs": 118,
    "seconds": 472.0
  },
  "artifacts": {
    "methods": [
      "none"
    ],
    "bad_eeg_channels": [],
    "n_bad_eeg_channels": 0,
    "stem_collisions": {}
  },
  "ensemble": {
    "var_by_subcoord": {
      "m_a": 0.001936072250828147,
      "m_e": 0.0010380366584286094,
      "m_o": 0.002603876171633601,
      "d_n": 0.042033348232507706,
      "d_l": 0.002576448256149888,
      "d_s": 0.005227045621722937,
      "e_e": 1.0568314886411079e-13,
      "e_s": 0.0010172395268455148,
      "e_m": 0.0
    },
    "var_mean": 0.006270229635358009,
    "var_max": 0.042033348232507706
  },
  "reliability": {
    "axes": {
      "m": 0.6716906421955126,
      "d": 0.7809145751881822,
      "e": 0.7850704512418095
    },
    "subcoords": {
      "m_a": 0.6163149752837235,
      "m_e": 0.8815148378410688,
      "m_o": 0.8787578701318992,
      "d_n": 0.6301818866338657,
      "d_l": 0.7616083672400513,
      "d_s": 0.8570214411321933,
      "e_e": 0.9069545569651278,
      "e_s": 0.5635986364755966,
      "e_m": 0.48864696135471475
    }
  },
  "dist_summary": {
    "axes": {
      "m": {
        "n": 118,
        "nan_frac": 0.0,
        "mean": -0.05375918253498562,
        "median": -0.14888392388820648,
        "std": 0.5370464897513805,
        "iqr": 0.5372501276433468,
        "mad": 0.26275642216205597,
        "mad_sigma": 0.38956267149746415,
        "skewness": 0.39953558388479166,
        "kurtosis_excess": 0.4305034803440999,
        "delta_mean_median": 0.09512474135322085
      },
      "d": {
        "n": 118,
        "nan_frac": 0.0,
        "mean": 0.13835052880695312,
        "median": 0.28280816972255707,
        "std": 0.7047081179920748,
        "iqr": 1.1424876973032951,
        "mad": 0.48027877509593964,
        "mad_sigma": 0.7120613119572401,
        "skewness": -0.025318277397911426,
        "kurtosis_excess": -0.5234180825773933,
        "delta_mean_median": -0.14445764091560395
      },
      "e": {
        "n": 118,
        "nan_frac": 0.0,
        "mean": 0.2363607331999909,
        "median": 0.21486441045999527,
        "std": 0.6274626290668331,
        "iqr": 0.8930176086723804,
        "mad": 0.4619331881403923,
        "mad_sigma": 0.6848621447369456,
        "skewness": 0.2638587498228428,
        "kurtosis_excess": -0.6673669237478417,
        "delta_mean_median": 0.021496322739995632
      }
    },
    "subcoords": {
      "m_a": {
        "n": 118,
        "nan_frac": 0.0,
        "mean": -0.1984083497091749,
        "median": 0.027654293924570084,
        "std": 1.0562555613677413,
        "iqr": 0.964793361723423,
        "mad": 0.48927736282348633,
        "mad_sigma": 0.7254026181221008,
        "skewness": -0.8696574932445919,
        "kurtosis_excess": 0.8384599882100741,
        "delta_mean_median": -0.22606264363374498
      },
      "m_e": {
        "n": 118,
        "nan_frac": 0.0,
        "mean": -0.03163395083008208,
        "median": -0.0311698317527771,
        "std": 0.245125041948158,
        "iqr": 0.449501883238554,
        "mad": 0.22634685784578323,
        "mad_sigma": 0.3355818514421582,
        "skewness": 0.03998687413425666,
        "kurtosis_excess": -1.2082279576606327,
        "delta_mean_median": -0.0004641190773049808
      },
      "m_o": {
        "n": 118,
        "nan_frac": 0.0,
        "mean": 0.11849329418550103,
        "median": 0.10749894380569458,
        "std": 0.9230118674923139,
        "iqr": 1.5479120314121246,
        "mad": 0.7857363224029541,
        "mad_sigma": 1.1649326715946198,
        "skewness": 0.25230593491923625,
        "kurtosis_excess": -0.92822614546705,
        "delta_mean_median": 0.01099435037980645
      },
      "d_n": {
        "n": 118,
        "nan_frac": 0.0,
        "mean": 0.1730014392001144,
        "median": 0.13580358028411865,
        "std": 0.36494797331022083,
        "iqr": 0.35352886095643044,
        "mad": 0.17354881763458252,
        "mad_sigma": 0.25730347702503203,
        "skewness": 1.0669202196831242,
        "kurtosis_excess": 2.5583427105655803,
        "delta_mean_median": 0.03719785891599575
      },
      "d_l": {
        "n": 118,
        "nan_frac": 0.0,
        "mean": 0.0713270394352533,
        "median": 0.2957335561513901,
        "std": 1.1000462250688605,
        "iqr": 1.6410354375839233,
        "mad": 0.7236797958612442,
        "mad_sigma": 1.0729276653438806,
        "skewness": -0.1366513115218461,
        "kurtosis_excess": -0.5264189960544963,
        "delta_mean_median": -0.22440651671613676
      },
      "d_s": {
        "n": 118,
        "nan_frac": 0.0,
        "mean": 0.27275697694365253,
        "median": -0.09392354637384415,
        "std": 0.9765615541124815,
        "iqr": 1.6147034615278244,
        "mad": 0.7147427275776863,
        "mad_sigma": 1.0596775679066777,
        "skewness": 0.6704172659158135,
        "kurtosis_excess": -0.09331091492965937,
        "delta_mean_median": 0.3666805233174967
      },
      "e_e": {
        "n": 118,
        "nan_frac": 0.0,
        "mean": -0.16334753568773552,
        "median": -7.729977369308472e-07,
        "std": 0.8808765932045871,
        "iqr": 1.4571558088064194,
        "mad": 0.674491522833705,
        "mad_sigma": 1.000001131753251,
        "skewness": -0.5987958252689565,
        "kurtosis_excess": -0.6663516572641881,
        "delta_mean_median": -0.1633467626899986
      },
      "e_s": {
        "n": 118,
        "nan_frac": 0.0,
        "mean": 0.7998117968061212,
        "median": 0.42485184967517853,
        "std": 1.0456961861573106,
        "iqr": 1.119420863687992,
        "mad": 0.36522360891103745,
        "mad_sigma": 0.5414805225715041,
        "skewness": 0.8665414006914941,
        "kurtosis_excess": -0.34645784509938116,
        "delta_mean_median": 0.3749599471309427
      },
      "e_m": {
        "n": 118,
        "nan_frac": 0.0,
        "mean": -0.0832263251955984,
        "median": -3.2782554626464844e-07,
        "std": 1.1063759239786797,
        "iqr": 1.3213938772678375,
        "mad": 0.6744907200336456,
        "mad_sigma": 0.999999941521883,
        "skewness": -0.3057874192381978,
        "kurtosis_excess": 0.9818908750279363,
        "delta_mean_median": -0.08322599737005214
      }
    }
  },
  "entropy_provisional": {},
  "tau_summary": {
    "axes": {
      "m": {
        "tau_sec": 8.0,
        "dt_sec": 4.0,
        "max_lag_sec": 60.0,
        "threshold": 0.36787944117144233,
        "nan_frac": 0.0,
        "nan_policy": "strict"
      },
      "d": {
        "tau_sec": 16.0,
        "dt_sec": 4.0,
        "max_lag_sec": 60.0,
        "threshold": 0.36787944117144233,
        "nan_frac": 0.0,
        "nan_policy": "strict"
      },
      "e": {
        "tau_sec": 24.0,
        "dt_sec": 4.0,
        "max_lag_sec": 60.0,
        "threshold": 0.36787944117144233,
        "nan_frac": 0.0,
        "nan_policy": "strict"
      }
    },
    "subcoords": {
      "m_a": {
        "tau_sec": 8.0,
        "dt_sec": 4.0,
        "max_lag_sec": 60.0,
        "threshold": 0.36787944117144233,
        "nan_frac": 0.0,
        "nan_policy": "strict"
      },
      "m_e": {
        "tau_sec": 28.0,
        "dt_sec": 4.0,
        "max_lag_sec": 60.0,
        "threshold": 0.36787944117144233,
        "nan_frac": 0.0,
        "nan_policy": "strict"
      },
      "m_o": {
        "tau_sec": 32.0,
        "dt_sec": 4.0,
        "max_lag_sec": 60.0,
        "threshold": 0.36787944117144233,
        "nan_frac": 0.0,
        "nan_policy": "strict"
      },
      "d_n": {
        "tau_sec": 8.0,
        "dt_sec": 4.0,
        "max_lag_sec": 60.0,
        "threshold": 0.36787944117144233,
        "nan_frac": 0.0,
        "nan_policy": "strict"
      },
      "d_l": {
        "tau_sec": 12.0,
        "dt_sec": 4.0,
        "max_lag_sec": 60.0,
        "threshold": 0.36787944117144233,