{
  "dataset_id": "ds003478:sub-068:rest_Rest_run-01",
  "subject": "sub-068",
  "session": null,
  "reliability_axes": {
    "m": 0.6252387510547158,
    "d": 0.8867286166053414,
    "e": 0.7646938274161463
  },
  "reliability_subcoords": {
    "m_a": 0.9339014945166212,
    "m_e": 0.6677056305874637,
    "m_o": 0.5637273457743266,
    "d_n": 0.7997254603298138,
    "d_l": 0.878227283176435,
    "d_s": 0.8413609801319575,
    "e_e": 0.7315609120363181,
    "e_s": 0.6537940151579986,
    "e_m": 1.0
  }
}