{
  "dataset_id": "ds003478:sub-068:rest_Rest_run-01",
  "subject": "sub-068",
  "session": null,
  "coverage": {
    "epochs": 124,
    "seconds": 496.0
  },
  "artifacts": {
    "methods": [
      "none"
    ],
    "bad_eeg_channels": [],
    "n_bad_eeg_channels": 0,
    "stem_collisions": {}
  },
  "ensemble": {
    "var_by_subcoord": {
      "m_a": 0.004803603049367666,
      "m_e": 0.00037659978261217475,
      "m_o": 0.006036615464836359,
      "d_n": 0.03451167792081833,
      "d_l": 0.010450948029756546,
      "d_s": 0.02530263364315033,
      "e_e": 1.4569630766604613e-13,
      "e_s": 0.011610537767410278,
      "e_m": 0.0
    },
    "var_mean": 0.01034362396201082,
    "var_max": 0.03451167792081833
  },
  "reliability": {
    "axes": {
      "m": 0.6252387510547158,
      "d": 0.8867286166053414,
      "e": 0.7646938274161463
    },
    "subcoords": {
      "m_a": 0.9339014945166212,
      "m_e": 0.6677056305874637,
      "m_o": 0.5637273457743266,
      "d_n": 0.7997254603298138,
      "d_l": 0.878227283176435,
      "d_s": 0.8413609801319575,
      "e_e": 0.7315609120363181,
      "e_s": 0.6537940151579986,
      "e_m": 1.0
    }
  },
  "dist_summary": {
    "axes": {
      "m": {
        "n": 124,
        "nan_frac": 0.0,
        "mean": 0.03532377132045616,
        "median": 0.018567193299531937,
        "std": 0.5291094954749404,
        "iqr": 0.5830201208591461,
        "mad": 0.2828669883310795,
        "mad_sigma": 0.4193785968996584,
        "skewness": -0.40654745263713216,
        "kurtosis_excess": 3.6899848471846273,
        "delta_mean_median": 0.016756578020924222
      },
      "d": {
        "n": 124,
        "nan_frac": 0.0,
        "mean": 0.416499329941167,
        "median": 0.2718692868947983,
        "std": 0.7802615118783487,
        "iqr": 1.0688427202403545,
        "mad": 0.5238831639289856,
        "mad_sigma": 0.776709178841114,
        "skewness": 0.9144791445588127,
        "kurtosis_excess": 0.6562575808156339,
        "delta_mean_median": 0.14463004304636873
      },
      "e": {
        "n": 124,
        "nan_frac": 0.0,
        "mean": 0.07218437522392525,
        "median": 0.034121932461857796,
        "std": 0.6011185144647128,
        "iqr": 0.738655723631382,
        "mad": 0.37755677103996277,
        "mad_sigma": 0.5597656687438488,
        "skewness": 0.5205024483615867,
        "kurtosis_excess": 2.0272652232638464,
        "delta_mean_median": 0.03806244276206745
      }
    },
    "subcoords": {
      "m_a": {
        "n": 124,
        "nan_frac": 0.0,
        "mean": -0.015440999802517435,
        "median": 0.1575811207294464,
        "std": 0.9939964955976763,
        "iqr": 1.118960052728653,
        "mad": 0.5439885258674622,
        "mad_sigma": 0.8065173884510993,
        "skewness": -3.4299574096345573,
        "kurtosis_excess": 18.522236112295573,
        "delta_mean_median": -0.17302212053196384
      },
      "m_e": {
        "n": 124,
        "nan_frac": 0.0,
        "mean": 0.07321302142489942,
        "median": 0.08870067447423935,
        "std": 0.5670631675519516,
        "iqr": 0.5957256704568863,
        "mad": 0.2914234399795532,
        "mad_sigma": 0.4320643921136856,
        "skewness": -0.3632345516963278,
        "kurtosis_excess": 2.0702147782264815,
        "delta_mean_median": -0.015487653049339925
      },
      "m_o": {
        "n": 124,
        "nan_frac": 0.0,
        "mean": 0.05895725615142334,
        "median": -0.04783722199499607,
        "std": 0.8695332106027319,
        "iqr": 0.9436118900775909,
        "mad": 0.48297074995934963,
        "mad_sigma": 0.7160524338897317,
        "skewness": 1.8207708183401725,
        "kurtosis_excess": 5.180278680164175,
        "delta_mean_median": 0.1067944781464194
      },
      "d_n": {
        "n": 124,
        "nan_frac": 0.0,
        "mean": 0.224751788086348,
        "median": -0.010841384530067444,
        "std": 1.0709999951194733,
        "iqr": 1.1817041486501694,
        "mad": 0.5838024318218231,
        "mad_sigma": 0.8655454854190349,
        "skewness": 1.59522017032594,
        "kurtosis_excess": 4.032210690125489,
        "delta_mean_median": 0.23559317261641544
      },
      "d_l": {
        "n": 124,
        "nan_frac": 0.0,
        "mean": 0.5011601126001727,
        "median": -0.01823453977704048,
        "std": 1.1931225734984263,
        "iqr": 1.8968931585550308,
        "mad": 0.6570307612419128,
        "mad_sigma": 0.9741138066172599,
        "skewness": 0.8022551701243446,
        "kurtosis_excess": -0.4453667997609174,
        "delta_mean_median": 0.5193946523772132
      },
      "d_s": {
        "n": 124,
        "nan_frac": 0.0,
        "mean": 0.5109705106625634,
        "median": 0.4192875325679779,
        "std": 1.0162630235986112,
        "iqr": 1.4171043410897255,
        "mad": 0.7082578092813492,
        "mad_sigma": 1.0500630280405283,
        "skewness": 0.5449962507317864,
        "kurtosis_excess": -0.2677481668538104,
        "delta_mean_median": 0.09168297809458548
      },
      "e_e": {
        "n": 124,
        "nan_frac": 0.0,
        "mean": -0.07518016913485143,
        "median": 2.064742147922516e-06,
        "std": 1.093918096332789,
        "iqr": 1.3593851327896118,
        "mad": 0.6744907200336456,
        "mad_sigma": 0.999999941521883,
        "skewness": -0.09573562114087686,
        "kurtosis_excess": 0.5593453531271089,
        "delta_mean_median": -0.07518223387699935
      },
      "e_s": {
        "n": 124,
        "nan_frac": 0.0,
        "mean": 0.2730265920681338,
        "median": 0.22681114822626114,
        "std": 0.42417509047892077,
        "iqr": 0.6872464641928673,
        "mad": 0.3339681476354599,
        "mad_sigma": 0.4951411756843328,
        "skewness": 0.2964883146675994,
        "kurtosis_excess": -0.913352907667734,
        "delta_mean_median": 0.04621544384187265
      },
      "e_m": {
        "n": 124,
        "nan_frac": 0.0,
        "mean": 0.0967741935483871,
        "median": 0.0,
        "std": 0.7558306137974182,
        "iqr": 0.0,
        "mad": 0.0,
        "mad_sigma": 0.0,
        "skewness": 7.682212795973757,
        "kurtosis_excess": 57.016393442622935,
        "delta_mean_median": 0.0967741935483871
      }
    }
  },
  "entropy_provisional": {
    "e_m": {
      "var": 0.571279916753382,
      "n_unique": 2,
      "nan_frac": 0.0,
      "provisional": true
    }
  },
  "tau_summary": {
    "axes": {
      "m": {
        "tau_sec": 8.0,
        "dt_sec": 4.0,
        "max_lag_sec": 60.0,
        "threshold": 0.36787944117144233,
        "nan_frac": 0.0,
        "nan_policy": "strict"
      },
      "d": {
        "tau_sec": 16.0,
        "dt_sec": 4.0,
        "max_lag_sec": 60.0,
        "threshold": 0.36787944117144233,
        "nan_frac": 0.0,
        "nan_policy": "strict"
      },
      "e": {
        "tau_sec": 8.0,
        "dt_sec": 4.0,
        "max_lag_sec": 60.0,
        "threshold": 0.36787944117144233,
        "nan_frac": 0.0,
        "nan_policy": "strict"
      }
    },
    "subcoords": {
      "m_a": {
        "tau_sec": 8.0,
        "dt_sec": 4.0,
        "max_lag_sec": 60.0,
        "threshold": 0.36787944117144233,
        "nan_frac": 0.0,
        "nan_policy": "strict"
      },
      "m_e": {
        "tau_sec": 8.0,
        "dt_sec": 4.0,
        "max_lag_sec": 60.0,
        "threshold": 0.36787944117144233,
        "nan_frac": 0.0,
        "nan_policy": "strict"
      },
      "m_o": {
        "tau_sec": 8.0,
        "dt_sec": 4.0,
        "max_lag_sec": 60.0,
        "threshold": 0.36787944117144233,
        "nan_frac": 0.0,
        "nan_policy": "strict"
      },
      "d_n": {
        "tau_sec": 8.0,
        "dt_sec": 4.0,
        "max_lag_sec": 60.0,
        "threshold": 0.36787944117144233,
        "nan_frac": 0.0,
        "nan_policy": "strict"
      },
      "d_l": {
        "tau_sec": 24.0,
        "dt_sec": 4.0,
        "max_lag_sec": 60.0,
        "threshold": 0.36787944117144233,