{
  "dataset_id": "ds003478:sub-087:rest_Rest_run-01",
  "subject": "sub-087",
  "session": null,
  "reliability_axes": {
    "m": 0.7215742817214932,
    "d": 0.6296297939729244,
    "e": 0.6913734748865039
  },
  "reliability_subcoords": {
    "m_a": 0.6991061176644056,
    "m_e": 0.649442486650656,
    "m_o": 0.6942667647493944,
    "d_n": 0.4111363233699188,
    "d_l": 0.8062378119244904,
    "d_s": 0.4042353536637608,
    "e_e": 0.686971745806389,
    "e_s": 0.6700739603277419,
    "e_m": 0.6838236612517345
  }
}