{
  "dataset_id": "ds003478:sub-087:rest_Rest_run-01",
  "subject": "sub-087",
  "session": null,
  "coverage": {
    "epochs": 122,
    "seconds": 488.0
  },
  "artifacts": {
    "methods": [
      "none"
    ],
    "bad_eeg_channels": [],
    "n_bad_eeg_channels": 0,
    "stem_collisions": {}
  },
  "ensemble": {
    "var_by_subcoord": {
      "m_a": 0.006604375317692757,
      "m_e": 0.004852634854614735,
      "m_o": 0.001711737597361207,
      "d_n": 0.006210749503225088,
      "d_l": 0.0029794955626130104,
      "d_s": 0.005022217985242605,
      "e_e": 2.604257738278437e-12,
      "e_s": 0.008856947533786297,
      "e_m": 0.0
    },
    "var_mean": 0.004026462039682217,
    "var_max": 0.008856947533786297
  },
  "reliability": {
    "axes": {
      "m": 0.7215742817214932,
      "d": 0.6296297939729244,
      "e": 0.6913734748865039
    },
    "subcoords": {
      "m_a": 0.6991061176644056,
      "m_e": 0.649442486650656,
      "m_o": 0.6942667647493944,
      "d_n": 0.4111363233699188,
      "d_l": 0.8062378119244904,
      "d_s": 0.4042353536637608,
      "e_e": 0.686971745806389,
      "e_s": 0.6700739603277419,
      "e_m": 0.6838236612517345
    }
  },
  "dist_summary": {
    "axes": {
      "m": {
        "n": 122,
        "nan_frac": 0.0,
        "mean": -0.07693170643121493,
        "median": -0.08257994055747986,
        "std": 0.6985214614980625,
        "iqr": 0.731179915368557,
        "mad": 0.39198900759220123,
        "mad_sigma": 0.5811629026561975,
        "skewness": -0.3155110922625151,
        "kurtosis_excess": 0.009234971002491044,
        "delta_mean_median": 0.005648234126264931
      },
      "d": {
        "n": 122,
        "nan_frac": 0.0,
        "mean": 0.1556168564091452,
        "median": 0.18484493345022202,
        "std": 0.5305655696698979,
        "iqr": 0.8092302419245243,
        "mad": 0.3966111093759537,
        "mad_sigma": 0.5880156307607889,
        "skewness": -0.07246940168807552,
        "kurtosis_excess": -0.7805575289046884,
        "delta_mean_median": -0.029228077041076828
      },
      "e": {
        "n": 122,
        "nan_frac": 0.0,
        "mean": 0.048882600095611614,
        "median": 0.0027053561061620712,
        "std": 0.5993915279223472,
        "iqr": 0.6808974072337151,
        "mad": 0.34647147357463837,
        "mad_sigma": 0.5136786067217588,
        "skewness": 0.3055281529564285,
        "kurtosis_excess": 1.3654601678905376,
        "delta_mean_median": 0.04617724398944954
      }
    },
    "subcoords": {
      "m_a": {
        "n": 122,
        "nan_frac": 0.0,
        "mean": -0.2457879691300761,
        "median": -0.17405498772859573,
        "std": 0.8146072903198996,
        "iqr": 1.1417842134833336,
        "mad": 0.5814439952373505,
        "mad_sigma": 0.8620488673388957,
        "skewness": -0.5078895491562216,
        "kurtosis_excess": -0.5073880188780437,
        "delta_mean_median": -0.07173298140148038
      },
      "m_e": {
        "n": 122,
        "nan_frac": 0.0,
        "mean": -0.0872772673572429,
        "median": -0.08877017349004745,
        "std": 0.5844274836089309,
        "iqr": 0.7246986106038094,
        "mad": 0.36508454382419586,
        "mad_sigma": 0.5412743446737528,
        "skewness": -0.20397865740076518,
        "kurtosis_excess": 0.2231573812982992,
        "delta_mean_median": 0.0014929061328045612
      },
      "m_o": {
        "n": 122,
        "nan_frac": 0.0,
        "mean": 0.1683592904401088,
        "median": 0.023175555863417685,
        "std": 1.017351039716655,
        "iqr": 1.185319572687149,
        "mad": 0.5773939903592691,
        "mad_sigma": 0.8560443301066523,
        "skewness": 0.20629410716344193,
        "kurtosis_excess": 0.06101324572327149,
        "delta_mean_median": 0.14518373457669112
      },
      "d_n": {
        "n": 122,
        "nan_frac": 0.0,
        "mean": 0.21783135871815143,
        "median": 0.14233523607254028,
        "std": 0.8492797645277286,
        "iqr": 0.990060605108738,
        "mad": 0.5019072592258453,
        "mad_sigma": 0.7441277025282382,
        "skewness": 0.7567937990621817,
        "kurtosis_excess": 0.4971192439022265,
        "delta_mean_median": 0.07549612264561115
      },
      "d_l": {
        "n": 122,
        "nan_frac": 0.0,
        "mean": 0.12696621719686713,
        "median": -0.02331305295228958,
        "std": 0.7258500493740317,
        "iqr": 1.1881282553076744,
        "mad": 0.6126920208334923,
        "mad_sigma": 0.9083771900877357,
        "skewness": 0.23177189879243024,
        "kurtosis_excess": -1.0908719391307364,
        "delta_mean_median": 0.1502792701491567
      },
      "d_s": {
        "n": 122,
        "nan_frac": 0.0,
        "mean": 0.12842497515079918,
        "median": 0.07274077832698822,
        "std": 0.688022498419774,
        "iqr": 0.7665184065699577,
        "mad": 0.39557796716690063,
        "mad_sigma": 0.5864838941216468,
        "skewness": 0.4809384441893054,
        "kurtosis_excess": 0.08727745759063588,
        "delta_mean_median": 0.055684196823810955
      },
      "e_e": {
        "n": 122,
        "nan_frac": 0.0,
        "mean": 0.01992474505906833,
        "median": -2.8598587960004807e-06,
        "std": 1.2102855965001442,
        "iqr": 1.3263052701950073,
        "mad": 0.6744878303725272,
        "mad_sigma": 0.9999956573103088,
        "skewness": -0.27059899294891165,
        "kurtosis_excess": 1.707248967397529,
        "delta_mean_median": 0.01992760491786433
      },
      "e_s": {
        "n": 122,
        "nan_frac": 0.0,
        "mean": 0.08768133440467178,
        "median": -0.0662241205573082,
        "std": 0.4977160340194439,
        "iqr": 0.5868383198976517,
        "mad": 0.2622808516025543,
        "mad_sigma": 0.388857590585947,
        "skewness": 0.9801668617410842,
        "kurtosis_excess": 0.3530032162524317,
        "delta_mean_median": 0.15390545496198
      },
      "e_m": {
        "n": 122,
        "nan_frac": 0.0,
        "mean": 0.0675149002707884,
        "median": 0.0,
        "std": 0.855126364911589,
        "iqr": 1.310396820306778,
        "mad": 0.6744907200336456,
        "mad_sigma": 0.999999941521883,
        "skewness": -0.10698984858722876,
        "kurtosis_excess": -0.5868549063702888,
        "delta_mean_median": 0.0675149002707884
      }
    }
  },
  "entropy_provisional": {},
  "tau_summary": {
    "axes": {
      "m": {
        "tau_sec": 12.0,
        "dt_sec": 4.0,
        "max_lag_sec": 60.0,
        "threshold": 0.36787944117144233,
        "nan_frac": 0.0,
        "nan_policy": "strict"
      },
      "d": {
        "tau_sec": 12.0,
        "dt_sec": 4.0,
        "max_lag_sec": 60.0,
        "threshold": 0.36787944117144233,
        "nan_frac": 0.0,
        "nan_policy": "strict"
      },
      "e": {
        "tau_sec": 24.0,
        "dt_sec": 4.0,
        "max_lag_sec": 60.0,
        "threshold": 0.36787944117144233,
        "nan_frac": 0.0,
        "nan_policy": "strict"
      }
    },
    "subcoords": {
      "m_a": {
        "tau_sec": 12.0,
        "dt_sec": 4.0,
        "max_lag_sec": 60.0,
        "threshold": 0.36787944117144233,
        "nan_frac": 0.0,
        "nan_policy": "strict"
      },
      "m_e": {
        "tau_sec": 8.0,
        "dt_sec": 4.0,
        "max_lag_sec": 60.0,
        "threshold": 0.36787944117144233,
        "nan_frac": 0.0,
        "nan_policy": "strict"
      },
      "m_o": {
        "tau_sec": 8.0,
        "dt_sec": 4.0,
        "max_lag_sec": 60.0,
        "threshold": 0.36787944117144233,
        "nan_frac": 0.0,
        "nan_policy": "strict"
      },
      "d_n": {
        "tau_sec": 8.0,
        "dt_sec": 4.0,
        "max_lag_sec": 60.0,
        "threshold": 0.36787944117144233,
        "nan_frac": 0.0,
        "nan_policy": "strict"
      },
      "d_l": {
        "tau_sec": 20.0,
        "dt_sec": 4.0,
        "max_lag_sec": 60.0,
        "threshold": 0.36787944117144233,
        "nan_frac": 0.0,