{
  "dataset_id": "ds003478:sub-034:rest_Rest_run-02",
  "subject": "sub-034",
  "session": null,
  "reliability_axes": {
    "m": 0.4496573913264799,
    "d": 0.844953292225955,
    "e": 0.7721118270253463
  },
  "reliability_subcoords": {
    "m_a": 0.48183561171307837,
    "m_e": 0.4324285161903746,
    "m_o": 0.6731164815549525,
    "d_n": 0.7243463939579033,
    "d_l": 0.7719566191161437,
    "d_s": 0.8145308056897571,
    "e_e": 0.7037467588349859,
    "e_s": 0.7037422103538923,
    "e_m": null
  }
}