{
  "dataset_id": "ds003478:sub-053:rest_Rest_run-01",
  "subject": "sub-053",
  "session": null,
  "reliability_axes": {
    "m": 0.7742697744944373,
    "d": 0.6643875375406815,
    "e": 0.8138401437289458
  },
  "reliability_subcoords": {
    "m_a": 0.6291887848676444,
    "m_e": 0.7338715048379565,
    "m_o": 0.719600974274369,
    "d_n": 0.4923447847497842,
    "d_l": 0.573295656164047,
    "d_s": 0.6816992799903789,
    "e_e": 0.7806274562780735,
    "e_s": 0.6977024381643335,
    "e_m": 0.5714505199856391
  }
}