{
  "dataset_id": "ds003478:sub-053:rest_Rest_run-01",
  "subject": "sub-053",
  "session": null,
  "coverage": {
    "epochs": 121,
    "seconds": 484.0
  },
  "artifacts": {
    "methods": [
      "none"
    ],
    "bad_eeg_channels": [],
    "n_bad_eeg_channels": 0,
    "stem_collisions": {}
  },
  "ensemble": {
    "var_by_subcoord": {
      "m_a": 0.005409132223576307,
      "m_e": 0.0007494089659303427,
      "m_o": 0.014421219006180763,
      "d_n": 0.0024390490725636482,
      "d_l": 0.0011382766533643007,
      "d_s": 0.0043881176970899105,
      "e_e": 0.0,
      "e_s": 0.004565145820379257,
      "e_m": 0.0
    },
    "var_mean": 0.0036789277154538366,
    "var_max": 0.014421219006180763
  },
  "reliability": {
    "axes": {
      "m": 0.7742697744944373,
      "d": 0.6643875375406815,
      "e": 0.8138401437289458
    },
    "subcoords": {
      "m_a": 0.6291887848676444,
      "m_e": 0.7338715048379565,
      "m_o": 0.719600974274369,
      "d_n": 0.4923447847497842,
      "d_l": 0.573295656164047,
      "d_s": 0.6816992799903789,
      "e_e": 0.7806274562780735,
      "e_s": 0.6977024381643335,
      "e_m": 0.5714505199856391
    }
  },
  "dist_summary": {
    "axes": {
      "m": {
        "n": 121,
        "nan_frac": 0.0,
        "mean": 0.0325718968231154,
        "median": 0.00803513266146183,
        "std": 0.6533815433738126,
        "iqr": 0.860733836889267,
        "mad": 0.4566437993198633,
        "mad_sigma": 0.6770200968716293,
        "skewness": 0.17574942386981882,
        "kurtosis_excess": -0.7101459347638635,
        "delta_mean_median": 0.024536764161653568
      },
      "d": {
        "n": 121,
        "nan_frac": 0.0,
        "mean": 0.05815886183303188,
        "median": 0.16267505288124084,
        "std": 0.5880799701359137,
        "iqr": 0.9321573376655579,
        "mad": 0.415986031293869,
        "mad_sigma": 0.6167408899962902,
        "skewness": -0.2529900561245549,
        "kurtosis_excess": -0.5014147609560706,
        "delta_mean_median": -0.10451619104820897
      },
      "e": {
        "n": 121,
        "nan_frac": 0.0,
        "mean": 0.05486715622323234,
        "median": 0.07132904976606369,
        "std": 0.3534191213747543,
        "iqr": 0.4508902281522751,
        "mad": 0.23140568286180496,
        "mad_sigma": 0.343082065410912,
        "skewness": 0.23698200589169677,
        "kurtosis_excess": 0.14986265585232506,
        "delta_mean_median": -0.016461893542831348
      }
    },
    "subcoords": {
      "m_a": {
        "n": 121,
        "nan_frac": 0.0,
        "mean": 0.10174092156273767,
        "median": 0.01211019791662693,
        "std": 0.992291708770187,
        "iqr": 1.3996539115905762,
        "mad": 0.5769875887781382,
        "mad_sigma": 0.8554417991224675,
        "skewness": 0.1881977629313757,
        "kurtosis_excess": -0.6798332750479061,
        "delta_mean_median": 0.08963072364611074
      },
      "m_e": {
        "n": 121,
        "nan_frac": 0.0,
        "mean": -0.07481105178825495,
        "median": -0.06307678669691086,
        "std": 0.37709058368926807,
        "iqr": 0.48671382665634155,
        "mad": 0.2449076697230339,
        "mad_sigma": 0.36310011113137003,
        "skewness": -0.6550946911708048,
        "kurtosis_excess": 0.41670661802229914,
        "delta_mean_median": -0.011734265091344093
      },
      "m_o": {
        "n": 121,
        "nan_frac": 0.0,
        "mean": 0.0685181705635195,
        "median": -0.014709636569023132,
        "std": 0.9470878451847953,
        "iqr": 1.1631540060043335,
        "mad": 0.5779340416193008,
        "mad_sigma": 0.8568450101047754,
        "skewness": 0.5780301172891144,
        "kurtosis_excess": 1.243594089730463,
        "delta_mean_median": 0.08322780713254263
      },
      "d_n": {
        "n": 121,
        "nan_frac": 0.0,
        "mean": 0.045451907302476155,
        "median": 0.05536598712205887,
        "std": 0.6766045998737208,
        "iqr": 0.5617691576480865,
        "mad": 0.2785924896597862,
        "mad_sigma": 0.413041225169599,
        "skewness": 2.4877555017455983,
        "kurtosis_excess": 13.886541075012676,
        "delta_mean_median": -0.009914079819582713
      },
      "d_l": {
        "n": 121,
        "nan_frac": 0.0,
        "mean": 0.0875436926553072,
        "median": 0.06139358878135681,
        "std": 0.8586558789181351,
        "iqr": 1.4011048078536987,
        "mad": 0.7074817717075348,
        "mad_sigma": 1.048912474733591,
        "skewness": 0.09981960402650635,
        "kurtosis_excess": -0.8190292674263682,
        "delta_mean_median": 0.026150103873950392
      },
      "d_s": {
        "n": 121,
        "nan_frac": 0.0,
        "mean": -0.005205733840130578,
        "median": -0.18434186279773712,
        "std": 0.8151499671716128,
        "iqr": 1.1548792123794556,
        "mad": 0.5890897959470749,
        "mad_sigma": 0.8733845314711332,
        "skewness": 0.8477229379352068,
        "kurtosis_excess": 1.073267969445432,
        "delta_mean_median": 0.17913612895760656
      },
      "e_e": {
        "n": 121,
        "nan_frac": 0.0,
        "mean": 0.05020582065571192,
        "median": 0.0,
        "std": 0.8004998796009877,
        "iqr": 1.3494424223899841,
        "mad": 0.674490749835968,
        "mad_sigma": 0.9999999857068061,
        "skewness": -0.09163807199159334,
        "kurtosis_excess": -0.9897287772397538,
        "delta_mean_median": 0.05020582065571192
      },
      "e_s": {
        "n": 121,
        "nan_frac": 0.0,
        "mean": 0.0722554452286279,
        "median": 0.025656014680862427,
        "std": 0.55542351066837,
        "iqr": 0.7531307339668274,
        "mad": 0.3970617353916168,
        "mad_sigma": 0.588683728891611,
        "skewness": 0.6015646079106752,
        "kurtosis_excess": 0.13954813845191305,
        "delta_mean_median": 0.04659943054776547
      },
      "e_m": {
        "n": 121,
        "nan_frac": 0.0,
        "mean": -0.17241946079822118,
        "median": 0.0,
        "std": 1.1845786506497544,
        "iqr": 1.4188262224197388,
        "mad": 0.674490749835968,
        "mad_sigma": 0.9999999857068061,
        "skewness": -0.3471342097306155,
        "kurtosis_excess": 0.017483769844578223,
        "delta_mean_median": -0.17241946079822118
      }
    }
  },
  "entropy_provisional": {},
  "tau_summary": {
    "axes": {
      "m": {
        "tau_sec": 12.0,
        "dt_sec": 4.0,
        "max_lag_sec": 60.0,
        "threshold": 0.36787944117144233,
        "nan_frac": 0.0,
        "nan_policy": "strict"
      },
      "d": {
        "tau_sec": 8.0,
        "dt_sec": 4.0,
        "max_lag_sec": 60.0,
        "threshold": 0.36787944117144233,
        "nan_frac": 0.0,
        "nan_policy": "strict"
      },
      "e": {
        "tau_sec": 16.0,
        "dt_sec": 4.0,
        "max_lag_sec": 60.0,
        "threshold": 0.36787944117144233,
        "nan_frac": 0.0,
        "nan_policy": "strict"
      }
    },
    "subcoords": {
      "m_a": {
        "tau_sec": 8.0,
        "dt_sec": 4.0,
        "max_lag_sec": 60.0,
        "threshold": 0.36787944117144233,
        "nan_frac": 0.0,
        "nan_policy": "strict"
      },
      "m_e": {
        "tau_sec": 20.0,
        "dt_sec": 4.0,
        "max_lag_sec": 60.0,
        "threshold": 0.36787944117144233,
        "nan_frac": 0.0,
        "nan_policy": "strict"
      },
      "m_o": {
        "tau_sec": 16.0,
        "dt_sec": 4.0,
        "max_lag_sec": 60.0,
        "threshold": 0.36787944117144233,
        "nan_frac": 0.0,
        "nan_policy": "strict"
      },
      "d_n": {
        "tau_sec": 8.0,
        "dt_sec": 4.0,
        "max_lag_sec": 60.0,
        "threshold": 0.36787944117144233,
        "nan_frac": 0.0,
        "nan_policy": "strict"
      },
      "d_l": {
        "tau_sec": 8.0,
        "dt_sec": 4.0,
        "max_lag_sec": 60.0,
        "threshold": 0.36787944117144233,
        "nan_frac": 0.0,
        "nan_policy": "strict"
      },