{
  "dataset_id": "ds003478:sub-023:rest_Rest_run-01",
  "subject": "sub-023",
  "session": null,
  "reliability_axes": {
    "m": 0.7478027054427957,
    "d": 0.880176784643625,
    "e": 0.6512394348695452
  },
  "reliability_subcoords": {
    "m_a": 0.82262181899495,
    "m_e": 0.7553135143767497,
    "m_o": 0.7190444879587988,
    "d_n": 0.40269407718923683,
    "d_l": 0.8895817470988043,
    "d_s": 0.852394454332543,
    "e_e": 0.7197045112583501,
    "e_s": 0.7459188668221122,
    "e_m": 0.5867154271344699
  }
}