{
  "dataset_id": "ds003478:sub-023:rest_Rest_run-01",
  "subject": "sub-023",
  "session": null,
  "coverage": {
    "epochs": 126,
    "seconds": 504.0
  },
  "artifacts": {
    "methods": [
      "none"
    ],
    "bad_eeg_channels": [
      "M2",
      "OZ"
    ],
    "n_bad_eeg_channels": 2,
    "stem_collisions": {}
  },
  "ensemble": {
    "var_by_subcoord": {
      "m_a": 0.0002462014090269804,
      "m_e": 0.0019065820379182696,
      "m_o": 0.004283190704882145,
      "d_n": 0.007946102879941463,
      "d_l": 0.015255733393132687,
      "d_s": 0.0028139627538621426,
      "e_e": 5.577918769233969e-13,
      "e_s": 0.018578985705971718,
      "e_m": 0.0
    },
    "var_mean": 0.005670084320588133,
    "var_max": 0.018578985705971718
  },
  "reliability": {
    "axes": {
      "m": 0.7478027054427957,
      "d": 0.880176784643625,
      "e": 0.6512394348695452
    },
    "subcoords": {
      "m_a": 0.82262181899495,
      "m_e": 0.7553135143767497,
      "m_o": 0.7190444879587988,
      "d_n": 0.40269407718923683,
      "d_l": 0.8895817470988043,
      "d_s": 0.852394454332543,
      "e_e": 0.7197045112583501,
      "e_s": 0.7459188668221122,
      "e_m": 0.5867154271344699
    }
  },
  "dist_summary": {
    "axes": {
      "m": {
        "n": 126,
        "nan_frac": 0.0,
        "mean": 0.005629751691779506,
        "median": 0.004126161860767752,
        "std": 0.4908196774068238,
        "iqr": 0.5818298272788525,
        "mad": 0.2679278999567032,
        "mad_sigma": 0.39722990447580814,
        "skewness": 0.8000585523297428,
        "kurtosis_excess": 0.9033107028309306,
        "delta_mean_median": 0.0015035898310117538
      },
      "d": {
        "n": 126,
        "nan_frac": 0.0,
        "mean": 0.643569966430761,
        "median": 0.15002545714378357,
        "std": 1.1049322138915214,
        "iqr": 1.8311388120055199,
        "mad": 0.5224862396717072,
        "mad_sigma": 0.774638098937273,
        "skewness": 0.6710149471612238,
        "kurtosis_excess": -1.109868291217056,
        "delta_mean_median": 0.49354450928697746
      },
      "e": {
        "n": 126,
        "nan_frac": 0.0,
        "mean": 0.14923031347626375,
        "median": 0.18333640694618225,
        "std": 0.3920659264067869,
        "iqr": 0.593344334512949,
        "mad": 0.2767345458269119,
        "mad_sigma": 0.4102866376429796,
        "skewness": -0.4262599575341582,
        "kurtosis_excess": 0.1497728699246248,
        "delta_mean_median": -0.0341060934699185
      }
    },
    "subcoords": {
      "m_a": {
        "n": 126,
        "nan_frac": 0.0,
        "mean": 0.05732416317960809,
        "median": -0.027451672591269016,
        "std": 0.9084326824902496,
        "iqr": 1.3266938477754593,
        "mad": 0.6252495050430298,
        "mad_sigma": 0.9269949161767959,
        "skewness": 0.10934758043785094,
        "kurtosis_excess": -0.517010961019261,
        "delta_mean_median": 0.0847758357708771
      },
      "m_e": {
        "n": 126,
        "nan_frac": 0.0,
        "mean": -0.027353299731787826,
        "median": 0.022265076637268066,
        "std": 0.36366987757145425,
        "iqr": 0.5546512976288795,
        "mad": 0.2563232183456421,
        "mad_sigma": 0.38002480351924894,
        "skewness": -0.5596005614971068,
        "kurtosis_excess": -0.40129001042892565,
        "delta_mean_median": -0.04961837636905589
      },
      "m_o": {
        "n": 126,
        "nan_frac": 0.0,
        "mean": -0.02528104502596848,
        "median": 0.04078971594572067,
        "std": 0.7746214983630321,
        "iqr": 1.1591829806566238,
        "mad": 0.5726489201188087,
        "mad_sigma": 0.8490092889681458,
        "skewness": -0.019907864143205552,
        "kurtosis_excess": -0.6112133184926667,
        "delta_mean_median": -0.06607076097168915
      },
      "d_n": {
        "n": 126,
        "nan_frac": 0.0,
        "mean": 0.1641178968702517,
        "median": 0.0396386981010437,
        "std": 0.6013594794481045,
        "iqr": 0.6114412024617195,
        "mad": 0.2764459252357483,
        "mad_sigma": 0.4098587287545204,
        "skewness": 1.072429848162049,
        "kurtosis_excess": 0.7530338926234941,
        "delta_mean_median": 0.12447919876920799
      },
      "d_l": {
        "n": 126,
        "nan_frac": 0.0,
        "mean": 0.8521019872573633,
        "median": -0.06251594424247742,
        "std": 1.6936078663266225,
        "iqr": 2.814735308289528,
        "mad": 0.5702608525753021,
        "mad_sigma": 0.8454687400281429,
        "skewness": 0.7316374050923589,
        "kurtosis_excess": -1.1496646832493893,
        "delta_mean_median": 0.9146179314998407
      },
      "d_s": {
        "n": 126,
        "nan_frac": 0.0,
        "mean": 0.8890334684253921,
        "median": 0.2515724450349808,
        "std": 1.5278904116834964,
        "iqr": 2.002512812614441,
        "mad": 0.7037719935178757,
        "mad_sigma": 1.0434123575896024,
        "skewness": 0.8233122848532226,
        "kurtosis_excess": -0.8268849491351169,
        "delta_mean_median": 0.6374610233904113
      },
      "e_e": {
        "n": 126,
        "nan_frac": 0.0,
        "mean": -0.05828276946161327,
        "median": -1.706313923932612e-06,
        "std": 0.9194635845305392,
        "iqr": 1.3204722553491592,
        "mad": 0.6744906902313232,
        "mad_sigma": 0.9999998973369598,
        "skewness": -0.35159002768958336,
        "kurtosis_excess": -0.28838464584294865,
        "delta_mean_median": -0.058281063147689334
      },
      "e_s": {
        "n": 126,
        "nan_frac": 0.0,
        "mean": 0.44539576762961963,
        "median": 0.2511497884988785,
        "std": 0.6257491161656553,
        "iqr": 1.133211676031351,
        "mad": 0.42472924292087555,
        "mad_sigma": 0.6297035755544901,
        "skewness": 0.392999750290019,
        "kurtosis_excess": -1.2223731617394742,
        "delta_mean_median": 0.19424597913074115
      },
      "e_m": {
        "n": 126,
        "nan_frac": 0.0,
        "mean": -0.09198463786511667,
        "median": 0.0,
        "std": 1.0165471504322887,
        "iqr": 1.3193085342645645,
        "mad": 0.6744907200336456,
        "mad_sigma": 0.999999941521883,
        "skewness": -0.10005957921415762,
        "kurtosis_excess": -0.1908483787045645,
        "delta_mean_median": -0.09198463786511667
      }
    }
  },
  "entropy_provisional": {},
  "tau_summary": {
    "axes": {
      "m": {
        "tau_sec": 12.0,
        "dt_sec": 4.0,
        "max_lag_sec": 60.0,
        "threshold": 0.36787944117144233,
        "nan_frac": 0.0,
        "nan_policy": "strict"
      },
      "d": {
        "tau_sec": 24.0,
        "dt_sec": 4.0,
        "max_lag_sec": 60.0,
        "threshold": 0.36787944117144233,
        "nan_frac": 0.0,
        "nan_policy": "strict"
      },
      "e": {
        "tau_sec": 8.0,
        "dt_sec": 4.0,
        "max_lag_sec": 60.0,
        "threshold": 0.36787944117144233,
        "nan_frac": 0.0,
        "nan_policy": "strict"
      }
    },
    "subcoords": {
      "m_a": {
        "tau_sec": 16.0,
        "dt_sec": 4.0,
        "max_lag_sec": 60.0,
        "threshold": 0.36787944117144233,
        "nan_frac": 0.0,
        "nan_policy": "strict"
      },
      "m_e": {
        "tau_sec": 24.0,
        "dt_sec": 4.0,
        "max_lag_sec": 60.0,
        "threshold": 0.36787944117144233,
        "nan_frac": 0.0,
        "nan_policy": "strict"
      },
      "m_o": {
        "tau_sec": 24.0,
        "dt_sec": 4.0,
        "max_lag_sec": 60.0,
        "threshold": 0.36787944117144233,
        "nan_frac": 0.0,
        "nan_policy": "strict"
      },
      "d_n": {
        "tau_sec": 8.0,
        "dt_sec": 4.0,
        "max_lag_sec": 60.0,
        "threshold": 0.36787944117144233,
        "nan_frac": 0.0,
        "nan_policy": "strict"
      },
      "d_l": {
        "tau_sec": 24.0,
        "dt_sec": 4.0,
        "max_lag_sec": 60.0,
        "threshold": 0.36787944117144233,