{
  "dataset_id": "ds003478:sub-047:rest_Rest_run-02",
  "subject": "sub-047",
  "session": null,
  "reliability_axes": {
    "m": 0.452308939536435,
    "d": 0.3472295363944176,
    "e": 0.6047144461136911
  },
  "reliability_subcoords": {
    "m_a": 0.6902752507537058,
    "m_e": 0.3156007129990329,
    "m_o": 0.6679537578578654,
    "d_n": 0.7615562447449584,
    "d_l": 0.0826741503459713,
    "d_s": 0.33675253066348826,
    "e_e": 0.5536918135538448,
    "e_s": 0.10994622044884153,
    "e_m": null
  }
}