{
  "dataset_id": "ds003478:sub-119:rest_Rest_run-01",
  "subject": "sub-119",
  "session": null,
  "reliability_axes": {
    "m": 0.8029509671228967,
    "d": 0.8995648848206672,
    "e": 0.8058355219069863
  },
  "reliability_subcoords": {
    "m_a": 0.8657074887525789,
    "m_e": 0.8098465911751134,
    "m_o": 0.8784623926721787,
    "d_n": 0.7612731988711627,
    "d_l": 0.8972427148021224,
    "d_s": 0.906996099047096,
    "e_e": 0.8876551576944789,
    "e_s": 0.8641204459748585,
    "e_m": 0.8632279077725157
  }
}