{
  "dataset_id": "ds003478:sub-119:rest_Rest_run-01",
  "subject": "sub-119",
  "session": null,
  "coverage": {
    "epochs": 124,
    "seconds": 496.0
  },
  "artifacts": {
    "methods": [
      "none"
    ],
    "bad_eeg_channels": [],
    "n_bad_eeg_channels": 0,
    "stem_collisions": {}
  },
  "ensemble": {
    "var_by_subcoord": {
      "m_a": 0.0013354480033740401,
      "m_e": 0.004561497829854488,
      "m_o": 0.0014600360300391912,
      "d_n": 0.0018186348024755716,
      "d_l": 0.03644368052482605,
      "d_s": 0.13062725961208344,
      "e_e": 5.804644959139793e-13,
      "e_s": 0.0067367893643677235,
      "e_m": 0.0
    },
    "var_mean": 0.020331482907511217,
    "var_max": 0.13062725961208344
  },
  "reliability": {
    "axes": {
      "m": 0.8029509671228967,
      "d": 0.8995648848206672,
      "e": 0.8058355219069863
    },
    "subcoords": {
      "m_a": 0.8657074887525789,
      "m_e": 0.8098465911751134,
      "m_o": 0.8784623926721787,
      "d_n": 0.7612731988711627,
      "d_l": 0.8972427148021224,
      "d_s": 0.906996099047096,
      "e_e": 0.8876551576944789,
      "e_s": 0.8641204459748585,
      "e_m": 0.8632279077725157
    }
  },
  "dist_summary": {
    "axes": {
      "m": {
        "n": 124,
        "nan_frac": 0.0,
        "mean": 0.0276562909242667,
        "median": 0.03522576950490475,
        "std": 0.41112302818984536,
        "iqr": 0.4480116069316864,
        "mad": 0.23114491067826748,
        "mad_sigma": 0.34269544457159934,
        "skewness": -0.255313250229663,
        "kurtosis_excess": 0.2940047566877415,
        "delta_mean_median": -0.007569478580638046
      },
      "d": {
        "n": 124,
        "nan_frac": 0.0,
        "mean": 0.9459205247919946,
        "median": 0.13469450920820236,
        "std": 1.3310828087101483,
        "iqr": 2.741826392710209,
        "mad": 0.50913205742836,
        "mad_sigma": 0.7548391883432864,
        "skewness": 0.36929704802848956,
        "kurtosis_excess": -1.7498275894293533,
        "delta_mean_median": 0.8112260155837923
      },
      "e": {
        "n": 124,
        "nan_frac": 0.0,
        "mean": 0.19850578003106714,
        "median": 0.23695942759513855,
        "std": 0.47060356466870684,
        "iqr": 0.5014101399574429,
        "mad": 0.2553459107875824,
        "mad_sigma": 0.37857584733366967,
        "skewness": -1.1997801400659613,
        "kurtosis_excess": 2.375117724319759,
        "delta_mean_median": -0.03845364756407141
      }
    },
    "subcoords": {
      "m_a": {
        "n": 124,
        "nan_frac": 0.0,
        "mean": 0.008929276300947211,
        "median": 0.022783542051911354,
        "std": 0.8397565891217155,
        "iqr": 1.3323751538991928,
        "mad": 0.7015022989362478,
        "mad_sigma": 1.040047308402881,
        "skewness": -0.406600603196987,
        "kurtosis_excess": -0.8068287729546939,
        "delta_mean_median": -0.013854265750964143
      },
      "m_e": {
        "n": 124,
        "nan_frac": 0.0,
        "mean": -0.05079379208543668,
        "median": -0.06970131769776344,
        "std": 0.27520029808918106,
        "iqr": 0.43380197137594223,
        "mad": 0.20364367216825485,
        "mad_sigma": 0.3019221083566546,
        "skewness": 0.06761432025348238,
        "kurtosis_excess": -1.0287851917650606,
        "delta_mean_median": 0.01890752561232676
      },
      "m_o": {
        "n": 124,
        "nan_frac": 0.0,
        "mean": 0.14934140772769047,
        "median": -0.06414751522243023,
        "std": 0.8802437123995263,
        "iqr": 1.3382716178894043,
        "mad": 0.5847755074501038,
        "mad_sigma": 0.8669881673455238,
        "skewness": 0.4902186485000832,
        "kurtosis_excess": -0.6456611779927104,
        "delta_mean_median": 0.2134889229501207
      },
      "d_n": {
        "n": 124,
        "nan_frac": 0.0,
        "mean": 0.05623725723595389,
        "median": -0.04650162160396576,
        "std": 0.4552406978254485,
        "iqr": 0.5059591718018055,
        "mad": 0.2432112693786621,
        "mad_sigma": 0.36058502798080444,
        "skewness": 1.2105637164452367,
        "kurtosis_excess": 1.8526827697644368,
        "delta_mean_median": 0.10273887883991964
      },
      "d_l": {
        "n": 124,
        "nan_frac": 0.0,
        "mean": 1.4608484181245007,
        "median": -0.013213403522968292,
        "std": 2.1662726914807173,
        "iqr": 4.572375521063805,
        "mad": 0.6348241195082664,
        "mad_sigma": 0.9411902395829558,
        "skewness": 0.36991711678961875,
        "kurtosis_excess": -1.76770926298277,
        "delta_mean_median": 1.474061821647469
      },
      "d_s": {
        "n": 124,
        "nan_frac": 0.0,
        "mean": 1.0266375803058185,
        "median": 0.15640398114919662,
        "std": 1.6753316211834812,
        "iqr": 3.5578517615795135,
        "mad": 0.8628228232264519,
        "mad_sigma": 1.2792211177155375,
        "skewness": 0.35518109413784343,
        "kurtosis_excess": -1.694794398841415,
        "delta_mean_median": 0.8702335991566219
      },
      "e_e": {
        "n": 124,
        "nan_frac": 0.0,
        "mean": 0.035822493763970994,
        "median": 0.0,
        "std": 1.0284994568178103,
        "iqr": 1.32051882147789,
        "mad": 0.674490749835968,
        "mad_sigma": 0.9999999857068061,
        "skewness": -0.5605461221546914,
        "kurtosis_excess": 0.7742178297658522,
        "delta_mean_median": 0.035822493763970994
      },
      "e_s": {
        "n": 124,
        "nan_frac": 0.0,
        "mean": 0.4304864616283486,
        "median": 0.3331259787082672,
        "std": 0.5680424793594906,
        "iqr": 1.0596573986113071,
        "mad": 0.5361073240637779,
        "mad_sigma": 0.7948327186569571,
        "skewness": 0.03518980143138413,
        "kurtosis_excess": -1.3985571922375541,
        "delta_mean_median": 0.09736048292008137
      },
      "e_m": {
        "n": 124,
        "nan_frac": 0.0,
        "mean": 0.013598608634164256,
        "median": 0.0,
        "std": 0.7808725293262595,
        "iqr": 1.011736124753952,
        "mad": 0.674490749835968,
        "mad_sigma": 0.9999999857068061,
        "skewness": 1.8102822708558415,
        "kurtosis_excess": 5.263657544387987,
        "delta_mean_median": 0.013598608634164256
      }
    }
  },
  "entropy_provisional": {},
  "tau_summary": {
    "axes": {
      "m": {
        "tau_sec": 12.0,
        "dt_sec": 4.0,
        "max_lag_sec": 60.0,
        "threshold": 0.36787944117144233,
        "nan_frac": 0.0,
        "nan_policy": "strict"
      },
      "d": {
        "tau_sec": 32.0,
        "dt_sec": 4.0,
        "max_lag_sec": 60.0,
        "threshold": 0.36787944117144233,
        "nan_frac": 0.0,
        "nan_policy": "strict"
      },
      "e": {
        "tau_sec": 8.0,
        "dt_sec": 4.0,
        "max_lag_sec": 60.0,
        "threshold": 0.36787944117144233,
        "nan_frac": 0.0,
        "nan_policy": "strict"
      }
    },
    "subcoords": {
      "m_a": {
        "tau_sec": 16.0,
        "dt_sec": 4.0,
        "max_lag_sec": 60.0,
        "threshold": 0.36787944117144233,
        "nan_frac": 0.0,
        "nan_policy": "strict"
      },
      "m_e": {
        "tau_sec": 28.0,
        "dt_sec": 4.0,
        "max_lag_sec": 60.0,
        "threshold": 0.36787944117144233,
        "nan_frac": 0.0,
        "nan_policy": "strict"
      },
      "m_o": {
        "tau_sec": 32.0,
        "dt_sec": 4.0,
        "max_lag_sec": 60.0,
        "threshold": 0.36787944117144233,
        "nan_frac": 0.0,
        "nan_policy": "strict"
      },
      "d_n": {
        "tau_sec": 12.0,
        "dt_sec": 4.0,
        "max_lag_sec": 60.0,
        "threshold": 0.36787944117144233,
        "nan_frac": 0.0,
        "nan_policy": "strict"
      },
      "d_l": {
        "tau_sec": 28.0,
        "dt_sec": 4.0,
        "max_lag_sec": 60.0,
        "threshold": 0.36787944117144233,
        "nan_frac": 0.0,
        "nan_policy": "strict"
      },