{
  "dataset_id": "ds003478:sub-076:rest_Rest_run-01",
  "subject": "sub-076",
  "session": null,
  "reliability_axes": {
    "m": 0.7382302195324096,
    "d": 0.9400550295866201,
    "e": 0.7253059061808038
  },
  "reliability_subcoords": {
    "m_a": 0.9278507879304673,
    "m_e": 0.857590258140082,
    "m_o": 0.7446635125729426,
    "d_n": 0.6151273069800258,
    "d_l": 0.956011367603462,
    "d_s": 0.9144305078129323,
    "e_e": 0.708571987807472,
    "e_s": 0.8221287254156691,
    "e_m": 0.3687836175750583
  }
}