{
  "dataset_id": "ds003478:sub-076:rest_Rest_run-01",
  "subject": "sub-076",
  "session": null,
  "coverage": {
    "epochs": 129,
    "seconds": 516.0
  },
  "artifacts": {
    "methods": [
      "none"
    ],
    "bad_eeg_channels": [
      "FP1",
      "FP2"
    ],
    "n_bad_eeg_channels": 2,
    "stem_collisions": {}
  },
  "ensemble": {
    "var_by_subcoord": {
      "m_a": 0.00032715272391214967,
      "m_e": 0.0036344467662274837,
      "m_o": 0.0003014136163983494,
      "d_n": 0.0062348246574401855,
      "d_l": 0.11995452642440796,
      "d_s": 0.08370997756719589,
      "e_e": 0.0,
      "e_s": 0.01179453730583191,
      "e_m": 0.0
    },
    "var_mean": 0.02510631989571266,
    "var_max": 0.11995452642440796
  },
  "reliability": {
    "axes": {
      "m": 0.7382302195324096,
      "d": 0.9400550295866201,
      "e": 0.7253059061808038
    },
    "subcoords": {
      "m_a": 0.9278507879304673,
      "m_e": 0.857590258140082,
      "m_o": 0.7446635125729426,
      "d_n": 0.6151273069800258,
      "d_l": 0.956011367603462,
      "d_s": 0.9144305078129323,
      "e_e": 0.708571987807472,
      "e_s": 0.8221287254156691,
      "e_m": 0.3687836175750583
    }
  },
  "dist_summary": {
    "axes": {
      "m": {
        "n": 129,
        "nan_frac": 0.0,
        "mean": 0.044810865399276104,
        "median": 0.045257359743118286,
        "std": 0.342749492205786,
        "iqr": 0.40059977769851685,
        "mad": 0.19985291361808777,
        "mad_sigma": 0.2963019297301769,
        "skewness": -0.12425703951130805,
        "kurtosis_excess": 0.059201135199474564,
        "delta_mean_median": -0.00044649434384218256
      },
      "d": {
        "n": 129,
        "nan_frac": 0.0,
        "mean": 0.9468052673853876,
        "median": 0.11322013288736343,
        "std": 1.3247275536658503,
        "iqr": 2.753149539232254,
        "mad": 0.4733373001217842,
        "mad_sigma": 0.7017698811605573,
        "skewness": 0.41206168756352746,
        "kurtosis_excess": -1.6703739001982487,
        "delta_mean_median": 0.8335851344980242
      },
      "e": {
        "n": 129,
        "nan_frac": 0.0,
        "mean": 0.17266516757103822,
        "median": 0.2624264359474182,
        "std": 0.5362701589612413,
        "iqr": 0.6795470714569092,
        "mad": 0.34597478061914444,
        "mad_sigma": 0.5129422097459435,
        "skewness": -0.20919654929744194,
        "kurtosis_excess": 0.07380928618495952,
        "delta_mean_median": -0.08976126837637999
      }
    },
    "subcoords": {
      "m_a": {
        "n": 129,
        "nan_frac": 0.0,
        "mean": 0.1624481417229688,
        "median": -0.00993640162050724,
        "std": 0.9405167054711356,
        "iqr": 1.684374749660492,
        "mad": 0.7461748626083136,
        "mad_sigma": 1.1062788513030857,
        "skewness": -0.08794190965840712,
        "kurtosis_excess": -1.0246766816343513,
        "delta_mean_median": 0.17238454334347603
      },
      "m_e": {
        "n": 129,
        "nan_frac": 0.0,
        "mean": -0.04311160266745922,
        "median": 0.06396174430847168,
        "std": 0.4598108694237396,
        "iqr": 0.7572427093982697,
        "mad": 0.30990517139434814,
        "mad_sigma": 0.45946540710926054,
        "skewness": -0.4491202209728616,
        "kurtosis_excess": -1.0040792636246316,
        "delta_mean_median": -0.1070733469759309
      },
      "m_o": {
        "n": 129,
        "nan_frac": 0.0,
        "mean": -0.009806365563440346,
        "median": -0.04389823600649834,
        "std": 0.6814757585317375,
        "iqr": 1.022045522928238,
        "mad": 0.524936031550169,
        "mad_sigma": 0.7782701603762805,
        "skewness": 0.39356628962734064,
        "kurtosis_excess": -0.4485028283947834,
        "delta_mean_median": 0.03409187044305799
      },
      "d_n": {
        "n": 129,
        "nan_frac": 0.0,
        "mean": 0.07268847675286522,
        "median": -0.13070890307426453,
        "std": 0.688085620268815,
        "iqr": 0.8259942829608917,
        "mad": 0.356262743473053,
        "mad_sigma": 0.5281951434731483,
        "skewness": 1.4116342513100066,
        "kurtosis_excess": 1.9881810154491566,
        "delta_mean_median": 0.20339737982712974
      },
      "d_l": {
        "n": 129,
        "nan_frac": 0.0,
        "mean": 1.42839883178357,
        "median": 0.02369525283575058,
        "std": 2.2295284160546234,
        "iqr": 4.675269544124603,
        "mad": 0.6772502437233925,
        "mad_sigma": 1.0040912113443017,
        "skewness": 0.48791003484885054,
        "kurtosis_excess": -1.6726256229949656,
        "delta_mean_median": 1.4047035789478195
      },
      "d_s": {
        "n": 129,
        "nan_frac": 0.0,
        "mean": 1.0973470226045727,
        "median": 0.5701297521591187,
        "std": 1.5580353039200485,
        "iqr": 3.1296877562999725,
        "mad": 1.1577436327934265,
        "mad_sigma": 1.716470709979534,
        "skewness": 0.2953384018075892,
        "kurtosis_excess": -1.6203911703761875,
        "delta_mean_median": 0.5272172704454541
      },
      "e_e": {
        "n": 129,
        "nan_frac": 0.0,
        "mean": -0.02386997819177864,
        "median": 0.0,
        "std": 0.9551661274962335,
        "iqr": 1.3408787846565247,
        "mad": 0.674490749835968,
        "mad_sigma": 0.9999999857068061,
        "skewness": -0.25291668366586706,
        "kurtosis_excess": -0.16629123748534846,
        "delta_mean_median": -0.02386997819177864
      },
      "e_s": {
        "n": 129,
        "nan_frac": 0.0,
        "mean": 0.4578820007831551,
        "median": 0.4478476047515869,
        "std": 0.47429474167912816,
        "iqr": 0.8261101394891739,
        "mad": 0.41483378410339355,
        "mad_sigma": 0.6150325683116913,
        "skewness": -0.055513778905223896,
        "kurtosis_excess": -1.1330308417317254,
        "delta_mean_median": 0.010034396031568193
      },
      "e_m": {
        "n": 129,
        "nan_frac": 0.0,
        "mean": -0.15331977624590545,
        "median": -0.060873694717884064,
        "std": 1.629853947120857,
        "iqr": 1.3915917873382568,
        "mad": 0.6995440199971199,
        "mad_sigma": 1.03714396404773,
        "skewness": 0.6585611428434157,
        "kurtosis_excess": 3.191597639899201,
        "delta_mean_median": -0.09244608152802139
      }
    }
  },
  "entropy_provisional": {},
  "tau_summary": {
    "axes": {
      "m": {
        "tau_sec": 8.0,
        "dt_sec": 4.0,
        "max_lag_sec": 60.0,
        "threshold": 0.36787944117144233,
        "nan_frac": 0.0,
        "nan_policy": "strict"
      },
      "d": {
        "tau_sec": 32.0,
        "dt_sec": 4.0,
        "max_lag_sec": 60.0,
        "threshold": 0.36787944117144233,
        "nan_frac": 0.0,
        "nan_policy": "strict"
      },
      "e": {
        "tau_sec": 12.0,
        "dt_sec": 4.0,
        "max_lag_sec": 60.0,
        "threshold": 0.36787944117144233,
        "nan_frac": 0.0,
        "nan_policy": "strict"
      }
    },
    "subcoords": {
      "m_a": {
        "tau_sec": 28.0,
        "dt_sec": 4.0,
        "max_lag_sec": 60.0,
        "threshold": 0.36787944117144233,
        "nan_frac": 0.0,
        "nan_policy": "strict"
      },
      "m_e": {
        "tau_sec": 20.0,
        "dt_sec": 4.0,
        "max_lag_sec": 60.0,
        "threshold": 0.36787944117144233,
        "nan_frac": 0.0,
        "nan_policy": "strict"
      },
      "m_o": {
        "tau_sec": 12.0,
        "dt_sec": 4.0,
        "max_lag_sec": 60.0,
        "threshold": 0.36787944117144233,
        "nan_frac": 0.0,
        "nan_policy": "strict"
      },
      "d_n": {
        "tau_sec": 8.0,
        "dt_sec": 4.0,
        "max_lag_sec": 60.0,
        "threshold": 0.36787944117144233,
        "nan_frac": 0.0,
        "nan_policy": "strict"
      },
      "d_l": {
        "tau_sec": 28.0,
        "dt_sec": 4.0,
        "max_lag_sec": 60.0,
        "threshold": 0.36787944117144233,
        "nan_frac": 0.0,