{
  "dataset_id": "ds003478:sub-022:rest_Rest_run-02",
  "subject": "sub-022",
  "session": null,
  "reliability_axes": {
    "m": 0.4404261258437302,
    "d": 0.6870028294145258,
    "e": 0.5512199245358304
  },
  "reliability_subcoords": {
    "m_a": 0.4804052207131065,
    "m_e": 0.5465435102361396,
    "m_o": 0.7263462989047623,
    "d_n": 0.7175014766821903,
    "d_l": 0.7142241604952531,
    "d_s": 0.814671519109374,
    "e_e": 0.7239192417465209,
    "e_s": 0.24329512669436534,
    "e_m": null
  }
}