{
  "dataset_id": "ds003478:sub-017:rest_Rest_run-02",
  "subject": "sub-017",
  "session": null,
  "reliability_axes": {
    "m": 0.659166221972768,
    "d": 0.9107387810373416,
    "e": 0.6170841120536291
  },
  "reliability_subcoords": {
    "m_a": 0.8667031436055983,
    "m_e": 0.7677992623525184,
    "m_o": 0.6741232093631008,
    "d_n": 0.5636481516564197,
    "d_l": 0.9335169572591513,
    "d_s": 0.9260068573940393,
    "e_e": 0.7939393438140904,
    "e_s": 0.8107578926540643,
    "e_m": 0.42773182200131227
  }
}