{
  "dataset_id": "ds003478:sub-017:rest_Rest_run-02",
  "subject": "sub-017",
  "session": null,
  "coverage": {
    "epochs": 41,
    "seconds": 164.0
  },
  "artifacts": {
    "methods": [
      "none"
    ],
    "bad_eeg_channels": [],
    "n_bad_eeg_channels": 0,
    "stem_collisions": {}
  },
  "ensemble": {
    "var_by_subcoord": {
      "m_a": 0.01583058200776577,
      "m_e": 0.001868050079792738,
      "m_o": 0.014304528012871742,
      "d_n": 0.07193043828010559,
      "d_l": 0.0030963877215981483,
      "d_s": 0.005118953995406628,
      "e_e": 0.0,
      "e_s": 0.0008324564551003277,
      "e_m": 0.0
    },
    "var_mean": 0.012553488505848994,
    "var_max": 0.07193043828010559
  },
  "reliability": {
    "axes": {
      "m": 0.659166221972768,
      "d": 0.9107387810373416,
      "e": 0.6170841120536291
    },
    "subcoords": {
      "m_a": 0.8667031436055983,
      "m_e": 0.7677992623525184,
      "m_o": 0.6741232093631008,
      "d_n": 0.5636481516564197,
      "d_l": 0.9335169572591513,
      "d_s": 0.9260068573940393,
      "e_e": 0.7939393438140904,
      "e_s": 0.8107578926540643,
      "e_m": 0.42773182200131227
    }
  },
  "dist_summary": {
    "axes": {
      "m": {
        "n": 41,
        "nan_frac": 0.0,
        "mean": 0.10413808357424853,
        "median": 0.14399012923240662,
        "std": 0.5456618357115561,
        "iqr": 0.7163694202899933,
        "mad": 0.36784300208091736,
        "mad_sigma": 0.545364034885168,
        "skewness": 0.07953048942372394,
        "kurtosis_excess": -0.10260897630088106,
        "delta_mean_median": -0.039852045658158086
      },
      "d": {
        "n": 41,
        "nan_frac": 0.0,
        "mean": 0.6149206188302941,
        "median": 0.16121715307235718,
        "std": 1.083144878742261,
        "iqr": 1.9929001331329346,
        "mad": 0.8749036192893982,
        "mad_sigma": 1.2971321059584617,
        "skewness": 0.2195110298021968,
        "kurtosis_excess": -1.4193625828152348,
        "delta_mean_median": 0.45370346575793696
      },
      "e": {
        "n": 41,
        "nan_frac": 0.0,
        "mean": 0.3181190529792774,
        "median": 0.3169834315776825,
        "std": 0.4408330044780439,
        "iqr": 0.77619793638587,
        "mad": 0.40411707758903503,
        "mad_sigma": 0.5991439792335033,
        "skewness": -0.3898185329048722,
        "kurtosis_excess": 0.022923040987349985,
        "delta_mean_median": 0.0011356214015948995
      }
    },
    "subcoords": {
      "m_a": {
        "n": 41,
        "nan_frac": 0.0,
        "mean": 0.09270894954480775,
        "median": 0.017852243036031723,
        "std": 0.7143592189549351,
        "iqr": 1.244112253189087,
        "mad": 0.7018609084188938,
        "mad_sigma": 1.040578982821852,
        "skewness": -0.21365689149992106,
        "kurtosis_excess": -1.2130160065216706,
        "delta_mean_median": 0.07485670650877603
      },
      "m_e": {
        "n": 41,
        "nan_frac": 0.0,
        "mean": 0.10286459247998475,
        "median": 0.15393877029418945,
        "std": 0.6895165267706911,
        "iqr": 0.8083629310131073,
        "mad": 0.43439561128616333,
        "mad_sigma": 0.6440349332928658,
        "skewness": 0.39900888613733904,
        "kurtosis_excess": 0.24790790523382222,
        "delta_mean_median": -0.0510741778142047
      },
      "m_o": {
        "n": 41,
        "nan_frac": 0.0,
        "mean": 0.12144138370697363,
        "median": 0.026988456025719643,
        "std": 0.8709472729754516,
        "iqr": 1.2179850935935974,
        "mad": 0.6656368281692266,
        "mad_sigma": 0.9868731614436954,
        "skewness": 0.5622936442586741,
        "kurtosis_excess": 0.43995656961377616,
        "delta_mean_median": 0.09445292768125399
      },
      "d_n": {
        "n": 41,
        "nan_frac": 0.0,
        "mean": 0.09302546320165075,
        "median": -0.01936224102973938,
        "std": 0.9925883318498343,
        "iqr": 0.7850438356399536,
        "mad": 0.44178685545921326,
        "mad_sigma": 0.6549931919038295,
        "skewness": 1.2925526643973828,
        "kurtosis_excess": 1.8105728047824003,
        "delta_mean_median": 0.11238770423139013
      },
      "d_l": {
        "n": 41,
        "nan_frac": 0.0,
        "mean": 0.8681809584178576,
        "median": -0.08104494959115982,
        "std": 1.5396087766902118,
        "iqr": 2.6082550287246704,
        "mad": 0.5743015632033348,
        "mad_sigma": 0.8514594976052642,
        "skewness": 0.5297887005701105,
        "kurtosis_excess": -1.3644032077604829,
        "delta_mean_median": 0.9492259080090174
      },
      "d_s": {
        "n": 41,
        "nan_frac": 0.0,
        "mean": 0.8051853725096074,
        "median": 0.7566121816635132,
        "std": 1.4542606342716804,
        "iqr": 2.1902314722537994,
        "mad": 1.0992900729179382,
        "mad_sigma": 1.629807462108135,
        "skewness": 0.044153914437251335,
        "kurtosis_excess": -1.0078657786572363,
        "delta_mean_median": 0.04857319084609424
      },
      "e_e": {
        "n": 41,
        "nan_frac": 0.0,
        "mean": 0.26878385627415124,
        "median": 0.0,
        "std": 1.0212636826836916,
        "iqr": 1.6917354762554169,
        "mad": 0.6744906902313232,
        "mad_sigma": 0.9999998973369598,
        "skewness": -0.06262587181137322,
        "kurtosis_excess": -0.4366731368621255,
        "delta_mean_median": 0.26878385627415124
      },
      "e_s": {
        "n": 41,
        "nan_frac": 0.0,
        "mean": 0.4015286343126762,
        "median": 0.4806562662124634,
        "std": 0.5612649409675106,
        "iqr": 0.7285924404859543,
        "mad": 0.3709467649459839,
        "mad_sigma": 0.5499656737089157,
        "skewness": -0.22400029360347834,
        "kurtosis_excess": -0.8517966990131605,
        "delta_mean_median": -0.07912763189978717
      },
      "e_m": {
        "n": 41,
        "nan_frac": 0.0,
        "mean": -0.007847859683196718,
        "median": 0.0,
        "std": 1.0059777280388387,
        "iqr": 1.3126474618911743,
        "mad": 0.674490749835968,
        "mad_sigma": 0.9999999857068061,
        "skewness": 0.412783511869282,
        "kurtosis_excess": -0.3225471070455792,
        "delta_mean_median": -0.007847859683196718
      }
    }
  },
  "entropy_provisional": {},
  "tau_summary": {
    "axes": {
      "m": {
        "tau_sec": 8.0,
        "dt_sec": 4.0,
        "max_lag_sec": 60.0,
        "threshold": 0.36787944117144233,
        "nan_frac": 0.0,
        "nan_policy": "strict"
      },
      "d": {
        "tau_sec": 24.0,
        "dt_sec": 4.0,
        "max_lag_sec": 60.0,
        "threshold": 0.36787944117144233,
        "nan_frac": 0.0,
        "nan_policy": "strict"
      },
      "e": {
        "tau_sec": 8.0,
        "dt_sec": 4.0,
        "max_lag_sec": 60.0,
        "threshold": 0.36787944117144233,
        "nan_frac": 0.0,
        "nan_policy": "strict"
      }
    },
    "subcoords": {
      "m_a": {
        "tau_sec": 20.0,
        "dt_sec": 4.0,
        "max_lag_sec": 60.0,
        "threshold": 0.36787944117144233,
        "nan_frac": 0.0,
        "nan_policy": "strict"
      },
      "m_e": {
        "tau_sec": 12.0,
        "dt_sec": 4.0,
        "max_lag_sec": 60.0,
        "threshold": 0.36787944117144233,
        "nan_frac": 0.0,
        "nan_policy": "strict"
      },
      "m_o": {
        "tau_sec": 8.0,
        "dt_sec": 4.0,
        "max_lag_sec": 60.0,
        "threshold": 0.36787944117144233,
        "nan_frac": 0.0,
        "nan_policy": "strict"
      },
      "d_n": {
        "tau_sec": 4.0,
        "dt_sec": 4.0,
        "max_lag_sec": 60.0,
        "threshold": 0.36787944117144233,
        "nan_frac": 0.0,
        "nan_policy": "strict"
      },
      "d_l": {
        "tau_sec": 28.0,
        "dt_sec": 4.0,
        "max_lag_sec": 60.0,
        "threshold": 0.36787944117144233,
        "nan_frac": 0.0,
        "nan_policy": "strict"
      },