{
  "dataset_id": "ds003478:sub-032:rest_Rest_run-02",
  "subject": "sub-032",
  "session": null,
  "reliability_axes": {
    "m": 0.504490892245083,
    "d": 0.7772216944778666,
    "e": 0.583614918669913
  },
  "reliability_subcoords": {
    "m_a": 0.8684112050346373,
    "m_e": 0.5982646347450696,
    "m_o": 0.5848463483623983,
    "d_n": 0.8312872444718864,
    "d_l": 0.8598591063601383,
    "d_s": 0.7954366754464968,
    "e_e": 0.538033720478726,
    "e_s": 0.8492763077828965,
    "e_m": 0.8320669161056365
  }
}