{
  "dataset_id": "ds003478:sub-032:rest_Rest_run-02",
  "subject": "sub-032",
  "session": null,
  "coverage": {
    "epochs": 42,
    "seconds": 168.0
  },
  "artifacts": {
    "methods": [
      "none"
    ],
    "bad_eeg_channels": [],
    "n_bad_eeg_channels": 0,
    "stem_collisions": {}
  },
  "ensemble": {
    "var_by_subcoord": {
      "m_a": 0.002454143250361085,
      "m_e": 0.004189827013760805,
      "m_o": 0.004360455088317394,
      "d_n": 0.0010610956232994795,
      "d_l": 0.004368409048765898,
      "d_s": 0.0004094332398381084,
      "e_e": 2.851782937400571e-13,
      "e_s": 0.004707985557615757,
      "e_m": 0.0
    },
    "var_mean": 0.0023945943135826337,
    "var_max": 0.004707985557615757
  },
  "reliability": {
    "axes": {
      "m": 0.504490892245083,
      "d": 0.7772216944778666,
      "e": 0.583614918669913
    },
    "subcoords": {
      "m_a": 0.8684112050346373,
      "m_e": 0.5982646347450696,
      "m_o": 0.5848463483623983,
      "d_n": 0.8312872444718864,
      "d_l": 0.8598591063601383,
      "d_s": 0.7954366754464968,
      "e_e": 0.538033720478726,
      "e_s": 0.8492763077828965,
      "e_m": 0.8320669161056365
    }
  },
  "dist_summary": {
    "axes": {
      "m": {
        "n": 42,
        "nan_frac": 0.0,
        "mean": 0.08742135585773558,
        "median": 0.05265233851969242,
        "std": 0.41906930370991174,
        "iqr": 0.5051816999912262,
        "mad": 0.31499727070331573,
        "mad_sigma": 0.4670149535447359,
        "skewness": -0.21533155223055853,
        "kurtosis_excess": -0.017506831051786076,
        "delta_mean_median": 0.03476901733804316
      },
      "d": {
        "n": 42,
        "nan_frac": 0.0,
        "mean": 0.4170702883663277,
        "median": 0.24214213341474533,
        "std": 0.6290802966452508,
        "iqr": 0.7345368273090571,
        "mad": 0.3526199199259281,
        "mad_sigma": 0.522794293282181,
        "skewness": 1.2755716958991692,
        "kurtosis_excess": 1.2834816690252477,
        "delta_mean_median": 0.17492815495158237
      },
      "e": {
        "n": 42,
        "nan_frac": 0.0,
        "mean": 0.01661254855848494,
        "median": 0.1483731009066105,
        "std": 0.5925304543983733,
        "iqr": 0.7333972379565239,
        "mad": 0.41233567893505096,
        "mad_sigma": 0.6113288775891065,
        "skewness": -0.3880294275419225,
        "kurtosis_excess": -0.5326935873307992,
        "delta_mean_median": -0.13176055234812556
      }
    },
    "subcoords": {
      "m_a": {
        "n": 42,
        "nan_frac": 0.0,
        "mean": -0.054191502465289976,
        "median": -0.026158850640058517,
        "std": 0.8409958532306362,
        "iqr": 1.1737818345427513,
        "mad": 0.6134542226791382,
        "mad_sigma": 0.9095072305440902,
        "skewness": -0.8555477845174542,
        "kurtosis_excess": 0.12746701702585161,
        "delta_mean_median": -0.028032651825231458
      },
      "m_e": {
        "n": 42,
        "nan_frac": 0.0,
        "mean": 0.10209977857413746,
        "median": 0.10703710839152336,
        "std": 0.5475614373913024,
        "iqr": 0.767247885465622,
        "mad": 0.38038623332977295,
        "mad_sigma": 0.5639606295347214,
        "skewness": 0.09599162654466205,
        "kurtosis_excess": -0.6585262342190923,
        "delta_mean_median": -0.004937329817385899
      },
      "m_o": {
        "n": 42,
        "nan_frac": 0.0,
        "mean": 0.26459214703312944,
        "median": -0.029036875814199448,
        "std": 0.9500218683139284,
        "iqr": 0.88148083537817,
        "mad": 0.432002529501915,
        "mad_sigma": 0.6404869502395392,
        "skewness": 1.0637701661186534,
        "kurtosis_excess": 0.552458198688262,
        "delta_mean_median": 0.2936290228473289
      },
      "d_n": {
        "n": 42,
        "nan_frac": 0.0,
        "mean": 0.7739937830538977,
        "median": -0.05343259871006012,
        "std": 1.903708924365116,
        "iqr": 1.1342550367116928,
        "mad": 0.43972235918045044,
        "mad_sigma": 0.6519323697209358,
        "skewness": 1.599217978155253,
        "kurtosis_excess": 1.3180599122040704,
        "delta_mean_median": 0.8274263817639578
      },
      "d_l": {
        "n": 42,
        "nan_frac": 0.0,
        "mean": 0.14315327008565268,
        "median": 0.07216319441795349,
        "std": 0.7728139412102845,
        "iqr": 1.3126744329929352,
        "mad": 0.7093389332294464,
        "mad_sigma": 1.0516659024059771,
        "skewness": 0.26532018981180544,
        "kurtosis_excess": -1.0643664082464084,
        "delta_mean_median": 0.07099007566769919
      },
      "d_s": {
        "n": 42,
        "nan_frac": 0.0,
        "mean": 0.5818924437321368,
        "median": 0.3391243815422058,
        "std": 0.8964417670401743,
        "iqr": 0.8304845625534654,
        "mad": 0.4542751759290695,
        "mad_sigma": 0.6735083758324384,
        "skewness": 1.224594540671877,
        "kurtosis_excess": 0.4534184888990076,
        "delta_mean_median": 0.24276806218993097
      },
      "e_e": {
        "n": 42,
        "nan_frac": 0.0,
        "mean": -0.1470660883046332,
        "median": 0.0,
        "std": 1.0973023129148523,
        "iqr": 1.3268735706806183,
        "mad": 0.6744906902313232,
        "mad_sigma": 0.9999998973369598,
        "skewness": -0.4263445936898709,
        "kurtosis_excess": -0.3584028186982655,
        "delta_mean_median": -0.1470660883046332
      },
      "e_s": {
        "n": 42,
        "nan_frac": 0.0,
        "mean": 0.23559800335871323,
        "median": 0.0820774994790554,
        "std": 0.6627802580794825,
        "iqr": 0.7002771347761154,
        "mad": 0.3465258926153183,
        "mad_sigma": 0.5137592883914709,
        "skewness": 1.254042066780845,
        "kurtosis_excess": 0.7794947551869402,
        "delta_mean_median": 0.15352050387965782
      },
      "e_m": {
        "n": 42,
        "nan_frac": 0.0,
        "mean": 0.12847443918387094,
        "median": 0.0,
        "std": 1.0432369154676515,
        "iqr": 1.011736124753952,
        "mad": 0.674490749835968,
        "mad_sigma": 0.9999999857068061,
        "skewness": 2.218659254159714,
        "kurtosis_excess": 5.588372166138065,
        "delta_mean_median": 0.12847443918387094
      }
    }
  },
  "entropy_provisional": {},
  "tau_summary": {
    "axes": {
      "m": {
        "tau_sec": 8.0,
        "dt_sec": 4.0,
        "max_lag_sec": 60.0,
        "threshold": 0.36787944117144233,
        "nan_frac": 0.0,
        "nan_policy": "strict"
      },
      "d": {
        "tau_sec": 8.0,
        "dt_sec": 4.0,
        "max_lag_sec": 60.0,
        "threshold": 0.36787944117144233,
        "nan_frac": 0.0,
        "nan_policy": "strict"
      },
      "e": {
        "tau_sec": 16.0,
        "dt_sec": 4.0,
        "max_lag_sec": 60.0,
        "threshold": 0.36787944117144233,
        "nan_frac": 0.0,
        "nan_policy": "strict"
      }
    },
    "subcoords": {
      "m_a": {
        "tau_sec": 12.0,
        "dt_sec": 4.0,
        "max_lag_sec": 60.0,
        "threshold": 0.36787944117144233,
        "nan_frac": 0.0,
        "nan_policy": "strict"
      },
      "m_e": {
        "tau_sec": 8.0,
        "dt_sec": 4.0,
        "max_lag_sec": 60.0,
        "threshold": 0.36787944117144233,
        "nan_frac": 0.0,
        "nan_policy": "strict"
      },
      "m_o": {
        "tau_sec": 8.0,
        "dt_sec": 4.0,
        "max_lag_sec": 60.0,
        "threshold": 0.36787944117144233,
        "nan_frac": 0.0,
        "nan_policy": "strict"
      },
      "d_n": {
        "tau_sec": 12.0,
        "dt_sec": 4.0,
        "max_lag_sec": 60.0,
        "threshold": 0.36787944117144233,
        "nan_frac": 0.0,
        "nan_policy": "strict"
      },
      "d_l": {
        "tau_sec": 12.0,
        "dt_sec": 4.0,
        "max_lag_sec": 60.0,
        "threshold": 0.36787944117144233,
        "nan_frac": 0.0,
        "nan_policy": "strict"
      },