{
  "dataset_id": "ds003478:sub-067:rest_Rest_run-01",
  "subject": "sub-067",
  "session": null,
  "reliability_axes": {
    "m": 0.6671425477309989,
    "d": 0.7170905891663988,
    "e": 0.7230500198498425
  },
  "reliability_subcoords": {
    "m_a": 0.8744624786784015,
    "m_e": 0.7393011854166794,
    "m_o": 0.6393637599822877,
    "d_n": 0.6436985185720852,
    "d_l": 0.8000035468214493,
    "d_s": 0.7832897217880896,
    "e_e": 0.7200209264753148,
    "e_s": 0.6802953861161006,
    "e_m": 1.0
  }
}