{
  "dataset_id": "ds003478:sub-067:rest_Rest_run-01",
  "subject": "sub-067",
  "session": null,
  "coverage": {
    "epochs": 118,
    "seconds": 472.0
  },
  "artifacts": {
    "methods": [
      "none"
    ],
    "bad_eeg_channels": [],
    "n_bad_eeg_channels": 0,
    "stem_collisions": {}
  },
  "ensemble": {
    "var_by_subcoord": {
      "m_a": 0.0019583709072321653,
      "m_e": 0.007156072650104761,
      "m_o": 0.0008751515415497124,
      "d_n": 0.005333901382982731,
      "d_l": 0.0028461432084441185,
      "d_s": 0.009963631629943848,
      "e_e": 4.3581165152378754e-13,
      "e_s": 0.0010334716644138098,
      "e_m": 0.0
    },
    "var_mean": 0.0032407492205674395,
    "var_max": 0.009963631629943848
  },
  "reliability": {
    "axes": {
      "m": 0.6671425477309989,
      "d": 0.7170905891663988,
      "e": 0.7230500198498425
    },
    "subcoords": {
      "m_a": 0.8744624786784015,
      "m_e": 0.7393011854166794,
      "m_o": 0.6393637599822877,
      "d_n": 0.6436985185720852,
      "d_l": 0.8000035468214493,
      "d_s": 0.7832897217880896,
      "e_e": 0.7200209264753148,
      "e_s": 0.6802953861161006,
      "e_m": 1.0
    }
  },
  "dist_summary": {
    "axes": {
      "m": {
        "n": 118,
        "nan_frac": 0.0,
        "mean": -0.02142388406762127,
        "median": -0.01548776589334011,
        "std": 0.5809721329529137,
        "iqr": 0.7557914182543755,
        "mad": 0.3837550822645426,
        "mad_sigma": 0.5689552849654108,
        "skewness": -0.32758105540731175,
        "kurtosis_excess": 1.196731080289692,
        "delta_mean_median": -0.00593611817428116
      },
      "d": {
        "n": 118,
        "nan_frac": 0.0,
        "mean": 0.1682947107701231,
        "median": 0.1714330092072487,
        "std": 0.6515770691033086,
        "iqr": 0.9199715778231621,
        "mad": 0.46706622838974,
        "mad_sigma": 0.6924723902106285,
        "skewness": 1.0307505183428411,
        "kurtosis_excess": 2.328030114271515,
        "delta_mean_median": -0.0031382984371255973
      },
      "e": {
        "n": 118,
        "nan_frac": 0.0,
        "mean": 0.09956484077443069,
        "median": 0.1661979705095291,
        "std": 0.5679092799071982,
        "iqr": 0.635942418128252,
        "mad": 0.29908861219882965,
        "mad_sigma": 0.44342877644598483,
        "skewness": 0.6548546480393006,
        "kurtosis_excess": 3.5426071650481123,
        "delta_mean_median": -0.06663312973509843
      }
    },
    "subcoords": {
      "m_a": {
        "n": 118,
        "nan_frac": 0.0,
        "mean": -0.19059920896207755,
        "median": 0.08891616389155388,
        "std": 1.0391872327194773,
        "iqr": 1.17889903485775,
        "mad": 0.5179372392594814,
        "mad_sigma": 0.7678937509261071,
        "skewness": -3.01366388652243,
        "kurtosis_excess": 14.02880730086951,
        "delta_mean_median": -0.2795153728536314
      },
      "m_e": {
        "n": 118,
        "nan_frac": 0.0,
        "mean": 0.025125806014669145,
        "median": 0.04901684820652008,
        "std": 0.4838351586765362,
        "iqr": 0.49318593740463257,
        "mad": 0.25017766654491425,
        "mad_sigma": 0.37091340841948983,
        "skewness": -0.9637666691696339,
        "kurtosis_excess": 3.8699497835251275,
        "delta_mean_median": -0.023891042191850936
      },
      "m_o": {
        "n": 118,
        "nan_frac": 0.0,
        "mean": 0.15476805135071026,
        "median": -0.03448078688234091,
        "std": 1.0956746278800293,
        "iqr": 1.228772833943367,
        "mad": 0.6273539066314697,
        "mad_sigma": 0.930114901971817,
        "skewness": 1.2411144232017088,
        "kurtosis_excess": 1.7390177494754777,
        "delta_mean_median": 0.18924883823305116
      },
      "d_n": {
        "n": 118,
        "nan_frac": 0.0,
        "mean": 0.25706999932052726,
        "median": 0.05213446915149689,
        "std": 1.1013394953819862,
        "iqr": 0.9929642304778099,
        "mad": 0.5138791501522064,
        "mad_sigma": 0.7618772280156612,
        "skewness": 2.104132699828855,
        "kurtosis_excess": 5.392194835124226,
        "delta_mean_median": 0.20493553016903038
      },
      "d_l": {
        "n": 118,
        "nan_frac": 0.0,
        "mean": 0.09862228236713652,
        "median": 0.052307210862636566,
        "std": 0.8121983579577168,
        "iqr": 1.462945133447647,
        "mad": 0.7196796536445618,
        "mad_sigma": 1.0669970544934273,
        "skewness": 0.2790498577017973,
        "kurtosis_excess": -1.096651688226699,
        "delta_mean_median": 0.046315071504499955
      },
      "d_s": {
        "n": 118,
        "nan_frac": 0.0,
        "mean": 0.21380806486990492,
        "median": 0.10566303879022598,
        "std": 0.869684563723162,
        "iqr": 1.3212042301893234,
        "mad": 0.6542821601033211,
        "mad_sigma": 0.9700387305691838,
        "skewness": 0.8716935724916387,
        "kurtosis_excess": 0.567261978250805,
        "delta_mean_median": 0.10814502607967894
      },
      "e_e": {
        "n": 118,
        "nan_frac": 0.0,
        "mean": -0.12445308658110878,
        "median": -1.5858968254178762e-06,
        "std": 1.1304405356281035,
        "iqr": 1.4395200610160828,
        "mad": 0.674490749835968,
        "mad_sigma": 0.9999999857068061,
        "skewness": -0.3368569937159147,
        "kurtosis_excess": 1.6351417889518718,
        "delta_mean_median": -0.12445150068428336
      },
      "e_s": {
        "n": 118,
        "nan_frac": 0.0,
        "mean": 0.4065831453870919,
        "median": 0.310910627245903,
        "std": 0.6158832440677371,
        "iqr": 0.9406363125890493,
        "mad": 0.45243552327156067,
        "mad_sigma": 0.6707809068024159,
        "skewness": 0.5981058001085882,
        "kurtosis_excess": -0.2118319922601719,
        "delta_mean_median": 0.09567251814118888
      },
      "e_m": {
        "n": 118,
        "nan_frac": 0.0,
        "mean": 0.1016949152542373,
        "median": 0.0,
        "std": 0.7744854005963296,
        "iqr": 0.0,
        "mad": 0.0,
        "mad_sigma": 0.0,
        "skewness": 7.484466673004186,
        "kurtosis_excess": 54.01724137931035,
        "delta_mean_median": 0.1016949152542373
      }
    }
  },
  "entropy_provisional": {
    "e_m": {
      "var": 0.5998276357368573,
      "n_unique": 2,
      "nan_frac": 0.0,
      "provisional": true
    }
  },
  "tau_summary": {
    "axes": {
      "m": {
        "tau_sec": 8.0,
        "dt_sec": 4.0,
        "max_lag_sec": 60.0,
        "threshold": 0.36787944117144233,
        "nan_frac": 0.0,
        "nan_policy": "strict"
      },
      "d": {
        "tau_sec": 12.0,
        "dt_sec": 4.0,
        "max_lag_sec": 60.0,
        "threshold": 0.36787944117144233,
        "nan_frac": 0.0,
        "nan_policy": "strict"
      },
      "e": {
        "tau_sec": 8.0,
        "dt_sec": 4.0,
        "max_lag_sec": 60.0,
        "threshold": 0.36787944117144233,
        "nan_frac": 0.0,
        "nan_policy": "strict"
      }
    },
    "subcoords": {
      "m_a": {
        "tau_sec": 8.0,
        "dt_sec": 4.0,
        "max_lag_sec": 60.0,
        "threshold": 0.36787944117144233,
        "nan_frac": 0.0,
        "nan_policy": "strict"
      },
      "m_e": {
        "tau_sec": 8.0,
        "dt_sec": 4.0,
        "max_lag_sec": 60.0,
        "threshold": 0.36787944117144233,
        "nan_frac": 0.0,
        "nan_policy": "strict"
      },
      "m_o": {
        "tau_sec": 8.0,
        "dt_sec": 4.0,
        "max_lag_sec": 60.0,
        "threshold": 0.36787944117144233,
        "nan_frac": 0.0,
        "nan_policy": "strict"
      },
      "d_n": {
        "tau_sec": 8.0,
        "dt_sec": 4.0,
        "max_lag_sec": 60.0,
        "threshold": 0.36787944117144233,
        "nan_frac": 0.0,
        "nan_policy": "strict"
      },
      "d_l": {
        "tau_sec": 20.0,
        "dt_sec": 4.0,
        "max_lag_sec": 60.0,