{
  "dataset_id": "ds003478:sub-014:rest_Rest_run-01",
  "subject": "sub-014",
  "session": null,
  "reliability_axes": {
    "m": 0.24915910411037578,
    "d": 0.9081557520934529,
    "e": 0.6163562498312151
  },
  "reliability_subcoords": {
    "m_a": 0.7689279267358693,
    "m_e": 0.6002989149271108,
    "m_o": 0.5387712325097133,
    "d_n": 0.6150572061857251,
    "d_l": 0.8941321366318611,
    "d_s": 0.9044070065595516,
    "e_e": 0.7887456767687296,
    "e_s": 0.7243382820546982,
    "e_m": 0.690714753855381
  }
}