{
  "dataset_id": "ds003478:sub-014:rest_Rest_run-01",
  "subject": "sub-014",
  "session": null,
  "coverage": {
    "epochs": 124,
    "seconds": 496.0
  },
  "artifacts": {
    "methods": [
      "none"
    ],
    "bad_eeg_channels": [],
    "n_bad_eeg_channels": 0,
    "stem_collisions": {}
  },
  "ensemble": {
    "var_by_subcoord": {
      "m_a": 0.0006464138859882951,
      "m_e": 0.0024221246130764484,
      "m_o": 0.003145559225231409,
      "d_n": 0.0003609785926528275,
      "d_l": 0.011463290080428123,
      "d_s": 0.04522048309445381,
      "e_e": 2.046952830760812e-13,
      "e_s": 0.08915934711694717,
      "e_m": 0.0
    },
    "var_mean": 0.016935355178775865,
    "var_max": 0.08915934711694717
  },
  "reliability": {
    "axes": {
      "m": 0.24915910411037578,
      "d": 0.9081557520934529,
      "e": 0.6163562498312151
    },
    "subcoords": {
      "m_a": 0.7689279267358693,
      "m_e": 0.6002989149271108,
      "m_o": 0.5387712325097133,
      "d_n": 0.6150572061857251,
      "d_l": 0.8941321366318611,
      "d_s": 0.9044070065595516,
      "e_e": 0.7887456767687296,
      "e_s": 0.7243382820546982,
      "e_m": 0.690714753855381
    }
  },
  "dist_summary": {
    "axes": {
      "m": {
        "n": 124,
        "nan_frac": 0.0,
        "mean": 0.0015597432117623788,
        "median": -0.0406622588634491,
        "std": 0.36102951972019054,
        "iqr": 0.3765164650976658,
        "mad": 0.1906604915857315,
        "mad_sigma": 0.2826732448250055,
        "skewness": 1.3654728052092442,
        "kurtosis_excess": 3.582648231022632,
        "delta_mean_median": 0.04222200207521148
      },
      "d": {
        "n": 124,
        "nan_frac": 0.0,
        "mean": 0.7940931591851216,
        "median": 0.2672679275274277,
        "std": 1.2431054009281508,
        "iqr": 2.5405198484659195,
        "mad": 1.0046957284212112,
        "mad_sigma": 1.4895618869572878,
        "skewness": 0.11023319113255524,
        "kurtosis_excess": -1.7544091020711978,
        "delta_mean_median": 0.5268252316576939
      },
      "e": {
        "n": 124,
        "nan_frac": 0.0,
        "mean": 0.29969598220345833,
        "median": 0.3195117861032486,
        "std": 0.3063436853473176,
        "iqr": 0.40047499164938927,
        "mad": 0.19527368620038033,
        "mad_sigma": 0.28951276716068386,
        "skewness": -0.026887781215096752,
        "kurtosis_excess": -0.06199088591016455,
        "delta_mean_median": -0.019815803899790263
      }
    },
    "subcoords": {
      "m_a": {
        "n": 124,
        "nan_frac": 0.0,
        "mean": 0.04999902424113374,
        "median": -0.011946072045248002,
        "std": 0.7091339056516335,
        "iqr": 1.2930067777633667,
        "mad": 0.6749106347560883,
        "mad_sigma": 1.0006225070893764,
        "skewness": -0.16880127798051142,
        "kurtosis_excess": -1.231821123313903,
        "delta_mean_median": 0.06194509628638174
      },
      "m_e": {
        "n": 124,
        "nan_frac": 0.0,
        "mean": -0.1572280369188276,
        "median": -0.11337602883577347,
        "std": 0.36743917046421687,
        "iqr": 0.6081619579344988,
        "mad": 0.3031791225075722,
        "mad_sigma": 0.4494933670297265,
        "skewness": -0.03213110969412729,
        "kurtosis_excess": -0.9633003914576381,
        "delta_mean_median": -0.043852008083054145
      },
      "m_o": {
        "n": 124,
        "nan_frac": 0.0,
        "mean": 0.12889513896117288,
        "median": 0.10153067484498024,
        "std": 0.891795192521468,
        "iqr": 1.3622756451368332,
        "mad": 0.6782993972301483,
        "mad_sigma": 1.005646686333418,
        "skewness": 0.6210712027802632,
        "kurtosis_excess": 0.5597451540740335,
        "delta_mean_median": 0.027364464116192644
      },
      "d_n": {
        "n": 124,
        "nan_frac": 0.0,
        "mean": 0.08834625756548296,
        "median": -0.10788729786872864,
        "std": 0.7343215152559475,
        "iqr": 0.46175161376595497,
        "mad": 0.22283488512039185,
        "mad_sigma": 0.33037500067949294,
        "skewness": 1.9716936434338888,
        "kurtosis_excess": 3.8382282437856015,
        "delta_mean_median": 0.19623355543421162
      },
      "d_l": {
        "n": 124,
        "nan_frac": 0.0,
        "mean": 1.120216753694319,
        "median": -0.007535278797149658,
        "std": 1.831275971422688,
        "iqr": 3.789787992835045,
        "mad": 0.8913230895996094,
        "mad_sigma": 1.3214756126403808,
        "skewness": 0.27477068472725524,
        "kurtosis_excess": -1.7741007936898592,
        "delta_mean_median": 1.1277520324914687
      },
      "d_s": {
        "n": 124,
        "nan_frac": 0.0,
        "mean": 1.0992792885630362,
        "median": 0.5154002606868744,
        "std": 1.7709813661075267,
        "iqr": 3.798801228404045,
        "mad": 1.3642464578151703,
        "mad_sigma": 2.0226317983567714,
        "skewness": 0.21736380720134946,
        "kurtosis_excess": -1.7380887776069993,
        "delta_mean_median": 0.5838790278761619
      },
      "e_e": {
        "n": 124,
        "nan_frac": 0.0,
        "mean": 0.04447947284807601,
        "median": 0.0,
        "std": 0.8631738784425478,
        "iqr": 1.2824211567640305,
        "mad": 0.6744907200336456,
        "mad_sigma": 0.999999941521883,
        "skewness": -0.017402910013747264,
        "kurtosis_excess": -0.7682004486263292,
        "delta_mean_median": 0.04447947284807601
      },
      "e_s": {
        "n": 124,
        "nan_frac": 0.0,
        "mean": 0.6733615268622676,
        "median": 0.6930325925350189,
        "std": 0.6334334223501582,
        "iqr": 1.2391095999628305,
        "mad": 0.5939758121967316,
        "mad_sigma": 0.8806285391628742,
        "skewness": -0.2738242713624279,
        "kurtosis_excess": -1.4231113113583942,
        "delta_mean_median": -0.019671065672751342
      },
      "e_m": {
        "n": 124,
        "nan_frac": 0.0,
        "mean": -0.1915900452483085,
        "median": 0.0,
        "std": 1.212762077559087,
        "iqr": 1.6082648187875748,
        "mad": 0.674490749835968,
        "mad_sigma": 0.9999999857068061,
        "skewness": -0.6701594309212486,
        "kurtosis_excess": 1.0485392780052782,
        "delta_mean_median": -0.1915900452483085
      }
    }
  },
  "entropy_provisional": {},
  "tau_summary": {
    "axes": {
      "m": {
        "tau_sec": 8.0,
        "dt_sec": 4.0,
        "max_lag_sec": 60.0,
        "threshold": 0.36787944117144233,
        "nan_frac": 0.0,
        "nan_policy": "strict"
      },
      "d": {
        "tau_sec": 36.0,
        "dt_sec": 4.0,
        "max_lag_sec": 60.0,
        "threshold": 0.36787944117144233,
        "nan_frac": 0.0,
        "nan_policy": "strict"
      },
      "e": {
        "tau_sec": 8.0,
        "dt_sec": 4.0,
        "max_lag_sec": 60.0,
        "threshold": 0.36787944117144233,
        "nan_frac": 0.0,
        "nan_policy": "strict"
      }
    },
    "subcoords": {
      "m_a": {
        "tau_sec": 24.0,
        "dt_sec": 4.0,
        "max_lag_sec": 60.0,
        "threshold": 0.36787944117144233,
        "nan_frac": 0.0,
        "nan_policy": "strict"
      },
      "m_e": {
        "tau_sec": 16.0,
        "dt_sec": 4.0,
        "max_lag_sec": 60.0,
        "threshold": 0.36787944117144233,
        "nan_frac": 0.0,
        "nan_policy": "strict"
      },
      "m_o": {
        "tau_sec": 12.0,
        "dt_sec": 4.0,
        "max_lag_sec": 60.0,
        "threshold": 0.36787944117144233,
        "nan_frac": 0.0,
        "nan_policy": "strict"
      },
      "d_n": {
        "tau_sec": 8.0,
        "dt_sec": 4.0,
        "max_lag_sec": 60.0,
        "threshold": 0.36787944117144233,
        "nan_frac": 0.0,
        "nan_policy": "strict"
      },
      "d_l": {
        "tau_sec": 32.0,
        "dt_sec": 4.0,
        "max_lag_sec": 60.0,
        "threshold": 0.36787944117144233,
        "nan_frac": 0.0,