{
  "dataset_id": "ds003478:sub-005:rest_Rest_run-02",
  "subject": "sub-005",
  "session": null,
  "reliability_axes": {
    "m": 0.5988467480691291,
    "d": 0.9612623733488034,
    "e": 0.5611765550806769
  },
  "reliability_subcoords": {
    "m_a": 0.9416218197306213,
    "m_e": 0.5061759421101794,
    "m_o": 0.1970046954270105,
    "d_n": 0.7284879002590048,
    "d_l": 0.9624480567215487,
    "d_s": 0.9262508588526015,
    "e_e": 0.5473271965049268,
    "e_s": 0.8009753613846635,
    "e_m": 0.6541552408712399
  }
}