{
  "dataset_id": "ds003478:sub-005:rest_Rest_run-02",
  "subject": "sub-005",
  "session": null,
  "coverage": {
    "epochs": 55,
    "seconds": 220.0
  },
  "artifacts": {
    "methods": [
      "none"
    ],
    "bad_eeg_channels": [],
    "n_bad_eeg_channels": 0,
    "stem_collisions": {}
  },
  "ensemble": {
    "var_by_subcoord": {
      "m_a": 0.0007848167442716658,
      "m_e": 0.003404684830456972,
      "m_o": 0.004792111925780773,
      "d_n": 0.004314398858696222,
      "d_l": 0.05016656592488289,
      "d_s": 0.012978846207261086,
      "e_e": 0.0,
      "e_s": 0.003975058440119028,
      "e_m": 0.0
    },
    "var_mean": 0.008935164770163182,
    "var_max": 0.05016656592488289
  },
  "reliability": {
    "axes": {
      "m": 0.5988467480691291,
      "d": 0.9612623733488034,
      "e": 0.5611765550806769
    },
    "subcoords": {
      "m_a": 0.9416218197306213,
      "m_e": 0.5061759421101794,
      "m_o": 0.1970046954270105,
      "d_n": 0.7284879002590048,
      "d_l": 0.9624480567215487,
      "d_s": 0.9262508588526015,
      "e_e": 0.5473271965049268,
      "e_s": 0.8009753613846635,
      "e_m": 0.6541552408712399
    }
  },
  "dist_summary": {
    "axes": {
      "m": {
        "n": 55,
        "nan_frac": 0.0,
        "mean": 0.2815265319564126,
        "median": 0.29167771339416504,
        "std": 0.5960627205093156,
        "iqr": 0.9212808087468147,
        "mad": 0.5040236711502075,
        "mad_sigma": 0.7472654948472977,
        "skewness": 0.18445422725581295,
        "kurtosis_excess": -0.817079263113555,
        "delta_mean_median": -0.010151181437752455
      },
      "d": {
        "n": 55,
        "nan_frac": 0.0,
        "mean": 1.0959549409422007,
        "median": 0.5344577431678772,
        "std": 1.561902166605819,
        "iqr": 3.5051996782422066,
        "mad": 0.8195838630199432,
        "mad_sigma": 1.2151150353133677,
        "skewness": 0.6256298693032819,
        "kurtosis_excess": -1.319697428655657,
        "delta_mean_median": 0.5614971977743235
      },
      "e": {
        "n": 55,
        "nan_frac": 0.0,
        "mean": 0.2092609905299138,
        "median": 0.13728773593902588,
        "std": 0.4969704445193043,
        "iqr": 0.6310510523617268,
        "mad": 0.3573535531759262,
        "mad_sigma": 0.5298123779386281,
        "skewness": -0.22487943297704252,
        "kurtosis_excess": -0.2279599120467326,
        "delta_mean_median": 0.07197325459088791
      }
    },
    "subcoords": {
      "m_a": {
        "n": 55,
        "nan_frac": 0.0,
        "mean": 0.6442041649991138,
        "median": -0.02199174091219902,
        "std": 1.5160195320496033,
        "iqr": 3.054248332977295,
        "mad": 0.6972750909626484,
        "mad_sigma": 1.0337800498612224,
        "skewness": 0.6667258998743588,
        "kurtosis_excess": -1.176538801017498,
        "delta_mean_median": 0.6661959059113128
      },
      "m_e": {
        "n": 55,
        "nan_frac": 0.0,
        "mean": -0.02785247920758345,
        "median": -0.08683508634567261,
        "std": 0.4665913119922016,
        "iqr": 0.6961459666490555,
        "mad": 0.29570919275283813,
        "mad_sigma": 0.43841844917535777,
        "skewness": 0.2938163431675477,
        "kurtosis_excess": -0.39944657551953977,
        "delta_mean_median": 0.05898260713808916
      },
      "m_o": {
        "n": 55,
        "nan_frac": 0.0,
        "mean": 0.15996725742112505,
        "median": 0.017409570515155792,
        "std": 0.8390870498066507,
        "iqr": 1.204223871231079,
        "mad": 0.5669451430439949,
        "mad_sigma": 0.8405528690770268,
        "skewness": 0.9288977786944894,
        "kurtosis_excess": 1.118697461911708,
        "delta_mean_median": 0.14255768690596926
      },
      "d_n": {
        "n": 55,
        "nan_frac": 0.0,
        "mean": 0.19724634804508903,
        "median": -0.05273769795894623,
        "std": 0.8949074051668494,
        "iqr": 1.3334722220897675,
        "mad": 0.5271608978509903,
        "mad_sigma": 0.7815687471538781,
        "skewness": 1.098484582877253,
        "kurtosis_excess": 0.6502626689287645,
        "delta_mean_median": 0.24998404600403526
      },
      "d_l": {
        "n": 55,
        "nan_frac": 0.0,
        "mean": 1.679046700082042,
        "median": 0.1560152918100357,
        "std": 2.760749733377147,
        "iqr": 5.908041685819626,
        "mad": 0.6398378163576126,
        "mad_sigma": 0.9486235465317964,
        "skewness": 0.7855610972695488,
        "kurtosis_excess": -1.269649401013204,
        "delta_mean_median": 1.5230314082720062
      },
      "d_s": {
        "n": 55,
        "nan_frac": 0.0,
        "mean": 0.9931658549742265,
        "median": 0.6484239101409912,
        "std": 1.4496828491149354,
        "iqr": 3.1291769444942474,
        "mad": 1.2015914916992188,
        "mad_sigma": 1.7814795455932617,
        "skewness": 0.39369514500762215,
        "kurtosis_excess": -1.3691700414745942,
        "delta_mean_median": 0.3447419448332353
      },
      "e_e": {
        "n": 55,
        "nan_frac": 0.0,
        "mean": 0.1435583002187989,
        "median": 0.0,
        "std": 0.9946917230181537,
        "iqr": 1.1861109137535095,
        "mad": 0.6744906902313232,
        "mad_sigma": 0.9999998973369598,
        "skewness": -0.0818679644008243,
        "kurtosis_excess": -0.3786267380502646,
        "delta_mean_median": 0.1435583002187989
      },
      "e_s": {
        "n": 55,
        "nan_frac": 0.0,
        "mean": 0.317318259044127,
        "median": 0.38284969329833984,
        "std": 0.3920860851399474,
        "iqr": 0.5719091594219208,
        "mad": 0.24959269165992737,
        "mad_sigma": 0.3700461246550083,
        "skewness": -0.20938060892616808,
        "kurtosis_excess": -0.2372995980205692,
        "delta_mean_median": -0.06553143425421282
      },
      "e_m": {
        "n": 55,
        "nan_frac": 0.0,
        "mean": -0.16234569481827996,
        "median": 0.0,
        "std": 0.9720524113465386,
        "iqr": 1.3486662954092026,
        "mad": 0.6744906902313232,
        "mad_sigma": 0.9999998973369598,
        "skewness": -0.3333782624306195,
        "kurtosis_excess": -0.25816332319659674,
        "delta_mean_median": -0.16234569481827996
      }
    }
  },
  "entropy_provisional": {},
  "tau_summary": {
    "axes": {
      "m": {
        "tau_sec": 8.0,
        "dt_sec": 4.0,
        "max_lag_sec": 60.0,
        "threshold": 0.36787944117144233,
        "nan_frac": 0.0,
        "nan_policy": "strict"
      },
      "d": {
        "tau_sec": 32.0,
        "dt_sec": 4.0,
        "max_lag_sec": 60.0,
        "threshold": 0.36787944117144233,
        "nan_frac": 0.0,
        "nan_policy": "strict"
      },
      "e": {
        "tau_sec": 8.0,
        "dt_sec": 4.0,
        "max_lag_sec": 60.0,
        "threshold": 0.36787944117144233,
        "nan_frac": 0.0,
        "nan_policy": "strict"
      }
    },
    "subcoords": {
      "m_a": {
        "tau_sec": 24.0,
        "dt_sec": 4.0,
        "max_lag_sec": 60.0,
        "threshold": 0.36787944117144233,
        "nan_frac": 0.0,
        "nan_policy": "strict"
      },
      "m_e": {
        "tau_sec": 8.0,
        "dt_sec": 4.0,
        "max_lag_sec": 60.0,
        "threshold": 0.36787944117144233,
        "nan_frac": 0.0,
        "nan_policy": "strict"
      },
      "m_o": {
        "tau_sec": 4.0,
        "dt_sec": 4.0,
        "max_lag_sec": 60.0,
        "threshold": 0.36787944117144233,
        "nan_frac": 0.0,
        "nan_policy": "strict"
      },
      "d_n": {
        "tau_sec": 16.0,
        "dt_sec": 4.0,
        "max_lag_sec": 60.0,
        "threshold": 0.36787944117144233,
        "nan_frac": 0.0,
        "nan_policy": "strict"
      },
      "d_l": {
        "tau_sec": 28.0,
        "dt_sec": 4.0,
        "max_lag_sec": 60.0,
        "threshold": 0.36787944117144233,
        "nan_frac": 0.0,
        "nan_policy": "strict"
      },
      "d_s": {
        "tau_sec": 36.0,