{
  "dataset_id": "ds003478:sub-105:rest_Rest_run-01",
  "subject": "sub-105",
  "session": null,
  "reliability_axes": {
    "m": 0.40681934770420464,
    "d": 0.9109057493068035,
    "e": 0.5128710811809291
  },
  "reliability_subcoords": {
    "m_a": 0.7654747097697311,
    "m_e": 0.6945041794921952,
    "m_o": 0.6661836175781873,
    "d_n": 0.33682386327303093,
    "d_l": 0.903580634667727,
    "d_s": 0.9315354154529394,
    "e_e": 0.6532666429496901,
    "e_s": 0.8885275637094473,
    "e_m": 0.7480338417187123
  }
}