{
  "dataset_id": "ds003478:sub-105:rest_Rest_run-01",
  "subject": "sub-105",
  "session": null,
  "coverage": {
    "epochs": 122,
    "seconds": 488.0
  },
  "artifacts": {
    "methods": [
      "none"
    ],
    "bad_eeg_channels": [],
    "n_bad_eeg_channels": 0,
    "stem_collisions": {}
  },
  "ensemble": {
    "var_by_subcoord": {
      "m_a": 0.0019815044943243265,
      "m_e": 0.00501417787745595,
      "m_o": 0.002544993767514825,
      "d_n": 0.003046561498194933,
      "d_l": 0.07376031577587128,
      "d_s": 0.06456762552261353,
      "e_e": 1.2091159508082622e-13,
      "e_s": 0.010372948832809925,
      "e_m": 0.0
    },
    "var_mean": 0.017920903085433964,
    "var_max": 0.07376031577587128
  },
  "reliability": {
    "axes": {
      "m": 0.40681934770420464,
      "d": 0.9109057493068035,
      "e": 0.5128710811809291
    },
    "subcoords": {
      "m_a": 0.7654747097697311,
      "m_e": 0.6945041794921952,
      "m_o": 0.6661836175781873,
      "d_n": 0.33682386327303093,
      "d_l": 0.903580634667727,
      "d_s": 0.9315354154529394,
      "e_e": 0.6532666429496901,
      "e_s": 0.8885275637094473,
      "e_m": 0.7480338417187123
    }
  },
  "dist_summary": {
    "axes": {
      "m": {
        "n": 122,
        "nan_frac": 0.0,
        "mean": 0.03185900680904017,
        "median": 0.011461844202131033,
        "std": 0.347500987479514,
        "iqr": 0.4014952853322029,
        "mad": 0.20006104046478868,
        "mad_sigma": 0.2966104985930957,
        "skewness": 0.8693693948687324,
        "kurtosis_excess": 1.9883551577166898,
        "delta_mean_median": 0.020397162606909137
      },
      "d": {
        "n": 122,
        "nan_frac": 0.0,
        "mean": 0.7039764186779617,
        "median": 0.13373875990509987,
        "std": 1.2073815457152288,
        "iqr": 2.319084368646145,
        "mad": 0.6357925869524479,
        "mad_sigma": 0.9426260894156991,
        "skewness": 0.5064999479717675,
        "kurtosis_excess": -1.4118357814844822,
        "delta_mean_median": 0.5702376587728618
      },
      "e": {
        "n": 122,
        "nan_frac": 0.0,
        "mean": 0.16658972938173855,
        "median": 0.22700755298137665,
        "std": 0.42443022145036646,
        "iqr": 0.5492191724479198,
        "mad": 0.2757238298654556,
        "mad_sigma": 0.4087881501585245,
        "skewness": -0.5868399950051819,
        "kurtosis_excess": 0.4389140580178439,
        "delta_mean_median": -0.0604178235996381
      }
    },
    "subcoords": {
      "m_a": {
        "n": 122,
        "nan_frac": 0.0,
        "mean": 0.04428942141611679,
        "median": -0.13573041558265686,
        "std": 0.8348226297905205,
        "iqr": 1.476494550704956,
        "mad": 0.62359419465065,
        "mad_sigma": 0.9245407529890537,
        "skewness": -0.016159658689680695,
        "kurtosis_excess": -0.9537753962143736,
        "delta_mean_median": 0.18001983699877366
      },
      "m_e": {
        "n": 122,
        "nan_frac": 0.0,
        "mean": -0.03824262438305238,
        "median": -0.0023678739889874123,
        "std": 0.3651580124440646,
        "iqr": 0.4401629641652107,
        "mad": 0.21273207416379591,
        "mad_sigma": 0.31539657315524383,
        "skewness": -0.6224621075386204,
        "kurtosis_excess": 0.131303265141141,
        "delta_mean_median": -0.035874750394064965
      },
      "m_o": {
        "n": 122,
        "nan_frac": 0.0,
        "mean": 0.10041244085410564,
        "median": 0.03791324142366648,
        "std": 0.8736172575152729,
        "iqr": 1.151454582810402,
        "mad": 0.599659651517868,
        "mad_sigma": 0.8890553993403911,
        "skewness": 0.24857141828271698,
        "kurtosis_excess": -0.20068014479330465,
        "delta_mean_median": 0.06249919943043916
      },
      "d_n": {
        "n": 122,
        "nan_frac": 0.0,
        "mean": 0.018550681713663163,
        "median": -0.02635166049003601,
        "std": 0.4859408607391141,
        "iqr": 0.5844450667500496,
        "mad": 0.2942081689834595,
        "mad_sigma": 0.43619303133487697,
        "skewness": 0.7601306806399788,
        "kurtosis_excess": 0.7936367690114388,
        "delta_mean_median": 0.04490234220369917
      },
      "d_l": {
        "n": 122,
        "nan_frac": 0.0,
        "mean": 1.0902474254797228,
        "median": -0.018489815294742584,
        "std": 1.8672471217886362,
        "iqr": 3.408281482756138,
        "mad": 0.6867677271366119,
        "mad_sigma": 1.0182018322527409,
        "skewness": 0.602646102643464,
        "kurtosis_excess": -1.3451822555494395,
        "delta_mean_median": 1.1087372407744653
      },
      "d_s": {
        "n": 122,
        "nan_frac": 0.0,
        "mean": 0.7967287698363672,
        "median": 0.008347932249307632,
        "std": 1.632482646281062,
        "iqr": 3.232222706079483,
        "mad": 0.8483809866011143,
        "mad_sigma": 1.257809650734812,
        "skewness": 0.46005413503781434,
        "kurtosis_excess": -1.4575581200219783,
        "delta_mean_median": 0.7883808375870596
      },
      "e_e": {
        "n": 122,
        "nan_frac": 0.0,
        "mean": -0.02056882394187641,
        "median": 1.534121111035347e-06,
        "std": 0.9430280052263498,
        "iqr": 1.3965520113706589,
        "mad": 0.6744907200336456,
        "mad_sigma": 0.999999941521883,
        "skewness": -0.24658247598166183,
        "kurtosis_excess": -0.28952429847250727,
        "delta_mean_median": -0.020570358062987446
      },
      "e_s": {
        "n": 122,
        "nan_frac": 0.0,
        "mean": 0.4085002336345735,
        "median": 0.3772636204957962,
        "std": 0.5677703144479943,
        "iqr": 1.049672994762659,
        "mad": 0.48575039207935333,
        "mad_sigma": 0.7201735312968492,
        "skewness": 0.06471637096825567,
        "kurtosis_excess": -1.2492929551847125,
        "delta_mean_median": 0.03123661313877729
      },
      "e_m": {
        "n": 122,
        "nan_frac": 0.0,
        "mean": 0.4699320915292521,
        "median": 0.0,
        "std": 1.2056052670734867,
        "iqr": 1.348981499671936,
        "mad": 0.674490749835968,
        "mad_sigma": 0.9999999857068061,
        "skewness": 1.4597884426494316,
        "kurtosis_excess": 2.0900271109277675,
        "delta_mean_median": 0.4699320915292521
      }
    }
  },
  "entropy_provisional": {},
  "tau_summary": {
    "axes": {
      "m": {
        "tau_sec": 4.0,
        "dt_sec": 4.0,
        "max_lag_sec": 60.0,
        "threshold": 0.36787944117144233,
        "nan_frac": 0.0,
        "nan_policy": "strict"
      },
      "d": {
        "tau_sec": 32.0,
        "dt_sec": 4.0,
        "max_lag_sec": 60.0,
        "threshold": 0.36787944117144233,
        "nan_frac": 0.0,
        "nan_policy": "strict"
      },
      "e": {
        "tau_sec": 8.0,
        "dt_sec": 4.0,
        "max_lag_sec": 60.0,
        "threshold": 0.36787944117144233,
        "nan_frac": 0.0,
        "nan_policy": "strict"
      }
    },
    "subcoords": {
      "m_a": {
        "tau_sec": 16.0,
        "dt_sec": 4.0,
        "max_lag_sec": 60.0,
        "threshold": 0.36787944117144233,
        "nan_frac": 0.0,
        "nan_policy": "strict"
      },
      "m_e": {
        "tau_sec": 20.0,
        "dt_sec": 4.0,
        "max_lag_sec": 60.0,
        "threshold": 0.36787944117144233,
        "nan_frac": 0.0,
        "nan_policy": "strict"
      },
      "m_o": {
        "tau_sec": 20.0,
        "dt_sec": 4.0,
        "max_lag_sec": 60.0,
        "threshold": 0.36787944117144233,
        "nan_frac": 0.0,
        "nan_policy": "strict"
      },
      "d_n": {
        "tau_sec": 8.0,
        "dt_sec": 4.0,
        "max_lag_sec": 60.0,
        "threshold": 0.36787944117144233,
        "nan_frac": 0.0,
        "nan_policy": "strict"
      },
      "d_l": {
        "tau_sec": 32.0,
        "dt_sec": 4.0,
        "max_lag_sec": 60.0,
        "threshold": 0.36787944117144233,
        "nan_frac": 0.0,