{
  "dataset_id": "ds003478:sub-037:rest_Rest_run-01",
  "subject": "sub-037",
  "session": null,
  "reliability_axes": {
    "m": 0.7427029220174085,
    "d": 0.8404687390852558,
    "e": 0.8233759624914548
  },
  "reliability_subcoords": {
    "m_a": 0.7254601607590144,
    "m_e": 0.8889915872748961,
    "m_o": 0.8864015338710398,
    "d_n": 0.677913223713353,
    "d_l": 0.8238883353173831,
    "d_s": 0.8845378022504509,
    "e_e": 0.8729042311274465,
    "e_s": 0.6169486324614001,
    "e_m": 0.8170988572288512
  }
}