{
  "dataset_id": "ds003478:sub-037:rest_Rest_run-01",
  "subject": "sub-037",
  "session": null,
  "coverage": {
    "epochs": 122,
    "seconds": 488.0
  },
  "artifacts": {
    "methods": [
      "none"
    ],
    "bad_eeg_channels": [],
    "n_bad_eeg_channels": 0,
    "stem_collisions": {}
  },
  "ensemble": {
    "var_by_subcoord": {
      "m_a": 0.003295439761132002,
      "m_e": 0.002457650611177087,
      "m_o": 0.0020613044034689665,
      "d_n": 0.06505076587200165,
      "d_l": 0.056095436215400696,
      "d_s": 0.005873306654393673,
      "e_e": 0.0,
      "e_s": 0.02574126236140728,
      "e_m": 0.0
    },
    "var_mean": 0.017841685097664595,
    "var_max": 0.06505076587200165
  },
  "reliability": {
    "axes": {
      "m": 0.7427029220174085,
      "d": 0.8404687390852558,
      "e": 0.8233759624914548
    },
    "subcoords": {
      "m_a": 0.7254601607590144,
      "m_e": 0.8889915872748961,
      "m_o": 0.8864015338710398,
      "d_n": 0.677913223713353,
      "d_l": 0.8238883353173831,
      "d_s": 0.8845378022504509,
      "e_e": 0.8729042311274465,
      "e_s": 0.6169486324614001,
      "e_m": 0.8170988572288512
    }
  },
  "dist_summary": {
    "axes": {
      "m": {
        "n": 122,
        "nan_frac": 0.0,
        "mean": -0.10319494726241292,
        "median": -0.2189539521932602,
        "std": 0.47279234290104105,
        "iqr": 0.4901001453399658,
        "mad": 0.2125340169586707,
        "mad_sigma": 0.3151029335429251,
        "skewness": 0.8261169702174586,
        "kurtosis_excess": 0.09482173013621065,
        "delta_mean_median": 0.11575900493084727
      },
      "d": {
        "n": 122,
        "nan_frac": 0.0,
        "mean": 0.4923101741912179,
        "median": 0.38297252357006073,
        "std": 1.0048984488571162,
        "iqr": 1.8010929971933365,
        "mad": 0.8884537667036057,
        "mad_sigma": 1.3172215545147656,
        "skewness": 0.26772149534101874,
        "kurtosis_excess": -1.15267603571394,
        "delta_mean_median": 0.10933765062115719
      },
      "e": {
        "n": 122,
        "nan_frac": 0.0,
        "mean": 0.26072136263866896,
        "median": 0.22771822661161423,
        "std": 0.5727789357130508,
        "iqr": 0.8622889555990696,
        "mad": 0.4351065829396248,
        "mad_sigma": 0.6450890198662876,
        "skewness": 0.3095446660347136,
        "kurtosis_excess": -0.9296076462849747,
        "delta_mean_median": 0.033003136027054736
      }
    },
    "subcoords": {
      "m_a": {
        "n": 122,
        "nan_frac": 0.0,
        "mean": -0.22533008396686588,
        "median": 0.09708565473556519,
        "std": 0.9151223959510315,
        "iqr": 1.4189866557717323,
        "mad": 0.6536304354667664,
        "mad_sigma": 0.9690724836230278,
        "skewness": -0.3427484996050812,
        "kurtosis_excess": -0.7063202098145274,
        "delta_mean_median": -0.32241573870243107
      },
      "m_e": {
        "n": 122,
        "nan_frac": 0.0,
        "mean": -0.07155378361148607,
        "median": -0.054864559322595596,
        "std": 0.2619633073390869,
        "iqr": 0.48869140073657036,
        "mad": 0.24024610221385956,
        "mad_sigma": 0.35618887114226816,
        "skewness": 0.0038793203916566046,
        "kurtosis_excess": -1.213561077827518,
        "delta_mean_median": -0.01668922428889047
      },
      "m_o": {
        "n": 122,
        "nan_frac": 0.0,
        "mean": 0.026407608626764383,
        "median": 0.017134191934019327,
        "std": 0.9167860000733034,
        "iqr": 1.6282132118940353,
        "mad": 0.8355493247509003,
        "mad_sigma": 1.2387854288756848,
        "skewness": 0.22610840406807034,
        "kurtosis_excess": -1.0464912550455507,
        "delta_mean_median": 0.009273416692745055
      },
      "d_n": {
        "n": 122,
        "nan_frac": 0.0,
        "mean": 0.24109786006881564,
        "median": 0.2312900722026825,
        "std": 0.3569771580407504,
        "iqr": 0.4095410779118538,
        "mad": 0.20374032855033875,
        "mad_sigma": 0.3020654111087322,
        "skewness": 0.6374044201371666,
        "kurtosis_excess": 0.6491607684187737,
        "delta_mean_median": 0.00980778786613315
      },
      "d_l": {
        "n": 122,
        "nan_frac": 0.0,
        "mean": 0.5448159362937584,
        "median": 0.4139135628938675,
        "std": 1.4562270584155288,
        "iqr": 2.4956923723220825,
        "mad": 1.2341666519641876,
        "mad_sigma": 1.8297754782021045,
        "skewness": 0.26623508966454107,
        "kurtosis_excess": -1.2151531504212398,
        "delta_mean_median": 0.13090237339989086
      },
      "d_s": {
        "n": 122,
        "nan_frac": 0.0,
        "mean": 0.7871367215621666,
        "median": -0.05886506661772728,
        "std": 1.474020069365914,
        "iqr": 2.6432111710309982,
        "mad": 0.6168836690485477,
        "mad_sigma": 0.9145917277313769,
        "skewness": 0.6329766626348594,
        "kurtosis_excess": -1.116448115600093,
        "delta_mean_median": 0.8460017881798939
      },
      "e_e": {
        "n": 122,
        "nan_frac": 0.0,
        "mean": -0.30816117561132206,
        "median": 0.0,
        "std": 0.9406488122849057,
        "iqr": 1.7222066819667816,
        "mad": 0.674490749835968,
        "mad_sigma": 0.9999999857068061,
        "skewness": -0.45355785815101607,
        "kurtosis_excess": -1.058166461852955,
        "delta_mean_median": -0.30816117561132206
      },
      "e_s": {
        "n": 122,
        "nan_frac": 0.0,
        "mean": 1.050046380792485,
        "median": 1.0847885012626648,
        "std": 0.9495226726344478,
        "iqr": 1.2490491718053818,
        "mad": 0.5890321582555771,
        "mad_sigma": 0.8732990778297185,
        "skewness": 0.03260808701897776,
        "kurtosis_excess": -0.6179431769696886,
        "delta_mean_median": -0.03474212047017988
      },
      "e_m": {
        "n": 122,
        "nan_frac": 0.0,
        "mean": 0.06634335830563405,
        "median": 0.0,
        "std": 0.786346784792972,
        "iqr": 1.26467015594244,
        "mad": 0.674490749835968,
        "mad_sigma": 0.9999999857068061,
        "skewness": 1.3252899953225312,
        "kurtosis_excess": 2.289156490605543,
        "delta_mean_median": 0.06634335830563405
      }
    }
  },
  "entropy_provisional": {},
  "tau_summary": {
    "axes": {
      "m": {
        "tau_sec": 8.0,
        "dt_sec": 4.0,
        "max_lag_sec": 60.0,
        "threshold": 0.36787944117144233,
        "nan_frac": 0.0,
        "nan_policy": "strict"
      },
      "d": {
        "tau_sec": 24.0,
        "dt_sec": 4.0,
        "max_lag_sec": 60.0,
        "threshold": 0.36787944117144233,
        "nan_frac": 0.0,
        "nan_policy": "strict"
      },
      "e": {
        "tau_sec": 28.0,
        "dt_sec": 4.0,
        "max_lag_sec": 60.0,
        "threshold": 0.36787944117144233,
        "nan_frac": 0.0,
        "nan_policy": "strict"
      }
    },
    "subcoords": {
      "m_a": {
        "tau_sec": 8.0,
        "dt_sec": 4.0,
        "max_lag_sec": 60.0,
        "threshold": 0.36787944117144233,
        "nan_frac": 0.0,
        "nan_policy": "strict"
      },
      "m_e": {
        "tau_sec": 24.0,
        "dt_sec": 4.0,
        "max_lag_sec": 60.0,
        "threshold": 0.36787944117144233,
        "nan_frac": 0.0,
        "nan_policy": "strict"
      },
      "m_o": {
        "tau_sec": 28.0,
        "dt_sec": 4.0,
        "max_lag_sec": 60.0,
        "threshold": 0.36787944117144233,
        "nan_frac": 0.0,
        "nan_policy": "strict"
      },
      "d_n": {
        "tau_sec": 8.0,
        "dt_sec": 4.0,
        "max_lag_sec": 60.0,
        "threshold": 0.36787944117144233,
        "nan_frac": 0.0,
        "nan_policy": "strict"
      },
      "d_l": {
        "tau_sec": 24.0,
        "dt_sec": 4.0,
        "max_lag_sec": 60.0,
        "threshold": 0.36787944117144233,
        "nan_frac": 0.0,
        "nan_policy": "strict"
      },