{
  "dataset_id": "ds003478:sub-090:rest_Rest_run-02",
  "subject": "sub-090",
  "session": null,
  "reliability_axes": {
    "m": 0.8987859460585014,
    "d": 0.7968197810267503,
    "e": 0.49829847778234154
  },
  "reliability_subcoords": {
    "m_a": 0.8751076665468492,
    "m_e": 0.8547831912991151,
    "m_o": 0.8548458344902464,
    "d_n": 0.7775338662173723,
    "d_l": 0.8217455105140438,
    "d_s": 0.8919290355475272,
    "e_e": 0.8579821885466323,
    "e_s": 0.8990759495554226,
    "e_m": null
  }
}