{
  "dataset_id": "ds003478:sub-120:rest_Rest_run-02",
  "subject": "sub-120",
  "session": null,
  "reliability_axes": {
    "m": 0.7958528258443348,
    "d": 0.9161665255362986,
    "e": 0.7915952242896691
  },
  "reliability_subcoords": {
    "m_a": 0.8056680503960826,
    "m_e": 0.8596578629376579,
    "m_o": 0.8809377675354837,
    "d_n": 0.7891583044402823,
    "d_l": 0.8969329523202116,
    "d_s": 0.932127297169169,
    "e_e": 0.8732156074377151,
    "e_s": 0.8748066464735891,
    "e_m": -0.021401454619722256
  }
}