{
  "dataset_id": "ds003478:sub-120:rest_Rest_run-02",
  "subject": "sub-120",
  "session": null,
  "coverage": {
    "epochs": 40,
    "seconds": 160.0
  },
  "artifacts": {
    "methods": [
      "none"
    ],
    "bad_eeg_channels": [],
    "n_bad_eeg_channels": 0,
    "stem_collisions": {}
  },
  "ensemble": {
    "var_by_subcoord": {
      "m_a": 0.003504746360704303,
      "m_e": 0.0015726038254797459,
      "m_o": 0.028693554922938347,
      "d_n": 0.009751788340508938,
      "d_l": 0.01205661240965128,
      "d_s": 0.07863155752420425,
      "e_e": 1.7320520018238028e-13,
      "e_s": 0.06041989475488663,
      "e_m": 0.0
    },
    "var_mean": 0.021625639793171853,
    "var_max": 0.07863155752420425
  },
  "reliability": {
    "axes": {
      "m": 0.7958528258443348,
      "d": 0.9161665255362986,
      "e": 0.7915952242896691
    },
    "subcoords": {
      "m_a": 0.8056680503960826,
      "m_e": 0.8596578629376579,
      "m_o": 0.8809377675354837,
      "d_n": 0.7891583044402823,
      "d_l": 0.8969329523202116,
      "d_s": 0.932127297169169,
      "e_e": 0.8732156074377151,
      "e_s": 0.8748066464735891,
      "e_m": -0.021401454619722256
    }
  },
  "dist_summary": {
    "axes": {
      "m": {
        "n": 40,
        "nan_frac": 0.0,
        "mean": -0.214196493383497,
        "median": -0.2833496406674385,
        "std": 0.33320949795613536,
        "iqr": 0.5389996413141489,
        "mad": 0.240569107234478,
        "mad_sigma": 0.3566677583858371,
        "skewness": 0.22312646953529952,
        "kurtosis_excess": -0.8933143162914057,
        "delta_mean_median": 0.06915314728394151
      },
      "d": {
        "n": 40,
        "nan_frac": 0.0,
        "mean": 0.7032269326533424,
        "median": -0.027686611749231815,
        "std": 1.2302337832453165,
        "iqr": 2.4306353628635406,
        "mad": 0.6764883836731315,
        "mad_sigma": 1.0029616776337846,
        "skewness": 0.24207477967467161,
        "kurtosis_excess": -1.7884169694928673,
        "delta_mean_median": 0.7309135444025742
      },
      "e": {
        "n": 40,
        "nan_frac": 0.0,
        "mean": 0.14541336037218572,
        "median": 0.18042554706335068,
        "std": 0.267225297633219,
        "iqr": 0.42874327674508095,
        "mad": 0.21132671646773815,
        "mad_sigma": 0.31331298983506856,
        "skewness": -0.003117551088538306,
        "kurtosis_excess": -0.37344002853080216,
        "delta_mean_median": -0.03501218669116496
      }
    },
    "subcoords": {
      "m_a": {
        "n": 40,
        "nan_frac": 0.0,
        "mean": -0.14432920119725168,
        "median": 0.2546629309654236,
        "std": 0.8651899664168616,
        "iqr": 1.0455121099948883,
        "mad": 0.3828287050127983,
        "mad_sigma": 0.5675818380519747,
        "skewness": -0.833707443064613,
        "kurtosis_excess": -0.3752826594619405,
        "delta_mean_median": -0.39899213216267526
      },
      "m_e": {
        "n": 40,
        "nan_frac": 0.0,
        "mean": -0.3156735764234327,
        "median": -0.05070105823688209,
        "std": 0.5159850034608829,
        "iqr": 0.971219539642334,
        "mad": 0.321328705875203,
        "mad_sigma": 0.47640193933057595,
        "skewness": -0.2907681689042632,
        "kurtosis_excess": -1.6470494170849137,
        "delta_mean_median": -0.2649725181865506
      },
      "m_o": {
        "n": 40,
        "nan_frac": 0.0,
        "mean": -0.18643054515123367,
        "median": 0.17353341728448868,
        "std": 0.6814997780953814,
        "iqr": 1.3761805444955826,
        "mad": 0.4500356614589691,
        "mad_sigma": 0.6672228716790676,
        "skewness": -0.19628621619192557,
        "kurtosis_excess": -1.6562713350489902,
        "delta_mean_median": -0.3599639624357224
      },
      "d_n": {
        "n": 40,
        "nan_frac": 0.0,
        "mean": -0.02225868236273527,
        "median": -0.1193782426416874,
        "std": 0.35217439540438117,
        "iqr": 0.23694724217057228,
        "mad": 0.11559901013970375,
        "mad_sigma": 0.17138709243312478,
        "skewness": 2.2904520350629314,
        "kurtosis_excess": 4.884972635166378,
        "delta_mean_median": 0.09711956027895212
      },
      "d_l": {
        "n": 40,
        "nan_frac": 0.0,
        "mean": 0.9940611908212305,
        "median": 0.11996227130293846,
        "std": 1.8571192718834204,
        "iqr": 3.681801602244377,
        "mad": 1.2951198779046535,
        "mad_sigma": 1.9201447309814392,
        "skewness": 0.20947788166806522,
        "kurtosis_excess": -1.7433339699814023,
        "delta_mean_median": 0.874098919518292
      },
      "d_s": {
        "n": 40,
        "nan_frac": 0.0,
        "mean": 1.1470081208739429,
        "median": 0.1699203299358487,
        "std": 1.7446517872114375,
        "iqr": 3.5052890107035637,
        "mad": 0.8810742245987058,
        "mad_sigma": 1.306280645390041,
        "skewness": 0.258321696591513,
        "kurtosis_excess": -1.8168080781550415,
        "delta_mean_median": 0.9770877909380942
      },
      "e_e": {
        "n": 40,
        "nan_frac": 0.0,
        "mean": -0.22943894769996404,
        "median": 0.0,
        "std": 0.7953082426153468,
        "iqr": 1.5136617198586464,
        "mad": 0.6744907200336456,
        "mad_sigma": 0.999999941521883,
        "skewness": -0.32974899515465356,
        "kurtosis_excess": -1.3639004575215874,
        "delta_mean_median": -0.22943894769996404
      },
      "e_s": {
        "n": 40,
        "nan_frac": 0.0,
        "mean": 0.6691304661333561,
        "median": 0.8636054694652557,
        "std": 0.6156387393251354,
        "iqr": 1.2067138385027647,
        "mad": 0.4622034430503845,
        "mad_sigma": 0.6852628246665,
        "skewness": -0.2697262423316155,
        "kurtosis_excess": -1.5004946043995944,
        "delta_mean_median": -0.1944750033318996
      },
      "e_m": {
        "n": 40,
        "nan_frac": 0.0,
        "mean": -0.057257467193994674,
        "median": -2.223532646894455e-07,
        "std": 1.0051411690874066,
        "iqr": 1.236754670739174,
        "mad": 0.6744906902313232,
        "mad_sigma": 0.9999998973369598,
        "skewness": 0.01095547980283107,
        "kurtosis_excess": -0.5521431194011042,
        "delta_mean_median": -0.057257244840729984
      }
    }
  },
  "entropy_provisional": {},
  "tau_summary": {
    "axes": {
      "m": {
        "tau_sec": 12.0,
        "dt_sec": 4.0,
        "max_lag_sec": 60.0,
        "threshold": 0.36787944117144233,
        "nan_frac": 0.0,
        "nan_policy": "strict"
      },
      "d": {
        "tau_sec": 32.0,
        "dt_sec": 4.0,
        "max_lag_sec": 60.0,
        "threshold": 0.36787944117144233,
        "nan_frac": 0.0,
        "nan_policy": "strict"
      },
      "e": {
        "tau_sec": 20.0,
        "dt_sec": 4.0,
        "max_lag_sec": 60.0,
        "threshold": 0.36787944117144233,
        "nan_frac": 0.0,
        "nan_policy": "strict"
      }
    },
    "subcoords": {
      "m_a": {
        "tau_sec": 8.0,
        "dt_sec": 4.0,
        "max_lag_sec": 60.0,
        "threshold": 0.36787944117144233,
        "nan_frac": 0.0,
        "nan_policy": "strict"
      },
      "m_e": {
        "tau_sec": 32.0,
        "dt_sec": 4.0,
        "max_lag_sec": 60.0,
        "threshold": 0.36787944117144233,
        "nan_frac": 0.0,
        "nan_policy": "strict"
      },
      "m_o": {
        "tau_sec": 36.0,
        "dt_sec": 4.0,
        "max_lag_sec": 60.0,
        "threshold": 0.36787944117144233,
        "nan_frac": 0.0,
        "nan_policy": "strict"
      },
      "d_n": {
        "tau_sec": 8.0,
        "dt_sec": 4.0,
        "max_lag_sec": 60.0,
        "threshold": 0.36787944117144233,
        "nan_frac": 0.0,
        "nan_policy": "strict"
      },
      "d_l": {
        "tau_sec": 24.0,
        "dt_sec": 4.0,
        "max_lag_sec": 60.0,
        "threshold": 0.36787944117144233,
        "nan_frac": 0.0,