{
  "dataset_id": "ds003478:sub-114:rest_Rest_run-01",
  "subject": "sub-114",
  "session": null,
  "reliability_axes": {
    "m": 0.5117601120094516,
    "d": 0.8658460154812793,
    "e": 0.7159112953075121
  },
  "reliability_subcoords": {
    "m_a": 0.5848383767195582,
    "m_e": 0.8245959823091749,
    "m_o": 0.8139430522598761,
    "d_n": 0.7605793190480605,
    "d_l": 0.8487245985909141,
    "d_s": 0.9059147934959689,
    "e_e": 0.8088757631288455,
    "e_s": 0.7286192817607368,
    "e_m": 0.5247583877540105
  }
}