{
  "dataset_id": "ds003478:sub-114:rest_Rest_run-01",
  "subject": "sub-114",
  "session": null,
  "coverage": {
    "epochs": 122,
    "seconds": 488.0
  },
  "artifacts": {
    "methods": [
      "none"
    ],
    "bad_eeg_channels": [
      "CPZ"
    ],
    "n_bad_eeg_channels": 1,
    "stem_collisions": {}
  },
  "ensemble": {
    "var_by_subcoord": {
      "m_a": 0.01148613728582859,
      "m_e": 0.0036780801601707935,
      "m_o": 0.0011517030652612448,
      "d_n": 0.002640112768858671,
      "d_l": 0.009959928691387177,
      "d_s": 0.017055556178092957,
      "e_e": 2.57544880604213e-13,
      "e_s": 0.006664725951850414,
      "e_m": 0.0
    },
    "var_mean": 0.005848471566856377,
    "var_max": 0.017055556178092957
  },
  "reliability": {
    "axes": {
      "m": 0.5117601120094516,
      "d": 0.8658460154812793,
      "e": 0.7159112953075121
    },
    "subcoords": {
      "m_a": 0.5848383767195582,
      "m_e": 0.8245959823091749,
      "m_o": 0.8139430522598761,
      "d_n": 0.7605793190480605,
      "d_l": 0.8487245985909141,
      "d_s": 0.9059147934959689,
      "e_e": 0.8088757631288455,
      "e_s": 0.7286192817607368,
      "e_m": 0.5247583877540105
    }
  },
  "dist_summary": {
    "axes": {
      "m": {
        "n": 122,
        "nan_frac": 0.0,
        "mean": 0.0034668115940952645,
        "median": -0.06485803239047527,
        "std": 0.44676307345675426,
        "iqr": 0.6099420487880707,
        "mad": 0.29147572815418243,
        "mad_sigma": 0.43214191456139084,
        "skewness": 0.6134018660179442,
        "kurtosis_excess": 0.6959169597110786,
        "delta_mean_median": 0.06832484398457053
      },
      "d": {
        "n": 122,
        "nan_frac": 0.0,
        "mean": 0.5870661459191412,
        "median": 0.3463173508644104,
        "std": 1.0826124450905272,
        "iqr": 2.0237324461340904,
        "mad": 1.0109993815422058,
        "mad_sigma": 1.4989076830744743,
        "skewness": 0.14403008889808605,
        "kurtosis_excess": -1.6080623680388784,
        "delta_mean_median": 0.2407487950547308
      },
      "e": {
        "n": 122,
        "nan_frac": 0.0,
        "mean": 0.2757023163464256,
        "median": 0.2984329015016556,
        "std": 0.39907788847600845,
        "iqr": 0.5656766383908689,
        "mad": 0.2829430876299739,
        "mad_sigma": 0.41949142172019926,
        "skewness": -0.3262066602041918,
        "kurtosis_excess": -0.2196892456022197,
        "delta_mean_median": -0.022730585155229965
      }
    },
    "subcoords": {
      "m_a": {
        "n": 122,
        "nan_frac": 0.0,
        "mean": 0.01535475809798866,
        "median": 0.11057642102241516,
        "std": 0.8015728001922716,
        "iqr": 1.3436612635850906,
        "mad": 0.6108775436878204,
        "mad_sigma": 0.9056870462715625,
        "skewness": -0.25875035299976323,
        "kurtosis_excess": -0.6743673371436989,
        "delta_mean_median": -0.0952216629244265
      },
      "m_e": {
        "n": 122,
        "nan_frac": 0.0,
        "mean": -0.1316001524530412,
        "median": -0.07772846147418022,
        "std": 0.4177199600682017,
        "iqr": 0.6480724066495895,
        "mad": 0.30446405336260796,
        "mad_sigma": 0.45139840551540256,
        "skewness": -0.1323533080259671,
        "kurtosis_excess": -0.77264299298397,
        "delta_mean_median": -0.05387169097886099
      },
      "m_o": {
        "n": 122,
        "nan_frac": 0.0,
        "mean": 0.15216971944529015,
        "median": 0.06073278747498989,
        "std": 0.911837281274102,
        "iqr": 1.3524135798215866,
        "mad": 0.7098316252231598,
        "mad_sigma": 1.0523963675558567,
        "skewness": 0.41259470711171853,
        "kurtosis_excess": -0.44029652680462883,
        "delta_mean_median": 0.09143693197030026
      },
      "d_n": {
        "n": 122,
        "nan_frac": 0.0,
        "mean": 0.06031160664240845,
        "median": -0.15787239372730255,
        "std": 0.7941257909835758,
        "iqr": 0.5682468265295029,
        "mad": 0.22968913614749908,
        "mad_sigma": 0.34053711325228214,
        "skewness": 2.2733714809516714,
        "kurtosis_excess": 6.684801547761744,
        "delta_mean_median": 0.218184000369711
      },
      "d_l": {
        "n": 122,
        "nan_frac": 0.0,
        "mean": 0.8371103064569293,
        "median": -0.11158087104558945,
        "std": 1.5673095293398747,
        "iqr": 2.9862525910139084,
        "mad": 0.6834045425057411,
        "mad_sigma": 1.0132155747190117,
        "skewness": 0.3887744891508454,
        "kurtosis_excess": -1.5844015288616422,
        "delta_mean_median": 0.9486911775025187
      },
      "d_s": {
        "n": 122,
        "nan_frac": 0.0,
        "mean": 0.795427095847296,
        "median": 0.2498081550002098,
        "std": 1.5560297515450034,
        "iqr": 2.906942665576935,
        "mad": 1.169312745332718,
        "mad_sigma": 1.7336230762302876,
        "skewness": 0.29801687742713306,
        "kurtosis_excess": -1.484562223589426,
        "delta_mean_median": 0.5456189408470862
      },
      "e_e": {
        "n": 122,
        "nan_frac": 0.0,
        "mean": 0.0648798642786922,
        "median": -1.3760291039943695e-06,
        "std": 0.9167881658538115,
        "iqr": 1.2734921723604202,
        "mad": 0.674490749835968,
        "mad_sigma": 0.9999999857068061,
        "skewness": -0.16620313553093982,
        "kurtosis_excess": -0.5045937734723265,
        "delta_mean_median": 0.0648812403077962
      },
      "e_s": {
        "n": 122,
        "nan_frac": 0.0,
        "mean": 0.5621341707215446,
        "median": 0.5029720962047577,
        "std": 0.4902799923149155,
        "iqr": 0.6336754858493805,
        "mad": 0.31428056955337524,
        "mad_sigma": 0.4659523724198341,
        "skewness": -0.027543437884250208,
        "kurtosis_excess": -0.3477559711502183,
        "delta_mean_median": 0.0591620745167869
      },
      "e_m": {
        "n": 122,
        "nan_frac": 0.0,
        "mean": 0.32941408656903953,
        "median": 0.0,
        "std": 1.5867540949840897,
        "iqr": 1.3464489579200745,
        "mad": 0.674490749835968,
        "mad_sigma": 0.9999999857068061,
        "skewness": 1.965151544673897,
        "kurtosis_excess": 4.1008890510417535,
        "delta_mean_median": 0.32941408656903953
      }
    }
  },
  "entropy_provisional": {},
  "tau_summary": {
    "axes": {
      "m": {
        "tau_sec": 8.0,
        "dt_sec": 4.0,
        "max_lag_sec": 60.0,
        "threshold": 0.36787944117144233,
        "nan_frac": 0.0,
        "nan_policy": "strict"
      },
      "d": {
        "tau_sec": 28.0,
        "dt_sec": 4.0,
        "max_lag_sec": 60.0,
        "threshold": 0.36787944117144233,
        "nan_frac": 0.0,
        "nan_policy": "strict"
      },
      "e": {
        "tau_sec": 8.0,
        "dt_sec": 4.0,
        "max_lag_sec": 60.0,
        "threshold": 0.36787944117144233,
        "nan_frac": 0.0,
        "nan_policy": "strict"
      }
    },
    "subcoords": {
      "m_a": {
        "tau_sec": 8.0,
        "dt_sec": 4.0,
        "max_lag_sec": 60.0,
        "threshold": 0.36787944117144233,
        "nan_frac": 0.0,
        "nan_policy": "strict"
      },
      "m_e": {
        "tau_sec": 20.0,
        "dt_sec": 4.0,
        "max_lag_sec": 60.0,
        "threshold": 0.36787944117144233,
        "nan_frac": 0.0,
        "nan_policy": "strict"
      },
      "m_o": {
        "tau_sec": 24.0,
        "dt_sec": 4.0,
        "max_lag_sec": 60.0,
        "threshold": 0.36787944117144233,
        "nan_frac": 0.0,
        "nan_policy": "strict"
      },
      "d_n": {
        "tau_sec": 8.0,
        "dt_sec": 4.0,
        "max_lag_sec": 60.0,
        "threshold": 0.36787944117144233,
        "nan_frac": 0.0,
        "nan_policy": "strict"
      },
      "d_l": {
        "tau_sec": 28.0,
        "dt_sec": 4.0,
        "max_lag_sec": 60.0,
        "threshold": 0.36787944117144233,
        "nan_frac": 0.0,