{
  "dataset_id": "ds003478:sub-103:rest_Rest_run-02",
  "subject": "sub-103",
  "session": null,
  "reliability_axes": {
    "m": 0.5764235829944012,
    "d": 0.4734753901697045,
    "e": 0.721845214734228
  },
  "reliability_subcoords": {
    "m_a": 0.6799771361636338,
    "m_e": 0.7698478493080375,
    "m_o": 0.8050123614489676,
    "d_n": 0.8304466174470092,
    "d_l": 0.5259548732833181,
    "d_s": 0.8096018358113793,
    "e_e": 0.5980289733986106,
    "e_s": 0.6920996854435345,
    "e_m": 0.7116790642692068
  }
}