{
  "dataset_id": "ds003478:sub-103:rest_Rest_run-02",
  "subject": "sub-103",
  "session": null,
  "coverage": {
    "epochs": 56,
    "seconds": 224.0
  },
  "artifacts": {
    "methods": [
      "none"
    ],
    "bad_eeg_channels": [
      "CPZ",
      "CZ"
    ],
    "n_bad_eeg_channels": 2,
    "stem_collisions": {}
  },
  "ensemble": {
    "var_by_subcoord": {
      "m_a": 0.003892675507813692,
      "m_e": 0.0020191012881696224,
      "m_o": 0.0004666624590754509,
      "d_n": 0.0005416109343059361,
      "d_l": 0.06521475315093994,
      "d_s": 0.016083525493741035,
      "e_e": 3.7578333457119473e-13,
      "e_s": 0.020193466916680336,
      "e_m": 0.0
    },
    "var_mean": 0.012045755083455754,
    "var_max": 0.06521475315093994
  },
  "reliability": {
    "axes": {
      "m": 0.5764235829944012,
      "d": 0.4734753901697045,
      "e": 0.721845214734228
    },
    "subcoords": {
      "m_a": 0.6799771361636338,
      "m_e": 0.7698478493080375,
      "m_o": 0.8050123614489676,
      "d_n": 0.8304466174470092,
      "d_l": 0.5259548732833181,
      "d_s": 0.8096018358113793,
      "e_e": 0.5980289733986106,
      "e_s": 0.6920996854435345,
      "e_m": 0.7116790642692068
    }
  },
  "dist_summary": {
    "axes": {
      "m": {
        "n": 56,
        "nan_frac": 0.0,
        "mean": -0.05193167292912092,
        "median": -0.06997259333729744,
        "std": 0.3989431330974602,
        "iqr": 0.5756837166845798,
        "mad": 0.3028734661638737,
        "mad_sigma": 0.4490402009345591,
        "skewness": -0.13242373071653366,
        "kurtosis_excess": -0.34535958041366,
        "delta_mean_median": 0.018040920408176522
      },
      "d": {
        "n": 56,
        "nan_frac": 0.0,
        "mean": 0.19729774201238928,
        "median": 0.21176370233297348,
        "std": 0.4826839355141778,
        "iqr": 0.6644925773143768,
        "mad": 0.3303231932222843,
        "mad_sigma": 0.4897371662713587,
        "skewness": 0.37100798288230763,
        "kurtosis_excess": 0.3924890747379055,
        "delta_mean_median": -0.014465960320584198
      },
      "e": {
        "n": 56,
        "nan_frac": 0.0,
        "mean": 0.1032245508561443,
        "median": 0.11447910778224468,
        "std": 0.5635142174862046,
        "iqr": 0.7180928513407707,
        "mad": 0.3769328612834215,
        "mad_sigma": 0.5588406601388007,
        "skewness": 0.13345949043299696,
        "kurtosis_excess": -0.4767520548917332,
        "delta_mean_median": -0.011254556926100376
      }
    },
    "subcoords": {
      "m_a": {
        "n": 56,
        "nan_frac": 0.0,
        "mean": -0.1507210822642914,
        "median": 0.08248568698763847,
        "std": 0.9084300734999798,
        "iqr": 1.2901270985603333,
        "mad": 0.6940089948475361,
        "mad_sigma": 1.028937735760957,
        "skewness": -0.48777401115321695,
        "kurtosis_excess": -0.5128028341232089,
        "delta_mean_median": -0.23320676925192987
      },
      "m_e": {
        "n": 56,
        "nan_frac": 0.0,
        "mean": 0.06932111477778692,
        "median": 0.14455512911081314,
        "std": 0.31860582338435206,
        "iqr": 0.5203870013356209,
        "mad": 0.2074221596121788,
        "mad_sigma": 0.30752409384101626,
        "skewness": -0.4811640164424514,
        "kurtosis_excess": -0.47287791431617476,
        "delta_mean_median": -0.07523401433302622
      },
      "m_o": {
        "n": 56,
        "nan_frac": 0.0,
        "mean": -0.06401968136196956,
        "median": 0.08842549100518227,
        "std": 0.7813271482355061,
        "iqr": 1.125788375735283,
        "mad": 0.5303831361234188,
        "mad_sigma": 0.7863460376165807,
        "skewness": -0.42493436771494825,
        "kurtosis_excess": -0.4971410151607687,
        "delta_mean_median": -0.15244517236715183
      },
      "d_n": {
        "n": 56,
        "nan_frac": 0.0,
        "mean": 0.11183179369462388,
        "median": -0.15005861222743988,
        "std": 0.7051418359054419,
        "iqr": 1.2199584022164345,
        "mad": 0.44337983429431915,
        "mad_sigma": 0.6573549423247576,
        "skewness": 0.5983728738789377,
        "kurtosis_excess": -0.8627855761922136,
        "delta_mean_median": 0.26189040592206375
      },
      "d_l": {
        "n": 56,
        "nan_frac": 0.0,
        "mean": 0.1825058283949537,
        "median": 0.23368046432733536,
        "std": 0.968095129054895,
        "iqr": 1.500431090593338,
        "mad": 0.7977794110774994,
        "mad_sigma": 1.1827877548635006,
        "skewness": 0.04542898204454853,
        "kurtosis_excess": -0.23346615266604687,
        "delta_mean_median": -0.05117463593238167
      },
      "d_s": {
        "n": 56,
        "nan_frac": 0.0,
        "mean": 0.39323465193488766,
        "median": 0.3820386230945587,
        "std": 0.7854962318888064,
        "iqr": 1.1356202811002731,
        "mad": 0.5603457093238831,
        "mad_sigma": 0.830768548643589,
        "skewness": 0.4980284323654531,
        "kurtosis_excess": 0.4766924084655253,
        "delta_mean_median": 0.011196028840328942
      },
      "e_e": {
        "n": 56,
        "nan_frac": 0.0,
        "mean": -0.0989921964106283,
        "median": 1.7406418919563293e-06,
        "std": 0.9621309894150739,
        "iqr": 1.325488418340683,
        "mad": 0.6744906902313232,
        "mad_sigma": 0.9999998973369598,
        "skewness": -0.6295175748197012,
        "kurtosis_excess": 0.07064714241777414,
        "delta_mean_median": -0.09899393705252026
      },
      "e_s": {
        "n": 56,
        "nan_frac": 0.0,
        "mean": 0.36952215366597685,
        "median": 0.32923491299152374,
        "std": 0.692271178093461,
        "iqr": 0.9825571440160275,
        "mad": 0.493845172226429,
        "mad_sigma": 0.7321748523429036,
        "skewness": 0.587095100213034,
        "kurtosis_excess": 0.19646358676418174,
        "delta_mean_median": 0.040287240674453106
      },
      "e_m": {
        "n": 56,
        "nan_frac": 0.0,
        "mean": 0.32921572242464336,
        "median": 0.0,
        "std": 1.0054393735570226,
        "iqr": 1.348981499671936,
        "mad": 0.674490749835968,
        "mad_sigma": 0.9999999857068061,
        "skewness": 1.1937142493657389,
        "kurtosis_excess": 1.159369656960247,
        "delta_mean_median": 0.32921572242464336
      }
    }
  },
  "entropy_provisional": {},
  "tau_summary": {
    "axes": {
      "m": {
        "tau_sec": 8.0,
        "dt_sec": 4.0,
        "max_lag_sec": 60.0,
        "threshold": 0.36787944117144233,
        "nan_frac": 0.0,
        "nan_policy": "strict"
      },
      "d": {
        "tau_sec": 8.0,
        "dt_sec": 4.0,
        "max_lag_sec": 60.0,
        "threshold": 0.36787944117144233,
        "nan_frac": 0.0,
        "nan_policy": "strict"
      },
      "e": {
        "tau_sec": 16.0,
        "dt_sec": 4.0,
        "max_lag_sec": 60.0,
        "threshold": 0.36787944117144233,
        "nan_frac": 0.0,
        "nan_policy": "strict"
      }
    },
    "subcoords": {
      "m_a": {
        "tau_sec": 20.0,
        "dt_sec": 4.0,
        "max_lag_sec": 60.0,
        "threshold": 0.36787944117144233,
        "nan_frac": 0.0,
        "nan_policy": "strict"
      },
      "m_e": {
        "tau_sec": 12.0,
        "dt_sec": 4.0,
        "max_lag_sec": 60.0,
        "threshold": 0.36787944117144233,
        "nan_frac": 0.0,
        "nan_policy": "strict"
      },
      "m_o": {
        "tau_sec": 16.0,
        "dt_sec": 4.0,
        "max_lag_sec": 60.0,
        "threshold": 0.36787944117144233,
        "nan_frac": 0.0,
        "nan_policy": "strict"
      },
      "d_n": {
        "tau_sec": 24.0,
        "dt_sec": 4.0,
        "max_lag_sec": 60.0,
        "threshold": 0.36787944117144233,
        "nan_frac": 0.0,
        "nan_policy": "strict"
      },
      "d_l": {
        "tau_sec": 8.0,
        "dt_sec": 4.0,
        "max_lag_sec": 60.0,
        "threshold": 0.36787944117144233,