{
  "dataset_id": "ds003478:sub-082:rest_Rest_run-01",
  "subject": "sub-082",
  "session": null,
  "reliability_axes": {
    "m": 0.7722938871661624,
    "d": 0.9253331911291112,
    "e": 0.7660091642976953
  },
  "reliability_subcoords": {
    "m_a": 0.8934206661931074,
    "m_e": 0.6769083624221959,
    "m_o": 0.6303070451184942,
    "d_n": 0.7845658329090394,
    "d_l": 0.921729816635479,
    "d_s": 0.8782683535638667,
    "e_e": 0.7690854928906786,
    "e_s": 0.5783196545768936,
    "e_m": 0.776378205197958
  }
}