{
  "dataset_id": "ds003478:sub-082:rest_Rest_run-01",
  "subject": "sub-082",
  "session": null,
  "coverage": {
    "epochs": 143,
    "seconds": 572.0
  },
  "artifacts": {
    "methods": [
      "none"
    ],
    "bad_eeg_channels": [],
    "n_bad_eeg_channels": 0,
    "stem_collisions": {}
  },
  "ensemble": {
    "var_by_subcoord": {
      "m_a": 0.0013130288571119308,
      "m_e": 0.003931930288672447,
      "m_o": 0.00017783005023375154,
      "d_n": 0.009144926443696022,
      "d_l": 0.010130053386092186,
      "d_s": 0.1497505009174347,
      "e_e": 0.0,
      "e_s": 0.006208113860338926,
      "e_m": 0.0
    },
    "var_mean": 0.020072931533731107,
    "var_max": 0.1497505009174347
  },
  "reliability": {
    "axes": {
      "m": 0.7722938871661624,
      "d": 0.9253331911291112,
      "e": 0.7660091642976953
    },
    "subcoords": {
      "m_a": 0.8934206661931074,
      "m_e": 0.6769083624221959,
      "m_o": 0.6303070451184942,
      "d_n": 0.7845658329090394,
      "d_l": 0.921729816635479,
      "d_s": 0.8782683535638667,
      "e_e": 0.7690854928906786,
      "e_s": 0.5783196545768936,
      "e_m": 0.776378205197958
    }
  },
  "dist_summary": {
    "axes": {
      "m": {
        "n": 143,
        "nan_frac": 0.0,
        "mean": 0.09410363340537044,
        "median": 0.050951771438121796,
        "std": 0.5747650009358334,
        "iqr": 0.8815033882856369,
        "mad": 0.46357090026140213,
        "mad_sigma": 0.6872902167275547,
        "skewness": -0.06428598730284975,
        "kurtosis_excess": -0.6439544023864845,
        "delta_mean_median": 0.04315186196724864
      },
      "d": {
        "n": 143,
        "nan_frac": 0.0,
        "mean": 0.9710962746871987,
        "median": 0.21731866896152496,
        "std": 1.514699618934288,
        "iqr": 2.778966948390007,
        "mad": 0.7822266966104507,
        "mad_sigma": 1.1597293003946543,
        "skewness": 0.6963583432752437,
        "kurtosis_excess": -0.7083252523355767,
        "delta_mean_median": 0.7537776057256738
      },
      "e": {
        "n": 143,
        "nan_frac": 0.0,
        "mean": 0.06798280006717447,
        "median": 0.1528092920780182,
        "std": 0.5775712317780178,
        "iqr": 0.6720377132296562,
        "mad": 0.3511938452720642,
        "mad_sigma": 0.5206799950003623,
        "skewness": -0.6756393075577423,
        "kurtosis_excess": 1.148617499279026,
        "delta_mean_median": -0.08482649201084372
      }
    },
    "subcoords": {
      "m_a": {
        "n": 143,
        "nan_frac": 0.0,
        "mean": 0.13302705408940158,
        "median": 0.012503888458013535,
        "std": 0.8384367794830235,
        "iqr": 1.294073224067688,
        "mad": 0.5554498098790646,
        "mad_sigma": 0.8235098881267011,
        "skewness": -2.049343419505087,
        "kurtosis_excess": 13.301081275902451,
        "delta_mean_median": 0.12052316563138804
      },
      "m_e": {
        "n": 143,
        "nan_frac": 0.0,
        "mean": -0.02940199464715047,
        "median": -0.0685155987739563,
        "std": 0.37185415832284524,
        "iqr": 0.5139363035559654,
        "mad": 0.24385517835617065,
        "mad_sigma": 0.36153968743085857,
        "skewness": -0.8825688472965756,
        "kurtosis_excess": 3.954461693080934,
        "delta_mean_median": 0.039113604126805826
      },
      "m_o": {
        "n": 143,
        "nan_frac": 0.0,
        "mean": 0.19142713363223768,
        "median": 0.1945619285106659,
        "std": 0.9092823706588454,
        "iqr": 1.1898616254329681,
        "mad": 0.6259974539279938,
        "mad_sigma": 0.9281038251936435,
        "skewness": 0.605131476181573,
        "kurtosis_excess": 1.778731310340965,
        "delta_mean_median": -0.0031347948784282154
      },
      "d_n": {
        "n": 143,
        "nan_frac": 0.0,
        "mean": 0.37878870797324016,
        "median": 0.2923862934112549,
        "std": 0.9421599568352822,
        "iqr": 1.2776340246200562,
        "mad": 0.6486670076847076,
        "mad_sigma": 0.9617137055933475,
        "skewness": 1.6957826420562108,
        "kurtosis_excess": 7.375340402513769,
        "delta_mean_median": 0.08640241456198527
      },
      "d_l": {
        "n": 143,
        "nan_frac": 0.0,
        "mean": 1.335469631256757,
        "median": -0.027249209582805634,
        "std": 2.2607813368494485,
        "iqr": 4.0501068234443665,
        "mad": 0.5898343399167061,
        "mad_sigma": 0.8744883923605083,
        "skewness": 0.756715974863981,
        "kurtosis_excess": -1.1291591827382665,
        "delta_mean_median": 1.3627188408395627
      },
      "d_s": {
        "n": 143,
        "nan_frac": 0.0,
        "mean": 0.9616949897441831,
        "median": 0.720994234085083,
        "std": 1.3618223385632937,
        "iqr": 2.401399686932564,
        "mad": 1.1984793841838837,
        "mad_sigma": 1.7768655349910258,
        "skewness": 0.5285499768676736,
        "kurtosis_excess": -0.29633699630517807,
        "delta_mean_median": 0.2407007556591001
      },
      "e_e": {
        "n": 143,
        "nan_frac": 0.0,
        "mean": -0.11090828062497549,
        "median": 0.0,
        "std": 1.0669062569193997,
        "iqr": 1.3417609632015228,
        "mad": 0.6744906902313232,
        "mad_sigma": 0.9999998973369598,
        "skewness": -0.6912575110214907,
        "kurtosis_excess": 0.8509241741347879,
        "delta_mean_median": -0.11090828062497549
      },
      "e_s": {
        "n": 143,
        "nan_frac": 0.0,
        "mean": 0.3143404069766923,
        "median": 0.2592219114303589,
        "std": 0.36422458219614456,
        "iqr": 0.5385594293475151,
        "mad": 0.25017303228378296,
        "mad_sigma": 0.3709065376639366,
        "skewness": 0.5226772988520823,
        "kurtosis_excess": 0.5181455041879821,
        "delta_mean_median": 0.05511849554633341
      },
      "e_m": {
        "n": 143,
        "nan_frac": 0.0,
        "mean": 0.045173096491701224,
        "median": -0.0029743595514446497,
        "std": 1.3523657722647846,
        "iqr": 1.3182735443115234,
        "mad": 0.678437082329765,
        "mad_sigma": 1.0058508182621095,
        "skewness": 2.010594146016143,
        "kurtosis_excess": 7.520751888097886,
        "delta_mean_median": 0.048147456043145874
      }
    }
  },
  "entropy_provisional": {},
  "tau_summary": {
    "axes": {
      "m": {
        "tau_sec": 20.0,
        "dt_sec": 4.0,
        "max_lag_sec": 60.0,
        "threshold": 0.36787944117144233,
        "nan_frac": 0.0,
        "nan_policy": "strict"
      },
      "d": {
        "tau_sec": 32.0,
        "dt_sec": 4.0,
        "max_lag_sec": 60.0,
        "threshold": 0.36787944117144233,
        "nan_frac": 0.0,
        "nan_policy": "strict"
      },
      "e": {
        "tau_sec": 16.0,
        "dt_sec": 4.0,
        "max_lag_sec": 60.0,
        "threshold": 0.36787944117144233,
        "nan_frac": 0.0,
        "nan_policy": "strict"
      }
    },
    "subcoords": {
      "m_a": {
        "tau_sec": 16.0,
        "dt_sec": 4.0,
        "max_lag_sec": 60.0,
        "threshold": 0.36787944117144233,
        "nan_frac": 0.0,
        "nan_policy": "strict"
      },
      "m_e": {
        "tau_sec": 8.0,
        "dt_sec": 4.0,
        "max_lag_sec": 60.0,
        "threshold": 0.36787944117144233,
        "nan_frac": 0.0,
        "nan_policy": "strict"
      },
      "m_o": {
        "tau_sec": 8.0,
        "dt_sec": 4.0,
        "max_lag_sec": 60.0,
        "threshold": 0.36787944117144233,
        "nan_frac": 0.0,
        "nan_policy": "strict"
      },
      "d_n": {
        "tau_sec": 8.0,
        "dt_sec": 4.0,
        "max_lag_sec": 60.0,
        "threshold": 0.36787944117144233,
        "nan_frac": 0.0,
        "nan_policy": "strict"
      },
      "d_l": {
        "tau_sec": 32.0,
        "dt_sec": 4.0,
        "max_lag_sec": 60.0,
        "threshold": 0.36787944117144233,
        "nan_frac": 0.0,
        "nan_policy": "strict"
      },