{
  "dataset_id": "ds003478:sub-059:rest_Rest_run-02",
  "subject": "sub-059",
  "session": null,
  "reliability_axes": {
    "m": 0.3772517281195617,
    "d": 0.7668033486459094,
    "e": 0.7065054993322132
  },
  "reliability_subcoords": {
    "m_a": 0.4519412945242537,
    "m_e": 0.36208239227314926,
    "m_o": 0.8996262344192633,
    "d_n": 0.4002757615774835,
    "d_l": 0.8235805441641999,
    "d_s": 0.8221945596917872,
    "e_e": 0.9121069557266094,
    "e_s": 0.7613016479915117,
    "e_m": 0.6106664973702042
  }
}