{
  "dataset_id": "ds003478:sub-059:rest_Rest_run-02",
  "subject": "sub-059",
  "session": null,
  "coverage": {
    "epochs": 54,
    "seconds": 216.0
  },
  "artifacts": {
    "methods": [
      "none"
    ],
    "bad_eeg_channels": [],
    "n_bad_eeg_channels": 0,
    "stem_collisions": {}
  },
  "ensemble": {
    "var_by_subcoord": {
      "m_a": 0.012258871458470821,
      "m_e": 0.008178195916116238,
      "m_o": 0.006648248061537743,
      "d_n": 0.0030110685620456934,
      "d_l": 0.358087956905365,
      "d_s": 0.4036788046360016,
      "e_e": 1.2224742702501845e-13,
      "e_s": 0.021554136648774147,
      "e_m": 0.0
    },
    "var_mean": 0.09037969802093705,
    "var_max": 0.4036788046360016
  },
  "reliability": {
    "axes": {
      "m": 0.3772517281195617,
      "d": 0.7668033486459094,
      "e": 0.7065054993322132
    },
    "subcoords": {
      "m_a": 0.4519412945242537,
      "m_e": 0.36208239227314926,
      "m_o": 0.8996262344192633,
      "d_n": 0.4002757615774835,
      "d_l": 0.8235805441641999,
      "d_s": 0.8221945596917872,
      "e_e": 0.9121069557266094,
      "e_s": 0.7613016479915117,
      "e_m": 0.6106664973702042
    }
  },
  "dist_summary": {
    "axes": {
      "m": {
        "n": 54,
        "nan_frac": 0.0,
        "mean": -0.19387438808809276,
        "median": -0.2527567148208618,
        "std": 0.6422173190352614,
        "iqr": 0.8043583035469055,
        "mad": 0.4277125746011734,
        "mad_sigma": 0.6341266631036997,
        "skewness": -0.6365305541811203,
        "kurtosis_excess": 3.1372499305144386,
        "delta_mean_median": 0.05888232673276905
      },
      "d": {
        "n": 54,
        "nan_frac": 0.0,
        "mean": 0.4680014310611619,
        "median": -0.11663872376084328,
        "std": 1.1190838912518422,
        "iqr": 2.3342907279729843,
        "mad": 0.5950429104268551,
        "mad_sigma": 0.8822106189988553,
        "skewness": 0.42108012975959025,
        "kurtosis_excess": -1.4978153458852592,
        "delta_mean_median": 0.5846401548220052
      },
      "e": {
        "n": 54,
        "nan_frac": 0.0,
        "mean": 0.09640128658739505,
        "median": 0.1132315956056118,
        "std": 0.3162817145665341,
        "iqr": 0.3514721314422786,
        "mad": 0.1719427015632391,
        "mad_sigma": 0.2549222493376583,
        "skewness": -0.7858272598430404,
        "kurtosis_excess": 1.0485512443573617,
        "delta_mean_median": -0.01683030901821675
      }
    },
    "subcoords": {
      "m_a": {
        "n": 54,
        "nan_frac": 0.0,
        "mean": -0.4202430262532154,
        "median": 0.03869922645390034,
        "std": 1.44334398402049,
        "iqr": 1.55121561139822,
        "mad": 0.5222365409135818,
        "mad_sigma": 0.7742678955584764,
        "skewness": -1.1145709018814618,
        "kurtosis_excess": 2.6838910168986025,
        "delta_mean_median": -0.45894225270711575
      },
      "m_e": {
        "n": 54,
        "nan_frac": 0.0,
        "mean": -0.07483933374492659,
        "median": 0.027657579630613327,
        "std": 0.3484274282028904,
        "iqr": 0.421552874147892,
        "mad": 0.16473999246954918,
        "mad_sigma": 0.2442435128353536,
        "skewness": -2.8165353317118598,
        "kurtosis_excess": 12.413874639728933,
        "delta_mean_median": -0.10249691337553991
      },
      "m_o": {
        "n": 54,
        "nan_frac": 0.0,
        "mean": -0.027476003242622095,
        "median": 0.03252392262220383,
        "std": 0.7524986238062388,
        "iqr": 1.2624240964651108,
        "mad": 0.7088627517223358,
        "mad_sigma": 1.050959915703535,
        "skewness": -0.24422096540954352,
        "kurtosis_excess": -1.0827443240543557,
        "delta_mean_median": -0.05999992586482592
      },
      "d_n": {
        "n": 54,
        "nan_frac": 0.0,
        "mean": -0.14348944424893018,
        "median": -0.2822132110595703,
        "std": 0.6968291524914633,
        "iqr": 0.5926654976792634,
        "mad": 0.306897702626884,
        "mad_sigma": 0.45500653391461815,
        "skewness": 2.6643706670608562,
        "kurtosis_excess": 10.610241555627491,
        "delta_mean_median": 0.13872376681064014
      },
      "d_l": {
        "n": 54,
        "nan_frac": 0.0,
        "mean": 0.7856160035287892,
        "median": -0.03609118610620499,
        "std": 1.6115849800857434,
        "iqr": 3.4071508049964905,
        "mad": 0.8579533025622368,
        "mad_sigma": 1.2720015663787723,
        "skewness": 0.4706532713013666,
        "kurtosis_excess": -1.4728031574697156,
        "delta_mean_median": 0.8217071896349942
      },
      "d_s": {
        "n": 54,
        "nan_frac": 0.0,
        "mean": 0.6297925277440636,
        "median": 0.16173556447029114,
        "std": 1.6545356190814495,
        "iqr": 3.567659169435501,
        "mad": 1.1159881353378296,
        "mad_sigma": 1.654564009451866,
        "skewness": 0.518616073123898,
        "kurtosis_excess": -1.3669790629502008,
        "delta_mean_median": 0.46805696327377244
      },
      "e_e": {
        "n": 54,
        "nan_frac": 0.0,
        "mean": -0.128920690604934,
        "median": 0.0,
        "std": 0.8896906002268086,
        "iqr": 1.4450609385967255,
        "mad": 0.6744907200336456,
        "mad_sigma": 0.999999941521883,
        "skewness": -0.6411042347353555,
        "kurtosis_excess": -0.5098458464900508,
        "delta_mean_median": -0.128920690604934
      },
      "e_s": {
        "n": 54,
        "nan_frac": 0.0,
        "mean": 0.42890615706090574,
        "median": 0.4796014577150345,
        "std": 0.6694856299748174,
        "iqr": 1.2227677181363106,
        "mad": 0.6430655419826508,
        "mad_sigma": 0.953408972543478,
        "skewness": -0.1981338832058475,
        "kurtosis_excess": -1.2778308036381518,
        "delta_mean_median": -0.05069530065412875
      },
      "e_m": {
        "n": 54,
        "nan_frac": 0.0,
        "mean": -0.3912429855791507,
        "median": -1.471489667892456e-07,
        "std": 1.3976691146430684,
        "iqr": 1.308051958680153,
        "mad": 0.6744907200336456,
        "mad_sigma": 0.999999941521883,
        "skewness": -0.9981965331038003,
        "kurtosis_excess": -0.044752021247029816,
        "delta_mean_median": -0.3912428384301839
      }
    }
  },
  "entropy_provisional": {},
  "tau_summary": {
    "axes": {
      "m": {
        "tau_sec": 12.0,
        "dt_sec": 4.0,
        "max_lag_sec": 60.0,
        "threshold": 0.36787944117144233,
        "nan_frac": 0.0,
        "nan_policy": "strict"
      },
      "d": {
        "tau_sec": 20.0,
        "dt_sec": 4.0,
        "max_lag_sec": 60.0,
        "threshold": 0.36787944117144233,
        "nan_frac": 0.0,
        "nan_policy": "strict"
      },
      "e": {
        "tau_sec": 8.0,
        "dt_sec": 4.0,
        "max_lag_sec": 60.0,
        "threshold": 0.36787944117144233,
        "nan_frac": 0.0,
        "nan_policy": "strict"
      }
    },
    "subcoords": {
      "m_a": {
        "tau_sec": 12.0,
        "dt_sec": 4.0,
        "max_lag_sec": 60.0,
        "threshold": 0.36787944117144233,
        "nan_frac": 0.0,
        "nan_policy": "strict"
      },
      "m_e": {
        "tau_sec": 4.0,
        "dt_sec": 4.0,
        "max_lag_sec": 60.0,
        "threshold": 0.36787944117144233,
        "nan_frac": 0.0,
        "nan_policy": "strict"
      },
      "m_o": {
        "tau_sec": 24.0,
        "dt_sec": 4.0,
        "max_lag_sec": 60.0,
        "threshold": 0.36787944117144233,
        "nan_frac": 0.0,
        "nan_policy": "strict"
      },
      "d_n": {
        "tau_sec": 4.0,
        "dt_sec": 4.0,
        "max_lag_sec": 60.0,
        "threshold": 0.36787944117144233,
        "nan_frac": 0.0,
        "nan_policy": "strict"
      },
      "d_l": {
        "tau_sec": 20.0,
        "dt_sec": 4.0,
        "max_lag_sec": 60.0,
        "threshold": 0.36787944117144233,
        "nan_frac": 0.0,
        "nan_policy": "strict"
      },