{
  "dataset_id": "ds003478:sub-004:rest_Rest_run-01",
  "subject": "sub-004",
  "session": null,
  "reliability_axes": {
    "m": 0.6689286587231048,
    "d": 0.7106265855756121,
    "e": 0.8347033574636719
  },
  "reliability_subcoords": {
    "m_a": 0.7540303589956632,
    "m_e": 0.6501798240943742,
    "m_o": 0.7159517526021087,
    "d_n": 0.6022567578234439,
    "d_l": 0.7520534987144734,
    "d_s": 0.780811067888673,
    "e_e": 0.7322708119480175,
    "e_s": 0.7819217236161791,
    "e_m": null
  }
}