{
  "dataset_id": "ds003478:sub-004:rest_Rest_run-01",
  "subject": "sub-004",
  "session": null,
  "coverage": {
    "epochs": 130,
    "seconds": 520.0
  },
  "artifacts": {
    "methods": [
      "none"
    ],
    "bad_eeg_channels": [],
    "n_bad_eeg_channels": 0,
    "stem_collisions": {}
  },
  "ensemble": {
    "var_by_subcoord": {
      "m_a": 0.003288059728220105,
      "m_e": 0.0044197700917720795,
      "m_o": 0.003336635185405612,
      "d_n": 0.0017404365353286266,
      "d_l": 0.014833899214863777,
      "d_s": 0.0101912971585989,
      "e_e": 3.5757987825076054e-13,
      "e_s": 0.0007767389761283994,
      "e_m": 0.0
    },
    "var_mean": 0.00428742632118612,
    "var_max": 0.014833899214863777
  },
  "reliability": {
    "axes": {
      "m": 0.6689286587231048,
      "d": 0.7106265855756121,
      "e": 0.8347033574636719
    },
    "subcoords": {
      "m_a": 0.7540303589956632,
      "m_e": 0.6501798240943742,
      "m_o": 0.7159517526021087,
      "d_n": 0.6022567578234439,
      "d_l": 0.7520534987144734,
      "d_s": 0.780811067888673,
      "e_e": 0.7322708119480175,
      "e_s": 0.7819217236161791,
      "e_m": null
    }
  },
  "dist_summary": {
    "axes": {
      "m": {
        "n": 130,
        "nan_frac": 0.0,
        "mean": -0.13434952409364856,
        "median": -0.26223263144493103,
        "std": 0.5901581371510134,
        "iqr": 0.8381015658378601,
        "mad": 0.3796561658382416,
        "mad_sigma": 0.562878231471777,
        "skewness": 0.2829309936271717,
        "kurtosis_excess": -0.35280524491820353,
        "delta_mean_median": 0.12788310735128247
      },
      "d": {
        "n": 130,
        "nan_frac": 0.0,
        "mean": 0.10329614827552668,
        "median": 0.1207490861415863,
        "std": 0.573392987405004,
        "iqr": 0.7988816648721695,
        "mad": 0.4297851622104645,
        "mad_sigma": 0.6371994814932346,
        "skewness": 0.3429074597396423,
        "kurtosis_excess": -0.4137164211287443,
        "delta_mean_median": -0.01745293786605963
      },
      "e": {
        "n": 130,
        "nan_frac": 0.0,
        "mean": 0.3645955584477633,
        "median": 0.22445210069417953,
        "std": 0.7690035910460888,
        "iqr": 1.2324849851429462,
        "mad": 0.606469452381134,
        "mad_sigma": 0.8991516101002692,
        "skewness": 0.3010734695974028,
        "kurtosis_excess": -0.7326965935390621,
        "delta_mean_median": 0.14014345775358378
      }
    },
    "subcoords": {
      "m_a": {
        "n": 130,
        "nan_frac": 0.0,
        "mean": -0.4290395397424268,
        "median": 0.02527174260467291,
        "std": 1.0454738743866143,
        "iqr": 1.7273207604885101,
        "mad": 0.6753240823745728,
        "mad_sigma": 1.0012354845285416,
        "skewness": -0.5290785557281114,
        "kurtosis_excess": -0.9964094070485077,
        "delta_mean_median": -0.4543112823470997
      },
      "m_e": {
        "n": 130,
        "nan_frac": 0.0,
        "mean": -0.033761513768695295,
        "median": -0.04266394302248955,
        "std": 0.3791156923128031,
        "iqr": 0.5683019906282425,
        "mad": 0.2865169122815132,
        "mad_sigma": 0.42478997414857145,
        "skewness": 0.1489144987797337,
        "kurtosis_excess": -0.36162999436672827,
        "delta_mean_median": 0.008902429253794253
      },
      "m_o": {
        "n": 130,
        "nan_frac": 0.0,
        "mean": 0.14872693928101888,
        "median": -0.001238352619111538,
        "std": 0.9514302030657229,
        "iqr": 1.2541652843356133,
        "mad": 0.6414268910884857,
        "mad_sigma": 0.9509795087277889,
        "skewness": 0.5848932103824841,
        "kurtosis_excess": -0.06432362250665502,
        "delta_mean_median": 0.14996529190013042
      },
      "d_n": {
        "n": 130,
        "nan_frac": 0.0,
        "mean": 0.1729766127008658,
        "median": 0.10557449981570244,
        "std": 0.6218293141561549,
        "iqr": 0.7632849588990211,
        "mad": 0.38383644819259644,
        "mad_sigma": 0.5690759180903434,
        "skewness": 1.42047107367903,
        "kurtosis_excess": 4.77708813403043,
        "delta_mean_median": 0.06740211288516337
      },
      "d_l": {
        "n": 130,
        "nan_frac": 0.0,
        "mean": 0.030981179971534472,
        "median": 0.1663333773612976,
        "std": 0.914303620222376,
        "iqr": 1.5320821851491928,
        "mad": 0.803014725446701,
        "mad_sigma": 1.1905496319472788,
        "skewness": 0.19290363083422377,
        "kurtosis_excess": -0.7822857365631033,
        "delta_mean_median": -0.13535219738976315
      },
      "d_s": {
        "n": 130,
        "nan_frac": 0.0,
        "mean": 0.19064630133887897,
        "median": -0.0006546741351485252,
        "std": 0.9026322856072286,
        "iqr": 1.284301944077015,
        "mad": 0.5769714647904038,
        "mad_sigma": 0.8554178936982527,
        "skewness": 0.5154833741869276,
        "kurtosis_excess": -0.32578818018425126,
        "delta_mean_median": 0.1913009754740275
      },
      "e_e": {
        "n": 130,
        "nan_frac": 0.0,
        "mean": -0.09367969443735022,
        "median": 0.0,
        "std": 0.9529285204379836,
        "iqr": 1.3523720651865005,
        "mad": 0.674490749835968,
        "mad_sigma": 0.9999999857068061,
        "skewness": -0.3336637792414457,
        "kurtosis_excess": -0.5039583114724566,
        "delta_mean_median": -0.09367969443735022
      },
      "e_s": {
        "n": 130,
        "nan_frac": 0.0,
        "mean": 1.010517899434154,
        "median": 0.5755953192710876,
        "std": 1.4011831138428381,
        "iqr": 2.7987438440322876,
        "mad": 1.0536238849163055,
        "mad_sigma": 1.5621027717769145,
        "skewness": 0.29743603193752627,
        "kurtosis_excess": -1.3859788276528207,
        "delta_mean_median": 0.4349225801630663
      },
      "e_m": {
        "n": 130,
        "nan_frac": 0.0,
        "mean": 0.0,
        "median": 0.0,
        "std": 0.0,
        "iqr": 0.0,
        "mad": 0.0,
        "mad_sigma": 0.0,
        "skewness": null,
        "kurtosis_excess": null,
        "delta_mean_median": 0.0
      }
    }
  },
  "entropy_provisional": {
    "e_m": {
      "var": 0.0,
      "n_unique": 1,
      "nan_frac": 0.0,
      "provisional": true
    }
  },
  "tau_summary": {
    "axes": {
      "m": {
        "tau_sec": 8.0,
        "dt_sec": 4.0,
        "max_lag_sec": 60.0,
        "threshold": 0.36787944117144233,
        "nan_frac": 0.0,
        "nan_policy": "strict"
      },
      "d": {
        "tau_sec": 20.0,
        "dt_sec": 4.0,
        "max_lag_sec": 60.0,
        "threshold": 0.36787944117144233,
        "nan_frac": 0.0,
        "nan_policy": "strict"
      },
      "e": {
        "tau_sec": 20.0,
        "dt_sec": 4.0,
        "max_lag_sec": 60.0,
        "threshold": 0.36787944117144233,
        "nan_frac": 0.0,
        "nan_policy": "strict"
      }
    },
    "subcoords": {
      "m_a": {
        "tau_sec": 8.0,
        "dt_sec": 4.0,
        "max_lag_sec": 60.0,
        "threshold": 0.36787944117144233,
        "nan_frac": 0.0,
        "nan_policy": "strict"
      },
      "m_e": {
        "tau_sec": 8.0,
        "dt_sec": 4.0,
        "max_lag_sec": 60.0,
        "threshold": 0.36787944117144233,
        "nan_frac": 0.0,
        "nan_policy": "strict"
      },
      "m_o": {
        "tau_sec": 12.0,
        "dt_sec": 4.0,
        "max_lag_sec": 60.0,
        "threshold": 0.36787944117144233,
        "nan_frac": 0.0,
        "nan_policy": "strict"
      },
      "d_n": {
        "tau_sec": 8.0,
        "dt_sec": 4.0,
        "max_lag_sec": 60.0,
        "threshold": 0.36787944117144233,
        "nan_frac": 0.0,
        "nan_policy": "strict"
      },
      "d_l": {
        "tau_sec": 12.0,
        "dt_sec": 4.0,
        "max_lag_sec": 60.0,
        "threshold": 0.36787944117144233,
        "nan_frac": 0.0,
        "nan_policy": "strict"
      },