{
  "dataset_id": "ds003478:sub-106:rest_Rest_run-01",
  "subject": "sub-106",
  "session": null,
  "reliability_axes": {
    "m": 0.7689984510614453,
    "d": 0.8631351105122862,
    "e": 0.8168810985098072
  },
  "reliability_subcoords": {
    "m_a": 0.8734052655017778,
    "m_e": 0.5510837591706119,
    "m_o": 0.6653762372703393,
    "d_n": 0.5370219348261782,
    "d_l": 0.8720585388690699,
    "d_s": 0.8395950550329068,
    "e_e": 0.8170463507411132,
    "e_s": 0.8061681983880159,
    "e_m": 0.6567185437665906
  }
}