{
  "dataset_id": "ds003478:sub-106:rest_Rest_run-01",
  "subject": "sub-106",
  "session": null,
  "coverage": {
    "epochs": 137,
    "seconds": 548.0
  },
  "artifacts": {
    "methods": [
      "none"
    ],
    "bad_eeg_channels": [],
    "n_bad_eeg_channels": 0,
    "stem_collisions": {}
  },
  "ensemble": {
    "var_by_subcoord": {
      "m_a": 0.005144509486854076,
      "m_e": 0.0013672343920916319,
      "m_o": 0.002848836360499263,
      "d_n": 0.009790259413421154,
      "d_l": 0.012830158695578575,
      "d_s": 0.007849792949855328,
      "e_e": 0.0,
      "e_s": 0.0017624651081860065,
      "e_m": 0.0
    },
    "var_mean": 0.004621472934054004,
    "var_max": 0.012830158695578575
  },
  "reliability": {
    "axes": {
      "m": 0.7689984510614453,
      "d": 0.8631351105122862,
      "e": 0.8168810985098072
    },
    "subcoords": {
      "m_a": 0.8734052655017778,
      "m_e": 0.5510837591706119,
      "m_o": 0.6653762372703393,
      "d_n": 0.5370219348261782,
      "d_l": 0.8720585388690699,
      "d_s": 0.8395950550329068,
      "e_e": 0.8170463507411132,
      "e_s": 0.8061681983880159,
      "e_m": 0.6567185437665906
    }
  },
  "dist_summary": {
    "axes": {
      "m": {
        "n": 137,
        "nan_frac": 0.0,
        "mean": 0.02765262628613162,
        "median": 0.14996859431266785,
        "std": 0.5504451603989904,
        "iqr": 0.7737224698066711,
        "mad": 0.35572317242622375,
        "mad_sigma": 0.5273951754391193,
        "skewness": -0.38730763754847564,
        "kurtosis_excess": -0.2981680707445391,
        "delta_mean_median": -0.12231596802653623
      },
      "d": {
        "n": 137,
        "nan_frac": 0.0,
        "mean": 0.8076858311198163,
        "median": 0.15629710257053375,
        "std": 1.2603443218233834,
        "iqr": 2.591628819704056,
        "mad": 0.5098034590482712,
        "mad_sigma": 0.7558346083849669,
        "skewness": 0.5731993396546958,
        "kurtosis_excess": -1.427427165103681,
        "delta_mean_median": 0.6513887285492825
      },
      "e": {
        "n": 137,
        "nan_frac": 0.0,
        "mean": 0.023518704214425635,
        "median": 0.26883286237716675,
        "std": 0.6818752211493344,
        "iqr": 0.6869785785675049,
        "mad": 0.2463741898536682,
        "mad_sigma": 0.3652743738770485,
        "skewness": -1.3146871944150957,
        "kurtosis_excess": 1.1428450790025533,
        "delta_mean_median": -0.2453141581627411
      }
    },
    "subcoords": {
      "m_a": {
        "n": 137,
        "nan_frac": 0.0,
        "mean": 0.037577139631756684,
        "median": 0.01719675026834011,
        "std": 0.7359117771392212,
        "iqr": 1.4423391819000244,
        "mad": 0.7439990285784006,
        "mad_sigma": 1.1030529597703367,
        "skewness": -0.055216293337607,
        "kurtosis_excess": -1.2693064644814005,
        "delta_mean_median": 0.020380389363416573
      },
      "m_e": {
        "n": 137,
        "nan_frac": 0.0,
        "mean": 0.051647550348246835,
        "median": 0.0390523262321949,
        "std": 0.3229092688790845,
        "iqr": 0.4226387292146683,
        "mad": 0.21091093495488167,
        "mad_sigma": 0.3126965521641075,
        "skewness": -0.3777093266234881,
        "kurtosis_excess": 0.496777121238686,
        "delta_mean_median": 0.012595224116051934
      },
      "m_o": {
        "n": 137,
        "nan_frac": 0.0,
        "mean": -0.015348289488223347,
        "median": -0.024995600804686546,
        "std": 0.9220727287572722,
        "iqr": 1.284772276878357,
        "mad": 0.6505201812833548,
        "mad_sigma": 0.9644612207707017,
        "skewness": -0.04581195269893958,
        "kurtosis_excess": -0.14759883141232333,
        "delta_mean_median": 0.0096473113164632
      },
      "d_n": {
        "n": 137,
        "nan_frac": 0.0,
        "mean": 0.2265884622550794,
        "median": 0.14920440316200256,
        "std": 0.6433737992601912,
        "iqr": 0.8808670192956924,
        "mad": 0.4195149838924408,
        "mad_sigma": 0.6219729151189327,
        "skewness": 0.9069262069841612,
        "kurtosis_excess": 1.262493182411828,
        "delta_mean_median": 0.07738405909307683
      },
      "d_l": {
        "n": 137,
        "nan_frac": 0.0,
        "mean": 1.0873496091659487,
        "median": 0.038612283766269684,
        "std": 1.9554327089094847,
        "iqr": 4.29504781961441,
        "mad": 0.6587881222367287,
        "mad_sigma": 0.9767192700281738,
        "skewness": 0.6101385841209104,
        "kurtosis_excess": -1.4612060626788315,
        "delta_mean_median": 1.048737325399679
      },
      "d_s": {
        "n": 137,
        "nan_frac": 0.0,
        "mean": 1.0263444292121124,
        "median": 0.5543426275253296,
        "std": 1.5029665048379892,
        "iqr": 3.1255686283111572,
        "mad": 1.0826727747917175,
        "mad_sigma": 1.6051706559062002,
        "skewness": 0.40763255068973514,
        "kurtosis_excess": -1.4087235866801766,
        "delta_mean_median": 0.47200180168678285
      },
      "e_e": {
        "n": 137,
        "nan_frac": 0.0,
        "mean": -0.30906419655865564,
        "median": 0.0,
        "std": 1.2973274377504265,
        "iqr": 1.3882604837417603,
        "mad": 0.674490749835968,
        "mad_sigma": 0.9999999857068061,
        "skewness": -1.1497985966201585,
        "kurtosis_excess": 0.8677704607263999,
        "delta_mean_median": -0.30906419655865564
      },
      "e_s": {
        "n": 137,
        "nan_frac": 0.0,
        "mean": 0.4884025385045875,
        "median": 0.5460209846496582,
        "std": 0.5489370252182507,
        "iqr": 1.0221779346466064,
        "mad": 0.4901036024093628,
        "mad_sigma": 0.7266276009321212,
        "skewness": -0.17485099582423128,
        "kurtosis_excess": -1.1349082902181609,
        "delta_mean_median": -0.05761844614507072
      },
      "e_m": {
        "n": 137,
        "nan_frac": 0.0,
        "mean": -0.16089842446109306,
        "median": 0.0,
        "std": 1.3629597167963137,
        "iqr": 1.3800855875015259,
        "mad": 0.674490749835968,
        "mad_sigma": 0.9999999857068061,
        "skewness": -0.7287075701653336,
        "kurtosis_excess": 1.3043559041140567,
        "delta_mean_median": -0.16089842446109306
      }
    }
  },
  "entropy_provisional": {},
  "tau_summary": {
    "axes": {
      "m": {
        "tau_sec": 8.0,
        "dt_sec": 4.0,
        "max_lag_sec": 60.0,
        "threshold": 0.36787944117144233,
        "nan_frac": 0.0,
        "nan_policy": "strict"
      },
      "d": {
        "tau_sec": 28.0,
        "dt_sec": 4.0,
        "max_lag_sec": 60.0,
        "threshold": 0.36787944117144233,
        "nan_frac": 0.0,
        "nan_policy": "strict"
      },
      "e": {
        "tau_sec": 20.0,
        "dt_sec": 4.0,
        "max_lag_sec": 60.0,
        "threshold": 0.36787944117144233,
        "nan_frac": 0.0,
        "nan_policy": "strict"
      }
    },
    "subcoords": {
      "m_a": {
        "tau_sec": 24.0,
        "dt_sec": 4.0,
        "max_lag_sec": 60.0,
        "threshold": 0.36787944117144233,
        "nan_frac": 0.0,
        "nan_policy": "strict"
      },
      "m_e": {
        "tau_sec": 8.0,
        "dt_sec": 4.0,
        "max_lag_sec": 60.0,
        "threshold": 0.36787944117144233,
        "nan_frac": 0.0,
        "nan_policy": "strict"
      },
      "m_o": {
        "tau_sec": 8.0,
        "dt_sec": 4.0,
        "max_lag_sec": 60.0,
        "threshold": 0.36787944117144233,
        "nan_frac": 0.0,
        "nan_policy": "strict"
      },
      "d_n": {
        "tau_sec": 8.0,
        "dt_sec": 4.0,
        "max_lag_sec": 60.0,
        "threshold": 0.36787944117144233,
        "nan_frac": 0.0,
        "nan_policy": "strict"
      },
      "d_l": {
        "tau_sec": 28.0,
        "dt_sec": 4.0,
        "max_lag_sec": 60.0,
        "threshold": 0.36787944117144233,
        "nan_frac": 0.0,
        "nan_policy": "strict"
      },