{
  "dataset_id": "ds003478:sub-114:rest_Rest_run-02",
  "subject": "sub-114",
  "session": null,
  "reliability_axes": {
    "m": 0.5551006844881881,
    "d": 0.8185026271481823,
    "e": 0.6490934249930935
  },
  "reliability_subcoords": {
    "m_a": 0.6108351138172632,
    "m_e": 0.7559670697474796,
    "m_o": 0.8489790344283341,
    "d_n": 0.8695716907485571,
    "d_l": 0.8103063528694284,
    "d_s": 0.8605688471635203,
    "e_e": 0.7123484614142763,
    "e_s": 0.5667916926481319,
    "e_m": 0.5241203110000683
  }
}