{
  "dataset_id": "ds003478:sub-114:rest_Rest_run-02",
  "subject": "sub-114",
  "session": null,
  "coverage": {
    "epochs": 50,
    "seconds": 200.0
  },
  "artifacts": {
    "methods": [
      "none"
    ],
    "bad_eeg_channels": [
      "CPZ"
    ],
    "n_bad_eeg_channels": 1,
    "stem_collisions": {}
  },
  "ensemble": {
    "var_by_subcoord": {
      "m_a": 0.024205882102251053,
      "m_e": 0.004507767967879772,
      "m_o": 0.005002094432711601,
      "d_n": 0.005545328371226788,
      "d_l": 0.024637721478939056,
      "d_s": 0.03418472409248352,
      "e_e": 9.861501806124329e-14,
      "e_s": 0.0230161864310503,
      "e_m": 0.0
    },
    "var_mean": 0.01345552276407119,
    "var_max": 0.03418472409248352
  },
  "reliability": {
    "axes": {
      "m": 0.5551006844881881,
      "d": 0.8185026271481823,
      "e": 0.6490934249930935
    },
    "subcoords": {
      "m_a": 0.6108351138172632,
      "m_e": 0.7559670697474796,
      "m_o": 0.8489790344283341,
      "d_n": 0.8695716907485571,
      "d_l": 0.8103063528694284,
      "d_s": 0.8605688471635203,
      "e_e": 0.7123484614142763,
      "e_s": 0.5667916926481319,
      "e_m": 0.5241203110000683
    }
  },
  "dist_summary": {
    "axes": {
      "m": {
        "n": 50,
        "nan_frac": 0.0,
        "mean": 0.20413035156205298,
        "median": 0.19432144612073898,
        "std": 0.5108494812355893,
        "iqr": 0.45710730366408825,
        "mad": 0.24234886467456818,
        "mad_sigma": 0.35930642676651475,
        "skewness": 1.0002678859483283,
        "kurtosis_excess": 1.529294242051014,
        "delta_mean_median": 0.009808905441313992
      },
      "d": {
        "n": 50,
        "nan_frac": 0.0,
        "mean": 0.7908752381242812,
        "median": 0.6093882620334625,
        "std": 1.1443682235317225,
        "iqr": 2.3650772124528885,
        "mad": 1.1418267786502838,
        "mad_sigma": 1.6928723820269107,
        "skewness": 0.13004773799721406,
        "kurtosis_excess": -1.4671785444595724,
        "delta_mean_median": 0.18148697609081865
      },
      "e": {
        "n": 50,
        "nan_frac": 0.0,
        "mean": 0.2764951684884727,
        "median": 0.28192320466041565,
        "std": 0.4575941875890084,
        "iqr": 0.592153993435204,
        "mad": 0.3014342477545142,
        "mad_sigma": 0.4469064157208428,
        "skewness": -0.2388243395387235,
        "kurtosis_excess": -0.671303841690357,
        "delta_mean_median": -0.005428036171942929
      }
    },
    "subcoords": {
      "m_a": {
        "n": 50,
        "nan_frac": 0.0,
        "mean": 0.0913278029114008,
        "median": 0.04043264780193567,
        "std": 0.8861763155499366,
        "iqr": 1.7920976430177689,
        "mad": 0.7996198693290353,
        "mad_sigma": 1.1855164182672275,
        "skewness": 0.09544163581934456,
        "kurtosis_excess": -1.3182039680038273,
        "delta_mean_median": 0.05089515510946513
      },
      "m_e": {
        "n": 50,
        "nan_frac": 0.0,
        "mean": 0.19895405700895935,
        "median": 0.2256799191236496,
        "std": 0.43784502147839904,
        "iqr": 0.72488958761096,
        "mad": 0.3675096482038498,
        "mad_sigma": 0.5448698044270277,
        "skewness": -0.004258314732818342,
        "kurtosis_excess": -0.9722137583564079,
        "delta_mean_median": -0.026725862114690246
      },
      "m_o": {
        "n": 50,
        "nan_frac": 0.0,
        "mean": 0.36587380250915885,
        "median": 0.022826235741376877,
        "std": 1.372999909282161,
        "iqr": 1.169062800705433,
        "mad": 0.5595778226852417,
        "mad_sigma": 0.8296300799131393,
        "skewness": 1.6522248801213777,
        "kurtosis_excess": 2.085880772711616,
        "delta_mean_median": 0.343047566767782
      },
      "d_n": {
        "n": 50,
        "nan_frac": 0.0,
        "mean": 0.6307535659894348,
        "median": -0.07478257268667221,
        "std": 1.552686853708945,
        "iqr": 1.6217100471258163,
        "mad": 0.41094188392162323,
        "mad_sigma": 0.6092624371021985,
        "skewness": 1.7156750549974527,
        "kurtosis_excess": 1.9523229651983387,
        "delta_mean_median": 0.705536138676107
      },
      "d_l": {
        "n": 50,
        "nan_frac": 0.0,
        "mean": 0.807321083843708,
        "median": 0.10612670704722404,
        "std": 1.5807926428884875,
        "iqr": 2.9071203023195267,
        "mad": 0.8452659659087658,
        "mad_sigma": 1.2531913210563361,
        "skewness": 0.5370076353837719,
        "kurtosis_excess": -1.3319302466965246,
        "delta_mean_median": 0.701194376796484
      },
      "d_s": {
        "n": 50,
        "nan_frac": 0.0,
        "mean": 1.0286439049243927,
        "median": 0.934839516878128,
        "std": 1.3715652013758748,
        "iqr": 2.4797127470374107,
        "mad": 1.3494517356157303,
        "mad_sigma": 2.000697143223882,
        "skewness": 0.18442559542535925,
        "kurtosis_excess": -1.3535571279899354,
        "delta_mean_median": 0.09380438804626468
      },
      "e_e": {
        "n": 50,
        "nan_frac": 0.0,
        "mean": -0.10376059114933014,
        "median": 0.0,
        "std": 0.9389006980417496,
        "iqr": 1.282006487250328,
        "mad": 0.6744907200336456,
        "mad_sigma": 0.999999941521883,
        "skewness": -0.3038948022180393,
        "kurtosis_excess": -0.49361320947279363,
        "delta_mean_median": -0.10376059114933014
      },
      "e_s": {
        "n": 50,
        "nan_frac": 0.0,
        "mean": 0.8046650466322899,
        "median": 0.7623257339000702,
        "std": 0.42553846650984783,
        "iqr": 0.7292963936924934,
        "mad": 0.3559665083885193,
        "mad_sigma": 0.5277559453368187,
        "skewness": 0.17597898548320942,
        "kurtosis_excess": -1.0859720531965535,
        "delta_mean_median": 0.04233931273221969
      },
      "e_m": {
        "n": 50,
        "nan_frac": 0.0,
        "mean": 0.13489815473556518,
        "median": 0.0,
        "std": 1.1366720236706012,
        "iqr": 1.348981499671936,
        "mad": 0.674490749835968,
        "mad_sigma": 0.9999999857068061,
        "skewness": 0.4864133394991708,
        "kurtosis_excess": -0.6375719073972825,
        "delta_mean_median": 0.13489815473556518
      }
    }
  },
  "entropy_provisional": {},
  "tau_summary": {
    "axes": {
      "m": {
        "tau_sec": 8.0,
        "dt_sec": 4.0,
        "max_lag_sec": 60.0,
        "threshold": 0.36787944117144233,
        "nan_frac": 0.0,
        "nan_policy": "strict"
      },
      "d": {
        "tau_sec": 24.0,
        "dt_sec": 4.0,
        "max_lag_sec": 60.0,
        "threshold": 0.36787944117144233,
        "nan_frac": 0.0,
        "nan_policy": "strict"
      },
      "e": {
        "tau_sec": 8.0,
        "dt_sec": 4.0,
        "max_lag_sec": 60.0,
        "threshold": 0.36787944117144233,
        "nan_frac": 0.0,
        "nan_policy": "strict"
      }
    },
    "subcoords": {
      "m_a": {
        "tau_sec": 16.0,
        "dt_sec": 4.0,
        "max_lag_sec": 60.0,
        "threshold": 0.36787944117144233,
        "nan_frac": 0.0,
        "nan_policy": "strict"
      },
      "m_e": {
        "tau_sec": 20.0,
        "dt_sec": 4.0,
        "max_lag_sec": 60.0,
        "threshold": 0.36787944117144233,
        "nan_frac": 0.0,
        "nan_policy": "strict"
      },
      "m_o": {
        "tau_sec": 16.0,
        "dt_sec": 4.0,
        "max_lag_sec": 60.0,
        "threshold": 0.36787944117144233,
        "nan_frac": 0.0,
        "nan_policy": "strict"
      },
      "d_n": {
        "tau_sec": 20.0,
        "dt_sec": 4.0,
        "max_lag_sec": 60.0,
        "threshold": 0.36787944117144233,
        "nan_frac": 0.0,
        "nan_policy": "strict"
      },
      "d_l": {
        "tau_sec": 24.0,
        "dt_sec": 4.0,
        "max_lag_sec": 60.0,
        "threshold": 0.36787944117144233,
        "nan_frac": 0.0,
        "nan_policy": "strict"
      },