{
  "dataset_id": "ds003478:sub-113:rest_Rest_run-01",
  "subject": "sub-113",
  "session": null,
  "reliability_axes": {
    "m": 0.6810230288586522,
    "d": 0.3331564222567895,
    "e": 0.7902464622635401
  },
  "reliability_subcoords": {
    "m_a": 0.6106841212887837,
    "m_e": 0.692978285346305,
    "m_o": 0.5685452469280969,
    "d_n": 0.18853271046284228,
    "d_l": 0.5940099657562584,
    "d_s": 0.4886715899806495,
    "e_e": 0.7926680019715535,
    "e_s": 0.6636228235186838,
    "e_m": 0.6853048946022006
  }
}