{
  "dataset_id": "ds003478:sub-113:rest_Rest_run-01",
  "subject": "sub-113",
  "session": null,
  "coverage": {
    "epochs": 125,
    "seconds": 500.0
  },
  "artifacts": {
    "methods": [
      "none"
    ],
    "bad_eeg_channels": [],
    "n_bad_eeg_channels": 0,
    "stem_collisions": {}
  },
  "ensemble": {
    "var_by_subcoord": {
      "m_a": 0.009117801673710346,
      "m_e": 0.0014246921055018902,
      "m_o": 0.0035558370873332024,
      "d_n": 0.0038796456065028906,
      "d_l": 0.014988323673605919,
      "d_s": 0.0013358949217945337,
      "e_e": 0.0,
      "e_s": 0.003763446118682623,
      "e_m": 0.0
    },
    "var_mean": 0.004229515687459045,
    "var_max": 0.014988323673605919
  },
  "reliability": {
    "axes": {
      "m": 0.6810230288586522,
      "d": 0.3331564222567895,
      "e": 0.7902464622635401
    },
    "subcoords": {
      "m_a": 0.6106841212887837,
      "m_e": 0.692978285346305,
      "m_o": 0.5685452469280969,
      "d_n": 0.18853271046284228,
      "d_l": 0.5940099657562584,
      "d_s": 0.4886715899806495,
      "e_e": 0.7926680019715535,
      "e_s": 0.6636228235186838,
      "e_m": 0.6853048946022006
    }
  },
  "dist_summary": {
    "axes": {
      "m": {
        "n": 125,
        "nan_frac": 0.0,
        "mean": -0.03261571057926631,
        "median": -0.0662064403295517,
        "std": 0.6620557529474549,
        "iqr": 0.8543477058410645,
        "mad": 0.4663395434617996,
        "mad_sigma": 0.6913950071364641,
        "skewness": 0.0681896237635249,
        "kurtosis_excess": -0.4165939371280518,
        "delta_mean_median": 0.03359072975028539
      },
      "d": {
        "n": 125,
        "nan_frac": 0.0,
        "mean": 0.12336483028344811,
        "median": 0.21718037128448486,
        "std": 0.5640855901905829,
        "iqr": 0.7435474693775177,
        "mad": 0.3403451442718506,
        "mad_sigma": 0.5045957108974457,
        "skewness": -0.3216114030482133,
        "kurtosis_excess": -0.6643236450040226,
        "delta_mean_median": -0.09381554100103676
      },
      "e": {
        "n": 125,
        "nan_frac": 0.0,
        "mean": 0.213254722830432,
        "median": 0.19923825562000275,
        "std": 0.4449522692715601,
        "iqr": 0.7359945625066757,
        "mad": 0.3595932871103287,
        "mad_sigma": 0.5331330074697732,
        "skewness": 0.018459090648638612,
        "kurtosis_excess": -0.9818741799953208,
        "delta_mean_median": 0.014016467210429262
      }
    },
    "subcoords": {
      "m_a": {
        "n": 125,
        "nan_frac": 0.0,
        "mean": -0.2688363212496042,
        "median": -0.013683835044503212,
        "std": 1.2079453228649537,
        "iqr": 1.622241199016571,
        "mad": 0.7957280483096838,
        "mad_sigma": 1.1797464044239372,
        "skewness": -0.5714139898007675,
        "kurtosis_excess": -0.12894627687836868,
        "delta_mean_median": -0.255152486205101
      },
      "m_e": {
        "n": 125,
        "nan_frac": 0.0,
        "mean": 0.025365532051771878,
        "median": 0.04230253025889397,
        "std": 0.3380755443598686,
        "iqr": 0.4922677129507065,
        "mad": 0.254255760461092,
        "mad_sigma": 0.37695959045961497,
        "skewness": -0.06533822567794827,
        "kurtosis_excess": -0.41144760036063177,
        "delta_mean_median": -0.01693699820712209
      },
      "m_o": {
        "n": 125,
        "nan_frac": 0.0,
        "mean": 0.2219778363779187,
        "median": 0.10435045510530472,
        "std": 0.9487679751576794,
        "iqr": 1.4046409130096436,
        "mad": 0.6859094426035881,
        "mad_sigma": 1.0169293396040797,
        "skewness": 0.5575865575345954,
        "kurtosis_excess": -0.053458015811516546,
        "delta_mean_median": 0.11762738127261399
      },
      "d_n": {
        "n": 125,
        "nan_frac": 0.0,
        "mean": 0.2488759338259697,
        "median": 0.09719422459602356,
        "std": 1.0084160002769968,
        "iqr": 0.7401166260242462,
        "mad": 0.38255295157432556,
        "mad_sigma": 0.567173006004095,
        "skewness": 2.540111497984658,
        "kurtosis_excess": 7.884953079327417,
        "delta_mean_median": 0.15168170922994614
      },
      "d_l": {
        "n": 125,
        "nan_frac": 0.0,
        "mean": 0.029966246128082276,
        "median": 0.23483259975910187,
        "std": 0.791545793529828,
        "iqr": 1.3089230060577393,
        "mad": 0.6652424782514572,
        "mad_sigma": 0.9862884982556104,
        "skewness": 0.052025694154358676,
        "kurtosis_excess": -1.0534296437251802,
        "delta_mean_median": -0.2048663536310196
      },
      "d_s": {
        "n": 125,
        "nan_frac": 0.0,
        "mean": 0.17276226952672005,
        "median": 0.17162585258483887,
        "std": 0.7492754007115997,
        "iqr": 1.1229213774204254,
        "mad": 0.5278565883636475,
        "mad_sigma": 0.7826001779079437,
        "skewness": 0.25050131726893354,
        "kurtosis_excess": -0.5408217135026829,
        "delta_mean_median": 0.0011364169418811854
      },
      "e_e": {
        "n": 125,
        "nan_frac": 0.0,
        "mean": 0.10287960068508982,
        "median": 0.0,
        "std": 0.8153742187873253,
        "iqr": 1.4336364269256592,
        "mad": 0.674490749835968,
        "mad_sigma": 0.9999999857068061,
        "skewness": 0.1296232815096466,
        "kurtosis_excess": -1.0134969352112826,
        "delta_mean_median": 0.10287960068508982
      },
      "e_s": {
        "n": 125,
        "nan_frac": 0.0,
        "mean": 0.3797750325202942,
        "median": 0.11361190676689148,
        "std": 0.7589509305693498,
        "iqr": 0.82357008010149,
        "mad": 0.3153862953186035,
        "mad_sigma": 0.46759172143936156,
        "skewness": 1.3198919586066753,
        "kurtosis_excess": 1.5461046201200803,
        "delta_mean_median": 0.26616312575340273
      },
      "e_m": {
        "n": 125,
        "nan_frac": 0.0,
        "mean": -0.1008695075660944,
        "median": 0.0,
        "std": 0.9463451725171252,
        "iqr": 1.3135733008384705,
        "mad": 0.674490749835968,
        "mad_sigma": 0.9999999857068061,
        "skewness": -0.25397932588282923,
        "kurtosis_excess": -0.6423572033250986,
        "delta_mean_median": -0.1008695075660944
      }
    }
  },
  "entropy_provisional": {},
  "tau_summary": {
    "axes": {
      "m": {
        "tau_sec": 12.0,
        "dt_sec": 4.0,
        "max_lag_sec": 60.0,
        "threshold": 0.36787944117144233,
        "nan_frac": 0.0,
        "nan_policy": "strict"
      },
      "d": {
        "tau_sec": 8.0,
        "dt_sec": 4.0,
        "max_lag_sec": 60.0,
        "threshold": 0.36787944117144233,
        "nan_frac": 0.0,
        "nan_policy": "strict"
      },
      "e": {
        "tau_sec": 24.0,
        "dt_sec": 4.0,
        "max_lag_sec": 60.0,
        "threshold": 0.36787944117144233,
        "nan_frac": 0.0,
        "nan_policy": "strict"
      }
    },
    "subcoords": {
      "m_a": {
        "tau_sec": 12.0,
        "dt_sec": 4.0,
        "max_lag_sec": 60.0,
        "threshold": 0.36787944117144233,
        "nan_frac": 0.0,
        "nan_policy": "strict"
      },
      "m_e": {
        "tau_sec": 8.0,
        "dt_sec": 4.0,
        "max_lag_sec": 60.0,
        "threshold": 0.36787944117144233,
        "nan_frac": 0.0,
        "nan_policy": "strict"
      },
      "m_o": {
        "tau_sec": 8.0,
        "dt_sec": 4.0,
        "max_lag_sec": 60.0,
        "threshold": 0.36787944117144233,
        "nan_frac": 0.0,
        "nan_policy": "strict"
      },
      "d_n": {
        "tau_sec": 8.0,
        "dt_sec": 4.0,
        "max_lag_sec": 60.0,
        "threshold": 0.36787944117144233,
        "nan_frac": 0.0,
        "nan_policy": "strict"
      },
      "d_l": {
        "tau_sec": 8.0,
        "dt_sec": 4.0,
        "max_lag_sec": 60.0,
        "threshold": 0.36787944117144233,
        "nan_frac": 0.0,
        "nan_policy": "strict"
      },