{
  "dataset_id": "ds003478:sub-069:rest_Rest_run-01",
  "subject": "sub-069",
  "session": null,
  "reliability_axes": {
    "m": 0.6565925840365706,
    "d": 0.8113801169705462,
    "e": 0.5169058860840309
  },
  "reliability_subcoords": {
    "m_a": 0.7262660400893992,
    "m_e": 0.5995921802156535,
    "m_o": 0.5942549296991713,
    "d_n": 0.4766806591652958,
    "d_l": 0.8070646089770008,
    "d_s": 0.8445509252456559,
    "e_e": 0.5571321092737043,
    "e_s": 0.8057350881147706,
    "e_m": 0.702100833740219
  }
}