{
  "dataset_id": "ds003478:sub-069:rest_Rest_run-01",
  "subject": "sub-069",
  "session": null,
  "coverage": {
    "epochs": 122,
    "seconds": 488.0
  },
  "artifacts": {
    "methods": [
      "none"
    ],
    "bad_eeg_channels": [],
    "n_bad_eeg_channels": 0,
    "stem_collisions": {}
  },
  "ensemble": {
    "var_by_subcoord": {
      "m_a": 0.0028840552549809217,
      "m_e": 0.0008267905795946717,
      "m_o": 0.0058389767073094845,
      "d_n": 0.016689211130142212,
      "d_l": 0.0029004316311329603,
      "d_s": 0.024963488802313805,
      "e_e": 5.008659502772628e-13,
      "e_s": 0.004931267350912094,
      "e_m": 0.0
    },
    "var_mean": 0.006559357939654112,
    "var_max": 0.024963488802313805
  },
  "reliability": {
    "axes": {
      "m": 0.6565925840365706,
      "d": 0.8113801169705462,
      "e": 0.5169058860840309
    },
    "subcoords": {
      "m_a": 0.7262660400893992,
      "m_e": 0.5995921802156535,
      "m_o": 0.5942549296991713,
      "d_n": 0.4766806591652958,
      "d_l": 0.8070646089770008,
      "d_s": 0.8445509252456559,
      "e_e": 0.5571321092737043,
      "e_s": 0.8057350881147706,
      "e_m": 0.702100833740219
    }
  },
  "dist_summary": {
    "axes": {
      "m": {
        "n": 122,
        "nan_frac": 0.0,
        "mean": -0.07928197509914514,
        "median": -0.11611448228359222,
        "std": 0.6148370700000165,
        "iqr": 0.7301294282078743,
        "mad": 0.36149733513593674,
        "mad_sigma": 0.5359559490725397,
        "skewness": 0.04982772729577163,
        "kurtosis_excess": -0.1299216065807256,
        "delta_mean_median": 0.03683250718444708
      },
      "d": {
        "n": 122,
        "nan_frac": 0.0,
        "mean": 0.3091145503109504,
        "median": 0.11050904542207718,
        "std": 0.8552665220941225,
        "iqr": 1.394249014556408,
        "mad": 0.6156322062015533,
        "mad_sigma": 0.9127363089144229,
        "skewness": 0.48661507206578436,
        "kurtosis_excess": -0.7003009124466582,
        "delta_mean_median": 0.19860550488887324
      },
      "e": {
        "n": 122,
        "nan_frac": 0.0,
        "mean": 0.06336677315278498,
        "median": 0.055153023451566696,
        "std": 0.497578646054947,
        "iqr": 0.6034273914992809,
        "mad": 0.3038620799779892,
        "mad_sigma": 0.45050591977536675,
        "skewness": -0.013130005979462556,
        "kurtosis_excess": 0.0035521911321207966,
        "delta_mean_median": 0.008213749701218284
      }
    },
    "subcoords": {
      "m_a": {
        "n": 122,
        "nan_frac": 0.0,
        "mean": -0.31717124941270247,
        "median": -0.03560030087828636,
        "std": 0.9661943563705843,
        "iqr": 1.1765306815505028,
        "mad": 0.5434154570102692,
        "mad_sigma": 0.805667756563425,
        "skewness": -0.8752448830432866,
        "kurtosis_excess": -0.03612102322819499,
        "delta_mean_median": -0.2815709485344161
      },
      "m_e": {
        "n": 122,
        "nan_frac": 0.0,
        "mean": -0.022792300900261176,
        "median": -0.08155709505081177,
        "std": 0.43545686589380633,
        "iqr": 0.628125473856926,
        "mad": 0.30310510098934174,
        "mad_sigma": 0.44938362272679805,
        "skewness": 0.12752802033548188,
        "kurtosis_excess": -0.5854186089372551,
        "delta_mean_median": 0.058764794150550595
      },
      "m_o": {
        "n": 122,
        "nan_frac": 0.0,
        "mean": 0.17943367604776972,
        "median": 0.048895372077822685,
        "std": 0.9742812243600609,
        "iqr": 1.4223566204309464,
        "mad": 0.6877621840685606,
        "mad_sigma": 1.019676214100048,
        "skewness": 0.41984108254344144,
        "kurtosis_excess": -0.2768022848736109,
        "delta_mean_median": 0.13053830396994703
      },
      "d_n": {
        "n": 122,
        "nan_frac": 0.0,
        "mean": 0.13842376657441013,
        "median": 0.15623868256807327,
        "std": 0.6761383165662386,
        "iqr": 0.8286416009068489,
        "mad": 0.4117343872785568,
        "mad_sigma": 0.6104374025791883,
        "skewness": 0.21373999158250098,
        "kurtosis_excess": 0.5745585478363817,
        "delta_mean_median": -0.01781491599366314
      },
      "d_l": {
        "n": 122,
        "nan_frac": 0.0,
        "mean": 0.40453931457195125,
        "median": 0.06664029136300087,
        "std": 1.160521058899754,
        "iqr": 1.8396201133728027,
        "mad": 0.7948729060590267,
        "mad_sigma": 1.178478570523113,
        "skewness": 0.7535972629358715,
        "kurtosis_excess": -0.34814904951390524,
        "delta_mean_median": 0.3378990232089504
      },
      "d_s": {
        "n": 122,
        "nan_frac": 0.0,
        "mean": 0.33446129942770864,
        "median": 0.04355950653553009,
        "std": 1.1876209129268227,
        "iqr": 1.8172916620969772,
        "mad": 0.7340269982814789,
        "mad_sigma": 1.0882684276521206,
        "skewness": 0.8313665793347771,
        "kurtosis_excess": -0.08415235355244999,
        "delta_mean_median": 0.29090179289217855
      },
      "e_e": {
        "n": 122,
        "nan_frac": 0.0,
        "mean": -0.09716728519739919,
        "median": 0.0,
        "std": 1.0229844445318335,
        "iqr": 1.3289324045181274,
        "mad": 0.6744906902313232,
        "mad_sigma": 0.9999998973369598,
        "skewness": -0.23651910462052234,
        "kurtosis_excess": -0.007012955375472085,
        "delta_mean_median": -0.09716728519739919
      },
      "e_s": {
        "n": 122,
        "nan_frac": 0.0,
        "mean": 0.2939344312323899,
        "median": 0.2049667090177536,
        "std": 0.5591997336904322,
        "iqr": 0.616978857666254,
        "mad": 0.3183939605951309,
        "mad_sigma": 0.47205088597834105,
        "skewness": 0.7869509268127646,
        "kurtosis_excess": 0.8974277416590111,
        "delta_mean_median": 0.08896772221463628
      },
      "e_m": {
        "n": 122,
        "nan_frac": 0.0,
        "mean": -0.15323301578765033,
        "median": 0.0,
        "std": 0.9836939955556306,
        "iqr": 1.3964518010616302,
        "mad": 0.6744907796382904,
        "mad_sigma": 1.0000000298917293,
        "skewness": -0.625698024885797,
        "kurtosis_excess": 0.0331685822676433,
        "delta_mean_median": -0.15323301578765033
      }
    }
  },
  "entropy_provisional": {},
  "tau_summary": {
    "axes": {
      "m": {
        "tau_sec": 8.0,
        "dt_sec": 4.0,
        "max_lag_sec": 60.0,
        "threshold": 0.36787944117144233,
        "nan_frac": 0.0,
        "nan_policy": "strict"
      },
      "d": {
        "tau_sec": 16.0,
        "dt_sec": 4.0,
        "max_lag_sec": 60.0,
        "threshold": 0.36787944117144233,
        "nan_frac": 0.0,
        "nan_policy": "strict"
      },
      "e": {
        "tau_sec": 8.0,
        "dt_sec": 4.0,
        "max_lag_sec": 60.0,
        "threshold": 0.36787944117144233,
        "nan_frac": 0.0,
        "nan_policy": "strict"
      }
    },
    "subcoords": {
      "m_a": {
        "tau_sec": 12.0,
        "dt_sec": 4.0,
        "max_lag_sec": 60.0,
        "threshold": 0.36787944117144233,
        "nan_frac": 0.0,
        "nan_policy": "strict"
      },
      "m_e": {
        "tau_sec": 8.0,
        "dt_sec": 4.0,
        "max_lag_sec": 60.0,
        "threshold": 0.36787944117144233,
        "nan_frac": 0.0,
        "nan_policy": "strict"
      },
      "m_o": {
        "tau_sec": 8.0,
        "dt_sec": 4.0,
        "max_lag_sec": 60.0,
        "threshold": 0.36787944117144233,
        "nan_frac": 0.0,
        "nan_policy": "strict"
      },
      "d_n": {
        "tau_sec": 8.0,
        "dt_sec": 4.0,
        "max_lag_sec": 60.0,
        "threshold": 0.36787944117144233,
        "nan_frac": 0.0,
        "nan_policy": "strict"
      },
      "d_l": {
        "tau_sec": 16.0,
        "dt_sec": 4.0,
        "max_lag_sec": 60.0,
        "threshold": 0.36787944117144233,
        "nan_frac": 0.0,