{
  "dataset_id": "ds003478:sub-075:rest_Rest_run-02",
  "subject": "sub-075",
  "session": null,
  "reliability_axes": {
    "m": 0.7361900902469075,
    "d": 0.8356712980860552,
    "e": 0.504879497295587
  },
  "reliability_subcoords": {
    "m_a": 0.6194976360156262,
    "m_e": 0.5114859399611856,
    "m_o": 0.5419827389290784,
    "d_n": 0.7440748814655086,
    "d_l": 0.8995134457167504,
    "d_s": 0.8430770274696091,
    "e_e": 0.5319300613098528,
    "e_s": 0.7115970822864575,
    "e_m": null
  }
}