{
  "dataset_id": "ds003478:sub-089:rest_Rest_run-01",
  "subject": "sub-089",
  "session": null,
  "reliability_axes": {
    "m": 0.6646062802707464,
    "d": 0.8936616754034246,
    "e": 0.6593775662217572
  },
  "reliability_subcoords": {
    "m_a": 0.8482421627713874,
    "m_e": 0.7786710785879012,
    "m_o": 0.8091659975338849,
    "d_n": 0.31280564238502273,
    "d_l": 0.9022027357871252,
    "d_s": 0.9167215634900915,
    "e_e": 0.8646572586326711,
    "e_s": 0.8811615746440495,
    "e_m": 0.7979029917047719
  }
}