{
  "dataset_id": "ds003478:sub-089:rest_Rest_run-01",
  "subject": "sub-089",
  "session": null,
  "coverage": {
    "epochs": 122,
    "seconds": 488.0
  },
  "artifacts": {
    "methods": [
      "none"
    ],
    "bad_eeg_channels": [],
    "n_bad_eeg_channels": 0,
    "stem_collisions": {}
  },
  "ensemble": {
    "var_by_subcoord": {
      "m_a": 0.0003564278595149517,
      "m_e": 0.0022499579936265945,
      "m_o": 0.0006909874500706792,
      "d_n": 0.010200406424701214,
      "d_l": 0.115546815097332,
      "d_s": 0.0846891775727272,
      "e_e": 2.1618476323329028e-13,
      "e_s": 0.020973283797502518,
      "e_m": 0.0
    },
    "var_mean": 0.026078561799521262,
    "var_max": 0.115546815097332
  },
  "reliability": {
    "axes": {
      "m": 0.6646062802707464,
      "d": 0.8936616754034246,
      "e": 0.6593775662217572
    },
    "subcoords": {
      "m_a": 0.8482421627713874,
      "m_e": 0.7786710785879012,
      "m_o": 0.8091659975338849,
      "d_n": 0.31280564238502273,
      "d_l": 0.9022027357871252,
      "d_s": 0.9167215634900915,
      "e_e": 0.8646572586326711,
      "e_s": 0.8811615746440495,
      "e_m": 0.7979029917047719
    }
  },
  "dist_summary": {
    "axes": {
      "m": {
        "n": 122,
        "nan_frac": 0.0,
        "mean": 0.07628231851329653,
        "median": 0.06898485869169235,
        "std": 0.40556540121035156,
        "iqr": 0.38762341253459454,
        "mad": 0.19935292750597,
        "mad_sigma": 0.2955606503203511,
        "skewness": 0.6488634590493415,
        "kurtosis_excess": 3.212246751557795,
        "delta_mean_median": 0.00729745982160418
      },
      "d": {
        "n": 122,
        "nan_frac": 0.0,
        "mean": 0.9761517982716199,
        "median": 0.42399924993515015,
        "std": 1.3367000134220004,
        "iqr": 2.785752259194851,
        "mad": 0.9265934228897095,
        "mad_sigma": 1.3737674087762832,
        "skewness": 0.19753646035851868,
        "kurtosis_excess": -1.780588998617524,
        "delta_mean_median": 0.5521525483364698
      },
      "e": {
        "n": 122,
        "nan_frac": 0.0,
        "mean": 0.25879779937638914,
        "median": 0.2587790936231613,
        "std": 0.2475627737127789,
        "iqr": 0.3400997668504715,
        "mad": 0.18314173817634583,
        "mad_sigma": 0.2715259410202503,
        "skewness": -0.1513047843319851,
        "kurtosis_excess": -0.25638579534588635,
        "delta_mean_median": 1.8705753227821198e-05
      }
    },
    "subcoords": {
      "m_a": {
        "n": 122,
        "nan_frac": 0.0,
        "mean": 0.16756300149546538,
        "median": -0.004330786410719156,
        "std": 0.9669369444151166,
        "iqr": 1.671420007944107,
        "mad": 0.7148114121519029,
        "mad_sigma": 1.059779399656411,
        "skewness": 0.12794359001023065,
        "kurtosis_excess": -1.0176797344457682,
        "delta_mean_median": 0.17189378790618454
      },
      "m_e": {
        "n": 122,
        "nan_frac": 0.0,
        "mean": -0.0483408165011616,
        "median": -0.06158974766731262,
        "std": 0.32131998991789446,
        "iqr": 0.45463697984814644,
        "mad": 0.22674038261175156,
        "mad_sigma": 0.33616529126018285,
        "skewness": 0.0025923719379959426,
        "kurtosis_excess": -0.5400896694157038,
        "delta_mean_median": 0.013248931166151022
      },
      "m_o": {
        "n": 122,
        "nan_frac": 0.0,
        "mean": 0.10283499452300736,
        "median": 0.008904441259801388,
        "std": 0.9184368084829814,
        "iqr": 1.4129851460456848,
        "mad": 0.7101017693057656,
        "mad_sigma": 1.0527968831727281,
        "skewness": 0.6885132362012425,
        "kurtosis_excess": 0.2533748504091551,
        "delta_mean_median": 0.09393055326320597
      },
      "d_n": {
        "n": 122,
        "nan_frac": 0.0,
        "mean": 0.20217359470600477,
        "median": 0.1127721443772316,
        "std": 0.5512924512052761,
        "iqr": 0.5637578144669533,
        "mad": 0.2803418040275574,
        "mad_sigma": 0.41563475865125654,
        "skewness": 1.346217042462614,
        "kurtosis_excess": 2.2702163786155216,
        "delta_mean_median": 0.08940145032877317
      },
      "d_l": {
        "n": 122,
        "nan_frac": 0.0,
        "mean": 1.3490193234603913,
        "median": 0.08298935741186142,
        "std": 1.9939798888097275,
        "iqr": 4.214353606104851,
        "mad": 0.7673728689551353,
        "mad_sigma": 1.1377070155128837,
        "skewness": 0.29988672800117966,
        "kurtosis_excess": -1.7576911789513352,
        "delta_mean_median": 1.26602996604853
      },
      "d_s": {
        "n": 122,
        "nan_frac": 0.0,
        "mean": 1.2662866208091623,
        "median": 0.5000897943973541,
        "std": 1.8419079369959812,
        "iqr": 3.789238229393959,
        "mad": 1.1916532516479492,
        "mad_sigma": 1.7667451108932495,
        "skewness": 0.20533076196912492,
        "kurtosis_excess": -1.805433368621422,
        "delta_mean_median": 0.7661968264118082
      },
      "e_e": {
        "n": 122,
        "nan_frac": 0.0,
        "mean": -0.05218483599238708,
        "median": 0.0,
        "std": 0.7932785123257121,
        "iqr": 1.3201796561479568,
        "mad": 0.674490749835968,
        "mad_sigma": 0.9999999857068061,
        "skewness": 0.01572858262658201,
        "kurtosis_excess": -1.1906582168106166,
        "delta_mean_median": -0.05218483599238708
      },
      "e_s": {
        "n": 122,
        "nan_frac": 0.0,
        "mean": 0.6444219199360394,
        "median": 0.4887280613183975,
        "std": 0.6654415641851558,
        "iqr": 1.2328914515674114,
        "mad": 0.6057485938072205,
        "mad_sigma": 0.898082865178585,
        "skewness": 0.1299291282061394,
        "kurtosis_excess": -1.385411877338588,
        "delta_mean_median": 0.15569385861764184
      },
      "e_m": {
        "n": 122,
        "nan_frac": 0.0,
        "mean": 1.1004079293887146,
        "median": 0.0,
        "std": 1.8869882518214591,
        "iqr": 3.1203650012612343,
        "mad": 0.674490749835968,
        "mad_sigma": 0.9999999857068061,
        "skewness": 0.7534350181269182,
        "kurtosis_excess": -0.9105247958085116,
        "delta_mean_median": 1.1004079293887146
      }
    }
  },
  "entropy_provisional": {},
  "tau_summary": {
    "axes": {
      "m": {
        "tau_sec": 8.0,
        "dt_sec": 4.0,
        "max_lag_sec": 60.0,
        "threshold": 0.36787944117144233,
        "nan_frac": 0.0,
        "nan_policy": "strict"
      },
      "d": {
        "tau_sec": 32.0,
        "dt_sec": 4.0,
        "max_lag_sec": 60.0,
        "threshold": 0.36787944117144233,
        "nan_frac": 0.0,
        "nan_policy": "strict"
      },
      "e": {
        "tau_sec": 8.0,
        "dt_sec": 4.0,
        "max_lag_sec": 60.0,
        "threshold": 0.36787944117144233,
        "nan_frac": 0.0,
        "nan_policy": "strict"
      }
    },
    "subcoords": {
      "m_a": {
        "tau_sec": 20.0,
        "dt_sec": 4.0,
        "max_lag_sec": 60.0,
        "threshold": 0.36787944117144233,
        "nan_frac": 0.0,
        "nan_policy": "strict"
      },
      "m_e": {
        "tau_sec": 24.0,
        "dt_sec": 4.0,
        "max_lag_sec": 60.0,
        "threshold": 0.36787944117144233,
        "nan_frac": 0.0,
        "nan_policy": "strict"
      },
      "m_o": {
        "tau_sec": 24.0,
        "dt_sec": 4.0,
        "max_lag_sec": 60.0,
        "threshold": 0.36787944117144233,
        "nan_frac": 0.0,
        "nan_policy": "strict"
      },
      "d_n": {
        "tau_sec": 8.0,
        "dt_sec": 4.0,
        "max_lag_sec": 60.0,
        "threshold": 0.36787944117144233,
        "nan_frac": 0.0,
        "nan_policy": "strict"
      },
      "d_l": {
        "tau_sec": 32.0,
        "dt_sec": 4.0,
        "max_lag_sec": 60.0,
        "threshold": 0.36787944117144233,
        "nan_frac": 0.0,
        "nan_policy": "strict"
      },