{
  "dataset_id": "ds003478:sub-020:rest_Rest_run-02",
  "subject": "sub-020",
  "session": null,
  "reliability_axes": {
    "m": 0.9006944183331318,
    "d": 0.7998508215852217,
    "e": 0.6170922762076149
  },
  "reliability_subcoords": {
    "m_a": 0.6943261689930141,
    "m_e": 0.8948043402358866,
    "m_o": 0.9388390853813897,
    "d_n": 0.4283503207291872,
    "d_l": 0.7512504575197135,
    "d_s": 0.8634393268555237,
    "e_e": 0.9448478091864909,
    "e_s": 0.7799887377583213,
    "e_m": null
  }
}