{
  "dataset_id": "ds003478:sub-102:rest_Rest_run-01",
  "subject": "sub-102",
  "session": null,
  "reliability_axes": {
    "m": 0.7197317968616324,
    "d": 0.8862398020400946,
    "e": 0.6161256124171237
  },
  "reliability_subcoords": {
    "m_a": 0.8726914865703984,
    "m_e": 0.6389570544658041,
    "m_o": 0.45560272133194496,
    "d_n": 0.5627525857565969,
    "d_l": 0.8801242113474469,
    "d_s": 0.8306373093230175,
    "e_e": 0.52376664420661,
    "e_s": 0.5564867189662124,
    "e_m": 0.6937516191325857
  }
}