{
  "dataset_id": "ds003478:sub-102:rest_Rest_run-01",
  "subject": "sub-102",
  "session": null,
  "coverage": {
    "epochs": 123,
    "seconds": 492.0
  },
  "artifacts": {
    "methods": [
      "none"
    ],
    "bad_eeg_channels": [
      "CB2"
    ],
    "n_bad_eeg_channels": 1,
    "stem_collisions": {}
  },
  "ensemble": {
    "var_by_subcoord": {
      "m_a": 0.0006096477154642344,
      "m_e": 0.010090265423059464,
      "m_o": 0.006738228257745504,
      "d_n": 0.00654643727466464,
      "d_l": 0.0021915901452302933,
      "d_s": 0.068382628262043,
      "e_e": 0.0,
      "e_s": 0.01858941838145256,
      "e_m": 0.0
    },
    "var_mean": 0.012572023939962188,
    "var_max": 0.068382628262043
  },
  "reliability": {
    "axes": {
      "m": 0.7197317968616324,
      "d": 0.8862398020400946,
      "e": 0.6161256124171237
    },
    "subcoords": {
      "m_a": 0.8726914865703984,
      "m_e": 0.6389570544658041,
      "m_o": 0.45560272133194496,
      "d_n": 0.5627525857565969,
      "d_l": 0.8801242113474469,
      "d_s": 0.8306373093230175,
      "e_e": 0.52376664420661,
      "e_s": 0.5564867189662124,
      "e_m": 0.6937516191325857
    }
  },
  "dist_summary": {
    "axes": {
      "m": {
        "n": 123,
        "nan_frac": 0.0,
        "mean": 0.06941633741229364,
        "median": 0.20004747807979584,
        "std": 0.6115117456588263,
        "iqr": 1.0056993663311005,
        "mad": 0.48952411115169525,
        "mad_sigma": 0.7257684471935033,
        "skewness": -0.3402379239657352,
        "kurtosis_excess": -0.9380943654153149,
        "delta_mean_median": -0.1306311406675022
      },
      "d": {
        "n": 123,
        "nan_frac": 0.0,
        "mean": 0.8346970116462165,
        "median": 0.08069401234388351,
        "std": 1.3795657155376722,
        "iqr": 2.614311248064041,
        "mad": 0.6872497275471687,
        "mad_sigma": 1.0189164460614324,
        "skewness": 0.54660139736924,
        "kurtosis_excess": -1.2970837780813678,
        "delta_mean_median": 0.7540029993023329
      },
      "e": {
        "n": 123,
        "nan_frac": 0.0,
        "mean": 0.10304081613743087,
        "median": 0.19094249606132507,
        "std": 0.5538504173084082,
        "iqr": 0.7754560112953186,
        "mad": 0.3582918345928192,
        "mad_sigma": 0.5312034739673137,
        "skewness": -0.6040680226061235,
        "kurtosis_excess": 0.04729946760503623,
        "delta_mean_median": -0.08790167992389421
      }
    },
    "subcoords": {
      "m_a": {
        "n": 123,
        "nan_frac": 0.0,
        "mean": 0.19141013768872595,
        "median": -0.019794922322034836,
        "std": 0.7764315195850051,
        "iqr": 1.5330768376588821,
        "mad": 0.6747942753136158,
        "mad_sigma": 1.0004499925799668,
        "skewness": 0.19178827682817973,
        "kurtosis_excess": -1.4524390600586534,
        "delta_mean_median": 0.21120506001076078
      },
      "m_e": {
        "n": 123,
        "nan_frac": 0.0,
        "mean": -0.059703813710560404,
        "median": -0.020086267963051796,
        "std": 0.5632185988178399,
        "iqr": 0.760164275765419,
        "mad": 0.3923919405788183,
        "mad_sigma": 0.581760291102156,
        "skewness": -0.48327829957952356,
        "kurtosis_excess": -0.3399931089438435,
        "delta_mean_median": -0.03961754574750861
      },
      "m_o": {
        "n": 123,
        "nan_frac": 0.0,
        "mean": 0.05914950354130772,
        "median": 0.07607908546924591,
        "std": 0.7794270937160975,
        "iqr": 1.083918035030365,
        "mad": 0.5090826004743576,
        "mad_sigma": 0.7547658634632826,
        "skewness": 0.023607976066153162,
        "kurtosis_excess": -0.28465570361724923,
        "delta_mean_median": -0.01692958192793819
      },
      "d_n": {
        "n": 123,
        "nan_frac": 0.0,
        "mean": 0.1290215945583049,
        "median": 0.1622936725616455,
        "std": 0.7140007907179183,
        "iqr": 0.8662956058979034,
        "mad": 0.44378042221069336,
        "mad_sigma": 0.6579488539695739,
        "skewness": 0.6949316486823416,
        "kurtosis_excess": 1.5483932562996037,
        "delta_mean_median": -0.033272078003340616
      },
      "d_l": {
        "n": 123,
        "nan_frac": 0.0,
        "mean": 1.2487982024506825,
        "median": -0.018431074917316437,
        "std": 2.0463717687790517,
        "iqr": 3.8050295263528824,
        "mad": 0.5776507779955864,
        "mad_sigma": 0.8564250434562564,
        "skewness": 0.6650402851794187,
        "kurtosis_excess": -1.2557935585479432,
        "delta_mean_median": 1.267229277367999
      },
      "d_s": {
        "n": 123,
        "nan_frac": 0.0,
        "mean": 0.8821067788252016,
        "median": 0.441881000995636,
        "std": 1.4364615418766056,
        "iqr": 2.529992237687111,
        "mad": 0.9989384412765503,
        "mad_sigma": 1.4810261330366135,
        "skewness": 0.4965657627212812,
        "kurtosis_excess": -1.1391886890904932,
        "delta_mean_median": 0.4402257778295656
      },
      "e_e": {
        "n": 123,
        "nan_frac": 0.0,
        "mean": -0.03664004336285397,
        "median": 0.0,
        "std": 1.0136825207309965,
        "iqr": 1.339576244354248,
        "mad": 0.6744906902313232,
        "mad_sigma": 0.9999998973369598,
        "skewness": -0.22916201079514636,
        "kurtosis_excess": 0.03266742361557817,
        "delta_mean_median": -0.03664004336285397
      },
      "e_s": {
        "n": 123,
        "nan_frac": 0.0,
        "mean": 0.31346649676561356,
        "median": 0.22946780920028687,
        "std": 0.46721686298037657,
        "iqr": 0.6751100495457649,
        "mad": 0.3334106206893921,
        "mad_sigma": 0.4943145862340927,
        "skewness": 0.25756459370262497,
        "kurtosis_excess": -0.83549590804436,
        "delta_mean_median": 0.08399868756532669
      },
      "e_m": {
        "n": 123,
        "nan_frac": 0.0,
        "mean": -0.28813199840516335,
        "median": 0.0,
        "std": 1.3861734180680771,
        "iqr": 1.3975383043289185,
        "mad": 0.674490749835968,
        "mad_sigma": 0.9999999857068061,
        "skewness": -0.6926831240367084,
        "kurtosis_excess": -0.09966093292290301,
        "delta_mean_median": -0.28813199840516335
      }
    }
  },
  "entropy_provisional": {},
  "tau_summary": {
    "axes": {
      "m": {
        "tau_sec": 12.0,
        "dt_sec": 4.0,
        "max_lag_sec": 60.0,
        "threshold": 0.36787944117144233,
        "nan_frac": 0.0,
        "nan_policy": "strict"
      },
      "d": {
        "tau_sec": 28.0,
        "dt_sec": 4.0,
        "max_lag_sec": 60.0,
        "threshold": 0.36787944117144233,
        "nan_frac": 0.0,
        "nan_policy": "strict"
      },
      "e": {
        "tau_sec": 8.0,
        "dt_sec": 4.0,
        "max_lag_sec": 60.0,
        "threshold": 0.36787944117144233,
        "nan_frac": 0.0,
        "nan_policy": "strict"
      }
    },
    "subcoords": {
      "m_a": {
        "tau_sec": 24.0,
        "dt_sec": 4.0,
        "max_lag_sec": 60.0,
        "threshold": 0.36787944117144233,
        "nan_frac": 0.0,
        "nan_policy": "strict"
      },
      "m_e": {
        "tau_sec": 8.0,
        "dt_sec": 4.0,
        "max_lag_sec": 60.0,
        "threshold": 0.36787944117144233,
        "nan_frac": 0.0,
        "nan_policy": "strict"
      },
      "m_o": {
        "tau_sec": 8.0,
        "dt_sec": 4.0,
        "max_lag_sec": 60.0,
        "threshold": 0.36787944117144233,
        "nan_frac": 0.0,
        "nan_policy": "strict"
      },
      "d_n": {
        "tau_sec": 8.0,
        "dt_sec": 4.0,
        "max_lag_sec": 60.0,
        "threshold": 0.36787944117144233,
        "nan_frac": 0.0,
        "nan_policy": "strict"
      },
      "d_l": {
        "tau_sec": 28.0,
        "dt_sec": 4.0,
        "max_lag_sec": 60.0,
        "threshold": 0.36787944117144233,
        "nan_frac": 0.0,
        "nan_policy": "strict"
      },