{
  "dataset_id": "ds003478:sub-099:rest_Rest_run-02",
  "subject": "sub-099",
  "session": null,
  "reliability_axes": {
    "m": 0.7203464879020705,
    "d": 0.8196275875119076,
    "e": 0.8891654378514767
  },
  "reliability_subcoords": {
    "m_a": 0.8023124066464851,
    "m_e": 0.8899184271188486,
    "m_o": 0.8906725256467126,
    "d_n": 0.8350518155478369,
    "d_l": 0.8285312577310606,
    "d_s": 0.9284877529436968,
    "e_e": 0.9190711748629754,
    "e_s": 0.7288988084673849,
    "e_m": 0.7352886612497341
  }
}