{
  "dataset_id": "ds003478:sub-099:rest_Rest_run-02",
  "subject": "sub-099",
  "session": null,
  "coverage": {
    "epochs": 52,
    "seconds": 208.0
  },
  "artifacts": {
    "methods": [
      "none"
    ],
    "bad_eeg_channels": [
      "CZ"
    ],
    "n_bad_eeg_channels": 1,
    "stem_collisions": {}
  },
  "ensemble": {
    "var_by_subcoord": {
      "m_a": 0.016006112098693848,
      "m_e": 0.004306275397539139,
      "m_o": 0.002261173212900758,
      "d_n": 0.003951982595026493,
      "d_l": 0.009604601189494133,
      "d_s": 0.05912114307284355,
      "e_e": 1.77033206345302e-13,
      "e_s": 0.0031623179093003273,
      "e_m": 0.0
    },
    "var_mean": 0.010934845052886144,
    "var_max": 0.05912114307284355
  },
  "reliability": {
    "axes": {
      "m": 0.7203464879020705,
      "d": 0.8196275875119076,
      "e": 0.8891654378514767
    },
    "subcoords": {
      "m_a": 0.8023124066464851,
      "m_e": 0.8899184271188486,
      "m_o": 0.8906725256467126,
      "d_n": 0.8350518155478369,
      "d_l": 0.8285312577310606,
      "d_s": 0.9284877529436968,
      "e_e": 0.9190711748629754,
      "e_s": 0.7288988084673849,
      "e_m": 0.7352886612497341
    }
  },
  "dist_summary": {
    "axes": {
      "m": {
        "n": 52,
        "nan_frac": 0.0,
        "mean": -0.1934588593789018,
        "median": -0.27447129786014557,
        "std": 0.5249919533684152,
        "iqr": 0.7014207392930984,
        "mad": 0.34224866330623627,
        "mad_sigma": 0.5074178682178259,
        "skewness": 0.6266920920638663,
        "kurtosis_excess": 0.14894441825325755,
        "delta_mean_median": 0.08101243848124376
      },
      "d": {
        "n": 52,
        "nan_frac": 0.0,
        "mean": 0.5412291009695485,
        "median": 0.2406511977314949,
        "std": 1.0187599798812603,
        "iqr": 1.913236990571022,
        "mad": 0.9058011546730995,
        "mad_sigma": 1.3429407919183374,
        "skewness": 0.14703544479246936,
        "kurtosis_excess": -1.4064784432042206,
        "delta_mean_median": 0.30057790323805356
      },
      "e": {
        "n": 52,
        "nan_frac": 0.0,
        "mean": -0.12704004619557124,
        "median": 0.18930265307426453,
        "std": 0.9016377656630179,
        "iqr": 1.0991756916046143,
        "mad": 0.4241552948951721,
        "mad_sigma": 0.6288526402115822,
        "skewness": -0.5189951955155195,
        "kurtosis_excess": -0.5227291769998108,
        "delta_mean_median": -0.31634269926983577
      }
    },
    "subcoords": {
      "m_a": {
        "n": 52,
        "nan_frac": 0.0,
        "mean": -0.10711630183057143,
        "median": 0.169485941529274,
        "std": 1.0306394770352738,
        "iqr": 1.068290263414383,
        "mad": 0.47110626101493835,
        "mad_sigma": 0.6984621425807476,
        "skewness": -0.6961060109995537,
        "kurtosis_excess": -0.4192943436680667,
        "delta_mean_median": -0.2766022433598454
      },
      "m_e": {
        "n": 52,
        "nan_frac": 0.0,
        "mean": -0.22161002879147418,
        "median": -0.10218095779418945,
        "std": 0.3807246296079592,
        "iqr": 0.7662901747971773,
        "mad": 0.21805177256464958,
        "mad_sigma": 0.32328355800434944,
        "skewness": -0.23169943433891474,
        "kurtosis_excess": -1.325664108466153,
        "delta_mean_median": -0.11942907099728473
      },
      "m_o": {
        "n": 52,
        "nan_frac": 0.0,
        "mean": -0.27801275339264137,
        "median": 0.12138980627059937,
        "std": 1.1212669642873003,
        "iqr": 2.0232487469911575,
        "mad": 0.5842623859643936,
        "mad_sigma": 0.8662274134308099,
        "skewness": -0.39180310841932925,
        "kurtosis_excess": -1.0360700321108116,
        "delta_mean_median": -0.39940255966324073
      },
      "d_n": {
        "n": 52,
        "nan_frac": 0.0,
        "mean": -0.03144149138377263,
        "median": -0.32331930100917816,
        "std": 0.6891582931329563,
        "iqr": 0.7473220899701118,
        "mad": 0.2409292757511139,
        "mad_sigma": 0.35720174422860146,
        "skewness": 1.3070409710165025,
        "kurtosis_excess": 0.589771385285935,
        "delta_mean_median": 0.29187780962540555
      },
      "d_l": {
        "n": 52,
        "nan_frac": 0.0,
        "mean": 0.8075558295330176,
        "median": 0.5348754972219467,
        "std": 1.662301509862773,
        "iqr": 2.608439639210701,
        "mad": 1.454620897769928,
        "mad_sigma": 2.156620943033695,
        "skewness": -0.15771730949097332,
        "kurtosis_excess": -0.9942756621658315,
        "delta_mean_median": 0.2726803323110709
      },
      "d_s": {
        "n": 52,
        "nan_frac": 0.0,
        "mean": 0.783898322054973,
        "median": 0.16880380362272263,
        "std": 1.4748189793296758,
        "iqr": 2.88826085627079,
        "mad": 0.9623707756400108,
        "mad_sigma": 1.4268109119638799,
        "skewness": 0.3811473753537155,
        "kurtosis_excess": -1.3448465325997803,
        "delta_mean_median": 0.6150945184322504
      },
      "e_e": {
        "n": 52,
        "nan_frac": 0.0,
        "mean": -0.7595072606435189,
        "median": 0.0,
        "std": 1.6830670370094258,
        "iqr": 2.9622919261455536,
        "mad": 0.6744907200336456,
        "mad_sigma": 0.999999941521883,
        "skewness": -0.831320866951766,
        "kurtosis_excess": -0.7695687649032892,
        "delta_mean_median": -0.7595072606435189
      },
      "e_s": {
        "n": 52,
        "nan_frac": 0.0,
        "mean": 0.7357878902783761,
        "median": 0.6871572136878967,
        "std": 1.0058844184442985,
        "iqr": 1.2481069676578045,
        "mad": 0.6318962424993515,
        "mad_sigma": 0.9368493691295385,
        "skewness": 0.5565306611286016,
        "kurtosis_excess": -0.13789698521008997,
        "delta_mean_median": 0.04863067659047937
      },
      "e_m": {
        "n": 52,
        "nan_frac": 0.0,
        "mean": -0.03891292099769299,
        "median": 0.0,
        "std": 1.1861884981038726,
        "iqr": 1.517604187130928,
        "mad": 0.674490749835968,
        "mad_sigma": 0.9999999857068061,
        "skewness": 0.9151747689953472,
        "kurtosis_excess": 0.4529314808939131,
        "delta_mean_median": -0.03891292099769299
      }
    }
  },
  "entropy_provisional": {},
  "tau_summary": {
    "axes": {
      "m": {
        "tau_sec": 28.0,
        "dt_sec": 4.0,
        "max_lag_sec": 60.0,
        "threshold": 0.36787944117144233,
        "nan_frac": 0.0,
        "nan_policy": "strict"
      },
      "d": {
        "tau_sec": 16.0,
        "dt_sec": 4.0,
        "max_lag_sec": 60.0,
        "threshold": 0.36787944117144233,
        "nan_frac": 0.0,
        "nan_policy": "strict"
      },
      "e": {
        "tau_sec": 20.0,
        "dt_sec": 4.0,
        "max_lag_sec": 60.0,
        "threshold": 0.36787944117144233,
        "nan_frac": 0.0,
        "nan_policy": "strict"
      }
    },
    "subcoords": {
      "m_a": {
        "tau_sec": 12.0,
        "dt_sec": 4.0,
        "max_lag_sec": 60.0,
        "threshold": 0.36787944117144233,
        "nan_frac": 0.0,
        "nan_policy": "strict"
      },
      "m_e": {
        "tau_sec": 28.0,
        "dt_sec": 4.0,
        "max_lag_sec": 60.0,
        "threshold": 0.36787944117144233,
        "nan_frac": 0.0,
        "nan_policy": "strict"
      },
      "m_o": {
        "tau_sec": 28.0,
        "dt_sec": 4.0,
        "max_lag_sec": 60.0,
        "threshold": 0.36787944117144233,
        "nan_frac": 0.0,
        "nan_policy": "strict"
      },
      "d_n": {
        "tau_sec": 28.0,
        "dt_sec": 4.0,
        "max_lag_sec": 60.0,
        "threshold": 0.36787944117144233,
        "nan_frac": 0.0,
        "nan_policy": "strict"
      },
      "d_l": {
        "tau_sec": 16.0,
        "dt_sec": 4.0,
        "max_lag_sec": 60.0,
        "threshold": 0.36787944117144233,
        "nan_frac": 0.0,