{
  "dataset_id": "ds003478:sub-048:rest_Rest_run-02",
  "subject": "sub-048",
  "session": null,
  "reliability_axes": {
    "m": 0.6128333854293083,
    "d": 0.25657232225709936,
    "e": 0.858806323328298
  },
  "reliability_subcoords": {
    "m_a": 0.4875294000611442,
    "m_e": 0.6585205269720306,
    "m_o": 0.5918768565758595,
    "d_n": 0.3082429188458918,
    "d_l": 0.48599646210701397,
    "d_s": 0.42773627311303725,
    "e_e": 0.8916484533680238,
    "e_s": 0.6413122718797433,
    "e_m": null
  }
}