{
  "dataset_id": "ds003478:sub-108:rest_Rest_run-02",
  "subject": "sub-108",
  "session": null,
  "reliability_axes": {
    "m": 0.5778861497732121,
    "d": 0.6234136327675619,
    "e": 0.6473947741681607
  },
  "reliability_subcoords": {
    "m_a": 0.5288526367026561,
    "m_e": 0.7096081187573247,
    "m_o": 0.5334954704908741,
    "d_n": 0.022605375101309895,
    "d_l": 0.6233570415912195,
    "d_s": 0.7598433985491442,
    "e_e": 0.623697307715644,
    "e_s": 0.4473074255538822,
    "e_m": null
  }
}