{
  "dataset_id": "ds003478:sub-066:rest_Rest_run-02",
  "subject": "sub-066",
  "session": null,
  "reliability_axes": {
    "m": 0.7915562117294445,
    "d": 0.8171420499763692,
    "e": 0.5290836928220493
  },
  "reliability_subcoords": {
    "m_a": 0.9352079553675828,
    "m_e": 0.7101717204154863,
    "m_o": 0.6207031302800416,
    "d_n": 0.8613747649984675,
    "d_l": 0.7628594360713841,
    "d_s": 0.8744687387920048,
    "e_e": 0.7031590593291422,
    "e_s": 0.5265097377736935,
    "e_m": 1.0
  }
}