{
  "dataset_id": "ds003478:sub-040:rest_Rest_run-01",
  "subject": "sub-040",
  "session": null,
  "reliability_axes": {
    "m": 0.6477738572424162,
    "d": 0.48556551880870163,
    "e": 0.7523913349767083
  },
  "reliability_subcoords": {
    "m_a": 0.6232018570760578,
    "m_e": 0.6852472609503607,
    "m_o": 0.5993226654742255,
    "d_n": 0.4046233627623596,
    "d_l": 0.6511433868073111,
    "d_s": 0.7274251818060993,
    "e_e": 0.7843805703561012,
    "e_s": 0.37732570059575976,
    "e_m": null
  }
}