{
  "dataset_id": "ds003478:sub-040:rest_Rest_run-01",
  "subject": "sub-040",
  "session": null,
  "coverage": {
    "epochs": 120,
    "seconds": 480.0
  },
  "artifacts": {
    "methods": [
      "none"
    ],
    "bad_eeg_channels": [],
    "n_bad_eeg_channels": 0,
    "stem_collisions": {}
  },
  "ensemble": {
    "var_by_subcoord": {
      "m_a": 0.0006306870491243899,
      "m_e": 0.004499477334320545,
      "m_o": 0.0007577128708362579,
      "d_n": 0.017474286258220673,
      "d_l": 0.00794246420264244,
      "d_s": 0.0005465451395139098,
      "e_e": 5.209834842180572e-13,
      "e_s": 0.004483489319682121,
      "e_m": 0.0
    },
    "var_mean": 0.004037184686095703,
    "var_max": 0.017474286258220673
  },
  "reliability": {
    "axes": {
      "m": 0.6477738572424162,
      "d": 0.48556551880870163,
      "e": 0.7523913349767083
    },
    "subcoords": {
      "m_a": 0.6232018570760578,
      "m_e": 0.6852472609503607,
      "m_o": 0.5993226654742255,
      "d_n": 0.4046233627623596,
      "d_l": 0.6511433868073111,
      "d_s": 0.7274251818060993,
      "e_e": 0.7843805703561012,
      "e_s": 0.37732570059575976,
      "e_m": null
    }
  },
  "dist_summary": {
    "axes": {
      "m": {
        "n": 120,
        "nan_frac": 0.0,
        "mean": 0.01660273919502894,
        "median": -0.06193068064749241,
        "std": 0.4301688804002772,
        "iqr": 0.6399508416652679,
        "mad": 0.3162524104118347,
        "mad_sigma": 0.46887582367658615,
        "skewness": 0.5110165238623214,
        "kurtosis_excess": -0.18581823598672909,
        "delta_mean_median": 0.07853341984252135
      },
      "d": {
        "n": 120,
        "nan_frac": 0.0,
        "mean": 0.1348716689545351,
        "median": 0.22007136046886444,
        "std": 0.5959150583856303,
        "iqr": 0.8662616014480591,
        "mad": 0.42445018887519836,
        "mad_sigma": 0.6292898500263691,
        "skewness": 1.5098987487141466,
        "kurtosis_excess": 6.953471571380424,
        "delta_mean_median": -0.08519969151432935
      },
      "e": {
        "n": 120,
        "nan_frac": 0.0,
        "mean": 0.11233013236584763,
        "median": 0.16820945590734482,
        "std": 0.42195295842466635,
        "iqr": 0.5756531096994877,
        "mad": 0.28535890206694603,
        "mad_sigma": 0.42307310820445415,
        "skewness": -0.10440572671679967,
        "kurtosis_excess": -0.2558664812279696,
        "delta_mean_median": -0.05587932354149719
      }
    },
    "subcoords": {
      "m_a": {
        "n": 120,
        "nan_frac": 0.0,
        "mean": 0.02021370854539176,
        "median": 0.045302191749215126,
        "std": 0.7955871240402694,
        "iqr": 1.105240747332573,
        "mad": 0.5752337779849768,
        "mad_sigma": 0.8528415992405265,
        "skewness": -0.9393413074618581,
        "kurtosis_excess": 4.0146927811787005,
        "delta_mean_median": -0.025088483203823366
      },
      "m_e": {
        "n": 120,
        "nan_frac": 0.0,
        "mean": -0.0866359124716837,
        "median": -0.031312594190239906,
        "std": 0.4245863161146176,
        "iqr": 0.5219138078391552,
        "mad": 0.2826231326907873,
        "mad_sigma": 0.41901705652736126,
        "skewness": -0.7500956432151283,
        "kurtosis_excess": 1.4948965038725852,
        "delta_mean_median": -0.055323318281443795
      },
      "m_o": {
        "n": 120,
        "nan_frac": 0.0,
        "mean": 0.13780821005202598,
        "median": 0.09402360394597054,
        "std": 0.8781818215957886,
        "iqr": 1.1958789676427841,
        "mad": 0.602331668138504,
        "mad_sigma": 0.893016931182146,
        "skewness": 0.7983172365626164,
        "kurtosis_excess": 2.184492980861208,
        "delta_mean_median": 0.043784606106055446
      },
      "d_n": {
        "n": 120,
        "nan_frac": 0.0,
        "mean": 0.12349803975472848,
        "median": -0.04892732948064804,
        "std": 0.774386030154287,
        "iqr": 0.8068234398961067,
        "mad": 0.38807180523872375,
        "mad_sigma": 0.5753552584469318,
        "skewness": 3.8068744269598,
        "kurtosis_excess": 25.48977849463383,
        "delta_mean_median": 0.17242536923537652
      },
      "d_l": {
        "n": 120,
        "nan_frac": 0.0,
        "mean": 0.14639448550685,
        "median": 0.2704304903745651,
        "std": 0.8194670907168903,
        "iqr": 1.474062666296959,
        "mad": 0.7592270225286484,
        "mad_sigma": 1.125629983600974,
        "skewness": 0.2789273174471774,
        "kurtosis_excess": -1.1317376958010361,
        "delta_mean_median": -0.12403600486771513
      },
      "d_s": {
        "n": 120,
        "nan_frac": 0.0,
        "mean": 0.12143633849918842,
        "median": 0.016621962189674377,
        "std": 0.7960612475254562,
        "iqr": 1.2195903956890106,
        "mad": 0.5798183679580688,
        "mad_sigma": 0.8596387123346328,
        "skewness": 0.8206736669451875,
        "kurtosis_excess": 0.8039463902062516,
        "delta_mean_median": 0.10481437630951404
      },
      "e_e": {
        "n": 120,
        "nan_frac": 0.0,
        "mean": 0.015167152633269627,
        "median": -1.1026859283447266e-06,
        "std": 0.8403694812042102,
        "iqr": 1.3744768798351288,
        "mad": 0.674490749835968,
        "mad_sigma": 0.9999999857068061,
        "skewness": -0.18199852660268273,
        "kurtosis_excess": -1.0131532603984044,
        "delta_mean_median": 0.015168255319197972
      },
      "e_s": {
        "n": 120,
        "nan_frac": 0.0,
        "mean": 0.24855343103408814,
        "median": 0.213192418217659,
        "std": 0.5437830213959396,
        "iqr": 0.5964846797287464,
        "mad": 0.294433131814003,
        "mad_sigma": 0.4365265612274408,
        "skewness": 0.9737630520352636,
        "kurtosis_excess": 1.9420935007907492,
        "delta_mean_median": 0.035361012816429144
      },
      "e_m": {
        "n": 120,
        "nan_frac": 0.0,
        "mean": 0.05,
        "median": 0.0,
        "std": 0.5454356057317857,
        "iqr": 0.0,
        "mad": 0.0,
        "mad_sigma": 0.0,
        "skewness": 10.81704226493289,
        "kurtosis_excess": 115.0084033613445,
        "delta_mean_median": 0.05
      }
    }
  },
  "entropy_provisional": {
    "e_m": {
      "var": 0.29750000000000004,
      "n_unique": 2,
      "nan_frac": 0.0,
      "provisional": true
    }
  },
  "tau_summary": {
    "axes": {
      "m": {
        "tau_sec": 8.0,
        "dt_sec": 4.0,
        "max_lag_sec": 60.0,
        "threshold": 0.36787944117144233,
        "nan_frac": 0.0,
        "nan_policy": "strict"
      },
      "d": {
        "tau_sec": 12.0,
        "dt_sec": 4.0,
        "max_lag_sec": 60.0,
        "threshold": 0.36787944117144233,
        "nan_frac": 0.0,
        "nan_policy": "strict"
      },
      "e": {
        "tau_sec": 20.0,
        "dt_sec": 4.0,
        "max_lag_sec": 60.0,
        "threshold": 0.36787944117144233,
        "nan_frac": 0.0,
        "nan_policy": "strict"
      }
    },
    "subcoords": {
      "m_a": {
        "tau_sec": 8.0,
        "dt_sec": 4.0,
        "max_lag_sec": 60.0,
        "threshold": 0.36787944117144233,
        "nan_frac": 0.0,
        "nan_policy": "strict"
      },
      "m_e": {
        "tau_sec": 16.0,
        "dt_sec": 4.0,
        "max_lag_sec": 60.0,
        "threshold": 0.36787944117144233,
        "nan_frac": 0.0,
        "nan_policy": "strict"
      },
      "m_o": {
        "tau_sec": 8.0,
        "dt_sec": 4.0,
        "max_lag_sec": 60.0,
        "threshold": 0.36787944117144233,
        "nan_frac": 0.0,
        "nan_policy": "strict"
      },
      "d_n": {
        "tau_sec": 4.0,
        "dt_sec": 4.0,
        "max_lag_sec": 60.0,
        "threshold": 0.36787944117144233,
        "nan_frac": 0.0,
        "nan_policy": "strict"
      },
      "d_l": {
        "tau_sec": 12.0,
        "dt_sec": 4.0,
        "max_lag_sec": 60.0,
        "threshold": 0.36787944117144233,