{
  "dataset_id": "ds003478:sub-092:rest_Rest_run-02",
  "subject": "sub-092",
  "session": null,
  "reliability_axes": {
    "m": 0.6599244009323498,
    "d": 0.8838080600184599,
    "e": 0.7239718535763724
  },
  "reliability_subcoords": {
    "m_a": 0.589103886104949,
    "m_e": 0.8981060080966158,
    "m_o": 0.8303733661658228,
    "d_n": 0.6693274664539007,
    "d_l": 0.869062157028938,
    "d_s": 0.9171821384558346,
    "e_e": 0.7805214505185104,
    "e_s": 0.8393582900634043,
    "e_m": 0.19059176032799272
  }
}