{
  "dataset_id": "ds003478:sub-092:rest_Rest_run-02",
  "subject": "sub-092",
  "session": null,
  "coverage": {
    "epochs": 38,
    "seconds": 152.0
  },
  "artifacts": {
    "methods": [
      "none"
    ],
    "bad_eeg_channels": [],
    "n_bad_eeg_channels": 0,
    "stem_collisions": {}
  },
  "ensemble": {
    "var_by_subcoord": {
      "m_a": 0.005323487799614668,
      "m_e": 0.003489152295514941,
      "m_o": 0.01837075501680374,
      "d_n": 0.003314483677968383,
      "d_l": 0.032715003937482834,
      "d_s": 0.008569962345063686,
      "e_e": 1.832528540805095e-13,
      "e_s": 0.043714821338653564,
      "e_m": 0.0
    },
    "var_mean": 0.01283307404569834,
    "var_max": 0.043714821338653564
  },
  "reliability": {
    "axes": {
      "m": 0.6599244009323498,
      "d": 0.8838080600184599,
      "e": 0.7239718535763724
    },
    "subcoords": {
      "m_a": 0.589103886104949,
      "m_e": 0.8981060080966158,
      "m_o": 0.8303733661658228,
      "d_n": 0.6693274664539007,
      "d_l": 0.869062157028938,
      "d_s": 0.9171821384558346,
      "e_e": 0.7805214505185104,
      "e_s": 0.8393582900634043,
      "e_m": 0.19059176032799272
    }
  },
  "dist_summary": {
    "axes": {
      "m": {
        "n": 38,
        "nan_frac": 0.0,
        "mean": 0.004446184360667279,
        "median": -0.06892949342727661,
        "std": 0.4025946045366452,
        "iqr": 0.5703967325389385,
        "mad": 0.2743413746356964,
        "mad_sigma": 0.4067385220348835,
        "skewness": 0.6249458133977233,
        "kurtosis_excess": -0.5886446488283079,
        "delta_mean_median": 0.07337567778794389
      },
      "d": {
        "n": 38,
        "nan_frac": 0.0,
        "mean": 0.33435228212099327,
        "median": -0.006585270166397095,
        "std": 0.801624283828695,
        "iqr": 1.2261974588036537,
        "mad": 0.42909061908721924,
        "mad_sigma": 0.6361697518587112,
        "skewness": 0.9901835624807864,
        "kurtosis_excess": -0.009965700896071183,
        "delta_mean_median": 0.34093755228739037
      },
      "e": {
        "n": 38,
        "nan_frac": 0.0,
        "mean": 0.07067241107946948,
        "median": 0.14579937607049942,
        "std": 0.4179733828706271,
        "iqr": 0.6884191147983074,
        "mad": 0.36850275099277496,
        "mad_sigma": 0.5463421786218882,
        "skewness": -0.36395803565514817,
        "kurtosis_excess": -1.0020304388923578,
        "delta_mean_median": -0.07512696499102994
      }
    },
    "subcoords": {
      "m_a": {
        "n": 38,
        "nan_frac": 0.0,
        "mean": 0.06891346556183539,
        "median": 0.2316381260752678,
        "std": 0.7532677525565251,
        "iqr": 1.0366982072591782,
        "mad": 0.5458110794425011,
        "mad_sigma": 0.809219506381452,
        "skewness": -0.09592032370460378,
        "kurtosis_excess": -1.0588017643855154,
        "delta_mean_median": -0.1627246605134324
      },
      "m_e": {
        "n": 38,
        "nan_frac": 0.0,
        "mean": -0.021023403657110112,
        "median": 0.059577351436018944,
        "std": 0.285754561576677,
        "iqr": 0.4460255168378353,
        "mad": 0.20369727350771427,
        "mad_sigma": 0.30200157770253716,
        "skewness": -0.3816064141549288,
        "kurtosis_excess": -1.0621496570869777,
        "delta_mean_median": -0.08060075509312906
      },
      "m_o": {
        "n": 38,
        "nan_frac": 0.0,
        "mean": -0.053245919903642254,
        "median": 0.013010557740926743,
        "std": 0.7572799522839394,
        "iqr": 1.1783384904265404,
        "mad": 0.625285804271698,
        "mad_sigma": 0.9270487334132194,
        "skewness": 0.004054904690356651,
        "kurtosis_excess": -0.9813700656577815,
        "delta_mean_median": -0.06625647764456899
      },
      "d_n": {
        "n": 38,
        "nan_frac": 0.0,
        "mean": 0.05286309279893574,
        "median": 0.000996604561805725,
        "std": 0.3347346783830716,
        "iqr": 0.37042010948061943,
        "mad": 0.19213196635246277,
        "mad_sigma": 0.28485485331416127,
        "skewness": 0.9191004069711212,
        "kurtosis_excess": 0.9859670126808466,
        "delta_mean_median": 0.05186648823713001
      },
      "d_l": {
        "n": 38,
        "nan_frac": 0.0,
        "mean": 0.4441832301059836,
        "median": -0.04268514923751354,
        "std": 1.2291004828508896,
        "iqr": 1.8451266139745712,
        "mad": 0.6904289126396179,
        "mad_sigma": 1.0236299058794975,
        "skewness": 0.8950647301269017,
        "kurtosis_excess": -0.2322731304719743,
        "delta_mean_median": 0.48686837934349714
      },
      "d_s": {
        "n": 38,
        "nan_frac": 0.0,
        "mean": 0.5153638288182648,
        "median": -0.12722875364124775,
        "std": 1.190972731099214,
        "iqr": 1.870019592344761,
        "mad": 0.4156977664679289,
        "mad_sigma": 0.6163135085653514,
        "skewness": 0.9732564164466805,
        "kurtosis_excess": -0.1464719483444621,
        "delta_mean_median": 0.6425925824595126
      },
      "e_e": {
        "n": 38,
        "nan_frac": 0.0,
        "mean": -0.12055581058130453,
        "median": 0.0,
        "std": 0.8603949318320843,
        "iqr": 1.377077966928482,
        "mad": 0.674490749835968,
        "mad_sigma": 0.9999999857068061,
        "skewness": -0.396013135950673,
        "kurtosis_excess": -0.9084910468577672,
        "delta_mean_median": -0.12055581058130453
      },
      "e_s": {
        "n": 38,
        "nan_frac": 0.0,
        "mean": 0.33225176287324804,
        "median": 0.32957078516483307,
        "std": 0.47368717947014294,
        "iqr": 0.5856599919497967,
        "mad": 0.30636830627918243,
        "mad_sigma": 0.4542216508895158,
        "skewness": 0.13493742906810471,
        "kurtosis_excess": -0.2349543192403134,
        "delta_mean_median": 0.0026809777084149666
      },
      "e_m": {
        "n": 38,
        "nan_frac": 0.0,
        "mean": 0.0828321983939723,
        "median": 0.0,
        "std": 0.7517556907878249,
        "iqr": 0.8993209898471832,
        "mad": 0.674490749835968,
        "mad_sigma": 0.9999999857068061,
        "skewness": 1.012678638483876,
        "kurtosis_excess": 0.38614234164563177,
        "delta_mean_median": 0.0828321983939723
      }
    }
  },
  "entropy_provisional": {},
  "tau_summary": {
    "axes": {
      "m": {
        "tau_sec": 8.0,
        "dt_sec": 4.0,
        "max_lag_sec": 60.0,
        "threshold": 0.36787944117144233,
        "nan_frac": 0.0,
        "nan_policy": "strict"
      },
      "d": {
        "tau_sec": 8.0,
        "dt_sec": 4.0,
        "max_lag_sec": 60.0,
        "threshold": 0.36787944117144233,
        "nan_frac": 0.0,
        "nan_policy": "strict"
      },
      "e": {
        "tau_sec": 12.0,
        "dt_sec": 4.0,
        "max_lag_sec": 60.0,
        "threshold": 0.36787944117144233,
        "nan_frac": 0.0,
        "nan_policy": "strict"
      }
    },
    "subcoords": {
      "m_a": {
        "tau_sec": 8.0,
        "dt_sec": 4.0,
        "max_lag_sec": 60.0,
        "threshold": 0.36787944117144233,
        "nan_frac": 0.0,
        "nan_policy": "strict"
      },
      "m_e": {
        "tau_sec": 24.0,
        "dt_sec": 4.0,
        "max_lag_sec": 60.0,
        "threshold": 0.36787944117144233,
        "nan_frac": 0.0,
        "nan_policy": "strict"
      },
      "m_o": {
        "tau_sec": 28.0,
        "dt_sec": 4.0,
        "max_lag_sec": 60.0,
        "threshold": 0.36787944117144233,
        "nan_frac": 0.0,
        "nan_policy": "strict"
      },
      "d_n": {
        "tau_sec": 8.0,
        "dt_sec": 4.0,
        "max_lag_sec": 60.0,
        "threshold": 0.36787944117144233,
        "nan_frac": 0.0,
        "nan_policy": "strict"
      },
      "d_l": {
        "tau_sec": 8.0,
        "dt_sec": 4.0,
        "max_lag_sec": 60.0,
        "threshold": 0.36787944117144233,
        "nan_frac": 0.0,
        "nan_policy": "strict"
      },