{
  "dataset_id": "ds003478:sub-032:rest_Rest_run-01",
  "subject": "sub-032",
  "session": null,
  "reliability_axes": {
    "m": 0.5437293897091731,
    "d": 0.6078501686263783,
    "e": 0.5313894706383671
  },
  "reliability_subcoords": {
    "m_a": 0.6677296666945889,
    "m_e": 0.5451848248918519,
    "m_o": 0.4503405701866924,
    "d_n": 0.6770031823552911,
    "d_l": 0.5067350716903735,
    "d_s": 0.7189035333473938,
    "e_e": 0.5877476524603231,
    "e_s": 0.5928627200847063,
    "e_m": 0.7012868733182765
  }
}