{
  "dataset_id": "ds003478:sub-104:rest_Rest_run-01",
  "subject": "sub-104",
  "session": null,
  "reliability_axes": {
    "m": 0.5522365803370215,
    "d": 0.7212841826043097,
    "e": 0.8201369255664113
  },
  "reliability_subcoords": {
    "m_a": 0.75345693918546,
    "m_e": 0.7078877694805475,
    "m_o": 0.7306340006288649,
    "d_n": 0.6576610510073362,
    "d_l": 0.7657255843439744,
    "d_s": 0.7511546607603788,
    "e_e": 0.7942211034364924,
    "e_s": 0.7701086134186639,
    "e_m": 0.6931782526354443
  }
}