{
  "dataset_id": "ds003478:sub-104:rest_Rest_run-01",
  "subject": "sub-104",
  "session": null,
  "coverage": {
    "epochs": 121,
    "seconds": 484.0
  },
  "artifacts": {
    "methods": [
      "none"
    ],
    "bad_eeg_channels": [],
    "n_bad_eeg_channels": 0,
    "stem_collisions": {}
  },
  "ensemble": {
    "var_by_subcoord": {
      "m_a": 0.0018865985330194235,
      "m_e": 0.0022635150235146284,
      "m_o": 0.0005897959927096963,
      "d_n": 0.012186777777969837,
      "d_l": 0.005018588155508041,
      "d_s": 0.0027415435761213303,
      "e_e": 0.0,
      "e_s": 0.00117317249532789,
      "e_m": 0.0
    },
    "var_mean": 0.0028733323949078717,
    "var_max": 0.012186777777969837
  },
  "reliability": {
    "axes": {
      "m": 0.5522365803370215,
      "d": 0.7212841826043097,
      "e": 0.8201369255664113
    },
    "subcoords": {
      "m_a": 0.75345693918546,
      "m_e": 0.7078877694805475,
      "m_o": 0.7306340006288649,
      "d_n": 0.6576610510073362,
      "d_l": 0.7657255843439744,
      "d_s": 0.7511546607603788,
      "e_e": 0.7942211034364924,
      "e_s": 0.7701086134186639,
      "e_m": 0.6931782526354443
    }
  },
  "dist_summary": {
    "axes": {
      "m": {
        "n": 121,
        "nan_frac": 0.0,
        "mean": -0.06993827439867699,
        "median": -0.08475573360919952,
        "std": 0.3784929480495625,
        "iqr": 0.5469192862510681,
        "mad": 0.2758834809064865,
        "mad_sigma": 0.4090248487919569,
        "skewness": 0.22220107434159636,
        "kurtosis_excess": -0.17272019154844775,
        "delta_mean_median": 0.014817459210522535
      },
      "d": {
        "n": 121,
        "nan_frac": 0.0,
        "mean": 0.1616846626886159,
        "median": 0.2455877661705017,
        "std": 0.7405255204074159,
        "iqr": 0.9465573877096176,
        "mad": 0.48185519874095917,
        "mad_sigma": 0.714398517653346,
        "skewness": -0.6413926720055411,
        "kurtosis_excess": 0.10479558805194733,
        "delta_mean_median": -0.08390310348188582
      },
      "e": {
        "n": 121,
        "nan_frac": 0.0,
        "mean": 0.14009590749243997,
        "median": 0.05076367408037186,
        "std": 0.6068323866539392,
        "iqr": 0.758275181055069,
        "mad": 0.4000844433903694,
        "mad_sigma": 0.5931651957705617,
        "skewness": 0.6900570480354277,
        "kurtosis_excess": 0.36988511693693127,
        "delta_mean_median": 0.08933223341206811
      }
    },
    "subcoords": {
      "m_a": {
        "n": 121,
        "nan_frac": 0.0,
        "mean": -0.1171616180376573,
        "median": 0.02037108689546585,
        "std": 0.8237755711978813,
        "iqr": 1.196765959262848,
        "mad": 0.607914499938488,
        "mad_sigma": 0.9012940376088022,
        "skewness": -0.2711586860014472,
        "kurtosis_excess": -0.8122003361973706,
        "delta_mean_median": -0.13753270493312314
      },
      "m_e": {
        "n": 121,
        "nan_frac": 0.0,
        "mean": -0.09728385352848044,
        "median": -0.04847586154937744,
        "std": 0.44632754217737036,
        "iqr": 0.5879214704036713,
        "mad": 0.3255685269832611,
        "mad_sigma": 0.4826878981053829,
        "skewness": -0.3106926676421,
        "kurtosis_excess": -0.09221356359949917,
        "delta_mean_median": -0.048807991979103
      },
      "m_o": {
        "n": 121,
        "nan_frac": 0.0,
        "mean": 0.02854738248250455,
        "median": 0.11990733444690704,
        "std": 0.69381143573305,
        "iqr": 0.9306738078594208,
        "mad": 0.4516276568174362,
        "mad_sigma": 0.6695831639975309,
        "skewness": 0.21835966800822684,
        "kurtosis_excess": 0.12536649788434717,
        "delta_mean_median": -0.0913599519644025
      },
      "d_n": {
        "n": 121,
        "nan_frac": 0.0,
        "mean": 0.04082491119538457,
        "median": -0.10276038944721222,
        "std": 0.7728132573678036,
        "iqr": 0.9122271239757538,
        "mad": 0.46004532277584076,
        "mad_sigma": 0.6820631955474614,
        "skewness": 0.8349171577433596,
        "kurtosis_excess": 1.3075172846302436,
        "delta_mean_median": 0.14358530064259678
      },
      "d_l": {
        "n": 121,
        "nan_frac": 0.0,
        "mean": 0.1737189467472971,
        "median": 0.35762736201286316,
        "std": 1.1418171313763732,
        "iqr": 1.5144652128219604,
        "mad": 0.7703959047794342,
        "mad_sigma": 1.1421889684259892,
        "skewness": -0.482862417521263,
        "kurtosis_excess": -0.20854684363813059,
        "delta_mean_median": -0.18390841526556606
      },
      "d_s": {
        "n": 121,
        "nan_frac": 0.0,
        "mean": 0.34226237594588726,
        "median": 0.30926263332366943,
        "std": 0.9033526378837402,
        "iqr": 1.2632260620594025,
        "mad": 0.6356012225151062,
        "mad_sigma": 0.9423423725008964,
        "skewness": 0.2865392009866301,
        "kurtosis_excess": -0.5667333140126618,
        "delta_mean_median": 0.03299974262221783
      },
      "e_e": {
        "n": 121,
        "nan_frac": 0.0,
        "mean": -0.01904424867200211,
        "median": 0.0,
        "std": 0.8397599766356506,
        "iqr": 1.3100915551185608,
        "mad": 0.6744906902313232,
        "mad_sigma": 0.9999998973369598,
        "skewness": 0.19857110854533117,
        "kurtosis_excess": -0.43908296666079893,
        "delta_mean_median": -0.01904424867200211
      },
      "e_s": {
        "n": 121,
        "nan_frac": 0.0,
        "mean": 0.3704452687674317,
        "median": 0.25948843359947205,
        "std": 0.6612726552464865,
        "iqr": 0.687335878610611,
        "mad": 0.34260353446006775,
        "mad_sigma": 0.5079440001904965,
        "skewness": 1.587371769917393,
        "kurtosis_excess": 4.433190618002174,
        "delta_mean_median": 0.11095683516795968
      },
      "e_m": {
        "n": 121,
        "nan_frac": 0.0,
        "mean": -0.1114860738604522,
        "median": 0.0,
        "std": 1.0088411777757367,
        "iqr": 1.348981499671936,
        "mad": 0.674490749835968,
        "mad_sigma": 0.9999999857068061,
        "skewness": 0.4613099787173026,
        "kurtosis_excess": -0.554376646955892,
        "delta_mean_median": -0.1114860738604522
      }
    }
  },
  "entropy_provisional": {},
  "tau_summary": {
    "axes": {
      "m": {
        "tau_sec": 8.0,
        "dt_sec": 4.0,
        "max_lag_sec": 60.0,
        "threshold": 0.36787944117144233,
        "nan_frac": 0.0,
        "nan_policy": "strict"
      },
      "d": {
        "tau_sec": 12.0,
        "dt_sec": 4.0,
        "max_lag_sec": 60.0,
        "threshold": 0.36787944117144233,
        "nan_frac": 0.0,
        "nan_policy": "strict"
      },
      "e": {
        "tau_sec": 24.0,
        "dt_sec": 4.0,
        "max_lag_sec": 60.0,
        "threshold": 0.36787944117144233,
        "nan_frac": 0.0,
        "nan_policy": "strict"
      }
    },
    "subcoords": {
      "m_a": {
        "tau_sec": 12.0,
        "dt_sec": 4.0,
        "max_lag_sec": 60.0,
        "threshold": 0.36787944117144233,
        "nan_frac": 0.0,
        "nan_policy": "strict"
      },
      "m_e": {
        "tau_sec": 24.0,
        "dt_sec": 4.0,
        "max_lag_sec": 60.0,
        "threshold": 0.36787944117144233,
        "nan_frac": 0.0,
        "nan_policy": "strict"
      },
      "m_o": {
        "tau_sec": 24.0,
        "dt_sec": 4.0,
        "max_lag_sec": 60.0,
        "threshold": 0.36787944117144233,
        "nan_frac": 0.0,
        "nan_policy": "strict"
      },
      "d_n": {
        "tau_sec": 8.0,
        "dt_sec": 4.0,
        "max_lag_sec": 60.0,
        "threshold": 0.36787944117144233,
        "nan_frac": 0.0,
        "nan_policy": "strict"
      },
      "d_l": {
        "tau_sec": 12.0,
        "dt_sec": 4.0,
        "max_lag_sec": 60.0,
        "threshold": 0.36787944117144233,
        "nan_frac": 0.0,
        "nan_policy": "strict"
      },