{
  "dataset_id": "ds003478:sub-112:rest_Rest_run-01",
  "subject": "sub-112",
  "session": null,
  "reliability_axes": {
    "m": 0.6258124077910118,
    "d": 0.8693736125875011,
    "e": 0.8096204725967546
  },
  "reliability_subcoords": {
    "m_a": 0.9213299379801909,
    "m_e": 0.6926838131666069,
    "m_o": 0.8355016466773167,
    "d_n": 0.6470716686718238,
    "d_l": 0.8904433772886315,
    "d_s": 0.8388910294533555,
    "e_e": 0.7853825068550084,
    "e_s": 0.6744585902382749,
    "e_m": 0.5840701354953975
  }
}