{
  "dataset_id": "ds003478:sub-112:rest_Rest_run-01",
  "subject": "sub-112",
  "session": null,
  "coverage": {
    "epochs": 122,
    "seconds": 488.0
  },
  "artifacts": {
    "methods": [
      "none"
    ],
    "bad_eeg_channels": [],
    "n_bad_eeg_channels": 0,
    "stem_collisions": {}
  },
  "ensemble": {
    "var_by_subcoord": {
      "m_a": 0.0033050188794732094,
      "m_e": 0.00405671913176775,
      "m_o": 0.00044895519386045635,
      "d_n": 0.006015177816152573,
      "d_l": 0.019130878150463104,
      "d_s": 0.058252062648534775,
      "e_e": 5.684865013629026e-14,
      "e_s": 0.0037801226135343313,
      "e_m": 0.0
    },
    "var_mean": 0.010554326048204783,
    "var_max": 0.058252062648534775
  },
  "reliability": {
    "axes": {
      "m": 0.6258124077910118,
      "d": 0.8693736125875011,
      "e": 0.8096204725967546
    },
    "subcoords": {
      "m_a": 0.9213299379801909,
      "m_e": 0.6926838131666069,
      "m_o": 0.8355016466773167,
      "d_n": 0.6470716686718238,
      "d_l": 0.8904433772886315,
      "d_s": 0.8388910294533555,
      "e_e": 0.7853825068550084,
      "e_s": 0.6744585902382749,
      "e_m": 0.5840701354953975
    }
  },
  "dist_summary": {
    "axes": {
      "m": {
        "n": 122,
        "nan_frac": 0.0,
        "mean": 0.08557465044231932,
        "median": 0.08674386516213417,
        "std": 0.2318784637449372,
        "iqr": 0.29779182374477386,
        "mad": 0.1507362760603428,
        "mad_sigma": 0.2234816028870642,
        "skewness": 0.36290072711149063,
        "kurtosis_excess": 0.11835814019915647,
        "delta_mean_median": -0.0011692147198148484
      },
      "d": {
        "n": 122,
        "nan_frac": 0.0,
        "mean": 0.5563828480386053,
        "median": 0.06350989453494549,
        "std": 0.9451080991610181,
        "iqr": 1.7296961173415184,
        "mad": 0.49893653206527233,
        "mad_sigma": 0.7397233024399728,
        "skewness": 0.5174940838818719,
        "kurtosis_excess": -1.2959350807571837,
        "delta_mean_median": 0.4928729535036598
      },
      "e": {
        "n": 122,
        "nan_frac": 0.0,
        "mean": 0.05682294595925534,
        "median": 0.014787002932280302,
        "std": 0.4601492733122348,
        "iqr": 0.6153251752257347,
        "mad": 0.3153892164118588,
        "mad_sigma": 0.46759605225222184,
        "skewness": 0.44030654396349816,
        "kurtosis_excess": 0.03416396108898789,
        "delta_mean_median": 0.04203594302697504
      }
    },
    "subcoords": {
      "m_a": {
        "n": 122,
        "nan_frac": 0.0,
        "mean": 0.11198940820091205,
        "median": -0.025271143531426787,
        "std": 0.7711307449149408,
        "iqr": 1.4271387532353401,
        "mad": 0.7449401954654604,
        "mad_sigma": 1.1044483337970916,
        "skewness": -0.06171575942816534,
        "kurtosis_excess": -1.3369363113499872,
        "delta_mean_median": 0.13726055173233884
      },
      "m_e": {
        "n": 122,
        "nan_frac": 0.0,
        "mean": -0.014104023537613818,
        "median": -0.0283177699893713,
        "std": 0.3134926303426203,
        "iqr": 0.4802326187491417,
        "mad": 0.24014460109174252,
        "mad_sigma": 0.35603838557861744,
        "skewness": 0.18713658198010003,
        "kurtosis_excess": -0.8839408256002779,
        "delta_mean_median": 0.014213746451757481
      },
      "m_o": {
        "n": 122,
        "nan_frac": 0.0,
        "mean": 0.17101048833889063,
        "median": 0.06115250289440155,
        "std": 0.9841960818830302,
        "iqr": 1.6107995808124542,
        "mad": 0.7895819991827011,
        "mad_sigma": 1.1706342719882725,
        "skewness": 0.4035163352356423,
        "kurtosis_excess": -0.6609164157627996,
        "delta_mean_median": 0.10985798544448908
      },
      "d_n": {
        "n": 122,
        "nan_frac": 0.0,
        "mean": 0.18181020036706183,
        "median": 0.08347758650779724,
        "std": 0.5896997415435542,
        "iqr": 0.4718060474842787,
        "mad": 0.25274212658405304,
        "mad_sigma": 0.37471547687351703,
        "skewness": 1.058997668622954,
        "kurtosis_excess": 1.293546807296842,
        "delta_mean_median": 0.09833261385926459
      },
      "d_l": {
        "n": 122,
        "nan_frac": 0.0,
        "mean": 0.7615441233988424,
        "median": -0.038444921374320984,
        "std": 1.4024308813740214,
        "iqr": 2.6674081832170486,
        "mad": 0.6418222635984421,
        "mad_sigma": 0.9515656880110501,
        "skewness": 0.5444026936227219,
        "kurtosis_excess": -1.3236070012188137,
        "delta_mean_median": 0.7999890447731633
      },
      "d_s": {
        "n": 122,
        "nan_frac": 0.0,
        "mean": 0.6244331521333241,
        "median": 0.05659531056880951,
        "std": 1.4220744657275453,
        "iqr": 2.512575000524521,
        "mad": 0.9138935953378677,
        "mad_sigma": 1.3549386444479226,
        "skewness": 0.5117693308694348,
        "kurtosis_excess": -1.1816728681794417,
        "delta_mean_median": 0.5678378415645146
      },
      "e_e": {
        "n": 122,
        "nan_frac": 0.0,
        "mean": -0.1271931049261303,
        "median": 9.23406332731247e-07,
        "std": 0.9945978656515616,
        "iqr": 1.2787705808877945,
        "mad": 0.6744897966273129,
        "mad_sigma": 0.9999985724796541,
        "skewness": -0.2737775543101923,
        "kurtosis_excess": -0.5143817889497351,
        "delta_mean_median": -0.12719402833246304
      },
      "e_s": {
        "n": 122,
        "nan_frac": 0.0,
        "mean": 0.3151290784055581,
        "median": 0.24245712161064148,
        "std": 0.4824572141228348,
        "iqr": 0.6903025591745973,
        "mad": 0.32245732843875885,
        "mad_sigma": 0.47807523514330386,
        "skewness": 0.3656602879482895,
        "kurtosis_excess": -0.46576542399786725,
        "delta_mean_median": 0.07267195679491661
      },
      "e_m": {
        "n": 122,
        "nan_frac": 0.0,
        "mean": -0.06771565066864256,
        "median": -1.1548399925231934e-07,
        "std": 0.8964462798686449,
        "iqr": 1.3677009791135788,
        "mad": 0.674490749835968,
        "mad_sigma": 0.9999999857068061,
        "skewness": 0.12834638657099634,
        "kurtosis_excess": -0.5952966333749798,
        "delta_mean_median": -0.06771553518464331
      }
    }
  },
  "entropy_provisional": {},
  "tau_summary": {
    "axes": {
      "m": {
        "tau_sec": 8.0,
        "dt_sec": 4.0,
        "max_lag_sec": 60.0,
        "threshold": 0.36787944117144233,
        "nan_frac": 0.0,
        "nan_policy": "strict"
      },
      "d": {
        "tau_sec": 36.0,
        "dt_sec": 4.0,
        "max_lag_sec": 60.0,
        "threshold": 0.36787944117144233,
        "nan_frac": 0.0,
        "nan_policy": "strict"
      },
      "e": {
        "tau_sec": 20.0,
        "dt_sec": 4.0,
        "max_lag_sec": 60.0,
        "threshold": 0.36787944117144233,
        "nan_frac": 0.0,
        "nan_policy": "strict"
      }
    },
    "subcoords": {
      "m_a": {
        "tau_sec": 36.0,
        "dt_sec": 4.0,
        "max_lag_sec": 60.0,
        "threshold": 0.36787944117144233,
        "nan_frac": 0.0,
        "nan_policy": "strict"
      },
      "m_e": {
        "tau_sec": 16.0,
        "dt_sec": 4.0,
        "max_lag_sec": 60.0,
        "threshold": 0.36787944117144233,
        "nan_frac": 0.0,
        "nan_policy": "strict"
      },
      "m_o": {
        "tau_sec": 12.0,
        "dt_sec": 4.0,
        "max_lag_sec": 60.0,
        "threshold": 0.36787944117144233,
        "nan_frac": 0.0,
        "nan_policy": "strict"
      },
      "d_n": {
        "tau_sec": 8.0,
        "dt_sec": 4.0,
        "max_lag_sec": 60.0,
        "threshold": 0.36787944117144233,
        "nan_frac": 0.0,
        "nan_policy": "strict"
      },
      "d_l": {
        "tau_sec": 32.0,
        "dt_sec": 4.0,
        "max_lag_sec": 60.0,
        "threshold": 0.36787944117144233,