{
  "dataset_id": "ds003478:sub-094:rest_Rest_run-02",
  "subject": "sub-094",
  "session": null,
  "reliability_axes": {
    "m": 0.6438329117288131,
    "d": 0.8778005751885941,
    "e": 0.6897564702608339
  },
  "reliability_subcoords": {
    "m_a": 0.7505771939542633,
    "m_e": 0.8013967425467214,
    "m_o": 0.6937566985593309,
    "d_n": 0.7285929753782674,
    "d_l": 0.8783155973104384,
    "d_s": 0.9021554099853154,
    "e_e": 0.6511723988205509,
    "e_s": 0.3011288094261143,
    "e_m": null
  }
}