{
  "dataset_id": "ds003478:sub-081:rest_Rest_run-02",
  "subject": "sub-081",
  "session": null,
  "reliability_axes": {
    "m": 0.6284099760588828,
    "d": 0.7766105784247234,
    "e": 0.36687128502713234
  },
  "reliability_subcoords": {
    "m_a": 0.8049137495570009,
    "m_e": 0.8189167144842576,
    "m_o": 0.710617773910283,
    "d_n": 0.9044106240076031,
    "d_l": 0.7952241825083349,
    "d_s": 0.7828560261806622,
    "e_e": 0.5513249315190861,
    "e_s": 0.7863306916398972,
    "e_m": 0.8139041125400365
  }
}