{
  "dataset_id": "ds003478:sub-081:rest_Rest_run-02",
  "subject": "sub-081",
  "session": null,
  "coverage": {
    "epochs": 50,
    "seconds": 200.0
  },
  "artifacts": {
    "methods": [
      "none"
    ],
    "bad_eeg_channels": [],
    "n_bad_eeg_channels": 0,
    "stem_collisions": {}
  },
  "ensemble": {
    "var_by_subcoord": {
      "m_a": 0.0015823382418602705,
      "m_e": 0.0064145359210669994,
      "m_o": 0.002218160079792142,
      "d_n": 0.0073766205459833145,
      "d_l": 0.04136309772729874,
      "d_s": 0.4742072820663452,
      "e_e": 3.607550456280473e-13,
      "e_s": 0.06308752298355103,
      "e_m": 0.0
    },
    "var_mean": 0.06624995084069538,
    "var_max": 0.4742072820663452
  },
  "reliability": {
    "axes": {
      "m": 0.6284099760588828,
      "d": 0.7766105784247234,
      "e": 0.36687128502713234
    },
    "subcoords": {
      "m_a": 0.8049137495570009,
      "m_e": 0.8189167144842576,
      "m_o": 0.710617773910283,
      "d_n": 0.9044106240076031,
      "d_l": 0.7952241825083349,
      "d_s": 0.7828560261806622,
      "e_e": 0.5513249315190861,
      "e_s": 0.7863306916398972,
      "e_m": 0.8139041125400365
    }
  },
  "dist_summary": {
    "axes": {
      "m": {
        "n": 50,
        "nan_frac": 0.0,
        "mean": -0.022974755661562086,
        "median": -0.034142724238336086,
        "std": 0.24526902382779608,
        "iqr": 0.3757235258817673,
        "mad": 0.18743606004863977,
        "mad_sigma": 0.27789270262811333,
        "skewness": 0.06353630068925498,
        "kurtosis_excess": -0.5260944251215136,
        "delta_mean_median": 0.011167968576774
      },
      "d": {
        "n": 50,
        "nan_frac": 0.0,
        "mean": 0.6325641451403499,
        "median": 0.3615659326314926,
        "std": 1.0977051924981196,
        "iqr": 2.227736782282591,
        "mad": 0.8198393285274506,
        "mad_sigma": 1.215493788474798,
        "skewness": 0.3296802910965987,
        "kurtosis_excess": -1.2913852810255608,
        "delta_mean_median": 0.27099821250885725
      },
      "e": {
        "n": 50,
        "nan_frac": 0.0,
        "mean": 0.2453083072602749,
        "median": 0.23591597378253937,
        "std": 0.40086764586564905,
        "iqr": 0.6616250555962324,
        "mad": 0.34140438959002495,
        "mad_sigma": 0.506166148006171,
        "skewness": 0.048331644690102475,
        "kurtosis_excess": -0.8034984578925468,
        "delta_mean_median": 0.00939233347773552
      }
    },
    "subcoords": {
      "m_a": {
        "n": 50,
        "nan_frac": 0.0,
        "mean": -0.011336837466806172,
        "median": -0.008923313114792109,
        "std": 0.6680412398708769,
        "iqr": 1.2012052983045578,
        "mad": 0.6248084902763367,
        "mad_sigma": 0.9263410676836967,
        "skewness": -0.07780703409759387,
        "kurtosis_excess": -1.2008221539545796,
        "delta_mean_median": -0.002413524352014064
      },
      "m_e": {
        "n": 50,
        "nan_frac": 0.0,
        "mean": -0.11582369871437549,
        "median": -0.008144497871398926,
        "std": 0.45691705157108914,
        "iqr": 0.8596041202545166,
        "mad": 0.4550585001707077,
        "mad_sigma": 0.6746697323530912,
        "skewness": -0.07289557903471602,
        "kurtosis_excess": -1.4611834452525623,
        "delta_mean_median": -0.10767920084297657
      },
      "m_o": {
        "n": 50,
        "nan_frac": 0.0,
        "mean": 0.07447282765060663,
        "median": 0.12090431898832321,
        "std": 0.6966220458111783,
        "iqr": 1.1789753288030624,
        "mad": 0.589058980345726,
        "mad_sigma": 0.8733388442605733,
        "skewness": 0.10975177370152568,
        "kurtosis_excess": -1.088888405744154,
        "delta_mean_median": -0.04643149133771658
      },
      "d_n": {
        "n": 50,
        "nan_frac": 0.0,
        "mean": 0.07520247787237168,
        "median": -0.1841590404510498,
        "std": 0.846770240350943,
        "iqr": 1.1899351999163628,
        "mad": 0.5170158594846725,
        "mad_sigma": 0.7665277132719754,
        "skewness": 0.4703873451208176,
        "kurtosis_excess": -0.791470104048448,
        "delta_mean_median": 0.25936151832342147
      },
      "d_l": {
        "n": 50,
        "nan_frac": 0.0,
        "mean": 0.8771096486598253,
        "median": -0.009425664320588112,
        "std": 1.7596511379442585,
        "iqr": 3.5507305711507797,
        "mad": 0.6424019932746887,
        "mad_sigma": 0.9524251952290534,
        "skewness": 0.5379943250799044,
        "kurtosis_excess": -1.393392419772681,
        "delta_mean_median": 0.8865353129804134
      },
      "d_s": {
        "n": 50,
        "nan_frac": 0.0,
        "mean": 0.9116839016973972,
        "median": 0.5738395899534225,
        "std": 1.4902979284081683,
        "iqr": 3.061315570026636,
        "mad": 1.0709551572799683,
        "mad_sigma": 1.5877981161832808,
        "skewness": 0.3604524518311344,
        "kurtosis_excess": -1.303560402354377,
        "delta_mean_median": 0.33784431174397467
      },
      "e_e": {
        "n": 50,
        "nan_frac": 0.0,
        "mean": -0.02777530163526535,
        "median": 0.0,
        "std": 0.899807615341467,
        "iqr": 1.320752575993538,
        "mad": 0.6744906902313232,
        "mad_sigma": 0.9999998973369598,
        "skewness": -0.3989662940973663,
        "kurtosis_excess": -0.1591987645311974,
        "delta_mean_median": -0.02777530163526535
      },
      "e_s": {
        "n": 50,
        "nan_frac": 0.0,
        "mean": 0.6301691129803657,
        "median": 0.5567103624343872,
        "std": 0.6846148984375379,
        "iqr": 1.0031570494174957,
        "mad": 0.5189109295606613,
        "mad_sigma": 0.7693373441666365,
        "skewness": 1.1102854565849056,
        "kurtosis_excess": 2.0036168104266077,
        "delta_mean_median": 0.0734587505459785
      },
      "e_m": {
        "n": 50,
        "nan_frac": 0.0,
        "mean": 0.02888784177368507,
        "median": 7.258495315909386e-08,
        "std": 0.7039510819622262,
        "iqr": 1.2251552939414978,
        "mad": 0.6744908224209212,
        "mad_sigma": 1.0000000933212576,
        "skewness": 0.08232883548770271,
        "kurtosis_excess": -1.2208613542581415,
        "delta_mean_median": 0.02888776918873191
      }
    }
  },
  "entropy_provisional": {},
  "tau_summary": {
    "axes": {
      "m": {
        "tau_sec": 8.0,
        "dt_sec": 4.0,
        "max_lag_sec": 60.0,
        "threshold": 0.36787944117144233,
        "nan_frac": 0.0,
        "nan_policy": "strict"
      },
      "d": {
        "tau_sec": 28.0,
        "dt_sec": 4.0,
        "max_lag_sec": 60.0,
        "threshold": 0.36787944117144233,
        "nan_frac": 0.0,
        "nan_policy": "strict"
      },
      "e": {
        "tau_sec": 8.0,
        "dt_sec": 4.0,
        "max_lag_sec": 60.0,
        "threshold": 0.36787944117144233,
        "nan_frac": 0.0,
        "nan_policy": "strict"
      }
    },
    "subcoords": {
      "m_a": {
        "tau_sec": 12.0,
        "dt_sec": 4.0,
        "max_lag_sec": 60.0,
        "threshold": 0.36787944117144233,
        "nan_frac": 0.0,
        "nan_policy": "strict"
      },
      "m_e": {
        "tau_sec": 12.0,
        "dt_sec": 4.0,
        "max_lag_sec": 60.0,
        "threshold": 0.36787944117144233,
        "nan_frac": 0.0,
        "nan_policy": "strict"
      },
      "m_o": {
        "tau_sec": 8.0,
        "dt_sec": 4.0,
        "max_lag_sec": 60.0,
        "threshold": 0.36787944117144233,
        "nan_frac": 0.0,
        "nan_policy": "strict"
      },
      "d_n": {
        "tau_sec": 24.0,
        "dt_sec": 4.0,
        "max_lag_sec": 60.0,
        "threshold": 0.36787944117144233,
        "nan_frac": 0.0,
        "nan_policy": "strict"
      },
      "d_l": {
        "tau_sec": 24.0,
        "dt_sec": 4.0,
        "max_lag_sec": 60.0,
        "threshold": 0.36787944117144233,
        "nan_frac": 0.0,