{
  "dataset_id": "ds003478:sub-074:rest_Rest_run-02",
  "subject": "sub-074",
  "session": null,
  "reliability_axes": {
    "m": 0.8648227101387684,
    "d": 0.921354294679541,
    "e": 0.6657020563541871
  },
  "reliability_subcoords": {
    "m_a": 0.9752007806704364,
    "m_e": 0.786630047240487,
    "m_o": 0.9211743277923845,
    "d_n": 0.9630566781419154,
    "d_l": 0.9144573342196158,
    "d_s": 0.9066352814511954,
    "e_e": 0.7841476630614003,
    "e_s": 0.9600268995315898,
    "e_m": 0.8576318698394622
  }
}