{
  "dataset_id": "ds003478:sub-074:rest_Rest_run-02",
  "subject": "sub-074",
  "session": null,
  "coverage": {
    "epochs": 54,
    "seconds": 216.0
  },
  "artifacts": {
    "methods": [
      "none"
    ],
    "bad_eeg_channels": [],
    "n_bad_eeg_channels": 0,
    "stem_collisions": {}
  },
  "ensemble": {
    "var_by_subcoord": {
      "m_a": 0.0034438681323081255,
      "m_e": 0.013073917478322983,
      "m_o": 0.0018398831598460674,
      "d_n": 0.002342579187825322,
      "d_l": 0.00558475824072957,
      "d_s": 0.046271804720163345,
      "e_e": 0.0,
      "e_s": 0.008734154514968395,
      "e_m": 0.0
    },
    "var_mean": 0.009032329492684867,
    "var_max": 0.046271804720163345
  },
  "reliability": {
    "axes": {
      "m": 0.8648227101387684,
      "d": 0.921354294679541,
      "e": 0.6657020563541871
    },
    "subcoords": {
      "m_a": 0.9752007806704364,
      "m_e": 0.786630047240487,
      "m_o": 0.9211743277923845,
      "d_n": 0.9630566781419154,
      "d_l": 0.9144573342196158,
      "d_s": 0.9066352814511954,
      "e_e": 0.7841476630614003,
      "e_s": 0.9600268995315898,
      "e_m": 0.8576318698394622
    }
  },
  "dist_summary": {
    "axes": {
      "m": {
        "n": 54,
        "nan_frac": 0.0,
        "mean": -0.15214450389612466,
        "median": -0.03434764128178358,
        "std": 0.559717066149285,
        "iqr": 0.7258740365505219,
        "mad": 0.3078677086159587,
        "mad_sigma": 0.45644466479402035,
        "skewness": -0.8790292670381006,
        "kurtosis_excess": 0.1883473821950159,
        "delta_mean_median": -0.11779686261434108
      },
      "d": {
        "n": 54,
        "nan_frac": 0.0,
        "mean": 0.4575718525383208,
        "median": 0.31962692737579346,
        "std": 1.1206211763217495,
        "iqr": 1.0157928131520748,
        "mad": 0.5197237804532051,
        "mad_sigma": 0.7705424768999218,
        "skewness": 0.22298364875240065,
        "kurtosis_excess": -0.4622948005386367,
        "delta_mean_median": 0.13794492516252732
      },
      "e": {
        "n": 54,
        "nan_frac": 0.0,
        "mean": 0.41595838053358924,
        "median": 0.45027923583984375,
        "std": 0.4095318596393306,
        "iqr": 0.5063456185162067,
        "mad": 0.24894436448812485,
        "mad_sigma": 0.36908491479009387,
        "skewness": 0.34909707134988915,
        "kurtosis_excess": 0.019751860723683734,
        "delta_mean_median": -0.034320855306254505
      }
    },
    "subcoords": {
      "m_a": {
        "n": 54,
        "nan_frac": 0.0,
        "mean": -1.1420166299298957,
        "median": 0.042924897745251656,
        "std": 1.8350481743981828,
        "iqr": 3.724927693605423,
        "mad": 0.46792065910995007,
        "mad_sigma": 0.6937391691964119,
        "skewness": -0.5731891039158538,
        "kurtosis_excess": -1.4887237630290984,
        "delta_mean_median": -1.1849415276751474
      },
      "m_e": {
        "n": 54,
        "nan_frac": 0.0,
        "mean": 0.31889107842343273,
        "median": 0.21497616171836853,
        "std": 0.3365634062845826,
        "iqr": 0.3431232012808323,
        "mad": 0.16465820372104645,
        "mad_sigma": 0.24412225283682346,
        "skewness": 0.7831135491316531,
        "kurtosis_excess": -0.5448057908440216,
        "delta_mean_median": 0.1039149167050642
      },
      "m_o": {
        "n": 54,
        "nan_frac": 0.0,
        "mean": 0.6359692313190963,
        "median": 0.2347431778907776,
        "std": 1.4700741191304196,
        "iqr": 1.694214977324009,
        "mad": 0.8128440082073212,
        "mad_sigma": 1.2051225265681742,
        "skewness": 0.9575923409947782,
        "kurtosis_excess": -0.15646341395777297,
        "delta_mean_median": 0.40122605342831874
      },
      "d_n": {
        "n": 54,
        "nan_frac": 0.0,
        "mean": 1.2117349317780248,
        "median": -0.06865576654672623,
        "std": 2.409570975736135,
        "iqr": 1.8231219947338104,
        "mad": 0.3503821790218353,
        "mad_sigma": 0.5194766186177731,
        "skewness": 1.1944828912152627,
        "kurtosis_excess": -0.37272653121322996,
        "delta_mean_median": 1.280390698324751
      },
      "d_l": {
        "n": 54,
        "nan_frac": 0.0,
        "mean": -0.152214503398648,
        "median": 0.16588060557842255,
        "std": 1.374697625377819,
        "iqr": 1.2837519273161888,
        "mad": 0.6592952460050583,
        "mad_sigma": 0.9774711317270993,
        "skewness": -0.8961338702510296,
        "kurtosis_excess": 0.4166668910494793,
        "delta_mean_median": -0.31809510897707055
      },
      "d_s": {
        "n": 54,
        "nan_frac": 0.0,
        "mean": 0.8966548582194028,
        "median": 0.7021938562393188,
        "std": 1.1523410293749858,
        "iqr": 1.794450256973505,
        "mad": 0.8159773834049702,
        "mad_sigma": 1.2097680686362087,
        "skewness": 0.491316230394942,
        "kurtosis_excess": -1.0944445994538985,
        "delta_mean_median": 0.19446100198008398
      },
      "e_e": {
        "n": 54,
        "nan_frac": 0.0,
        "mean": 0.09638919205301338,
        "median": 1.9315630197525024e-06,
        "std": 0.8514589670799184,
        "iqr": 1.357348695397377,
        "mad": 0.6744906902313232,
        "mad_sigma": 0.9999998973369598,
        "skewness": -0.20313560460957045,
        "kurtosis_excess": -0.3679246794100086,
        "delta_mean_median": 0.09638726048999363
      },
      "e_s": {
        "n": 54,
        "nan_frac": 0.0,
        "mean": 0.8942693872032342,
        "median": 0.4507010877132416,
        "std": 1.234479642584155,
        "iqr": 1.34648048132658,
        "mad": 0.5261889025568962,
        "mad_sigma": 0.7801276669308542,
        "skewness": 0.9877394167947018,
        "kurtosis_excess": -0.24156616147500864,
        "delta_mean_median": 0.44356829948999266
      },
      "e_m": {
        "n": 54,
        "nan_frac": 0.0,
        "mean": -0.4146742444761373,
        "median": 2.3655593395233154e-07,
        "std": 1.1002599037384453,
        "iqr": 2.038818769156933,
        "mad": 0.6744905132800341,
        "mad_sigma": 0.9999996349889785,
        "skewness": -0.5566768769863546,
        "kurtosis_excess": -0.8311145893393883,
        "delta_mean_median": -0.4146744810320713
      }
    }
  },
  "entropy_provisional": {},
  "tau_summary": {
    "axes": {
      "m": {
        "tau_sec": 8.0,
        "dt_sec": 4.0,
        "max_lag_sec": 60.0,
        "threshold": 0.36787944117144233,
        "nan_frac": 0.0,
        "nan_policy": "strict"
      },
      "d": {
        "tau_sec": 16.0,
        "dt_sec": 4.0,
        "max_lag_sec": 60.0,
        "threshold": 0.36787944117144233,
        "nan_frac": 0.0,
        "nan_policy": "strict"
      },
      "e": {
        "tau_sec": 8.0,
        "dt_sec": 4.0,
        "max_lag_sec": 60.0,
        "threshold": 0.36787944117144233,
        "nan_frac": 0.0,
        "nan_policy": "strict"
      }
    },
    "subcoords": {
      "m_a": {
        "tau_sec": 32.0,
        "dt_sec": 4.0,
        "max_lag_sec": 60.0,
        "threshold": 0.36787944117144233,
        "nan_frac": 0.0,
        "nan_policy": "strict"
      },
      "m_e": {
        "tau_sec": 36.0,
        "dt_sec": 4.0,
        "max_lag_sec": 60.0,
        "threshold": 0.36787944117144233,
        "nan_frac": 0.0,
        "nan_policy": "strict"
      },
      "m_o": {
        "tau_sec": 24.0,
        "dt_sec": 4.0,
        "max_lag_sec": 60.0,
        "threshold": 0.36787944117144233,
        "nan_frac": 0.0,
        "nan_policy": "strict"
      },
      "d_n": {
        "tau_sec": 36.0,
        "dt_sec": 4.0,
        "max_lag_sec": 60.0,
        "threshold": 0.36787944117144233,
        "nan_frac": 0.0,
        "nan_policy": "strict"
      },
      "d_l": {
        "tau_sec": 8.0,
        "dt_sec": 4.0,
        "max_lag_sec": 60.0,
        "threshold": 0.36787944117144233,
        "nan_frac": 0.0,