{
  "dataset_id": "ds003478:sub-052:rest_Rest_run-01",
  "subject": "sub-052",
  "session": null,
  "reliability_axes": {
    "m": 0.5213675095106185,
    "d": 0.9131955681647481,
    "e": 0.44135554820515105
  },
  "reliability_subcoords": {
    "m_a": 0.7381479760099672,
    "m_e": 0.8423244209594845,
    "m_o": 0.8234053283539089,
    "d_n": 0.5877844197617621,
    "d_l": 0.9311171990443299,
    "d_s": 0.9020906083452925,
    "e_e": 0.698017728648427,
    "e_s": 0.7672885652431377,
    "e_m": null
  }
}