{
  "dataset_id": "ds003478:sub-047:rest_Rest_run-01",
  "subject": "sub-047",
  "session": null,
  "reliability_axes": {
    "m": 0.6264160497210164,
    "d": 0.7440394202589921,
    "e": 0.552230229307405
  },
  "reliability_subcoords": {
    "m_a": 0.7103343074418332,
    "m_e": 0.33418036488280073,
    "m_o": 0.6148367850105337,
    "d_n": 0.8014795180010447,
    "d_l": 0.7518214560338291,
    "d_s": 0.7977797138137926,
    "e_e": 0.6680132359359083,
    "e_s": 0.7969790045555467,
    "e_m": null
  }
}