{
  "dataset_id": "ds003478:sub-047:rest_Rest_run-01",
  "subject": "sub-047",
  "session": null,
  "coverage": {
    "epochs": 130,
    "seconds": 520.0
  },
  "artifacts": {
    "methods": [
      "none"
    ],
    "bad_eeg_channels": [],
    "n_bad_eeg_channels": 0,
    "stem_collisions": {}
  },
  "ensemble": {
    "var_by_subcoord": {
      "m_a": 0.002284326357766986,
      "m_e": 0.003834902076050639,
      "m_o": 0.004890558309853077,
      "d_n": 0.0025299754925072193,
      "d_l": 0.002552458317950368,
      "d_s": 0.0023077947553247213,
      "e_e": 3.748544877280047e-12,
      "e_s": 0.0008634338155388832,
      "e_m": 0.0
    },
    "var_mean": 0.0021403832365267154,
    "var_max": 0.004890558309853077
  },
  "reliability": {
    "axes": {
      "m": 0.6264160497210164,
      "d": 0.7440394202589921,
      "e": 0.552230229307405
    },
    "subcoords": {
      "m_a": 0.7103343074418332,
      "m_e": 0.33418036488280073,
      "m_o": 0.6148367850105337,
      "d_n": 0.8014795180010447,
      "d_l": 0.7518214560338291,
      "d_s": 0.7977797138137926,
      "e_e": 0.6680132359359083,
      "e_s": 0.7969790045555467,
      "e_m": null
    }
  },
  "dist_summary": {
    "axes": {
      "m": {
        "n": 130,
        "nan_frac": 0.0,
        "mean": -0.09501174950721458,
        "median": 0.011564720422029495,
        "std": 0.7090760462640794,
        "iqr": 0.7440826296806335,
        "mad": 0.38960887864232063,
        "mad_sigma": 0.5776341234751046,
        "skewness": -0.8114102732878492,
        "kurtosis_excess": 0.9604968345433864,
        "delta_mean_median": -0.10657646992924408
      },
      "d": {
        "n": 130,
        "nan_frac": 0.0,
        "mean": 0.20106581499656806,
        "median": 0.10255147516727448,
        "std": 0.6754323054681073,
        "iqr": 0.6891470588743687,
        "mad": 0.35679470002651215,
        "mad_sigma": 0.5289838222593068,
        "skewness": 1.8069821864224722,
        "kurtosis_excess": 4.064048238541517,
        "delta_mean_median": 0.09851433982929358
      },
      "e": {
        "n": 130,
        "nan_frac": 0.0,
        "mean": 0.061233564514595155,
        "median": 0.06487052887678146,
        "std": 0.6168844810948643,
        "iqr": 0.7006846368312836,
        "mad": 0.35149966925382614,
        "mad_sigma": 0.5211334096357226,
        "skewness": 0.5954539694091763,
        "kurtosis_excess": 3.0489476970184226,
        "delta_mean_median": -0.003636964362186308
      }
    },
    "subcoords": {
      "m_a": {
        "n": 130,
        "nan_frac": 0.0,
        "mean": -0.25650097148922774,
        "median": 0.016947721131145954,
        "std": 1.0302582359841896,
        "iqr": 1.1701428517699242,
        "mad": 0.5043973624706268,
        "mad_sigma": 0.7478195295989513,
        "skewness": -1.7843810236088806,
        "kurtosis_excess": 5.958937273158842,
        "delta_mean_median": -0.2734486926203737
      },
      "m_e": {
        "n": 130,
        "nan_frac": 0.0,
        "mean": -0.05577328914167503,
        "median": -0.03303642477840185,
        "std": 0.5883444649201939,
        "iqr": 0.7425326034426689,
        "mad": 0.3716459712013602,
        "mad_sigma": 0.5510023169031366,
        "skewness": -0.3490889226032933,
        "kurtosis_excess": 0.3382749051434817,
        "delta_mean_median": -0.022736864363273178
      },
      "m_o": {
        "n": 130,
        "nan_frac": 0.0,
        "mean": 0.07952639118481714,
        "median": 0.014783160062506795,
        "std": 1.1023523276602738,
        "iqr": 1.198754906654358,
        "mad": 0.5862472194712609,
        "mad_sigma": 0.8691701275880914,
        "skewness": 0.9291491431031701,
        "kurtosis_excess": 2.553507878382568,
        "delta_mean_median": 0.06474323112231034
      },
      "d_n": {
        "n": 130,
        "nan_frac": 0.0,
        "mean": 0.43844780629644026,
        "median": 0.17239276319742203,
        "std": 1.243518968368228,
        "iqr": 0.8262975364923477,
        "mad": 0.4061772748827934,
        "mad_sigma": 0.6021984277412294,
        "skewness": 2.705960783181094,
        "kurtosis_excess": 8.529237238468161,
        "delta_mean_median": 0.26605504309901823
      },
      "d_l": {
        "n": 130,
        "nan_frac": 0.0,
        "mean": -0.000161067396402359,
        "median": 0.04199179634451866,
        "std": 0.8572621919200831,
        "iqr": 1.2036064565181732,
        "mad": 0.6401577591896057,
        "mad_sigma": 0.9490978937745094,
        "skewness": 0.1662493460030387,
        "kurtosis_excess": -0.13650854044929117,
        "delta_mean_median": -0.04215286374092102
      },
      "d_s": {
        "n": 130,
        "nan_frac": 0.0,
        "mean": 0.36647667558147357,
        "median": 0.23176893591880798,
        "std": 0.8281420710106439,
        "iqr": 0.7037761248648167,
        "mad": 0.37121284008026123,
        "mad_sigma": 0.5503601567029953,
        "skewness": 1.723238031300027,
        "kurtosis_excess": 3.3772252730219767,
        "delta_mean_median": 0.13470773966266558
      },
      "e_e": {
        "n": 130,
        "nan_frac": 0.0,
        "mean": -0.19959615647094325,
        "median": -3.169465344399214e-06,
        "std": 1.2658000452628309,
        "iqr": 1.4372707307338715,
        "mad": 0.6744906902313232,
        "mad_sigma": 0.9999998973369598,
        "skewness": -0.3754570537118123,
        "kurtosis_excess": 1.3121765020850749,
        "delta_mean_median": -0.19959298700559885
      },
      "e_s": {
        "n": 130,
        "nan_frac": 0.0,
        "mean": 0.41955236500272386,
        "median": 0.08699627965688705,
        "std": 0.823110448395931,
        "iqr": 0.9419827871024609,
        "mad": 0.34320443123579025,
        "mad_sigma": 0.5088348897501827,
        "skewness": 1.4013009458260184,
        "kurtosis_excess": 1.5019961402643283,
        "delta_mean_median": 0.3325560853458368
      },
      "e_m": {
        "n": 130,
        "nan_frac": 0.0,
        "mean": 0.046153846153846156,
        "median": 0.0,
        "std": 0.5242069242277176,
        "iqr": 0.0,
        "mad": 0.0,
        "mad_sigma": 0.0,
        "skewness": 11.26977160096798,
        "kurtosis_excess": 125.00775193798441,
        "delta_mean_median": 0.046153846153846156
      }
    }
  },
  "entropy_provisional": {
    "e_m": {
      "var": 0.2747928994082841,
      "n_unique": 2,
      "nan_frac": 0.0,
      "provisional": true
    }
  },
  "tau_summary": {
    "axes": {
      "m": {
        "tau_sec": 8.0,
        "dt_sec": 4.0,
        "max_lag_sec": 60.0,
        "threshold": 0.36787944117144233,
        "nan_frac": 0.0,
        "nan_policy": "strict"
      },
      "d": {
        "tau_sec": 8.0,
        "dt_sec": 4.0,
        "max_lag_sec": 60.0,
        "threshold": 0.36787944117144233,
        "nan_frac": 0.0,
        "nan_policy": "strict"
      },
      "e": {
        "tau_sec": 8.0,
        "dt_sec": 4.0,
        "max_lag_sec": 60.0,
        "threshold": 0.36787944117144233,
        "nan_frac": 0.0,
        "nan_policy": "strict"
      }
    },
    "subcoords": {
      "m_a": {
        "tau_sec": 8.0,
        "dt_sec": 4.0,
        "max_lag_sec": 60.0,
        "threshold": 0.36787944117144233,
        "nan_frac": 0.0,
        "nan_policy": "strict"
      },
      "m_e": {
        "tau_sec": 8.0,
        "dt_sec": 4.0,
        "max_lag_sec": 60.0,
        "threshold": 0.36787944117144233,
        "nan_frac": 0.0,
        "nan_policy": "strict"
      },
      "m_o": {
        "tau_sec": 8.0,
        "dt_sec": 4.0,
        "max_lag_sec": 60.0,
        "threshold": 0.36787944117144233,
        "nan_frac": 0.0,
        "nan_policy": "strict"
      },
      "d_n": {
        "tau_sec": 8.0,
        "dt_sec": 4.0,
        "max_lag_sec": 60.0,
        "threshold": 0.36787944117144233,
        "nan_frac": 0.0,
        "nan_policy": "strict"
      },
      "d_l": {
        "tau_sec": 8.0,
        "dt_sec": 4.0,
        "max_lag_sec": 60.0,