{
  "dataset_id": "ds003478:sub-021:rest_Rest_run-02",
  "subject": "sub-021",
  "session": null,
  "reliability_axes": {
    "m": 0.7270361755188632,
    "d": 0.06461710974096052,
    "e": 0.615740485649543
  },
  "reliability_subcoords": {
    "m_a": 0.6731550922211265,
    "m_e": 0.590202500179469,
    "m_o": 0.44045374102866985,
    "d_n": -0.11065465730368247,
    "d_l": 0.46584987245180376,
    "d_s": 0.545382668937605,
    "e_e": 0.5245238837970204,
    "e_s": 0.3911333110594306,
    "e_m": null
  }
}