{
  "dataset_id": "ds003478:sub-061:rest_Rest_run-01",
  "subject": "sub-061",
  "session": null,
  "reliability_axes": {
    "m": 0.8439623896995213,
    "d": 0.7390992724597767,
    "e": 0.7669182753790657
  },
  "reliability_subcoords": {
    "m_a": 0.6746624064374558,
    "m_e": 0.9458445831494373,
    "m_o": 0.9262902715347003,
    "d_n": 0.6588676659709428,
    "d_l": 0.7125225066084797,
    "d_s": 0.8496883968248827,
    "e_e": 0.9372826492156302,
    "e_s": 0.7110815333267324,
    "e_m": 0.6854241127488349
  }
}