{
  "dataset_id": "ds003478:sub-061:rest_Rest_run-01",
  "subject": "sub-061",
  "session": null,
  "coverage": {
    "epochs": 119,
    "seconds": 476.0
  },
  "artifacts": {
    "methods": [
      "none"
    ],
    "bad_eeg_channels": [],
    "n_bad_eeg_channels": 0,
    "stem_collisions": {}
  },
  "ensemble": {
    "var_by_subcoord": {
      "m_a": 0.0047943550162017345,
      "m_e": 0.0003454838879406452,
      "m_o": 0.0024398283567279577,
      "d_n": 0.004242366179823875,
      "d_l": 0.029255297034978867,
      "d_s": 0.07901186496019363,
      "e_e": 0.0,
      "e_s": 0.029970500618219376,
      "e_m": 0.0
    },
    "var_mean": 0.01667329956156512,
    "var_max": 0.07901186496019363
  },
  "reliability": {
    "axes": {
      "m": 0.8439623896995213,
      "d": 0.7390992724597767,
      "e": 0.7669182753790657
    },
    "subcoords": {
      "m_a": 0.6746624064374558,
      "m_e": 0.9458445831494373,
      "m_o": 0.9262902715347003,
      "d_n": 0.6588676659709428,
      "d_l": 0.7125225066084797,
      "d_s": 0.8496883968248827,
      "e_e": 0.9372826492156302,
      "e_s": 0.7110815333267324,
      "e_m": 0.6854241127488349
    }
  },
  "dist_summary": {
    "axes": {
      "m": {
        "n": 119,
        "nan_frac": 0.0,
        "mean": 0.03418552773777677,
        "median": -0.2590782046318054,
        "std": 0.5367624259784168,
        "iqr": 1.025415152311325,
        "mad": 0.21036896109580994,
        "mad_sigma": 0.3118930217206478,
        "skewness": 0.622804966635601,
        "kurtosis_excess": -1.2266576006039862,
        "delta_mean_median": 0.2932637323695822
      },
      "d": {
        "n": 119,
        "nan_frac": 0.0,
        "mean": 0.5304416346895907,
        "median": 0.25531208515167236,
        "std": 0.819871592778674,
        "iqr": 1.167170723900199,
        "mad": 0.6368398070335388,
        "mad_sigma": 0.9441786979079246,
        "skewness": 0.4966762892127144,
        "kurtosis_excess": -0.8296301906478045,
        "delta_mean_median": 0.27512954953791835
      },
      "e": {
        "n": 119,
        "nan_frac": 0.0,
        "mean": 0.2861774860985945,
        "median": 0.1352853924036026,
        "std": 0.43356100613546206,
        "iqr": 0.35710090678185225,
        "mad": 0.15754060819745064,
        "mad_sigma": 0.2335697057135403,
        "skewness": 1.169590471782394,
        "kurtosis_excess": 0.2120622269607626,
        "delta_mean_median": 0.1508920936949919
      }
    },
    "subcoords": {
      "m_a": {
        "n": 119,
        "nan_frac": 0.0,
        "mean": 0.13039520552319264,
        "median": -0.024821029976010323,
        "std": 0.8211363728148375,
        "iqr": 1.4045416861772537,
        "mad": 0.5522058736532927,
        "mad_sigma": 0.8187004282783716,
        "skewness": 0.10959693153959654,
        "kurtosis_excess": -0.9338263330576311,
        "delta_mean_median": 0.15521623549920296
      },
      "m_e": {
        "n": 119,
        "nan_frac": 0.0,
        "mean": -0.11794594074247264,
        "median": -0.05347660183906555,
        "std": 0.27140928308956325,
        "iqr": 0.5279708802700043,
        "mad": 0.26953503489494324,
        "mad_sigma": 0.39961264273524283,
        "skewness": -0.0649855401240807,
        "kurtosis_excess": -1.6675670407685041,
        "delta_mean_median": -0.06446933890340709
      },
      "m_o": {
        "n": 119,
        "nan_frac": 0.0,
        "mean": 0.08756842495513563,
        "median": 0.06765370070934296,
        "std": 0.8044328686859527,
        "iqr": 1.5114365816116333,
        "mad": 0.7612733691930771,
        "mad_sigma": 1.128663897165656,
        "skewness": 0.2082111098860196,
        "kurtosis_excess": -1.4570518115027578,
        "delta_mean_median": 0.019914724245792673
      },
      "d_n": {
        "n": 119,
        "nan_frac": 0.0,
        "mean": 0.10240396437775187,
        "median": 0.06138265132904053,
        "std": 0.2645026253457525,
        "iqr": 0.22537121176719666,
        "mad": 0.1241500973701477,
        "mad_sigma": 0.18406493436098098,
        "skewness": 0.8637539658531163,
        "kurtosis_excess": 1.8151671494874586,
        "delta_mean_median": 0.041021313048711344
      },
      "d_l": {
        "n": 119,
        "nan_frac": 0.0,
        "mean": 0.7322623866195438,
        "median": 0.45543667674064636,
        "std": 1.1656545204143434,
        "iqr": 1.7230372726917267,
        "mad": 1.0290296971797943,
        "mad_sigma": 1.525639429038763,
        "skewness": 0.43109078462917694,
        "kurtosis_excess": -0.8014273719985145,
        "delta_mean_median": 0.27682570987889743
      },
      "d_s": {
        "n": 119,
        "nan_frac": 0.0,
        "mean": 0.7037481419554278,
        "median": -0.11171156167984009,
        "std": 1.409717726786695,
        "iqr": 2.3768945783376694,
        "mad": 0.5725935101509094,
        "mad_sigma": 0.8489271381497383,
        "skewness": 0.603341398418135,
        "kurtosis_excess": -1.1660251414611678,
        "delta_mean_median": 0.8154597036352679
      },
      "e_e": {
        "n": 119,
        "nan_frac": 0.0,
        "mean": -0.08473324221206688,
        "median": 0.0,
        "std": 0.7326126927819262,
        "iqr": 1.3855709433555603,
        "mad": 0.674490749835968,
        "mad_sigma": 0.9999999857068061,
        "skewness": -0.1841370429477044,
        "kurtosis_excess": -1.4500247246372504,
        "delta_mean_median": -0.08473324221206688
      },
      "e_s": {
        "n": 119,
        "nan_frac": 0.0,
        "mean": 0.8012298768808862,
        "median": 0.9665942192077637,
        "std": 1.059519157895986,
        "iqr": 2.043681040406227,
        "mad": 0.7185741662979126,
        "mad_sigma": 1.0653580589532852,
        "skewness": -0.1245899518898267,
        "kurtosis_excess": -1.1515771420096363,
        "delta_mean_median": -0.16536434232687747
      },
      "e_m": {
        "n": 119,
        "nan_frac": 0.0,
        "mean": 0.15089950632468305,
        "median": 0.0,
        "std": 1.0147624822462777,
        "iqr": 1.3172204494476318,
        "mad": 0.674490749835968,
        "mad_sigma": 0.9999999857068061,
        "skewness": 0.2662228612372675,
        "kurtosis_excess": -0.20795053585761014,
        "delta_mean_median": 0.15089950632468305
      }
    }
  },
  "entropy_provisional": {},
  "tau_summary": {
    "axes": {
      "m": {
        "tau_sec": 32.0,
        "dt_sec": 4.0,
        "max_lag_sec": 60.0,
        "threshold": 0.36787944117144233,
        "nan_frac": 0.0,
        "nan_policy": "strict"
      },
      "d": {
        "tau_sec": 12.0,
        "dt_sec": 4.0,
        "max_lag_sec": 60.0,
        "threshold": 0.36787944117144233,
        "nan_frac": 0.0,
        "nan_policy": "strict"
      },
      "e": {
        "tau_sec": 8.0,
        "dt_sec": 4.0,
        "max_lag_sec": 60.0,
        "threshold": 0.36787944117144233,
        "nan_frac": 0.0,
        "nan_policy": "strict"
      }
    },
    "subcoords": {
      "m_a": {
        "tau_sec": 8.0,
        "dt_sec": 4.0,
        "max_lag_sec": 60.0,
        "threshold": 0.36787944117144233,
        "nan_frac": 0.0,
        "nan_policy": "strict"
      },
      "m_e": {
        "tau_sec": 32.0,
        "dt_sec": 4.0,
        "max_lag_sec": 60.0,
        "threshold": 0.36787944117144233,
        "nan_frac": 0.0,
        "nan_policy": "strict"
      },
      "m_o": {
        "tau_sec": 36.0,
        "dt_sec": 4.0,
        "max_lag_sec": 60.0,
        "threshold": 0.36787944117144233,
        "nan_frac": 0.0,
        "nan_policy": "strict"
      },
      "d_n": {
        "tau_sec": 8.0,
        "dt_sec": 4.0,
        "max_lag_sec": 60.0,
        "threshold": 0.36787944117144233,
        "nan_frac": 0.0,
        "nan_policy": "strict"
      },
      "d_l": {
        "tau_sec": 12.0,
        "dt_sec": 4.0,
        "max_lag_sec": 60.0,
        "threshold": 0.36787944117144233,
        "nan_frac": 0.0,
        "nan_policy": "strict"
      },