{
  "dataset_id": "ds003478:sub-013:rest_Rest_run-02",
  "subject": "sub-013",
  "session": null,
  "reliability_axes": {
    "m": 0.669308477425942,
    "d": 0.8607597707622415,
    "e": 0.7933172684591041
  },
  "reliability_subcoords": {
    "m_a": 0.7805948110590841,
    "m_e": 0.8223762724682505,
    "m_o": 0.8368399447988403,
    "d_n": 0.8797623271489512,
    "d_l": 0.8507873117676348,
    "d_s": 0.9150617591476818,
    "e_e": 0.7921844025621195,
    "e_s": 0.6353115128964036,
    "e_m": 0.7277642106725902
  }
}