{
  "dataset_id": "ds003478:sub-013:rest_Rest_run-02",
  "subject": "sub-013",
  "session": null,
  "coverage": {
    "epochs": 43,
    "seconds": 172.0
  },
  "artifacts": {
    "methods": [
      "none"
    ],
    "bad_eeg_channels": [],
    "n_bad_eeg_channels": 0,
    "stem_collisions": {}
  },
  "ensemble": {
    "var_by_subcoord": {
      "m_a": 0.03013543039560318,
      "m_e": 0.019762808457016945,
      "m_o": 0.0016476012533530593,
      "d_n": 0.010697642341256142,
      "d_l": 0.0012764357961714268,
      "d_s": 0.13468679785728455,
      "e_e": 0.0,
      "e_s": 0.04063992202281952,
      "e_m": 0.0
    },
    "var_mean": 0.02653851534705609,
    "var_max": 0.13468679785728455
  },
  "reliability": {
    "axes": {
      "m": 0.669308477425942,
      "d": 0.8607597707622415,
      "e": 0.7933172684591041
    },
    "subcoords": {
      "m_a": 0.7805948110590841,
      "m_e": 0.8223762724682505,
      "m_o": 0.8368399447988403,
      "d_n": 0.8797623271489512,
      "d_l": 0.8507873117676348,
      "d_s": 0.9150617591476818,
      "e_e": 0.7921844025621195,
      "e_s": 0.6353115128964036,
      "e_m": 0.7277642106725902
    }
  },
  "dist_summary": {
    "axes": {
      "m": {
        "n": 43,
        "nan_frac": 0.0,
        "mean": -0.12592805027528559,
        "median": -0.21683035790920258,
        "std": 0.4477802255055043,
        "iqr": 0.6127737984061241,
        "mad": 0.23800276219844818,
        "mad_sigma": 0.35286289523541925,
        "skewness": 0.40069353165292027,
        "kurtosis_excess": -0.19190355049420127,
        "delta_mean_median": 0.09090230763391699
      },
      "d": {
        "n": 43,
        "nan_frac": 0.0,
        "mean": 0.16460469386778598,
        "median": -0.0885506346821785,
        "std": 0.7328277489824412,
        "iqr": 1.0987824201583862,
        "mad": 0.5456356480717659,
        "mad_sigma": 0.8089594118312001,
        "skewness": 0.7250378576843816,
        "kurtosis_excess": -0.37733081267466284,
        "delta_mean_median": 0.2531553285499645
      },
      "e": {
        "n": 43,
        "nan_frac": 0.0,
        "mean": 0.344419214354698,
        "median": 0.32993364334106445,
        "std": 0.3855388076198272,
        "iqr": 0.597135616466403,
        "mad": 0.2929745204746723,
        "mad_sigma": 0.43436402405574914,
        "skewness": 0.1704831173832189,
        "kurtosis_excess": -1.1067431624198016,
        "delta_mean_median": 0.01448557101363357
      }
    },
    "subcoords": {
      "m_a": {
        "n": 43,
        "nan_frac": 0.0,
        "mean": -0.32028282264810665,
        "median": -0.02604554034769535,
        "std": 1.0557418821602818,
        "iqr": 1.985793113708496,
        "mad": 0.6429263148456812,
        "mad_sigma": 0.9532025543902068,
        "skewness": -0.5012171654347215,
        "kurtosis_excess": -1.1300884248945515,
        "delta_mean_median": -0.2942372823004113
      },
      "m_e": {
        "n": 43,
        "nan_frac": 0.0,
        "mean": -0.10204105956891421,
        "median": -0.002567087532952428,
        "std": 0.33745796706458864,
        "iqr": 0.5686374343931675,
        "mad": 0.23530587065033615,
        "mad_sigma": 0.34886448382618834,
        "skewness": -0.008755187573768594,
        "kurtosis_excess": -0.5700951207464486,
        "delta_mean_median": -0.09947397203596178
      },
      "m_o": {
        "n": 43,
        "nan_frac": 0.0,
        "mean": 0.1126544451730889,
        "median": 0.07763539999723434,
        "std": 0.7265100313097193,
        "iqr": 1.1925417482852936,
        "mad": 0.6216206476092339,
        "mad_sigma": 0.9216147721454501,
        "skewness": 0.25573921005841016,
        "kurtosis_excess": -1.1737090144000903,
        "delta_mean_median": 0.03501904517585455
      },
      "d_n": {
        "n": 43,
        "nan_frac": 0.0,
        "mean": -0.0947815130443074,
        "median": -0.18742871284484863,
        "std": 0.5224318992728809,
        "iqr": 0.34024491906166077,
        "mad": 0.16959547996520996,
        "mad_sigma": 0.2514422585964203,
        "skewness": 3.021740048538557,
        "kurtosis_excess": 12.441980827812934,
        "delta_mean_median": 0.09264719980054123
      },
      "d_l": {
        "n": 43,
        "nan_frac": 0.0,
        "mean": 0.2863683749076932,
        "median": 0.3571169376373291,
        "std": 1.1034016728266243,
        "iqr": 1.7738918960094452,
        "mad": 0.843017578125,
        "mad_sigma": 1.249857861328125,
        "skewness": 0.5777180830295443,
        "kurtosis_excess": -0.4886146635205795,
        "delta_mean_median": -0.07074856272963592
      },
      "d_s": {
        "n": 43,
        "nan_frac": 0.0,
        "mean": 0.2712008017440175,
        "median": 0.15713413059711456,
        "std": 1.1837188550529159,
        "iqr": 1.8838782906532288,
        "mad": 0.9830361157655716,
        "mad_sigma": 1.4574493452340365,
        "skewness": 0.5928328871478997,
        "kurtosis_excess": -0.6288858239548807,
        "delta_mean_median": 0.11406667114690294
      },
      "e_e": {
        "n": 43,
        "nan_frac": 0.0,
        "mean": 0.12717705588181352,
        "median": 0.0,
        "std": 0.7691249599988705,
        "iqr": 1.2139832079410553,
        "mad": 0.6744906902313232,
        "mad_sigma": 0.9999998973369598,
        "skewness": 0.006243649842663039,
        "kurtosis_excess": -0.9716781340610559,
        "delta_mean_median": 0.12717705588181352
      },
      "e_s": {
        "n": 43,
        "nan_frac": 0.0,
        "mean": 0.6745406202105588,
        "median": 0.7398148775100708,
        "std": 0.872044420457953,
        "iqr": 1.2141983807086945,
        "mad": 0.6129542589187622,
        "mad_sigma": 0.9087659842729569,
        "skewness": -0.04702177605716243,
        "kurtosis_excess": -0.3671386556083931,
        "delta_mean_median": -0.06527425729951197
      },
      "e_m": {
        "n": 43,
        "nan_frac": 0.0,
        "mean": -0.32289467214844947,
        "median": 0.0,
        "std": 1.4206454479367518,
        "iqr": 1.437305361032486,
        "mad": 0.674490749835968,
        "mad_sigma": 0.9999999857068061,
        "skewness": -1.0975862274256987,
        "kurtosis_excess": 0.6975392634811381,
        "delta_mean_median": -0.32289467214844947
      }
    }
  },
  "entropy_provisional": {},
  "tau_summary": {
    "axes": {
      "m": {
        "tau_sec": 8.0,
        "dt_sec": 4.0,
        "max_lag_sec": 60.0,
        "threshold": 0.36787944117144233,
        "nan_frac": 0.0,
        "nan_policy": "strict"
      },
      "d": {
        "tau_sec": 12.0,
        "dt_sec": 4.0,
        "max_lag_sec": 60.0,
        "threshold": 0.36787944117144233,
        "nan_frac": 0.0,
        "nan_policy": "strict"
      },
      "e": {
        "tau_sec": 8.0,
        "dt_sec": 4.0,
        "max_lag_sec": 60.0,
        "threshold": 0.36787944117144233,
        "nan_frac": 0.0,
        "nan_policy": "strict"
      }
    },
    "subcoords": {
      "m_a": {
        "tau_sec": 8.0,
        "dt_sec": 4.0,
        "max_lag_sec": 60.0,
        "threshold": 0.36787944117144233,
        "nan_frac": 0.0,
        "nan_policy": "strict"
      },
      "m_e": {
        "tau_sec": 12.0,
        "dt_sec": 4.0,
        "max_lag_sec": 60.0,
        "threshold": 0.36787944117144233,
        "nan_frac": 0.0,
        "nan_policy": "strict"
      },
      "m_o": {
        "tau_sec": 16.0,
        "dt_sec": 4.0,
        "max_lag_sec": 60.0,
        "threshold": 0.36787944117144233,
        "nan_frac": 0.0,
        "nan_policy": "strict"
      },
      "d_n": {
        "tau_sec": 8.0,
        "dt_sec": 4.0,
        "max_lag_sec": 60.0,
        "threshold": 0.36787944117144233,
        "nan_frac": 0.0,
        "nan_policy": "strict"
      },
      "d_l": {
        "tau_sec": 8.0,
        "dt_sec": 4.0,
        "max_lag_sec": 60.0,
        "threshold": 0.36787944117144233,
        "nan_frac": 0.0,
        "nan_policy": "strict"
      },