{
  "dataset_id": "ds003478:sub-097:rest_Rest_run-02",
  "subject": "sub-097",
  "session": null,
  "reliability_axes": {
    "m": 0.44401488133960926,
    "d": 0.6984884155034021,
    "e": 0.6829321352371537
  },
  "reliability_subcoords": {
    "m_a": 0.5897025767638808,
    "m_e": 0.6809424889064847,
    "m_o": 0.6907822480086033,
    "d_n": 0.8516425491480326,
    "d_l": 0.66747966026291,
    "d_s": 0.7024018208314047,
    "e_e": 0.750783741520312,
    "e_s": 0.4082700805334246,
    "e_m": 0.41624539492348006
  }
}