{
  "dataset_id": "ds003478:sub-097:rest_Rest_run-02",
  "subject": "sub-097",
  "session": null,
  "coverage": {
    "epochs": 57,
    "seconds": 228.0
  },
  "artifacts": {
    "methods": [
      "none"
    ],
    "bad_eeg_channels": [
      "CB1"
    ],
    "n_bad_eeg_channels": 1,
    "stem_collisions": {}
  },
  "ensemble": {
    "var_by_subcoord": {
      "m_a": 0.0008938155369833112,
      "m_e": 0.012041514739394188,
      "m_o": 0.00579399149864912,
      "d_n": 0.0035837749019265175,
      "d_l": 0.0032130395993590355,
      "d_s": 0.027636658400297165,
      "e_e": 0.0,
      "e_s": 0.03450842574238777,
      "e_m": 0.0
    },
    "var_mean": 0.0097412467132219,
    "var_max": 0.03450842574238777
  },
  "reliability": {
    "axes": {
      "m": 0.44401488133960926,
      "d": 0.6984884155034021,
      "e": 0.6829321352371537
    },
    "subcoords": {
      "m_a": 0.5897025767638808,
      "m_e": 0.6809424889064847,
      "m_o": 0.6907822480086033,
      "d_n": 0.8516425491480326,
      "d_l": 0.66747966026291,
      "d_s": 0.7024018208314047,
      "e_e": 0.750783741520312,
      "e_s": 0.4082700805334246,
      "e_m": 0.41624539492348006
    }
  },
  "dist_summary": {
    "axes": {
      "m": {
        "n": 57,
        "nan_frac": 0.0,
        "mean": -0.3358096788768052,
        "median": -0.3620587885379791,
        "std": 0.531068765034089,
        "iqr": 0.7628467306494713,
        "mad": 0.4078669846057892,
        "mad_sigma": 0.6047035913765431,
        "skewness": 0.09237160385302581,
        "kurtosis_excess": -0.7258685604495958,
        "delta_mean_median": 0.02624910966117394
      },
      "d": {
        "n": 57,
        "nan_frac": 0.0,
        "mean": 0.1414142324540176,
        "median": 0.10894464701414108,
        "std": 0.5241260274258145,
        "iqr": 0.5051239654421806,
        "mad": 0.25245148688554764,
        "mad_sigma": 0.3742845744565129,
        "skewness": 0.19362511695837356,
        "kurtosis_excess": -0.029218399040736642,
        "delta_mean_median": 0.03246958543987652
      },
      "e": {
        "n": 57,
        "nan_frac": 0.0,
        "mean": 0.022998496726678128,
        "median": 0.21263262629508972,
        "std": 0.7308891103146793,
        "iqr": 0.9312198758125305,
        "mad": 0.42439332604408264,
        "mad_sigma": 0.6292055451929569,
        "skewness": -0.584842411122736,
        "kurtosis_excess": 0.195797435512981,
        "delta_mean_median": -0.18963412956841158
      }
    },
    "subcoords": {
      "m_a": {
        "n": 57,
        "nan_frac": 0.0,
        "mean": -0.6492781507406842,
        "median": -0.4340178668498993,
        "std": 1.1274498789304428,
        "iqr": 2.2169675827026367,
        "mad": 1.0438536703586578,
        "mad_sigma": 1.547617451673746,
        "skewness": -0.2165461069588781,
        "kurtosis_excess": -1.4321120531340021,
        "delta_mean_median": -0.2152602838907849
      },
      "m_e": {
        "n": 57,
        "nan_frac": 0.0,
        "mean": -0.11055709700827208,
        "median": -0.005494078155606985,
        "std": 0.5149771677559813,
        "iqr": 0.629806250333786,
        "mad": 0.3159893355332315,
        "mad_sigma": 0.468485788861569,
        "skewness": -0.9129126331389723,
        "kurtosis_excess": -0.023995889135432158,
        "delta_mean_median": -0.1050630188526651
      },
      "m_o": {
        "n": 57,
        "nan_frac": 0.0,
        "mean": -0.17922849155831755,
        "median": 0.10259630531072617,
        "std": 1.0058117697819449,
        "iqr": 1.0924258530139923,
        "mad": 0.4778113141655922,
        "mad_sigma": 0.708403054381907,
        "skewness": -0.7546853526656221,
        "kurtosis_excess": 0.128429262556085,
        "delta_mean_median": -0.2818247968690437
      },
      "d_n": {
        "n": 57,
        "nan_frac": 0.0,
        "mean": 0.05932977099559809,
        "median": -0.29266151785850525,
        "std": 0.8820795293607934,
        "iqr": 1.1284878253936768,
        "mad": 0.4123776853084564,
        "mad_sigma": 0.6113911562383174,
        "skewness": 1.1728457116096431,
        "kurtosis_excess": 0.7289543003646122,
        "delta_mean_median": 0.35199128885410336
      },
      "d_l": {
        "n": 57,
        "nan_frac": 0.0,
        "mean": 0.13030110927004562,
        "median": 0.2794073820114136,
        "std": 0.8535558855061934,
        "iqr": 0.9379168450832367,
        "mad": 0.430116206407547,
        "mad_sigma": 0.6376902876198292,
        "skewness": -0.2717450382372331,
        "kurtosis_excess": -0.3751711875991699,
        "delta_mean_median": -0.14910627274136795
      },
      "d_s": {
        "n": 57,
        "nan_frac": 0.0,
        "mean": 0.3205391735884181,
        "median": 0.16293087601661682,
        "std": 0.8234324204755202,
        "iqr": 1.1201423704624176,
        "mad": 0.5781761109828949,
        "mad_sigma": 0.8572039021432399,
        "skewness": 0.8022201704079707,
        "kurtosis_excess": -0.027212059797489196,
        "delta_mean_median": 0.15760829757180128
      },
      "e_e": {
        "n": 57,
        "nan_frac": 0.0,
        "mean": -0.35078092079544276,
        "median": 0.0,
        "std": 1.2692626734402728,
        "iqr": 1.3020890057086945,
        "mad": 0.674490749835968,
        "mad_sigma": 0.9999999857068061,
        "skewness": -1.3322375430839746,
        "kurtosis_excess": 1.7923601665475015,
        "delta_mean_median": -0.35078092079544276
      },
      "e_s": {
        "n": 57,
        "nan_frac": 0.0,
        "mean": 0.5343732520317038,
        "median": 0.18459227681159973,
        "std": 0.993624681728062,
        "iqr": 1.1761872619390488,
        "mad": 0.6036771833896637,
        "mad_sigma": 0.8950117920935153,
        "skewness": 1.0817244263697234,
        "kurtosis_excess": 0.4521881695867225,
        "delta_mean_median": 0.3497809752201041
      },
      "e_m": {
        "n": 57,
        "nan_frac": 0.0,
        "mean": 0.04500415072809055,
        "median": 0.0,
        "std": 1.0134968045582793,
        "iqr": 1.2804977893829346,
        "mad": 0.674490749835968,
        "mad_sigma": 0.9999999857068061,
        "skewness": 0.33527958456111795,
        "kurtosis_excess": 0.26718707194326674,
        "delta_mean_median": 0.04500415072809055
      }
    }
  },
  "entropy_provisional": {},
  "tau_summary": {
    "axes": {
      "m": {
        "tau_sec": 8.0,
        "dt_sec": 4.0,
        "max_lag_sec": 60.0,
        "threshold": 0.36787944117144233,
        "nan_frac": 0.0,
        "nan_policy": "strict"
      },
      "d": {
        "tau_sec": 16.0,
        "dt_sec": 4.0,
        "max_lag_sec": 60.0,
        "threshold": 0.36787944117144233,
        "nan_frac": 0.0,
        "nan_policy": "strict"
      },
      "e": {
        "tau_sec": 28.0,
        "dt_sec": 4.0,
        "max_lag_sec": 60.0,
        "threshold": 0.36787944117144233,
        "nan_frac": 0.0,
        "nan_policy": "strict"
      }
    },
    "subcoords": {
      "m_a": {
        "tau_sec": 8.0,
        "dt_sec": 4.0,
        "max_lag_sec": 60.0,
        "threshold": 0.36787944117144233,
        "nan_frac": 0.0,
        "nan_policy": "strict"
      },
      "m_e": {
        "tau_sec": 12.0,
        "dt_sec": 4.0,
        "max_lag_sec": 60.0,
        "threshold": 0.36787944117144233,
        "nan_frac": 0.0,
        "nan_policy": "strict"
      },
      "m_o": {
        "tau_sec": 12.0,
        "dt_sec": 4.0,
        "max_lag_sec": 60.0,
        "threshold": 0.36787944117144233,
        "nan_frac": 0.0,
        "nan_policy": "strict"
      },
      "d_n": {
        "tau_sec": 32.0,
        "dt_sec": 4.0,
        "max_lag_sec": 60.0,
        "threshold": 0.36787944117144233,
        "nan_frac": 0.0,
        "nan_policy": "strict"
      },
      "d_l": {
        "tau_sec": 16.0,
        "dt_sec": 4.0,
        "max_lag_sec": 60.0,
        "threshold": 0.36787944117144233,
        "nan_frac": 0.0,
        "nan_policy": "strict"
      },