{
  "dataset_id": "ds003478:sub-090:rest_Rest_run-01",
  "subject": "sub-090",
  "session": null,
  "reliability_axes": {
    "m": 0.6457652464977854,
    "d": 0.6251479811285515,
    "e": 0.541028481146552
  },
  "reliability_subcoords": {
    "m_a": 0.6042648395130952,
    "m_e": 0.6132632587305346,
    "m_o": 0.8414412238150933,
    "d_n": 0.37597489353285524,
    "d_l": 0.7651675326505014,
    "d_s": 0.7612144246213006,
    "e_e": 0.7786444966270926,
    "e_s": 0.7212498944403357,
    "e_m": null
  }
}