{
  "dataset_id": "ds003478:sub-090:rest_Rest_run-01",
  "subject": "sub-090",
  "session": null,
  "coverage": {
    "epochs": 122,
    "seconds": 488.0
  },
  "artifacts": {
    "methods": [
      "none"
    ],
    "bad_eeg_channels": [],
    "n_bad_eeg_channels": 0,
    "stem_collisions": {}
  },
  "ensemble": {
    "var_by_subcoord": {
      "m_a": 0.0020386003889143467,
      "m_e": 0.0024809446185827255,
      "m_o": 0.003109778743237257,
      "d_n": 0.011395156383514404,
      "d_l": 0.0091411042958498,
      "d_s": 0.025548648089170456,
      "e_e": 7.284139789823577e-14,
      "e_s": 0.021595433354377747,
      "e_m": 0.0
    },
    "var_mean": 0.008367740652635508,
    "var_max": 0.025548648089170456
  },
  "reliability": {
    "axes": {
      "m": 0.6457652464977854,
      "d": 0.6251479811285515,
      "e": 0.541028481146552
    },
    "subcoords": {
      "m_a": 0.6042648395130952,
      "m_e": 0.6132632587305346,
      "m_o": 0.8414412238150933,
      "d_n": 0.37597489353285524,
      "d_l": 0.7651675326505014,
      "d_s": 0.7612144246213006,
      "e_e": 0.7786444966270926,
      "e_s": 0.7212498944403357,
      "e_m": null
    }
  },
  "dist_summary": {
    "axes": {
      "m": {
        "n": 122,
        "nan_frac": 0.0,
        "mean": 0.00807617476103125,
        "median": -0.04317326843738556,
        "std": 0.525309536893537,
        "iqr": 0.5883770808577538,
        "mad": 0.3014076501131058,
        "mad_sigma": 0.4468669820576906,
        "skewness": -0.38822619205335784,
        "kurtosis_excess": 2.8768643390346167,
        "delta_mean_median": 0.05124944319841681
      },
      "d": {
        "n": 122,
        "nan_frac": 0.0,
        "mean": 0.4566676015202261,
        "median": 0.4062839448451996,
        "std": 0.797030637419068,
        "iqr": 1.2956636846065521,
        "mad": 0.6534083336591721,
        "mad_sigma": 0.9687431954830884,
        "skewness": 0.6883445103065015,
        "kurtosis_excess": -0.29037564452478826,
        "delta_mean_median": 0.050383656675026534
      },
      "e": {
        "n": 122,
        "nan_frac": 0.0,
        "mean": 0.10767656050385815,
        "median": 0.11593958735466003,
        "std": 0.35212607020091413,
        "iqr": 0.4757418781518936,
        "mad": 0.24136068671941757,
        "mad_sigma": 0.35784135413020846,
        "skewness": 0.5137043962281097,
        "kurtosis_excess": 2.5358383596227556,
        "delta_mean_median": -0.00826302685080188
      }
    },
    "subcoords": {
      "m_a": {
        "n": 122,
        "nan_frac": 0.0,
        "mean": -0.09111750419404296,
        "median": 0.010883897775784135,
        "std": 0.9687760123374832,
        "iqr": 0.9990277364850044,
        "mad": 0.5137035995721817,
        "mad_sigma": 0.7616169567257165,
        "skewness": -1.6097910917204996,
        "kurtosis_excess": 7.753438075555026,
        "delta_mean_median": -0.1020014019698271
      },
      "m_e": {
        "n": 122,
        "nan_frac": 0.0,
        "mean": 0.026049117366859657,
        "median": 0.042640844359993935,
        "std": 0.36828251591526945,
        "iqr": 0.5519889406859875,
        "mad": 0.27339247800409794,
        "mad_sigma": 0.4053316878888756,
        "skewness": -1.2599960331513482,
        "kurtosis_excess": 5.594582339900052,
        "delta_mean_median": -0.016591726993134277
      },
      "m_o": {
        "n": 122,
        "nan_frac": 0.0,
        "mean": 0.12277610423272384,
        "median": -0.14715193212032318,
        "std": 0.8537933706565553,
        "iqr": 1.4388047903776169,
        "mad": 0.6939285844564438,
        "mad_sigma": 1.0288185193151236,
        "skewness": 0.2855889353274504,
        "kurtosis_excess": -1.0165810567244573,
        "delta_mean_median": 0.269928036353047
      },
      "d_n": {
        "n": 122,
        "nan_frac": 0.0,
        "mean": 0.20951566665021124,
        "median": 0.05634145438671112,
        "std": 0.7870438121707879,
        "iqr": 0.36822056770324707,
        "mad": 0.19071215391159058,
        "mad_sigma": 0.2827498393893242,
        "skewness": 3.087100130084234,
        "kurtosis_excess": 9.851281578306002,
        "delta_mean_median": 0.15317421226350011
      },
      "d_l": {
        "n": 122,
        "nan_frac": 0.0,
        "mean": 0.5648064529675929,
        "median": 0.30723974108695984,
        "std": 1.172560813244206,
        "iqr": 1.733108475804329,
        "mad": 0.7821899652481079,
        "mad_sigma": 1.1596748424768448,
        "skewness": 0.6638535134429072,
        "kurtosis_excess": -0.6191310713977263,
        "delta_mean_median": 0.25756671188063307
      },
      "d_s": {
        "n": 122,
        "nan_frac": 0.0,
        "mean": 0.5813179934916438,
        "median": 0.28898516297340393,
        "std": 1.2618838525251865,
        "iqr": 1.955269068479538,
        "mad": 0.9422089755535126,
        "mad_sigma": 1.3969190271556378,
        "skewness": 0.6428334482698979,
        "kurtosis_excess": -0.5770803445090884,
        "delta_mean_median": 0.2923328305182399
      },
      "e_e": {
        "n": 122,
        "nan_frac": 0.0,
        "mean": -0.0562703353963548,
        "median": 0.0,
        "std": 0.8411003946375099,
        "iqr": 1.3563062995672226,
        "mad": 0.674490749835968,
        "mad_sigma": 0.9999999857068061,
        "skewness": -0.28580198453206174,
        "kurtosis_excess": -0.5686528457683351,
        "delta_mean_median": -0.0562703353963548
      },
      "e_s": {
        "n": 122,
        "nan_frac": 0.0,
        "mean": 0.3352729386848504,
        "median": 0.3543660640716553,
        "std": 0.6661038856112946,
        "iqr": 0.9220194891095161,
        "mad": 0.48346656560897827,
        "mad_sigma": 0.7167875301718711,
        "skewness": 0.20200857036507197,
        "kurtosis_excess": -0.6278441013274585,
        "delta_mean_median": -0.019093125386804854
      },
      "e_m": {
        "n": 122,
        "nan_frac": 0.0,
        "mean": 0.04918032786885246,
        "median": 0.0,
        "std": 0.540983606557377,
        "iqr": 0.0,
        "mad": 0.0,
        "mad_sigma": 0.0,
        "skewness": 10.90909090909091,
        "kurtosis_excess": 117.0082644628099,
        "delta_mean_median": 0.04918032786885246
      }
    }
  },
  "entropy_provisional": {
    "e_m": {
      "var": 0.2926632625638269,
      "n_unique": 2,
      "nan_frac": 0.0,
      "provisional": true
    }
  },
  "tau_summary": {
    "axes": {
      "m": {
        "tau_sec": 8.0,
        "dt_sec": 4.0,
        "max_lag_sec": 60.0,
        "threshold": 0.36787944117144233,
        "nan_frac": 0.0,
        "nan_policy": "strict"
      },
      "d": {
        "tau_sec": 20.0,
        "dt_sec": 4.0,
        "max_lag_sec": 60.0,
        "threshold": 0.36787944117144233,
        "nan_frac": 0.0,
        "nan_policy": "strict"
      },
      "e": {
        "tau_sec": 20.0,
        "dt_sec": 4.0,
        "max_lag_sec": 60.0,
        "threshold": 0.36787944117144233,
        "nan_frac": 0.0,
        "nan_policy": "strict"
      }
    },
    "subcoords": {
      "m_a": {
        "tau_sec": 8.0,
        "dt_sec": 4.0,
        "max_lag_sec": 60.0,
        "threshold": 0.36787944117144233,
        "nan_frac": 0.0,
        "nan_policy": "strict"
      },
      "m_e": {
        "tau_sec": 16.0,
        "dt_sec": 4.0,
        "max_lag_sec": 60.0,
        "threshold": 0.36787944117144233,
        "nan_frac": 0.0,
        "nan_policy": "strict"
      },
      "m_o": {
        "tau_sec": 28.0,
        "dt_sec": 4.0,
        "max_lag_sec": 60.0,
        "threshold": 0.36787944117144233,
        "nan_frac": 0.0,
        "nan_policy": "strict"
      },
      "d_n": {
        "tau_sec": 8.0,
        "dt_sec": 4.0,
        "max_lag_sec": 60.0,
        "threshold": 0.36787944117144233,
        "nan_frac": 0.0,
        "nan_policy": "strict"
      },
      "d_l": {
        "tau_sec": 20.0,
        "dt_sec": 4.0,
        "max_lag_sec": 60.0,
        "threshold": 0.36787944117144233,