{
  "dataset_id": "ds003478:sub-021:rest_Rest_run-01",
  "subject": "sub-021",
  "session": null,
  "reliability_axes": {
    "m": 0.5471119451098584,
    "d": 0.6955204706256143,
    "e": 0.7972354075969827
  },
  "reliability_subcoords": {
    "m_a": 0.6093490698902734,
    "m_e": 0.71721471807973,
    "m_o": 0.7987088177563624,
    "d_n": 0.5603433845144816,
    "d_l": 0.7138175824148443,
    "d_s": 0.8215476640570369,
    "e_e": 0.8113441342562362,
    "e_s": 0.6292750779593972,
    "e_m": null
  }
}