{
  "dataset_id": "ds003478:sub-021:rest_Rest_run-01",
  "subject": "sub-021",
  "session": null,
  "coverage": {
    "epochs": 121,
    "seconds": 484.0
  },
  "artifacts": {
    "methods": [
      "none"
    ],
    "bad_eeg_channels": [],
    "n_bad_eeg_channels": 0,
    "stem_collisions": {}
  },
  "ensemble": {
    "var_by_subcoord": {
      "m_a": 0.002706482307985425,
      "m_e": 0.004674400668591261,
      "m_o": 0.0016897170571610332,
      "d_n": 0.00994825642555952,
      "d_l": 0.003196262288838625,
      "d_s": 0.0014462077524513006,
      "e_e": 0.0,
      "e_s": 0.006155127659440041,
      "e_m": 0.0
    },
    "var_mean": 0.003312939351114134,
    "var_max": 0.00994825642555952
  },
  "reliability": {
    "axes": {
      "m": 0.5471119451098584,
      "d": 0.6955204706256143,
      "e": 0.7972354075969827
    },
    "subcoords": {
      "m_a": 0.6093490698902734,
      "m_e": 0.71721471807973,
      "m_o": 0.7987088177563624,
      "d_n": 0.5603433845144816,
      "d_l": 0.7138175824148443,
      "d_s": 0.8215476640570369,
      "e_e": 0.8113441342562362,
      "e_s": 0.6292750779593972,
      "e_m": null
    }
  },
  "dist_summary": {
    "axes": {
      "m": {
        "n": 121,
        "nan_frac": 0.0,
        "mean": 0.01063756294710146,
        "median": 0.03770643100142479,
        "std": 0.44993552073394855,
        "iqr": 0.5163131654262543,
        "mad": 0.23166142031550407,
        "mad_sigma": 0.34346122175976634,
        "skewness": -0.5941815137205841,
        "kurtosis_excess": 3.8529419747771785,
        "delta_mean_median": -0.02706886805432333
      },
      "d": {
        "n": 121,
        "nan_frac": 0.0,
        "mean": 0.3560279433669384,
        "median": 0.23523597419261932,
        "std": 0.8161838159509881,
        "iqr": 1.3204183280467987,
        "mad": 0.6885650306940079,
        "mad_sigma": 1.020866514506936,
        "skewness": 0.5775040370145944,
        "kurtosis_excess": -0.07381588962544239,
        "delta_mean_median": 0.12079196917431906
      },
      "e": {
        "n": 121,
        "nan_frac": 0.0,
        "mean": 0.2281005892302256,
        "median": 0.1627521812915802,
        "std": 0.48986270021442496,
        "iqr": 0.6195563524961472,
        "mad": 0.29795481264591217,
        "mad_sigma": 0.44174780522882934,
        "skewness": 0.9336683562649989,
        "kurtosis_excess": 4.523071844554191,
        "delta_mean_median": 0.06534840793864541
      }
    },
    "subcoords": {
      "m_a": {
        "n": 121,
        "nan_frac": 0.0,
        "mean": -0.04603103116349017,
        "median": 0.01827498897910118,
        "std": 0.9275465032857946,
        "iqr": 1.013908326625824,
        "mad": 0.5191276408731937,
        "mad_sigma": 0.769658640358597,
        "skewness": -2.1824856042883836,
        "kurtosis_excess": 12.273413082557692,
        "delta_mean_median": -0.06430602014259135
      },
      "m_e": {
        "n": 121,
        "nan_frac": 0.0,
        "mean": -0.056865011963392956,
        "median": -0.03248235583305359,
        "std": 0.3219959924150427,
        "iqr": 0.4143172651529312,
        "mad": 0.21782001852989197,
        "mad_sigma": 0.3229399594724178,
        "skewness": -1.6467109701259968,
        "kurtosis_excess": 9.108410203596673,
        "delta_mean_median": -0.024382656130339367
      },
      "m_o": {
        "n": 121,
        "nan_frac": 0.0,
        "mean": 0.1712174403092974,
        "median": 0.09024612605571747,
        "std": 0.8894189364445864,
        "iqr": 1.2892019748687744,
        "mad": 0.6384444683790207,
        "mad_sigma": 0.946557768818736,
        "skewness": 0.5647023157614302,
        "kurtosis_excess": -0.06331237179632287,
        "delta_mean_median": 0.08097131425357992
      },
      "d_n": {
        "n": 121,
        "nan_frac": 0.0,
        "mean": 0.18184864142340076,
        "median": 0.12299704551696777,
        "std": 0.6403059683146364,
        "iqr": 0.6283475756645203,
        "mad": 0.32176849246025085,
        "mad_sigma": 0.4770539669215679,
        "skewness": 2.4429582136279264,
        "kurtosis_excess": 11.097466863765764,
        "delta_mean_median": 0.05885159590643299
      },
      "d_l": {
        "n": 121,
        "nan_frac": 0.0,
        "mean": 0.4100245467179324,
        "median": 0.18594485521316528,
        "std": 1.1559301828273292,
        "iqr": 2.016189932823181,
        "mad": 0.9194256663322449,
        "mad_sigma": 1.3631404929041862,
        "skewness": 0.4219641550126583,
        "kurtosis_excess": -0.9753415215190562,
        "delta_mean_median": 0.22407969150476714
      },
      "d_s": {
        "n": 121,
        "nan_frac": 0.0,
        "mean": 0.5089295361314184,
        "median": 0.11051002889871597,
        "std": 1.1117652280431836,
        "iqr": 1.8881199955940247,
        "mad": 0.7560763582587242,
        "mad_sigma": 1.1209588087543845,
        "skewness": 0.446711295820482,
        "kurtosis_excess": -1.1151221786388128,
        "delta_mean_median": 0.3984195072327025
      },
      "e_e": {
        "n": 121,
        "nan_frac": 0.0,
        "mean": 0.1145471976502329,
        "median": 0.0,
        "std": 0.9790162783019416,
        "iqr": 1.4073548913002014,
        "mad": 0.6744906902313232,
        "mad_sigma": 0.9999998973369598,
        "skewness": 0.5238802794323559,
        "kurtosis_excess": 1.61884906466305,
        "delta_mean_median": 0.1145471976502329
      },
      "e_s": {
        "n": 121,
        "nan_frac": 0.0,
        "mean": 0.3924164230789035,
        "median": 0.3865075409412384,
        "std": 0.5045582695930368,
        "iqr": 0.6824165657162666,
        "mad": 0.3388201594352722,
        "mad_sigma": 0.5023347683787346,
        "skewness": 0.4551672736072408,
        "kurtosis_excess": 0.3098075499368762,
        "delta_mean_median": 0.005908882137665106
      },
      "e_m": {
        "n": 121,
        "nan_frac": 0.0,
        "mean": 0.049586776859504134,
        "median": 0.0,
        "std": 0.5431959247985119,
        "iqr": 0.0,
        "mad": 0.0,
        "mad_sigma": 0.0,
        "skewness": 10.863164057185788,
        "kurtosis_excess": 116.00833333333325,
        "delta_mean_median": 0.049586776859504134
      }
    }
  },
  "entropy_provisional": {
    "e_m": {
      "var": 0.29506181271771054,
      "n_unique": 2,
      "nan_frac": 0.0,
      "provisional": true
    }
  },
  "tau_summary": {
    "axes": {
      "m": {
        "tau_sec": 8.0,
        "dt_sec": 4.0,
        "max_lag_sec": 60.0,
        "threshold": 0.36787944117144233,
        "nan_frac": 0.0,
        "nan_policy": "strict"
      },
      "d": {
        "tau_sec": 12.0,
        "dt_sec": 4.0,
        "max_lag_sec": 60.0,
        "threshold": 0.36787944117144233,
        "nan_frac": 0.0,
        "nan_policy": "strict"
      },
      "e": {
        "tau_sec": 20.0,
        "dt_sec": 4.0,
        "max_lag_sec": 60.0,
        "threshold": 0.36787944117144233,
        "nan_frac": 0.0,
        "nan_policy": "strict"
      }
    },
    "subcoords": {
      "m_a": {
        "tau_sec": 8.0,
        "dt_sec": 4.0,
        "max_lag_sec": 60.0,
        "threshold": 0.36787944117144233,
        "nan_frac": 0.0,
        "nan_policy": "strict"
      },
      "m_e": {
        "tau_sec": 8.0,
        "dt_sec": 4.0,
        "max_lag_sec": 60.0,
        "threshold": 0.36787944117144233,
        "nan_frac": 0.0,
        "nan_policy": "strict"
      },
      "m_o": {
        "tau_sec": 36.0,
        "dt_sec": 4.0,
        "max_lag_sec": 60.0,
        "threshold": 0.36787944117144233,
        "nan_frac": 0.0,
        "nan_policy": "strict"
      },
      "d_n": {
        "tau_sec": 8.0,
        "dt_sec": 4.0,
        "max_lag_sec": 60.0,
        "threshold": 0.36787944117144233,
        "nan_frac": 0.0,
        "nan_policy": "strict"
      },
      "d_l": {
        "tau_sec": 12.0,
        "dt_sec": 4.0,
        "max_lag_sec": 60.0,
        "threshold": 0.36787944117144233,
        "nan_frac": 0.0,