{
  "dataset_id": "ds003478:sub-031:rest_Rest_run-01",
  "subject": "sub-031",
  "session": null,
  "reliability_axes": {
    "m": 0.7425675396324214,
    "d": 0.6311638362617118,
    "e": 0.688970753185331
  },
  "reliability_subcoords": {
    "m_a": 0.6741614419667218,
    "m_e": 0.8275598016524618,
    "m_o": 0.903865574969033,
    "d_n": 0.36378071472337953,
    "d_l": 0.6639584763045282,
    "d_s": 0.7843931342707711,
    "e_e": 0.9045501739106984,
    "e_s": 0.6310217047292574,
    "e_m": 0.669964195576654
  }
}