{
  "dataset_id": "ds003478:sub-031:rest_Rest_run-01",
  "subject": "sub-031",
  "session": null,
  "coverage": {
    "epochs": 122,
    "seconds": 488.0
  },
  "artifacts": {
    "methods": [
      "none"
    ],
    "bad_eeg_channels": [],
    "n_bad_eeg_channels": 0,
    "stem_collisions": {}
  },
  "ensemble": {
    "var_by_subcoord": {
      "m_a": 0.02611544355750084,
      "m_e": 0.0032203400041908026,
      "m_o": 0.0008566242177039385,
      "d_n": 0.00349225290119648,
      "d_l": 0.0020157601684331894,
      "d_s": 0.011858602054417133,
      "e_e": 9.000139771907917e-14,
      "e_s": 0.012321588583290577,
      "e_m": 0.0
    },
    "var_mean": 0.006653401276313662,
    "var_max": 0.02611544355750084
  },
  "reliability": {
    "axes": {
      "m": 0.7425675396324214,
      "d": 0.6311638362617118,
      "e": 0.688970753185331
    },
    "subcoords": {
      "m_a": 0.6741614419667218,
      "m_e": 0.8275598016524618,
      "m_o": 0.903865574969033,
      "d_n": 0.36378071472337953,
      "d_l": 0.6639584763045282,
      "d_s": 0.7843931342707711,
      "e_e": 0.9045501739106984,
      "e_s": 0.6310217047292574,
      "e_m": 0.669964195576654
    }
  },
  "dist_summary": {
    "axes": {
      "m": {
        "n": 122,
        "nan_frac": 0.0,
        "mean": -0.18688993218362515,
        "median": -0.27614156901836395,
        "std": 0.6414673641986327,
        "iqr": 1.087872862815857,
        "mad": 0.6018023937940598,
        "mad_sigma": 0.892232229039073,
        "skewness": -0.1181960126935465,
        "kurtosis_excess": -1.01247392178026,
        "delta_mean_median": 0.0892516368347388
      },
      "d": {
        "n": 122,
        "nan_frac": 0.0,
        "mean": 0.12706255584527723,
        "median": 0.1608143001794815,
        "std": 0.4169314131285678,
        "iqr": 0.503467870876193,
        "mad": 0.2545709051191807,
        "mad_sigma": 0.37742682392969723,
        "skewness": -0.10578964849296478,
        "kurtosis_excess": 0.07308555806930084,
        "delta_mean_median": -0.033751744334204276
      },
      "e": {
        "n": 122,
        "nan_frac": 0.0,
        "mean": 0.2810539625829361,
        "median": 0.21412499248981476,
        "std": 0.5105529875112628,
        "iqr": 0.3929249169304967,
        "mad": 0.19416415691375732,
        "mad_sigma": 0.2878677790403366,
        "skewness": 0.622385676901165,
        "kurtosis_excess": 0.6697769932900548,
        "delta_mean_median": 0.06692897009312132
      }
    },
    "subcoords": {
      "m_a": {
        "n": 122,
        "nan_frac": 0.0,
        "mean": -0.4734056831612328,
        "median": -0.08847388997673988,
        "std": 1.3918128809388854,
        "iqr": 1.8787003755569458,
        "mad": 0.8049638606607914,
        "mad_sigma": 1.1934394198156892,
        "skewness": -0.9800986356942109,
        "kurtosis_excess": -0.1468072333231114,
        "delta_mean_median": -0.38493179318449294
      },
      "m_e": {
        "n": 122,
        "nan_frac": 0.0,
        "mean": -0.0657324815821666,
        "median": -0.0036389132728800178,
        "std": 0.22410711258610969,
        "iqr": 0.3939054012298584,
        "mad": 0.18879278749227524,
        "mad_sigma": 0.2799041867360473,
        "skewness": -0.28276591168645365,
        "kurtosis_excess": -1.3456713877267779,
        "delta_mean_median": -0.062093568309286584
      },
      "m_o": {
        "n": 122,
        "nan_frac": 0.0,
        "mean": 0.059783776367052656,
        "median": 0.029311498627066612,
        "std": 0.7124922461144383,
        "iqr": 1.322883516550064,
        "mad": 0.6514012720435858,
        "mad_sigma": 0.9657675259318202,
        "skewness": 0.12349756619840883,
        "kurtosis_excess": -1.4578078624197297,
        "delta_mean_median": 0.030472277739986044
      },
      "d_n": {
        "n": 122,
        "nan_frac": 0.0,
        "mean": -0.01796153670207399,
        "median": -0.142288438975811,
        "std": 0.489914485727464,
        "iqr": 0.36171039193868637,
        "mad": 0.18507131189107895,
        "mad_sigma": 0.2743867270097136,
        "skewness": 2.3667223634657857,
        "kurtosis_excess": 6.073276600871816,
        "delta_mean_median": 0.12432690227373702
      },
      "d_l": {
        "n": 122,
        "nan_frac": 0.0,
        "mean": 0.19447736747440744,
        "median": 0.3762289136648178,
        "std": 0.7590963014716778,
        "iqr": 0.6158717125654221,
        "mad": 0.3054627776145935,
        "mad_sigma": 0.4528791140913963,
        "skewness": -0.7618043903776732,
        "kurtosis_excess": -0.20923874205096382,
        "delta_mean_median": -0.18175154619041037
      },
      "d_s": {
        "n": 122,
        "nan_frac": 0.0,
        "mean": 0.18860506999199508,
        "median": 0.2779349982738495,
        "std": 0.8056828228500008,
        "iqr": 1.3449760377407074,
        "mad": 0.7037959098815918,
        "mad_sigma": 1.043447815990448,
        "skewness": 0.21994184586082718,
        "kurtosis_excess": -1.1461118652993105,
        "delta_mean_median": -0.0893299282818544
      },
      "e_e": {
        "n": 122,
        "nan_frac": 0.0,
        "mean": 0.10707482932227068,
        "median": -9.275972843170166e-07,
        "std": 0.8002371606003648,
        "iqr": 1.3195284828543663,
        "mad": 0.6744906902313232,
        "mad_sigma": 0.9999998973369598,
        "skewness": -0.1984870218725232,
        "kurtosis_excess": -1.0118650538990255,
        "delta_mean_median": 0.107075756919555
      },
      "e_s": {
        "n": 122,
        "nan_frac": 0.0,
        "mean": 0.5366597519424118,
        "median": 0.3334987461566925,
        "std": 1.2623116514642632,
        "iqr": 1.5222407281398773,
        "mad": 0.8851653039455414,
        "mad_sigma": 1.3123460796296595,
        "skewness": 0.977736633407017,
        "kurtosis_excess": -0.009817854760507227,
        "delta_mean_median": 0.20316100578571927
      },
      "e_m": {
        "n": 122,
        "nan_frac": 0.0,
        "mean": -0.07205610887765823,
        "median": 0.0,
        "std": 1.1141598905033434,
        "iqr": 1.2235079407691956,
        "mad": 0.674490749835968,
        "mad_sigma": 0.9999999857068061,
        "skewness": -0.002894511491198026,
        "kurtosis_excess": 1.160367463731255,
        "delta_mean_median": -0.07205610887765823
      }
    }
  },
  "entropy_provisional": {},
  "tau_summary": {
    "axes": {
      "m": {
        "tau_sec": 12.0,
        "dt_sec": 4.0,
        "max_lag_sec": 60.0,
        "threshold": 0.36787944117144233,
        "nan_frac": 0.0,
        "nan_policy": "strict"
      },
      "d": {
        "tau_sec": 8.0,
        "dt_sec": 4.0,
        "max_lag_sec": 60.0,
        "threshold": 0.36787944117144233,
        "nan_frac": 0.0,
        "nan_policy": "strict"
      },
      "e": {
        "tau_sec": 12.0,
        "dt_sec": 4.0,
        "max_lag_sec": 60.0,
        "threshold": 0.36787944117144233,
        "nan_frac": 0.0,
        "nan_policy": "strict"
      }
    },
    "subcoords": {
      "m_a": {
        "tau_sec": 8.0,
        "dt_sec": 4.0,
        "max_lag_sec": 60.0,
        "threshold": 0.36787944117144233,
        "nan_frac": 0.0,
        "nan_policy": "strict"
      },
      "m_e": {
        "tau_sec": 36.0,
        "dt_sec": 4.0,
        "max_lag_sec": 60.0,
        "threshold": 0.36787944117144233,
        "nan_frac": 0.0,
        "nan_policy": "strict"
      },
      "m_o": {
        "tau_sec": 36.0,
        "dt_sec": 4.0,
        "max_lag_sec": 60.0,
        "threshold": 0.36787944117144233,
        "nan_frac": 0.0,
        "nan_policy": "strict"
      },
      "d_n": {
        "tau_sec": 8.0,
        "dt_sec": 4.0,
        "max_lag_sec": 60.0,
        "threshold": 0.36787944117144233,
        "nan_frac": 0.0,
        "nan_policy": "strict"
      },
      "d_l": {
        "tau_sec": 8.0,
        "dt_sec": 4.0,
        "max_lag_sec": 60.0,
        "threshold": 0.36787944117144233,
        "nan_frac": 0.0,