{
  "dataset_id": "ds003478:sub-023:rest_Rest_run-02",
  "subject": "sub-023",
  "session": null,
  "reliability_axes": {
    "m": 0.7024580655451307,
    "d": 0.4624380162839567,
    "e": 0.6934279948580955
  },
  "reliability_subcoords": {
    "m_a": 0.8201675968208197,
    "m_e": 0.6948649430601531,
    "m_o": 0.7379540380013947,
    "d_n": 0.6053137374506814,
    "d_l": 0.7033899912478176,
    "d_s": 0.5224610695661911,
    "e_e": 0.7563731728684185,
    "e_s": 0.5913218178620063,
    "e_m": null
  }
}