{
  "dataset_id": "ds003478:sub-006:rest_Rest_run-01",
  "subject": "sub-006",
  "session": null,
  "reliability_axes": {
    "m": 0.7508057814017853,
    "d": 0.8741959881111602,
    "e": 0.8188532620945858
  },
  "reliability_subcoords": {
    "m_a": 0.8407037703365028,
    "m_e": 0.8961046443323369,
    "m_o": 0.8939356005865197,
    "d_n": 0.7872723286749259,
    "d_l": 0.8725033105829136,
    "d_s": 0.8841948754665933,
    "e_e": 0.8772506952675703,
    "e_s": 0.8584681504500973,
    "e_m": 0.6914593776123438
  }
}