{
  "dataset_id": "ds003478:sub-006:rest_Rest_run-01",
  "subject": "sub-006",
  "session": null,
  "coverage": {
    "epochs": 129,
    "seconds": 516.0
  },
  "artifacts": {
    "methods": [
      "none"
    ],
    "bad_eeg_channels": [
      "CPZ"
    ],
    "n_bad_eeg_channels": 1,
    "stem_collisions": {}
  },
  "ensemble": {
    "var_by_subcoord": {
      "m_a": 0.00046882336027920246,
      "m_e": 0.005386835429817438,
      "m_o": 9.560673061059788e-05,
      "d_n": 0.0077103073708713055,
      "d_l": 0.18609574437141418,
      "d_s": 0.0778885930776596,
      "e_e": 0.0,
      "e_s": 0.004285125527530909,
      "e_m": 0.0
    },
    "var_mean": 0.03132567065202036,
    "var_max": 0.18609574437141418
  },
  "reliability": {
    "axes": {
      "m": 0.7508057814017853,
      "d": 0.8741959881111602,
      "e": 0.8188532620945858
    },
    "subcoords": {
      "m_a": 0.8407037703365028,
      "m_e": 0.8961046443323369,
      "m_o": 0.8939356005865197,
      "d_n": 0.7872723286749259,
      "d_l": 0.8725033105829136,
      "d_s": 0.8841948754665933,
      "e_e": 0.8772506952675703,
      "e_s": 0.8584681504500973,
      "e_m": 0.6914593776123438
    }
  },
  "dist_summary": {
    "axes": {
      "m": {
        "n": 129,
        "nan_frac": 0.0,
        "mean": -0.12381076725026549,
        "median": -0.13490553200244904,
        "std": 0.35156400275635696,
        "iqr": 0.4602392688393593,
        "mad": 0.2302781492471695,
        "mad_sigma": 0.3414103840738535,
        "skewness": 0.46864083060541967,
        "kurtosis_excess": 1.1502160650566298,
        "delta_mean_median": 0.011094764752183545
      },
      "d": {
        "n": 129,
        "nan_frac": 0.0,
        "mean": 0.804044032124658,
        "median": 0.11933358013629913,
        "std": 1.2472038031285877,
        "iqr": 2.551547110080719,
        "mad": 0.5783837288618088,
        "mad_sigma": 0.8575117164105176,
        "skewness": 0.31079573086058293,
        "kurtosis_excess": -1.787720476954951,
        "delta_mean_median": 0.6847104519883589
      },
      "e": {
        "n": 129,
        "nan_frac": 0.0,
        "mean": -0.08204937856933174,
        "median": 0.11904276907444,
        "std": 0.5309554979775449,
        "iqr": 0.5377241373062134,
        "mad": 0.19914449751377106,
        "mad_sigma": 0.29525163201391696,
        "skewness": -1.3472608234284595,
        "kurtosis_excess": 0.9005797999705822,
        "delta_mean_median": -0.20109214764377176
      }
    },
    "subcoords": {
      "m_a": {
        "n": 129,
        "nan_frac": 0.0,
        "mean": -0.02965908041296079,
        "median": -0.08317730575799942,
        "std": 0.9650218318683427,
        "iqr": 1.2804696559906006,
        "mad": 0.7441813573241234,
        "mad_sigma": 1.1033232803687452,
        "skewness": -0.54010531620183,
        "kurtosis_excess": -0.22873342086655724,
        "delta_mean_median": 0.053518225345038625
      },
      "m_e": {
        "n": 129,
        "nan_frac": 0.0,
        "mean": -0.11590298775883794,
        "median": 0.03463297337293625,
        "std": 0.32086092686093054,
        "iqr": 0.6026491075754166,
        "mad": 0.19892587512731552,
        "mad_sigma": 0.294927502463758,
        "skewness": -0.3660570233208086,
        "kurtosis_excess": -1.4400498510170936,
        "delta_mean_median": -0.1505359611317742
      },
      "m_o": {
        "n": 129,
        "nan_frac": 0.0,
        "mean": -0.26319595169846344,
        "median": 0.09531143307685852,
        "std": 0.8801429449223168,
        "iqr": 1.3839663565158844,
        "mad": 0.5309186279773712,
        "mad_sigma": 0.7871399578392505,
        "skewness": -0.42042892525045644,
        "kurtosis_excess": -0.9511057379058299,
        "delta_mean_median": -0.35850738477532196
      },
      "d_n": {
        "n": 129,
        "nan_frac": 0.0,
        "mean": -0.036498088765051936,
        "median": -0.15365535020828247,
        "std": 0.3828515518296893,
        "iqr": 0.29039233922958374,
        "mad": 0.15144646167755127,
        "mad_sigma": 0.2245345240831375,
        "skewness": 1.8433013808090355,
        "kurtosis_excess": 3.647568894408545,
        "delta_mean_median": 0.11715726144323053
      },
      "d_l": {
        "n": 129,
        "nan_frac": 0.0,
        "mean": 1.2059318413163802,
        "median": -0.02750052511692047,
        "std": 1.879326799141603,
        "iqr": 3.874963879585266,
        "mad": 0.6714096218347549,
        "mad_sigma": 0.9954319053322076,
        "skewness": 0.309573959678345,
        "kurtosis_excess": -1.804788883646973,
        "delta_mean_median": 1.2334323664333007
      },
      "d_s": {
        "n": 129,
        "nan_frac": 0.0,
        "mean": 1.1280549581545267,
        "median": 0.06179457902908325,
        "std": 1.7753820901319104,
        "iqr": 3.6348830461502075,
        "mad": 0.768048107624054,
        "mad_sigma": 1.1387081243634223,
        "skewness": 0.3105359954638767,
        "kurtosis_excess": -1.7803072480511075,
        "delta_mean_median": 1.0662603791254435
      },
      "e_e": {
        "n": 129,
        "nan_frac": 0.0,
        "mean": -0.525522677661028,
        "median": 0.0,
        "std": 1.3061436241615758,
        "iqr": 1.8634859919548035,
        "mad": 0.674490749835968,
        "mad_sigma": 0.9999999857068061,
        "skewness": -0.9060096723442413,
        "kurtosis_excess": -0.2933417625686072,
        "delta_mean_median": -0.525522677661028
      },
      "e_s": {
        "n": 129,
        "nan_frac": 0.0,
        "mean": 0.5323682588979949,
        "median": 0.3541198968887329,
        "std": 0.6675452276984205,
        "iqr": 1.3562757968902588,
        "mad": 0.6331164836883545,
        "mad_sigma": 0.9386584987163543,
        "skewness": 0.06564207398849069,
        "kurtosis_excess": -1.6613981725586364,
        "delta_mean_median": 0.17824836200926197
      },
      "e_m": {
        "n": 129,
        "nan_frac": 0.0,
        "mean": -0.21493709847526088,
        "median": 0.0,
        "std": 0.9478146455957319,
        "iqr": 2.050836443901062,
        "mad": 0.674490749835968,
        "mad_sigma": 0.9999999857068061,
        "skewness": -0.4205837086797191,
        "kurtosis_excess": -1.2198377750652443,
        "delta_mean_median": -0.21493709847526088
      }
    }
  },
  "entropy_provisional": {},
  "tau_summary": {
    "axes": {
      "m": {
        "tau_sec": 12.0,
        "dt_sec": 4.0,
        "max_lag_sec": 60.0,
        "threshold": 0.36787944117144233,
        "nan_frac": 0.0,
        "nan_policy": "strict"
      },
      "d": {
        "tau_sec": 28.0,
        "dt_sec": 4.0,
        "max_lag_sec": 60.0,
        "threshold": 0.36787944117144233,
        "nan_frac": 0.0,
        "nan_policy": "strict"
      },
      "e": {
        "tau_sec": 12.0,
        "dt_sec": 4.0,
        "max_lag_sec": 60.0,
        "threshold": 0.36787944117144233,
        "nan_frac": 0.0,
        "nan_policy": "strict"
      }
    },
    "subcoords": {
      "m_a": {
        "tau_sec": 16.0,
        "dt_sec": 4.0,
        "max_lag_sec": 60.0,
        "threshold": 0.36787944117144233,
        "nan_frac": 0.0,
        "nan_policy": "strict"
      },
      "m_e": {
        "tau_sec": 32.0,
        "dt_sec": 4.0,
        "max_lag_sec": 60.0,
        "threshold": 0.36787944117144233,
        "nan_frac": 0.0,
        "nan_policy": "strict"
      },
      "m_o": {
        "tau_sec": 28.0,
        "dt_sec": 4.0,
        "max_lag_sec": 60.0,
        "threshold": 0.36787944117144233,
        "nan_frac": 0.0,
        "nan_policy": "strict"
      },
      "d_n": {
        "tau_sec": 8.0,
        "dt_sec": 4.0,
        "max_lag_sec": 60.0,
        "threshold": 0.36787944117144233,
        "nan_frac": 0.0,
        "nan_policy": "strict"
      },
      "d_l": {
        "tau_sec": 28.0,
        "dt_sec": 4.0,
        "max_lag_sec": 60.0,
        "threshold": 0.36787944117144233,
        "nan_frac": 0.0,
        "nan_policy": "strict"
      },