{
  "dataset_id": "ds003478:sub-043:rest_Rest_run-02",
  "subject": "sub-043",
  "session": null,
  "reliability_axes": {
    "m": 0.3993209383421606,
    "d": 0.5250108618792034,
    "e": 0.43159993852858547
  },
  "reliability_subcoords": {
    "m_a": 0.2541722418469916,
    "m_e": 0.5850119214748017,
    "m_o": 0.2573494873199326,
    "d_n": 0.13315570451819572,
    "d_l": 0.6245202721819048,
    "d_s": 0.8007040776802169,
    "e_e": 0.4823282011439075,
    "e_s": 0.2486927811614664,
    "e_m": null
  }
}