{
  "dataset_id": "ds003478:sub-043:rest_Rest_run-02",
  "subject": "sub-043",
  "session": null,
  "coverage": {
    "epochs": 40,
    "seconds": 160.0
  },
  "artifacts": {
    "methods": [
      "none"
    ],
    "bad_eeg_channels": [],
    "n_bad_eeg_channels": 0,
    "stem_collisions": {}
  },
  "ensemble": {
    "var_by_subcoord": {
      "m_a": 0.001839814125560224,
      "m_e": 0.024156004190444946,
      "m_o": 0.009967612102627754,
      "d_n": 0.008929532021284103,
      "d_l": 0.03331136703491211,
      "d_s": 0.12494521588087082,
      "e_e": 5.6180652849031204e-14,
      "e_s": 0.0036224438808858395,
      "e_m": 0.0
    },
    "var_mean": 0.022974665470737995,
    "var_max": 0.12494521588087082
  },
  "reliability": {
    "axes": {
      "m": 0.3993209383421606,
      "d": 0.5250108618792034,
      "e": 0.43159993852858547
    },
    "subcoords": {
      "m_a": 0.2541722418469916,
      "m_e": 0.5850119214748017,
      "m_o": 0.2573494873199326,
      "d_n": 0.13315570451819572,
      "d_l": 0.6245202721819048,
      "d_s": 0.8007040776802169,
      "e_e": 0.4823282011439075,
      "e_s": 0.2486927811614664,
      "e_m": null
    }
  },
  "dist_summary": {
    "axes": {
      "m": {
        "n": 40,
        "nan_frac": 0.0,
        "mean": -0.06201154002919793,
        "median": -0.1448204293847084,
        "std": 0.4715390377220942,
        "iqr": 0.5047375410795212,
        "mad": 0.22832872718572617,
        "mad_sigma": 0.3385201709255576,
        "skewness": -0.10196898535228005,
        "kurtosis_excess": 2.231477091935898,
        "delta_mean_median": 0.08280888935551048
      },
      "d": {
        "n": 40,
        "nan_frac": 0.0,
        "mean": 0.14078615261241795,
        "median": 0.16422105580568314,
        "std": 0.8226685882332088,
        "iqr": 1.2024707794189453,
        "mad": 0.493102990090847,
        "mad_sigma": 0.7310744931086898,
        "skewness": 1.9605965077010172,
        "kurtosis_excess": 7.0851743989796425,
        "delta_mean_median": -0.02343490319326519
      },
      "e": {
        "n": 40,
        "nan_frac": 0.0,
        "mean": 0.10778769433964044,
        "median": 0.06208970211446285,
        "std": 0.5736620433003572,
        "iqr": 0.707619696855545,
        "mad": 0.39054574631154537,
        "mad_sigma": 0.5790231234814971,
        "skewness": 0.8964306680477332,
        "kurtosis_excess": 1.0395473400358899,
        "delta_mean_median": 0.04569799222517759
      }
    },
    "subcoords": {
      "m_a": {
        "n": 40,
        "nan_frac": 0.0,
        "mean": -0.18637398136779665,
        "median": 0.013312560506165028,
        "std": 1.2780141969598773,
        "iqr": 1.1246702298521996,
        "mad": 0.6388704180717468,
        "mad_sigma": 0.9471892818331717,
        "skewness": -2.4094973701803406,
        "kurtosis_excess": 8.364086732121033,
        "delta_mean_median": -0.19968654187396168
      },
      "m_e": {
        "n": 40,
        "nan_frac": 0.0,
        "mean": -0.10414465788053348,
        "median": -0.054971637204289436,
        "std": 0.4083152539016801,
        "iqr": 0.463961448520422,
        "mad": 0.23926423490047455,
        "mad_sigma": 0.3547331546634436,
        "skewness": -2.3488507175422617,
        "kurtosis_excess": 9.009725695506884,
        "delta_mean_median": -0.049173020676244045
      },
      "m_o": {
        "n": 40,
        "nan_frac": 0.0,
        "mean": 0.16082827688660473,
        "median": 0.01146841375157237,
        "std": 1.0820192012984249,
        "iqr": 1.3798094540834427,
        "mad": 0.6027642521075904,
        "mad_sigma": 0.8936582801747135,
        "skewness": 1.8539731695383161,
        "kurtosis_excess": 6.069391105174107,
        "delta_mean_median": 0.14935986313503236
      },
      "d_n": {
        "n": 40,
        "nan_frac": 0.0,
        "mean": 0.028485139040276407,
        "median": -0.15108994394540787,
        "std": 1.0737729962648783,
        "iqr": 0.4209420164115727,
        "mad": 0.23950548097491264,
        "mad_sigma": 0.3550908260934055,
        "skewness": 4.407643882302933,
        "kurtosis_excess": 21.21329950568913,
        "delta_mean_median": 0.17957508298568428
      },
      "d_l": {
        "n": 40,
        "nan_frac": 0.0,
        "mean": 0.21832621861249207,
        "median": 0.2505858838558197,
        "std": 0.8960325976817487,
        "iqr": 1.5686419159173965,
        "mad": 0.8411844968795776,
        "mad_sigma": 1.2471401350736617,
        "skewness": 0.46031223217738465,
        "kurtosis_excess": -0.32146889198538764,
        "delta_mean_median": -0.03225966524332763
      },
      "d_s": {
        "n": 40,
        "nan_frac": 0.0,
        "mean": 0.1142420943826437,
        "median": 0.22053128480911255,
        "std": 0.9853317802888437,
        "iqr": 1.6570969969034195,
        "mad": 0.8867580890655518,
        "mad_sigma": 1.314707542848587,
        "skewness": 0.3725777558088803,
        "kurtosis_excess": -0.5418030362521726,
        "delta_mean_median": -0.10628919042646885
      },
      "e_e": {
        "n": 40,
        "nan_frac": 0.0,
        "mean": 0.031893988512456416,
        "median": 0.0,
        "std": 1.0279547522671706,
        "iqr": 1.3276409804821014,
        "mad": 0.674490749835968,
        "mad_sigma": 0.9999999857068061,
        "skewness": 0.4833622058690115,
        "kurtosis_excess": 0.42425851486490007,
        "delta_mean_median": 0.031893988512456416
      },
      "e_s": {
        "n": 40,
        "nan_frac": 0.0,
        "mean": 0.20979300551116467,
        "median": 0.2303064987063408,
        "std": 0.4046740652148727,
        "iqr": 0.46535487845540047,
        "mad": 0.24130869656801224,
        "mad_sigma": 0.3577642735317349,
        "skewness": -0.6378920656352651,
        "kurtosis_excess": -0.1315057958855883,
        "delta_mean_median": -0.02051349319517612
      },
      "e_m": {
        "n": 40,
        "nan_frac": 0.0,
        "mean": 0.15,
        "median": 0.0,
        "std": 0.9367496997597597,
        "iqr": 0.0,
        "mad": 0.0,
        "mad_sigma": 0.0,
        "skewness": 6.0848698445933085,
        "kurtosis_excess": 35.02564102564101,
        "delta_mean_median": 0.15
      }
    }
  },
  "entropy_provisional": {
    "e_m": {
      "var": 0.8775000000000001,
      "n_unique": 2,
      "nan_frac": 0.0,
      "provisional": true
    }
  },
  "tau_summary": {
    "axes": {
      "m": {
        "tau_sec": 8.0,
        "dt_sec": 4.0,
        "max_lag_sec": 60.0,
        "threshold": 0.36787944117144233,
        "nan_frac": 0.0,
        "nan_policy": "strict"
      },
      "d": {
        "tau_sec": 12.0,
        "dt_sec": 4.0,
        "max_lag_sec": 60.0,
        "threshold": 0.36787944117144233,
        "nan_frac": 0.0,
        "nan_policy": "strict"
      },
      "e": {
        "tau_sec": 8.0,
        "dt_sec": 4.0,
        "max_lag_sec": 60.0,
        "threshold": 0.36787944117144233,
        "nan_frac": 0.0,
        "nan_policy": "strict"
      }
    },
    "subcoords": {
      "m_a": {
        "tau_sec": 4.0,
        "dt_sec": 4.0,
        "max_lag_sec": 60.0,
        "threshold": 0.36787944117144233,
        "nan_frac": 0.0,
        "nan_policy": "strict"
      },
      "m_e": {
        "tau_sec": 8.0,
        "dt_sec": 4.0,
        "max_lag_sec": 60.0,
        "threshold": 0.36787944117144233,
        "nan_frac": 0.0,
        "nan_policy": "strict"
      },
      "m_o": {
        "tau_sec": 4.0,
        "dt_sec": 4.0,
        "max_lag_sec": 60.0,
        "threshold": 0.36787944117144233,
        "nan_frac": 0.0,
        "nan_policy": "strict"
      },
      "d_n": {
        "tau_sec": 4.0,
        "dt_sec": 4.0,
        "max_lag_sec": 60.0,
        "threshold": 0.36787944117144233,
        "nan_frac": 0.0,
        "nan_policy": "strict"
      },
      "d_l": {
        "tau_sec": 24.0,
        "dt_sec": 4.0,
        "max_lag_sec": 60.0,
        "threshold": 0.36787944117144233,
        "nan_frac": 0.0,