{
  "dataset_id": "ds003478:sub-012:rest_Rest_run-01",
  "subject": "sub-012",
  "session": null,
  "reliability_axes": {
    "m": 0.7244007959975842,
    "d": 0.8709781474741802,
    "e": 0.7384962273070641
  },
  "reliability_subcoords": {
    "m_a": 0.7687905307915811,
    "m_e": 0.8468138956801365,
    "m_o": 0.8056279047970412,
    "d_n": 0.6360943046969028,
    "d_l": 0.8717069838179953,
    "d_s": 0.8816902497305316,
    "e_e": 0.8669201210148668,
    "e_s": 0.8070178879234803,
    "e_m": 0.7764173927548732
  }
}