{
  "dataset_id": "ds003478:sub-012:rest_Rest_run-01",
  "subject": "sub-012",
  "session": null,
  "coverage": {
    "epochs": 129,
    "seconds": 516.0
  },
  "artifacts": {
    "methods": [
      "none"
    ],
    "bad_eeg_channels": [],
    "n_bad_eeg_channels": 0,
    "stem_collisions": {}
  },
  "ensemble": {
    "var_by_subcoord": {
      "m_a": 0.006298172753304243,
      "m_e": 0.0002909330651164055,
      "m_o": 0.0010901682544499636,
      "d_n": 0.017242303118109703,
      "d_l": 0.016961773857474327,
      "d_s": 0.026385881006717682,
      "e_e": 0.0,
      "e_s": 0.006084023043513298,
      "e_m": 0.0
    },
    "var_mean": 0.008261472788742848,
    "var_max": 0.026385881006717682
  },
  "reliability": {
    "axes": {
      "m": 0.7244007959975842,
      "d": 0.8709781474741802,
      "e": 0.7384962273070641
    },
    "subcoords": {
      "m_a": 0.7687905307915811,
      "m_e": 0.8468138956801365,
      "m_o": 0.8056279047970412,
      "d_n": 0.6360943046969028,
      "d_l": 0.8717069838179953,
      "d_s": 0.8816902497305316,
      "e_e": 0.8669201210148668,
      "e_s": 0.8070178879234803,
      "e_m": 0.7764173927548732
    }
  },
  "dist_summary": {
    "axes": {
      "m": {
        "n": 129,
        "nan_frac": 0.0,
        "mean": -0.06774598713458856,
        "median": -0.14894917607307434,
        "std": 0.4847097017132708,
        "iqr": 0.6549861282110214,
        "mad": 0.3212599605321884,
        "mad_sigma": 0.47630001748502254,
        "skewness": 0.5010867327877976,
        "kurtosis_excess": -0.3651863296702098,
        "delta_mean_median": 0.08120318893848578
      },
      "d": {
        "n": 129,
        "nan_frac": 0.0,
        "mean": 0.5422962707893331,
        "median": 0.24380166828632355,
        "std": 0.9994358295578637,
        "iqr": 1.6885383427143097,
        "mad": 0.6931534856557846,
        "mad_sigma": 1.0276693578332663,
        "skewness": 0.5749260125143429,
        "kurtosis_excess": -1.1293038243759574,
        "delta_mean_median": 0.2984946025030095
      },
      "e": {
        "n": 129,
        "nan_frac": 0.0,
        "mean": 0.15896668534973174,
        "median": 0.20768725872039795,
        "std": 0.35682002313311845,
        "iqr": 0.4444396775215864,
        "mad": 0.22106397151947021,
        "mad_sigma": 0.32774944417476654,
        "skewness": -0.5350395417817869,
        "kurtosis_excess": -0.2281701361580022,
        "delta_mean_median": -0.04872057337066621
      }
    },
    "subcoords": {
      "m_a": {
        "n": 129,
        "nan_frac": 0.0,
        "mean": -0.05971600217094948,
        "median": 0.054883867502212524,
        "std": 0.6509217864744429,
        "iqr": 1.0771819055080414,
        "mad": 0.537165492773056,
        "mad_sigma": 0.7964015595853329,
        "skewness": -0.39988013357391805,
        "kurtosis_excess": -0.9035041183442001,
        "delta_mean_median": -0.114599869673162
      },
      "m_e": {
        "n": 129,
        "nan_frac": 0.0,
        "mean": -0.12992151159533236,
        "median": -0.04245086386799812,
        "std": 0.47094512261265464,
        "iqr": 0.6288928836584091,
        "mad": 0.3063572160899639,
        "mad_sigma": 0.4542052085749805,
        "skewness": -0.389823574994805,
        "kurtosis_excess": -0.6816659360035118,
        "delta_mean_median": -0.08747064772733423
      },
      "m_o": {
        "n": 129,
        "nan_frac": 0.0,
        "mean": -0.00281721606576281,
        "median": -0.029956135898828506,
        "std": 0.8851657793906598,
        "iqr": 1.1486738920211792,
        "mad": 0.575010921806097,
        "mad_sigma": 0.8525111926697194,
        "skewness": 0.2226870720687491,
        "kurtosis_excess": -0.5189445690501144,
        "delta_mean_median": 0.027138919833065697
      },
      "d_n": {
        "n": 129,
        "nan_frac": 0.0,
        "mean": 0.12919077756561975,
        "median": 0.009240895509719849,
        "std": 0.5450925679942119,
        "iqr": 0.60621777176857,
        "mad": 0.2812831997871399,
        "mad_sigma": 0.41703047200441357,
        "skewness": 3.006319115126145,
        "kurtosis_excess": 16.662369912127268,
        "delta_mean_median": 0.1199498820558999
      },
      "d_l": {
        "n": 129,
        "nan_frac": 0.0,
        "mean": 0.708685735803704,
        "median": 0.09597115218639374,
        "std": 1.4856721152661425,
        "iqr": 2.6357481479644775,
        "mad": 0.8937637060880661,
        "mad_sigma": 1.3250940706461667,
        "skewness": 0.5673397665213248,
        "kurtosis_excess": -1.2170411196371862,
        "delta_mean_median": 0.6127145836173102
      },
      "d_s": {
        "n": 129,
        "nan_frac": 0.0,
        "mean": 0.7927012248325718,
        "median": 0.07508581876754761,
        "std": 1.505278837135172,
        "iqr": 2.6245299875736237,
        "mad": 0.6846755146980286,
        "mad_sigma": 1.0150999180912972,
        "skewness": 0.7355021664621012,
        "kurtosis_excess": -1.0254529914904305,
        "delta_mean_median": 0.7176154060650242
      },
      "e_e": {
        "n": 129,
        "nan_frac": 0.0,
        "mean": -0.19291003890220046,
        "median": 0.0,
        "std": 0.9482121551045182,
        "iqr": 1.5105480551719666,
        "mad": 0.674490749835968,
        "mad_sigma": 0.9999999857068061,
        "skewness": -0.48388370030201044,
        "kurtosis_excess": -0.6333605010647663,
        "delta_mean_median": -0.19291003890220046
      },
      "e_s": {
        "n": 129,
        "nan_frac": 0.0,
        "mean": 0.6552551625975112,
        "median": 0.6420248746871948,
        "std": 0.7040870285193669,
        "iqr": 1.0782609283924103,
        "mad": 0.5222967863082886,
        "mad_sigma": 0.7743572153806686,
        "skewness": 0.10576978779201368,
        "kurtosis_excess": -0.634691933378801,
        "delta_mean_median": 0.01323028791031633
      },
      "e_m": {
        "n": 129,
        "nan_frac": 0.0,
        "mean": -0.12782095068011634,
        "median": 0.0,
        "std": 0.9246342890421966,
        "iqr": 1.4612312316894531,
        "mad": 0.674490749835968,
        "mad_sigma": 0.9999999857068061,
        "skewness": -0.22059701233066156,
        "kurtosis_excess": -0.42470000751100034,
        "delta_mean_median": -0.12782095068011634
      }
    }
  },
  "entropy_provisional": {},
  "tau_summary": {
    "axes": {
      "m": {
        "tau_sec": 16.0,
        "dt_sec": 4.0,
        "max_lag_sec": 60.0,
        "threshold": 0.36787944117144233,
        "nan_frac": 0.0,
        "nan_policy": "strict"
      },
      "d": {
        "tau_sec": 24.0,
        "dt_sec": 4.0,
        "max_lag_sec": 60.0,
        "threshold": 0.36787944117144233,
        "nan_frac": 0.0,
        "nan_policy": "strict"
      },
      "e": {
        "tau_sec": 16.0,
        "dt_sec": 4.0,
        "max_lag_sec": 60.0,
        "threshold": 0.36787944117144233,
        "nan_frac": 0.0,
        "nan_policy": "strict"
      }
    },
    "subcoords": {
      "m_a": {
        "tau_sec": 20.0,
        "dt_sec": 4.0,
        "max_lag_sec": 60.0,
        "threshold": 0.36787944117144233,
        "nan_frac": 0.0,
        "nan_policy": "strict"
      },
      "m_e": {
        "tau_sec": 24.0,
        "dt_sec": 4.0,
        "max_lag_sec": 60.0,
        "threshold": 0.36787944117144233,
        "nan_frac": 0.0,
        "nan_policy": "strict"
      },
      "m_o": {
        "tau_sec": 20.0,
        "dt_sec": 4.0,
        "max_lag_sec": 60.0,
        "threshold": 0.36787944117144233,
        "nan_frac": 0.0,
        "nan_policy": "strict"
      },
      "d_n": {
        "tau_sec": 8.0,
        "dt_sec": 4.0,
        "max_lag_sec": 60.0,
        "threshold": 0.36787944117144233,
        "nan_frac": 0.0,
        "nan_policy": "strict"
      },
      "d_l": {
        "tau_sec": 24.0,
        "dt_sec": 4.0,
        "max_lag_sec": 60.0,
        "threshold": 0.36787944117144233,
        "nan_frac": 0.0,
        "nan_policy": "strict"
      },