{
  "dataset_id": "ds003478:sub-063:rest_Rest_run-01",
  "subject": "sub-063",
  "session": null,
  "reliability_axes": {
    "m": 0.7794825744953521,
    "d": 0.8043846612389464,
    "e": 0.6048576773973111
  },
  "reliability_subcoords": {
    "m_a": 0.7230608168517623,
    "m_e": 0.7779904504783719,
    "m_o": 0.8101511475200561,
    "d_n": 0.6678154562646278,
    "d_l": 0.7565557870230797,
    "d_s": 0.8113248126905982,
    "e_e": 0.7407305214976361,
    "e_s": 0.5703057200391312,
    "e_m": 0.6358194617281201
  }
}