{
  "dataset_id": "ds003478:sub-063:rest_Rest_run-01",
  "subject": "sub-063",
  "session": null,
  "coverage": {
    "epochs": 123,
    "seconds": 492.0
  },
  "artifacts": {
    "methods": [
      "none"
    ],
    "bad_eeg_channels": [],
    "n_bad_eeg_channels": 0,
    "stem_collisions": {}
  },
  "ensemble": {
    "var_by_subcoord": {
      "m_a": 0.00936886016279459,
      "m_e": 0.003220538841560483,
      "m_o": 0.0013799696462228894,
      "d_n": 0.02426508441567421,
      "d_l": 0.014239673502743244,
      "d_s": 0.025609232485294342,
      "e_e": 0.0,
      "e_s": 0.007438977248966694,
      "e_m": 0.0
    },
    "var_mean": 0.00950248181147294,
    "var_max": 0.025609232485294342
  },
  "reliability": {
    "axes": {
      "m": 0.7794825744953521,
      "d": 0.8043846612389464,
      "e": 0.6048576773973111
    },
    "subcoords": {
      "m_a": 0.7230608168517623,
      "m_e": 0.7779904504783719,
      "m_o": 0.8101511475200561,
      "d_n": 0.6678154562646278,
      "d_l": 0.7565557870230797,
      "d_s": 0.8113248126905982,
      "e_e": 0.7407305214976361,
      "e_s": 0.5703057200391312,
      "e_m": 0.6358194617281201
    }
  },
  "dist_summary": {
    "axes": {
      "m": {
        "n": 123,
        "nan_frac": 0.0,
        "mean": -0.07160226317743461,
        "median": -0.08324272930622101,
        "std": 0.6398492580546046,
        "iqr": 0.7488259971141815,
        "mad": 0.3886689394712448,
        "mad_sigma": 0.5762405696600675,
        "skewness": -0.20345924625777195,
        "kurtosis_excess": -0.05647444797342205,
        "delta_mean_median": 0.0116404661287864
      },
      "d": {
        "n": 123,
        "nan_frac": 0.0,
        "mean": 0.2665204330294476,
        "median": 0.1345319151878357,
        "std": 0.8010316112855651,
        "iqr": 1.2536469995975494,
        "mad": 0.5931773483753204,
        "mad_sigma": 0.87944473670125,
        "skewness": 0.6455605240904116,
        "kurtosis_excess": -0.20131370076399735,
        "delta_mean_median": 0.13198851784161192
      },
      "e": {
        "n": 123,
        "nan_frac": 0.0,
        "mean": 0.26916977422069605,
        "median": 0.23634615540504456,
        "std": 0.5159070839754214,
        "iqr": 0.6611399687826633,
        "mad": 0.34066636115312576,
        "mad_sigma": 0.5050719470456242,
        "skewness": 0.8613344832441905,
        "kurtosis_excess": 1.3137027786403719,
        "delta_mean_median": 0.03282361881565149
      }
    },
    "subcoords": {
      "m_a": {
        "n": 123,
        "nan_frac": 0.0,
        "mean": -0.27915450471748665,
        "median": -0.006732664071023464,
        "std": 1.0276199119414189,
        "iqr": 1.347642943263054,
        "mad": 0.5685159349814057,
        "mad_sigma": 0.8428817252034321,
        "skewness": -1.0099723681788826,
        "kurtosis_excess": 0.7652429198347388,
        "delta_mean_median": -0.2724218406464632
      },
      "m_e": {
        "n": 123,
        "nan_frac": 0.0,
        "mean": -0.022329271318602975,
        "median": -0.010500669479370117,
        "std": 0.3329203682822075,
        "iqr": 0.5008442997932434,
        "mad": 0.2514959126710892,
        "mad_sigma": 0.3728678401261568,
        "skewness": -0.40935722149108156,
        "kurtosis_excess": -0.11689219579695775,
        "delta_mean_median": -0.011828601839232858
      },
      "m_o": {
        "n": 123,
        "nan_frac": 0.0,
        "mean": 0.15413605870027852,
        "median": -0.027511239051818848,
        "std": 0.903191743778193,
        "iqr": 1.1977479606866837,
        "mad": 0.572900652885437,
        "mad_sigma": 0.8493825079679489,
        "skewness": 0.40590059730899014,
        "kurtosis_excess": -0.3688018018593464,
        "delta_mean_median": 0.18164729775209737
      },
      "d_n": {
        "n": 123,
        "nan_frac": 0.0,
        "mean": 0.26140346123677927,
        "median": 0.22874753177165985,
        "std": 0.4996890052178256,
        "iqr": 0.4467930495738983,
        "mad": 0.2186596840620041,
        "mad_sigma": 0.32418484759032723,
        "skewness": 0.4453754185186897,
        "kurtosis_excess": 1.752630400546236,
        "delta_mean_median": 0.032655929465119415
      },
      "d_l": {
        "n": 123,
        "nan_frac": 0.0,
        "mean": 0.20662871781524603,
        "median": 0.039342910051345825,
        "std": 1.1462697960936117,
        "iqr": 1.723314106464386,
        "mad": 0.8858811557292938,
        "mad_sigma": 1.313407401484251,
        "skewness": 0.5220787074858644,
        "kurtosis_excess": -0.3526951438363062,
        "delta_mean_median": 0.1672858077639002
      },
      "d_s": {
        "n": 123,
        "nan_frac": 0.0,
        "mean": 0.451055027529355,
        "median": -0.0336797758936882,
        "std": 1.1332106291811324,
        "iqr": 1.6420076787471771,
        "mad": 0.5491145327687263,
        "mad_sigma": 0.8141172062829136,
        "skewness": 1.2432218407649398,
        "kurtosis_excess": 1.0729589549067704,
        "delta_mean_median": 0.4847348034230432
      },
      "e_e": {
        "n": 123,
        "nan_frac": 0.0,
        "mean": 0.0022085061073454657,
        "median": 0.0,
        "std": 1.0306831377183898,
        "iqr": 1.3474253416061401,
        "mad": 0.674490749835968,
        "mad_sigma": 0.9999999857068061,
        "skewness": 0.6238744124345994,
        "kurtosis_excess": 1.3823281987706393,
        "delta_mean_median": 0.0022085061073454657
      },
      "e_s": {
        "n": 123,
        "nan_frac": 0.0,
        "mean": 0.6456383984323925,
        "median": 0.43599632382392883,
        "std": 0.9456420031544676,
        "iqr": 1.213186077773571,
        "mad": 0.5873694568872452,
        "mad_sigma": 0.8708339567810297,
        "skewness": 0.905773698041131,
        "kurtosis_excess": -0.2213508737170793,
        "delta_mean_median": 0.20964207460846362
      },
      "e_m": {
        "n": 123,
        "nan_frac": 0.0,
        "mean": 0.05272140412220383,
        "median": 0.0,
        "std": 0.9304140085271811,
        "iqr": 1.324686974287033,
        "mad": 0.674490749835968,
        "mad_sigma": 0.9999999857068061,
        "skewness": 0.22828759550936914,
        "kurtosis_excess": -0.12418858142364364,
        "delta_mean_median": 0.05272140412220383
      }
    }
  },
  "entropy_provisional": {},
  "tau_summary": {
    "axes": {
      "m": {
        "tau_sec": 16.0,
        "dt_sec": 4.0,
        "max_lag_sec": 60.0,
        "threshold": 0.36787944117144233,
        "nan_frac": 0.0,
        "nan_policy": "strict"
      },
      "d": {
        "tau_sec": 12.0,
        "dt_sec": 4.0,
        "max_lag_sec": 60.0,
        "threshold": 0.36787944117144233,
        "nan_frac": 0.0,
        "nan_policy": "strict"
      },
      "e": {
        "tau_sec": 8.0,
        "dt_sec": 4.0,
        "max_lag_sec": 60.0,
        "threshold": 0.36787944117144233,
        "nan_frac": 0.0,
        "nan_policy": "strict"
      }
    },
    "subcoords": {
      "m_a": {
        "tau_sec": 8.0,
        "dt_sec": 4.0,
        "max_lag_sec": 60.0,
        "threshold": 0.36787944117144233,
        "nan_frac": 0.0,
        "nan_policy": "strict"
      },
      "m_e": {
        "tau_sec": 16.0,
        "dt_sec": 4.0,
        "max_lag_sec": 60.0,
        "threshold": 0.36787944117144233,
        "nan_frac": 0.0,
        "nan_policy": "strict"
      },
      "m_o": {
        "tau_sec": 20.0,
        "dt_sec": 4.0,
        "max_lag_sec": 60.0,
        "threshold": 0.36787944117144233,
        "nan_frac": 0.0,
        "nan_policy": "strict"
      },
      "d_n": {
        "tau_sec": 8.0,
        "dt_sec": 4.0,
        "max_lag_sec": 60.0,
        "threshold": 0.36787944117144233,
        "nan_frac": 0.0,
        "nan_policy": "strict"
      },
      "d_l": {
        "tau_sec": 12.0,
        "dt_sec": 4.0,
        "max_lag_sec": 60.0,
        "threshold": 0.36787944117144233,
        "nan_frac": 0.0,
        "nan_policy": "strict"
      },