{
  "dataset_id": "ds003478:sub-077:rest_Rest_run-02",
  "subject": "sub-077",
  "session": null,
  "reliability_axes": {
    "m": 0.48242448926571263,
    "d": 0.7985778186948189,
    "e": 0.7121985631390879
  },
  "reliability_subcoords": {
    "m_a": 0.6306235252156517,
    "m_e": 0.8263371078941618,
    "m_o": 0.8670783958019544,
    "d_n": 0.759395228547325,
    "d_l": 0.7901300821091677,
    "d_s": 0.8700006311327346,
    "e_e": 0.8431816437780697,
    "e_s": 0.8700484301634415,
    "e_m": null
  }
}