{
  "dataset_id": "ds003478:sub-035:rest_Rest_run-02",
  "subject": "sub-035",
  "session": null,
  "reliability_axes": {
    "m": 0.5188747363184681,
    "d": 0.8990657917427961,
    "e": 0.6778352043047952
  },
  "reliability_subcoords": {
    "m_a": 0.8161124832707535,
    "m_e": 0.8284036977265438,
    "m_o": 0.8499277929893547,
    "d_n": 0.7120601447446051,
    "d_l": 0.8905060415517887,
    "d_s": 0.9232472351034381,
    "e_e": 0.844478807712038,
    "e_s": 0.8387059574015955,
    "e_m": null
  }
}