{
  "dataset_id": "ds003478:sub-049:rest_Rest_run-01",
  "subject": "sub-049",
  "session": null,
  "reliability_axes": {
    "m": 0.807449275747663,
    "d": 0.7325092932093837,
    "e": 0.7683729731360128
  },
  "reliability_subcoords": {
    "m_a": 0.7845572760021448,
    "m_e": 0.8082053749423855,
    "m_o": 0.8623145307276272,
    "d_n": 0.8583408553558547,
    "d_l": 0.7194611764273531,
    "d_s": 0.8247696108147412,
    "e_e": 0.8400600637519765,
    "e_s": 0.7912892129976923,
    "e_m": null
  }
}