{
  "dataset_id": "ds003478:sub-117:rest_Rest_run-01",
  "subject": "sub-117",
  "session": null,
  "reliability_axes": {
    "m": 0.6437364739346166,
    "d": 0.9140622950064302,
    "e": 0.8686156798790775
  },
  "reliability_subcoords": {
    "m_a": 0.7447113719539826,
    "m_e": 0.8845619276623836,
    "m_o": 0.8901393150705859,
    "d_n": 0.7089036463415829,
    "d_l": 0.9046740108744965,
    "d_s": 0.9213846775925638,
    "e_e": 0.9253270133553143,
    "e_s": 0.8418126281614137,
    "e_m": null
  }
}