{
  "dataset_id": "ds003478:sub-117:rest_Rest_run-01",
  "subject": "sub-117",
  "session": null,
  "coverage": {
    "epochs": 133,
    "seconds": 532.0
  },
  "artifacts": {
    "methods": [
      "none"
    ],
    "bad_eeg_channels": [],
    "n_bad_eeg_channels": 0,
    "stem_collisions": {}
  },
  "ensemble": {
    "var_by_subcoord": {
      "m_a": 0.0008718310855329037,
      "m_e": 0.001602064585313201,
      "m_o": 0.0003635911562014371,
      "d_n": 0.002434429479762912,
      "d_l": 0.0749267041683197,
      "d_s": 0.030972525477409363,
      "e_e": 0.0,
      "e_s": 0.011830871924757957,
      "e_m": 0.0
    },
    "var_mean": 0.013666890875255275,
    "var_max": 0.0749267041683197
  },
  "reliability": {
    "axes": {
      "m": 0.6437364739346166,
      "d": 0.9140622950064302,
      "e": 0.8686156798790775
    },
    "subcoords": {
      "m_a": 0.7447113719539826,
      "m_e": 0.8845619276623836,
      "m_o": 0.8901393150705859,
      "d_n": 0.7089036463415829,
      "d_l": 0.9046740108744965,
      "d_s": 0.9213846775925638,
      "e_e": 0.9253270133553143,
      "e_s": 0.8418126281614137,
      "e_m": null
    }
  },
  "dist_summary": {
    "axes": {
      "m": {
        "n": 133,
        "nan_frac": 0.0,
        "mean": -0.0675879427095301,
        "median": -0.06854753196239471,
        "std": 0.33688321595066206,
        "iqr": 0.38950036466121674,
        "mad": 0.19397470355033875,
        "mad_sigma": 0.28758689548373223,
        "skewness": -0.842696779633012,
        "kurtosis_excess": 6.179970325496157,
        "delta_mean_median": 0.0009595892528646149
      },
      "d": {
        "n": 133,
        "nan_frac": 0.0,
        "mean": 0.761892977051605,
        "median": 0.15479923784732819,
        "std": 1.309098057644223,
        "iqr": 2.70567524433136,
        "mad": 0.699061706662178,
        "mad_sigma": 1.0364288862973452,
        "skewness": 0.5230360964650591,
        "kurtosis_excess": -1.1339901577345644,
        "delta_mean_median": 0.6070937392042768
      },
      "e": {
        "n": 133,
        "nan_frac": 0.0,
        "mean": 0.00862266979866514,
        "median": 0.09403473883867264,
        "std": 0.3875057572476168,
        "iqr": 0.4489228427410126,
        "mad": 0.19710884243249893,
        "mad_sigma": 0.2922335697904229,
        "skewness": -0.15249055262191985,
        "kurtosis_excess": 3.1316834320893063,
        "delta_mean_median": -0.0854120690400075
      }
    },
    "subcoords": {
      "m_a": {
        "n": 133,
        "nan_frac": 0.0,
        "mean": 0.06755661085612119,
        "median": -0.06560224294662476,
        "std": 0.9101467702149083,
        "iqr": 1.3044809401035309,
        "mad": 0.5877429246902466,
        "mad_sigma": 0.8713876601457595,
        "skewness": -2.0960850343758564,
        "kurtosis_excess": 12.694162087231149,
        "delta_mean_median": 0.13315885380274595
      },
      "m_e": {
        "n": 133,
        "nan_frac": 0.0,
        "mean": -0.20954015835790538,
        "median": -0.04728390648961067,
        "std": 0.39533336194325097,
        "iqr": 0.6072051301598549,
        "mad": 0.23424514010548592,
        "mad_sigma": 0.34729184472039343,
        "skewness": -0.9174283050861578,
        "kurtosis_excess": 1.560187053003217,
        "delta_mean_median": -0.1622562518682947
      },
      "m_o": {
        "n": 133,
        "nan_frac": 0.0,
        "mean": -0.08028996938881569,
        "median": 0.10415244102478027,
        "std": 0.8835792191952594,
        "iqr": 1.384499967098236,
        "mad": 0.6520112752914429,
        "mad_sigma": 0.9666719167470932,
        "skewness": 0.5053343751922583,
        "kurtosis_excess": 1.1823379171881694,
        "delta_mean_median": -0.18444241041359596
      },
      "d_n": {
        "n": 133,
        "nan_frac": 0.0,
        "mean": -0.02423145462359701,
        "median": -0.15695378184318542,
        "std": 0.6901124141013345,
        "iqr": 0.3778510093688965,
        "mad": 0.18879574537277222,
        "mad_sigma": 0.27990857208967207,
        "skewness": 4.556501701499751,
        "kurtosis_excess": 30.971486661567837,
        "delta_mean_median": 0.1327223272195884
      },
      "d_l": {
        "n": 133,
        "nan_frac": 0.0,
        "mean": 1.1768256288049812,
        "median": 0.08447957783937454,
        "std": 1.8835677164712936,
        "iqr": 3.9437542855739594,
        "mad": 0.7012752369046211,
        "mad_sigma": 1.0397106662347912,
        "skewness": 0.493982889449734,
        "kurtosis_excess": -1.6008910110826693,
        "delta_mean_median": 1.0923460509656067
      },
      "d_s": {
        "n": 133,
        "nan_frac": 0.0,
        "mean": 0.9505267419985363,
        "median": 0.056204020977020264,
        "std": 1.8275418770826057,
        "iqr": 3.9289042949676514,
        "mad": 1.0935408473014832,
        "mad_sigma": 1.621283660209179,
        "skewness": 0.3221548766570328,
        "kurtosis_excess": -1.6614521130623503,
        "delta_mean_median": 0.894322721021516
      },
      "e_e": {
        "n": 133,
        "nan_frac": 0.0,
        "mean": -0.30399835475237297,
        "median": 0.0,
        "std": 1.0020475466334973,
        "iqr": 1.6093837022781372,
        "mad": 0.674490749835968,
        "mad_sigma": 0.9999999857068061,
        "skewness": -0.6115352047352607,
        "kurtosis_excess": -0.5091128941581697,
        "delta_mean_median": -0.30399835475237297
      },
      "e_s": {
        "n": 133,
        "nan_frac": 0.0,
        "mean": 0.43545036583690716,
        "median": 0.4039544463157654,
        "std": 0.6613742078370701,
        "iqr": 1.3191479593515396,
        "mad": 0.6860537528991699,
        "mad_sigma": 1.0171432940483092,
        "skewness": -0.03716195011071217,
        "kurtosis_excess": -1.4660363044663896,
        "delta_mean_median": 0.03149591952114178
      },
      "e_m": {
        "n": 133,
        "nan_frac": 0.0,
        "mean": 0.045112781954887216,
        "median": 0.0,
        "std": 0.5183064041989199,
        "iqr": 0.0,
        "mad": 0.0,
        "mad_sigma": 0.0,
        "skewness": 11.402086465098204,
        "kurtosis_excess": 128.00757575757567,
        "delta_mean_median": 0.045112781954887216
      }
    }
  },
  "entropy_provisional": {
    "e_m": {
      "var": 0.2686415286336141,
      "n_unique": 2,
      "nan_frac": 0.0,
      "provisional": true
    }
  },
  "tau_summary": {
    "axes": {
      "m": {
        "tau_sec": 8.0,
        "dt_sec": 4.0,
        "max_lag_sec": 60.0,
        "threshold": 0.36787944117144233,
        "nan_frac": 0.0,
        "nan_policy": "strict"
      },
      "d": {
        "tau_sec": 28.0,
        "dt_sec": 4.0,
        "max_lag_sec": 60.0,
        "threshold": 0.36787944117144233,
        "nan_frac": 0.0,
        "nan_policy": "strict"
      },
      "e": {
        "tau_sec": 24.0,
        "dt_sec": 4.0,
        "max_lag_sec": 60.0,
        "threshold": 0.36787944117144233,
        "nan_frac": 0.0,
        "nan_policy": "strict"
      }
    },
    "subcoords": {
      "m_a": {
        "tau_sec": 8.0,
        "dt_sec": 4.0,
        "max_lag_sec": 60.0,
        "threshold": 0.36787944117144233,
        "nan_frac": 0.0,
        "nan_policy": "strict"
      },
      "m_e": {
        "tau_sec": 24.0,
        "dt_sec": 4.0,
        "max_lag_sec": 60.0,
        "threshold": 0.36787944117144233,
        "nan_frac": 0.0,
        "nan_policy": "strict"
      },
      "m_o": {
        "tau_sec": 32.0,
        "dt_sec": 4.0,
        "max_lag_sec": 60.0,
        "threshold": 0.36787944117144233,
        "nan_frac": 0.0,
        "nan_policy": "strict"
      },
      "d_n": {
        "tau_sec": 8.0,
        "dt_sec": 4.0,
        "max_lag_sec": 60.0,
        "threshold": 0.36787944117144233,
        "nan_frac": 0.0,
        "nan_policy": "strict"
      },
      "d_l": {
        "tau_sec": 28.0,
        "dt_sec": 4.0,
        "max_lag_sec": 60.0,
        "threshold": 0.36787944117144233,