{
  "dataset_id": "ds003478:sub-071:rest_Rest_run-02",
  "subject": "sub-071",
  "session": null,
  "reliability_axes": {
    "m": 0.6972387878051959,
    "d": 0.6039152615700689,
    "e": 0.7038653832131584
  },
  "reliability_subcoords": {
    "m_a": 0.6662416652178856,
    "m_e": 0.6156838523780923,
    "m_o": 0.7137221184889019,
    "d_n": 0.5406603099112368,
    "d_l": 0.5971622251539158,
    "d_s": 0.500288303809947,
    "e_e": 0.7228258283250458,
    "e_s": 0.45147442678882943,
    "e_m": 0.6742442229770756
  }
}