{
  "dataset_id": "ds003478:sub-071:rest_Rest_run-02",
  "subject": "sub-071",
  "session": null,
  "coverage": {
    "epochs": 53,
    "seconds": 212.0
  },
  "artifacts": {
    "methods": [
      "none"
    ],
    "bad_eeg_channels": [
      "CZ"
    ],
    "n_bad_eeg_channels": 1,
    "stem_collisions": {}
  },
  "ensemble": {
    "var_by_subcoord": {
      "m_a": 0.028700748458504677,
      "m_e": 0.020364508032798767,
      "m_o": 0.008233847096562386,
      "d_n": 0.10543954372406006,
      "d_l": 0.01976434327661991,
      "d_s": 0.022510424256324768,
      "e_e": 0.0,
      "e_s": 0.009851943701505661,
      "e_m": 0.0
    },
    "var_mean": 0.023873928727375135,
    "var_max": 0.10543954372406006
  },
  "reliability": {
    "axes": {
      "m": 0.6972387878051959,
      "d": 0.6039152615700689,
      "e": 0.7038653832131584
    },
    "subcoords": {
      "m_a": 0.6662416652178856,
      "m_e": 0.6156838523780923,
      "m_o": 0.7137221184889019,
      "d_n": 0.5406603099112368,
      "d_l": 0.5971622251539158,
      "d_s": 0.500288303809947,
      "e_e": 0.7228258283250458,
      "e_s": 0.45147442678882943,
      "e_m": 0.6742442229770756
    }
  },
  "dist_summary": {
    "axes": {
      "m": {
        "n": 53,
        "nan_frac": 0.0,
        "mean": 0.028896740444426267,
        "median": 0.036591269075870514,
        "std": 0.4928149159796734,
        "iqr": 0.6001659631729126,
        "mad": 0.29226457327604294,
        "mad_sigma": 0.43331145633906126,
        "skewness": 0.22655083216947872,
        "kurtosis_excess": 0.20858222665131976,
        "delta_mean_median": -0.007694528631444247
      },
      "d": {
        "n": 53,
        "nan_frac": 0.0,
        "mean": 0.42926356941461563,
        "median": 0.4945976138114929,
        "std": 0.7268716395931978,
        "iqr": 1.2017789483070374,
        "mad": 0.6518949866294861,
        "mad_sigma": 0.966499507176876,
        "skewness": -0.16621049730787898,
        "kurtosis_excess": -1.0300955784540393,
        "delta_mean_median": -0.06533404439687729
      },
      "e": {
        "n": 53,
        "nan_frac": 0.0,
        "mean": 0.0450687502985293,
        "median": 0.1081128641963005,
        "std": 0.499956879382535,
        "iqr": 0.6325840204954147,
        "mad": 0.3134273663163185,
        "mad_sigma": 0.4646874133005738,
        "skewness": -0.28638482843900104,
        "kurtosis_excess": -0.6254316295723128,
        "delta_mean_median": -0.0630441138977712
      }
    },
    "subcoords": {
      "m_a": {
        "n": 53,
        "nan_frac": 0.0,
        "mean": 0.05301628887372197,
        "median": -0.01968006230890751,
        "std": 0.6297050122585379,
        "iqr": 1.1183584034442902,
        "mad": 0.5957295689731836,
        "mad_sigma": 0.883228658959642,
        "skewness": 0.11929431619881244,
        "kurtosis_excess": -1.1645790049904576,
        "delta_mean_median": 0.07269635118262949
      },
      "m_e": {
        "n": 53,
        "nan_frac": 0.0,
        "mean": 0.044594826071329835,
        "median": -0.010250329971313477,
        "std": 0.6324116428358683,
        "iqr": 0.723215252161026,
        "mad": 0.35639962553977966,
        "mad_sigma": 0.5283980848252773,
        "skewness": 0.42664317403403534,
        "kurtosis_excess": -0.14710012571740894,
        "delta_mean_median": 0.05484515604264331
      },
      "m_o": {
        "n": 53,
        "nan_frac": 0.0,
        "mean": -0.023521180400835735,
        "median": -0.09800295531749725,
        "std": 0.6121124220770731,
        "iqr": 0.6634214520454407,
        "mad": 0.3174254149198532,
        "mad_sigma": 0.47061492016017437,
        "skewness": 0.21203677976299587,
        "kurtosis_excess": 0.11425739927836753,
        "delta_mean_median": 0.07448177491666153
      },
      "d_n": {
        "n": 53,
        "nan_frac": 0.0,
        "mean": 0.1528347430504718,
        "median": 0.01730605587363243,
        "std": 0.883317001814479,
        "iqr": 1.4766300916671753,
        "mad": 0.7157647274434566,
        "mad_sigma": 1.0611927849076688,
        "skewness": 0.5083556952917665,
        "kurtosis_excess": -0.7762702292082375,
        "delta_mean_median": 0.13552868717683936
      },
      "d_l": {
        "n": 53,
        "nan_frac": 0.0,
        "mean": 0.5723447462649278,
        "median": -0.09157472848892212,
        "std": 1.1477518053903035,
        "iqr": 2.1064252853393555,
        "mad": 0.5272327065467834,
        "mad_sigma": 0.7816752107262611,
        "skewness": 0.42462636472213466,
        "kurtosis_excess": -1.4651984921621004,
        "delta_mean_median": 0.6639194747538499
      },
      "d_s": {
        "n": 53,
        "nan_frac": 0.0,
        "mean": 0.5038630970806446,
        "median": 0.7077736854553223,
        "std": 0.7584908957297394,
        "iqr": 1.167190745472908,
        "mad": 0.44619107246398926,
        "mad_sigma": 0.6615228840351104,
        "skewness": -0.18965821992327456,
        "kurtosis_excess": -0.6308561477553636,
        "delta_mean_median": -0.20391058837467768
      },
      "e_e": {
        "n": 53,
        "nan_frac": 0.0,
        "mean": -0.13984015332271327,
        "median": 0.0,
        "std": 0.9152296917317683,
        "iqr": 1.4062858819961548,
        "mad": 0.674490749835968,
        "mad_sigma": 0.9999999857068061,
        "skewness": -0.43622199940566436,
        "kurtosis_excess": -0.8918988567629338,
        "delta_mean_median": -0.13984015332271327
      },
      "e_s": {
        "n": 53,
        "nan_frac": 0.0,
        "mean": 0.22938123851452233,
        "median": 0.1554228961467743,
        "std": 0.2977706846502859,
        "iqr": 0.3977612853050232,
        "mad": 0.180705726146698,
        "mad_sigma": 0.26791430958509443,
        "skewness": 0.5827848345956499,
        "kurtosis_excess": -0.5073692196020025,
        "delta_mean_median": 0.07395834236774804
      },
      "e_m": {
        "n": 53,
        "nan_frac": 0.0,
        "mean": 1.4750298879478339,
        "median": 0.0,
        "std": 2.230991917556845,
        "iqr": 3.940262585878372,
        "mad": 0.674490749835968,
        "mad_sigma": 0.9999999857068061,
        "skewness": 0.6041687293811954,
        "kurtosis_excess": -1.2211810644439756,
        "delta_mean_median": 1.4750298879478339
      }
    }
  },
  "entropy_provisional": {},
  "tau_summary": {
    "axes": {
      "m": {
        "tau_sec": 8.0,
        "dt_sec": 4.0,
        "max_lag_sec": 60.0,
        "threshold": 0.36787944117144233,
        "nan_frac": 0.0,
        "nan_policy": "strict"
      },
      "d": {
        "tau_sec": 8.0,
        "dt_sec": 4.0,
        "max_lag_sec": 60.0,
        "threshold": 0.36787944117144233,
        "nan_frac": 0.0,
        "nan_policy": "strict"
      },
      "e": {
        "tau_sec": 8.0,
        "dt_sec": 4.0,
        "max_lag_sec": 60.0,
        "threshold": 0.36787944117144233,
        "nan_frac": 0.0,
        "nan_policy": "strict"
      }
    },
    "subcoords": {
      "m_a": {
        "tau_sec": 12.0,
        "dt_sec": 4.0,
        "max_lag_sec": 60.0,
        "threshold": 0.36787944117144233,
        "nan_frac": 0.0,
        "nan_policy": "strict"
      },
      "m_e": {
        "tau_sec": 8.0,
        "dt_sec": 4.0,
        "max_lag_sec": 60.0,
        "threshold": 0.36787944117144233,
        "nan_frac": 0.0,
        "nan_policy": "strict"
      },
      "m_o": {
        "tau_sec": 8.0,
        "dt_sec": 4.0,
        "max_lag_sec": 60.0,
        "threshold": 0.36787944117144233,
        "nan_frac": 0.0,
        "nan_policy": "strict"
      },
      "d_n": {
        "tau_sec": 8.0,
        "dt_sec": 4.0,
        "max_lag_sec": 60.0,
        "threshold": 0.36787944117144233,
        "nan_frac": 0.0,
        "nan_policy": "strict"
      },
      "d_l": {
        "tau_sec": 12.0,
        "dt_sec": 4.0,
        "max_lag_sec": 60.0,
        "threshold": 0.36787944117144233,
        "nan_frac": 0.0,
        "nan_policy": "strict"
      },