{
  "dataset_id": "ds003478:sub-035:rest_Rest_run-01",
  "subject": "sub-035",
  "session": null,
  "reliability_axes": {
    "m": 0.681946691624442,
    "d": 0.8908153440603751,
    "e": 0.8496142623414518
  },
  "reliability_subcoords": {
    "m_a": 0.7240706893752792,
    "m_e": 0.44537152674796066,
    "m_o": 0.860767880404229,
    "d_n": 0.34091513060318895,
    "d_l": 0.9131081964287578,
    "d_s": 0.9466510761810951,
    "e_e": 0.914534161735367,
    "e_s": 0.59035551490222,
    "e_m": null
  }
}