{
  "dataset_id": "ds003478:sub-035:rest_Rest_run-01",
  "subject": "sub-035",
  "session": null,
  "coverage": {
    "epochs": 124,
    "seconds": 496.0
  },
  "artifacts": {
    "methods": [
      "none"
    ],
    "bad_eeg_channels": [],
    "n_bad_eeg_channels": 0,
    "stem_collisions": {}
  },
  "ensemble": {
    "var_by_subcoord": {
      "m_a": 0.00728558050468564,
      "m_e": 0.004805476870387793,
      "m_o": 0.0007184731075540185,
      "d_n": 0.002142982091754675,
      "d_l": 0.17080819606781006,
      "d_s": 0.19265791773796082,
      "e_e": 4.712664313693063e-14,
      "e_s": 0.01771373674273491,
      "e_m": 0.0
    },
    "var_mean": 0.04401470701365945,
    "var_max": 0.19265791773796082
  },
  "reliability": {
    "axes": {
      "m": 0.681946691624442,
      "d": 0.8908153440603751,
      "e": 0.8496142623414518
    },
    "subcoords": {
      "m_a": 0.7240706893752792,
      "m_e": 0.44537152674796066,
      "m_o": 0.860767880404229,
      "d_n": 0.34091513060318895,
      "d_l": 0.9131081964287578,
      "d_s": 0.9466510761810951,
      "e_e": 0.914534161735367,
      "e_s": 0.59035551490222,
      "e_m": null
    }
  },
  "dist_summary": {
    "axes": {
      "m": {
        "n": 124,
        "nan_frac": 0.0,
        "mean": -0.0775713334122913,
        "median": -0.11223239451646805,
        "std": 0.4744363657495684,
        "iqr": 0.41368425637483597,
        "mad": 0.21646509319543839,
        "mad_sigma": 0.3209311471715569,
        "skewness": -0.14051050342165539,
        "kurtosis_excess": 5.412760550335804,
        "delta_mean_median": 0.034661061104176744
      },
      "d": {
        "n": 124,
        "nan_frac": 0.0,
        "mean": 0.5914099542762062,
        "median": 0.3525552749633789,
        "std": 1.1776897280649625,
        "iqr": 2.617402821779251,
        "mad": 1.0688766539096832,
        "mad_sigma": 1.5847165270864962,
        "skewness": 0.21321293479596085,
        "kurtosis_excess": -1.5784732519387388,
        "delta_mean_median": 0.23885467931282733
      },
      "e": {
        "n": 124,
        "nan_frac": 0.0,
        "mean": 0.32392900694632715,
        "median": 0.1854138746857643,
        "std": 0.557969346961725,
        "iqr": 1.037356911227107,
        "mad": 0.4257454127073288,
        "mad_sigma": 0.6312101488798857,
        "skewness": 0.08196772992143074,
        "kurtosis_excess": -1.0366735389434947,
        "delta_mean_median": 0.13851513226056283
      }
    },
    "subcoords": {
      "m_a": {
        "n": 124,
        "nan_frac": 0.0,
        "mean": -0.09307506058793215,
        "median": -0.0018033446976915002,
        "std": 0.9872317011883854,
        "iqr": 0.9492498710751534,
        "mad": 0.46688981354236603,
        "mad_sigma": 0.6922108375579118,
        "skewness": -1.6833543234484665,
        "kurtosis_excess": 8.945791982008027,
        "delta_mean_median": -0.09127171589024065
      },
      "m_e": {
        "n": 124,
        "nan_frac": 0.0,
        "mean": -0.09429491835556203,
        "median": -0.03611099720001221,
        "std": 0.28095926542081884,
        "iqr": 0.3817089907824993,
        "mad": 0.1742447316646576,
        "mad_sigma": 0.25833523916602136,
        "skewness": -2.4748867045720995,
        "kurtosis_excess": 14.830633199987478,
        "delta_mean_median": -0.05818392115554982
      },
      "m_o": {
        "n": 124,
        "nan_frac": 0.0,
        "mean": -0.03577071266584925,
        "median": 0.06536583384149708,
        "std": 0.8520054084050362,
        "iqr": 1.4346128106117249,
        "mad": 0.6847059428691864,
        "mad_sigma": 1.0151450308978558,
        "skewness": 0.10249136157442919,
        "kurtosis_excess": -0.9870020514074804,
        "delta_mean_median": -0.10113654650734633
      },
      "d_n": {
        "n": 124,
        "nan_frac": 0.0,
        "mean": 0.006864849718347672,
        "median": -0.10080735385417938,
        "std": 0.49314939586883455,
        "iqr": 0.3080269880592823,
        "mad": 0.14573698490858078,
        "mad_sigma": 0.21606965382546187,
        "skewness": 4.889061814301488,
        "kurtosis_excess": 34.174514954490505,
        "delta_mean_median": 0.10767220357252705
      },
      "d_l": {
        "n": 124,
        "nan_frac": 0.0,
        "mean": 0.8387904414726842,
        "median": 0.7649779617786407,
        "std": 1.7288094423571705,
        "iqr": 3.92373925447464,
        "mad": 1.7991524040699005,
        "mad_sigma": 2.6674233542740344,
        "skewness": 0.16196081186618821,
        "kurtosis_excess": -1.6522476248347244,
        "delta_mean_median": 0.07381247969404348
      },
      "d_s": {
        "n": 124,
        "nan_frac": 0.0,
        "mean": 0.910769130689122,
        "median": 0.1900375410914421,
        "std": 1.7264146446598492,
        "iqr": 3.677526146173477,
        "mad": 1.1396287605166435,
        "mad_sigma": 1.6896136003419755,
        "skewness": 0.31870069679700197,
        "kurtosis_excess": -1.626033658934382,
        "delta_mean_median": 0.7207315895976799
      },
      "e_e": {
        "n": 124,
        "nan_frac": 0.0,
        "mean": -0.3045333650323652,
        "median": 0.0,
        "std": 0.9530163228819889,
        "iqr": 1.5477356314659119,
        "mad": 0.6744907200336456,
        "mad_sigma": 0.999999941521883,
        "skewness": -0.6116831155029504,
        "kurtosis_excess": -0.6023557942010904,
        "delta_mean_median": -0.3045333650323652
      },
      "e_s": {
        "n": 124,
        "nan_frac": 0.0,
        "mean": 1.1988633649964486,
        "median": 1.4142804145812988,
        "std": 0.8182536190328974,
        "iqr": 0.8723324090242386,
        "mad": 0.4423096179962158,
        "mad_sigma": 0.6557682396411896,
        "skewness": -0.8338617219485974,
        "kurtosis_excess": 0.33532208482890313,
        "delta_mean_median": -0.2154170495848502
      },
      "e_m": {
        "n": 124,
        "nan_frac": 0.0,
        "mean": 0.04838709677419355,
        "median": 0.0,
        "std": 0.5366388632133589,
        "iqr": 0.0,
        "mad": 0.0,
        "mad_sigma": 0.0,
        "skewness": 11.000369542942675,
        "kurtosis_excess": 119.00813008130085,
        "delta_mean_median": 0.04838709677419355
      }
    }
  },
  "entropy_provisional": {
    "e_m": {
      "var": 0.2879812695109261,
      "n_unique": 2,
      "nan_frac": 0.0,
      "provisional": true
    }
  },
  "tau_summary": {
    "axes": {
      "m": {
        "tau_sec": 8.0,
        "dt_sec": 4.0,
        "max_lag_sec": 60.0,
        "threshold": 0.36787944117144233,
        "nan_frac": 0.0,
        "nan_policy": "strict"
      },
      "d": {
        "tau_sec": 36.0,
        "dt_sec": 4.0,
        "max_lag_sec": 60.0,
        "threshold": 0.36787944117144233,
        "nan_frac": 0.0,
        "nan_policy": "strict"
      },
      "e": {
        "tau_sec": 28.0,
        "dt_sec": 4.0,
        "max_lag_sec": 60.0,
        "threshold": 0.36787944117144233,
        "nan_frac": 0.0,
        "nan_policy": "strict"
      }
    },
    "subcoords": {
      "m_a": {
        "tau_sec": 8.0,
        "dt_sec": 4.0,
        "max_lag_sec": 60.0,
        "threshold": 0.36787944117144233,
        "nan_frac": 0.0,
        "nan_policy": "strict"
      },
      "m_e": {
        "tau_sec": 12.0,
        "dt_sec": 4.0,
        "max_lag_sec": 60.0,
        "threshold": 0.36787944117144233,
        "nan_frac": 0.0,
        "nan_policy": "strict"
      },
      "m_o": {
        "tau_sec": 36.0,
        "dt_sec": 4.0,
        "max_lag_sec": 60.0,
        "threshold": 0.36787944117144233,
        "nan_frac": 0.0,
        "nan_policy": "strict"
      },
      "d_n": {
        "tau_sec": 4.0,
        "dt_sec": 4.0,
        "max_lag_sec": 60.0,
        "threshold": 0.36787944117144233,
        "nan_frac": 0.0,
        "nan_policy": "strict"
      },
      "d_l": {
        "tau_sec": 32.0,
        "dt_sec": 4.0,
        "max_lag_sec": 60.0,
        "threshold": 0.36787944117144233,