{
  "dataset_id": "ds003478:sub-085:rest_Rest_run-01",
  "subject": "sub-085",
  "session": null,
  "reliability_axes": {
    "m": 0.203193407903506,
    "d": 0.5931439847772166,
    "e": 0.8448243071310577
  },
  "reliability_subcoords": {
    "m_a": 0.32892321696842935,
    "m_e": 0.3108121377085949,
    "m_o": 0.717007936645628,
    "d_n": 0.59263456495068,
    "d_l": 0.6754790991020796,
    "d_s": 0.5787588662042339,
    "e_e": 0.7811033328277461,
    "e_s": 0.8070338108950614,
    "e_m": null
  }
}