{
  "dataset_id": "ds003478:sub-085:rest_Rest_run-01",
  "subject": "sub-085",
  "session": null,
  "coverage": {
    "epochs": 124,
    "seconds": 496.0
  },
  "artifacts": {
    "methods": [
      "none"
    ],
    "bad_eeg_channels": [],
    "n_bad_eeg_channels": 0,
    "stem_collisions": {}
  },
  "ensemble": {
    "var_by_subcoord": {
      "m_a": 0.004498425405472517,
      "m_e": 0.0038439761847257614,
      "m_o": 0.0007449015392921865,
      "d_n": 0.00045707717072218657,
      "d_l": 0.003800284583121538,
      "d_s": 0.015943266451358795,
      "e_e": 0.0,
      "e_s": 0.001546934130601585,
      "e_m": 0.0
    },
    "var_mean": 0.0034260961628105077,
    "var_max": 0.015943266451358795
  },
  "reliability": {
    "axes": {
      "m": 0.203193407903506,
      "d": 0.5931439847772166,
      "e": 0.8448243071310577
    },
    "subcoords": {
      "m_a": 0.32892321696842935,
      "m_e": 0.3108121377085949,
      "m_o": 0.717007936645628,
      "d_n": 0.59263456495068,
      "d_l": 0.6754790991020796,
      "d_s": 0.5787588662042339,
      "e_e": 0.7811033328277461,
      "e_s": 0.8070338108950614,
      "e_m": null
    }
  },
  "dist_summary": {
    "axes": {
      "m": {
        "n": 124,
        "nan_frac": 0.0,
        "mean": 0.0625024471092113,
        "median": 0.020980565808713436,
        "std": 0.5113770990260262,
        "iqr": 0.5834458097815514,
        "mad": 0.312607541680336,
        "mad_sigma": 0.46347194129526614,
        "skewness": 0.22894905100656399,
        "kurtosis_excess": 1.9595029780033926,
        "delta_mean_median": 0.04152188130049786
      },
      "d": {
        "n": 124,
        "nan_frac": 0.0,
        "mean": 0.22306301100780407,
        "median": 0.0876138024032116,
        "std": 0.6724220123204332,
        "iqr": 0.8062711730599403,
        "mad": 0.4055703431367874,
        "mad_sigma": 0.601298590734601,
        "skewness": 1.281669589454288,
        "kurtosis_excess": 2.8343877883780424,
        "delta_mean_median": 0.13544920860459247
      },
      "e": {
        "n": 124,
        "nan_frac": 0.0,
        "mean": 0.08277547048524983,
        "median": 0.03856157138943672,
        "std": 0.7223420803886206,
        "iqr": 0.9761053770780563,
        "mad": 0.4616933949291706,
        "mad_sigma": 0.6845066273219883,
        "skewness": 0.22947646369992555,
        "kurtosis_excess": -0.10047387489457948,
        "delta_mean_median": 0.04421389909581311
      }
    },
    "subcoords": {
      "m_a": {
        "n": 124,
        "nan_frac": 0.0,
        "mean": -0.04980454066648118,
        "median": 0.08125191181898117,
        "std": 0.8984642795641963,
        "iqr": 0.814515009522438,
        "mad": 0.4142579212784767,
        "mad_sigma": 0.6141787940874696,
        "skewness": -2.4498937314540004,
        "kurtosis_excess": 13.73320631276028,
        "delta_mean_median": -0.13105645248546235
      },
      "m_e": {
        "n": 124,
        "nan_frac": 0.0,
        "mean": 0.01694630300100412,
        "median": -0.018711787648499012,
        "std": 0.5097522945633697,
        "iqr": 0.6459399089217186,
        "mad": 0.3250088421627879,
        "mad_sigma": 0.48185810939054935,
        "skewness": 0.07063557605242374,
        "kurtosis_excess": 1.7553655640819557,
        "delta_mean_median": 0.035658090649503135
      },
      "m_o": {
        "n": 124,
        "nan_frac": 0.0,
        "mean": 0.27291626545352743,
        "median": 0.06617864966392517,
        "std": 1.2067400835006512,
        "iqr": 1.3980485498905182,
        "mad": 0.6851954162120819,
        "mad_sigma": 1.0158707240760325,
        "skewness": 1.0221988421881238,
        "kurtosis_excess": 0.8918002479876783,
        "delta_mean_median": 0.20673761578960226
      },
      "d_n": {
        "n": 124,
        "nan_frac": 0.0,
        "mean": 0.38766543645291557,
        "median": -0.041618216782808304,
        "std": 1.2187409819736195,
        "iqr": 0.8209482282400131,
        "mad": 0.33271458372473717,
        "mad_sigma": 0.4932826418302953,
        "skewness": 2.2905466219694466,
        "kurtosis_excess": 5.129893193744774,
        "delta_mean_median": 0.42928365323572387
      },
      "d_l": {
        "n": 124,
        "nan_frac": 0.0,
        "mean": 0.12564093763789824,
        "median": 0.1215624064207077,
        "std": 0.8931853282841857,
        "iqr": 1.3591862469911575,
        "mad": 0.6811073571443558,
        "mad_sigma": 1.0098097677022217,
        "skewness": 0.5997842359642894,
        "kurtosis_excess": -0.11285435081651984,
        "delta_mean_median": 0.00407853121719054
      },
      "d_s": {
        "n": 124,
        "nan_frac": 0.0,
        "mean": 0.21443758640558488,
        "median": 0.0797039344906807,
        "std": 0.9148413922209748,
        "iqr": 1.0795638412237167,
        "mad": 0.5529201552271843,
        "mad_sigma": 0.8197594221398234,
        "skewness": 0.8486477943184607,
        "kurtosis_excess": 0.3626593558624682,
        "delta_mean_median": 0.1347336519149042
      },
      "e_e": {
        "n": 124,
        "nan_frac": 0.0,
        "mean": -0.09910368019970314,
        "median": -1.1103693395853043e-06,
        "std": 1.0493385091283078,
        "iqr": 1.3699428737163544,
        "mad": 0.674489609664306,
        "mad_sigma": 0.9999982952883001,
        "skewness": -0.2616224567957669,
        "kurtosis_excess": 0.4532330585872115,
        "delta_mean_median": -0.09910256983036356
      },
      "e_s": {
        "n": 124,
        "nan_frac": 0.0,
        "mean": 0.3337898840226473,
        "median": 0.2471017763018608,
        "std": 0.658416023299271,
        "iqr": 0.7210282869637012,
        "mad": 0.3714410811662674,
        "mad_sigma": 0.550698546937108,
        "skewness": 0.8156851298647552,
        "kurtosis_excess": 0.33104435354083606,
        "delta_mean_median": 0.0866881077207865
      },
      "e_m": {
        "n": 124,
        "nan_frac": 0.0,
        "mean": 0.04838709677419355,
        "median": 0.0,
        "std": 0.5366388632133589,
        "iqr": 0.0,
        "mad": 0.0,
        "mad_sigma": 0.0,
        "skewness": 11.000369542942675,
        "kurtosis_excess": 119.00813008130085,
        "delta_mean_median": 0.04838709677419355
      }
    }
  },
  "entropy_provisional": {
    "e_m": {
      "var": 0.2879812695109261,
      "n_unique": 2,
      "nan_frac": 0.0,
      "provisional": true
    }
  },
  "tau_summary": {
    "axes": {
      "m": {
        "tau_sec": 8.0,
        "dt_sec": 4.0,
        "max_lag_sec": 60.0,
        "threshold": 0.36787944117144233,
        "nan_frac": 0.0,
        "nan_policy": "strict"
      },
      "d": {
        "tau_sec": 8.0,
        "dt_sec": 4.0,
        "max_lag_sec": 60.0,
        "threshold": 0.36787944117144233,
        "nan_frac": 0.0,
        "nan_policy": "strict"
      },
      "e": {
        "tau_sec": 20.0,
        "dt_sec": 4.0,
        "max_lag_sec": 60.0,
        "threshold": 0.36787944117144233,
        "nan_frac": 0.0,
        "nan_policy": "strict"
      }
    },
    "subcoords": {
      "m_a": {
        "tau_sec": 8.0,
        "dt_sec": 4.0,
        "max_lag_sec": 60.0,
        "threshold": 0.36787944117144233,
        "nan_frac": 0.0,
        "nan_policy": "strict"
      },
      "m_e": {
        "tau_sec": 8.0,
        "dt_sec": 4.0,
        "max_lag_sec": 60.0,
        "threshold": 0.36787944117144233,
        "nan_frac": 0.0,
        "nan_policy": "strict"
      },
      "m_o": {
        "tau_sec": 12.0,
        "dt_sec": 4.0,
        "max_lag_sec": 60.0,
        "threshold": 0.36787944117144233,
        "nan_frac": 0.0,
        "nan_policy": "strict"
      },
      "d_n": {
        "tau_sec": 8.0,
        "dt_sec": 4.0,
        "max_lag_sec": 60.0,
        "threshold": 0.36787944117144233,
        "nan_frac": 0.0,
        "nan_policy": "strict"
      },
      "d_l": {
        "tau_sec": 16.0,
        "dt_sec": 4.0,
        "max_lag_sec": 60.0,
        "threshold": 0.36787944117144233,