{
  "dataset_id": "ds003478:sub-042:rest_Rest_run-02",
  "subject": "sub-042",
  "session": null,
  "reliability_axes": {
    "m": 0.3803482449948476,
    "d": -0.21534175669874644,
    "e": 0.7668364263531757
  },
  "reliability_subcoords": {
    "m_a": 0.34053872164693905,
    "m_e": 0.4759689889965939,
    "m_o": 0.4139353915956622,
    "d_n": 0.3329361388867038,
    "d_l": -0.21739912076260687,
    "d_s": 0.5205417113533218,
    "e_e": 0.7789789300410754,
    "e_s": -0.09384466809847822,
    "e_m": null
  }
}