{
  "dataset_id": "ds003478:sub-041:rest_Rest_run-02",
  "subject": "sub-041",
  "session": null,
  "reliability_axes": {
    "m": 0.6486306176557542,
    "d": 0.6553542305446506,
    "e": 0.7527945684923264
  },
  "reliability_subcoords": {
    "m_a": 0.5494116956559969,
    "m_e": 0.4852057096037324,
    "m_o": 0.7424092278625481,
    "d_n": 0.533564025375799,
    "d_l": 0.738536269473237,
    "d_s": 0.7758198509107234,
    "e_e": 0.8777870649062635,
    "e_s": 0.6992487023256456,
    "e_m": null
  }
}