{
  "dataset_id": "ds003478:sub-001:rest_Rest_run-02",
  "subject": "sub-001",
  "session": null,
  "reliability_axes": {
    "m": 0.5122351348211126,
    "d": 0.15111247071314718,
    "e": 0.5650207391600851
  },
  "reliability_subcoords": {
    "m_a": 0.7069108585939581,
    "m_e": 0.6292512191067273,
    "m_o": 0.43307095602581275,
    "d_n": 0.6816921961759115,
    "d_l": 0.583466093136467,
    "d_s": 0.46451531981025174,
    "e_e": 0.5652594946029964,
    "e_s": 0.6073292418233419,
    "e_m": null
  }
}