{
  "dataset_id": "ds003478:sub-069:rest_Rest_run-02",
  "subject": "sub-069",
  "session": null,
  "reliability_axes": {
    "m": 0.54306639332242,
    "d": 0.6334419407032097,
    "e": 0.5247803356385691
  },
  "reliability_subcoords": {
    "m_a": 0.8769636347129638,
    "m_e": 0.40119617037135863,
    "m_o": 0.32599618570972266,
    "d_n": 0.49557474058793843,
    "d_l": 0.7965904939599532,
    "d_s": 0.7199474917805417,
    "e_e": 0.42170207491130346,
    "e_s": 0.6870901103322868,
    "e_m": 0.6980395660561151
  }
}