{
  "dataset_id": "ds003478:sub-069:rest_Rest_run-02",
  "subject": "sub-069",
  "session": null,
  "coverage": {
    "epochs": 49,
    "seconds": 196.0
  },
  "artifacts": {
    "methods": [
      "none"
    ],
    "bad_eeg_channels": [],
    "n_bad_eeg_channels": 0,
    "stem_collisions": {}
  },
  "ensemble": {
    "var_by_subcoord": {
      "m_a": 0.022742124274373055,
      "m_e": 0.0001698538108030334,
      "m_o": 0.012787524610757828,
      "d_n": 0.017697123810648918,
      "d_l": 0.02013528347015381,
      "d_s": 0.044721394777297974,
      "e_e": 0.0,
      "e_s": 0.018000377342104912,
      "e_m": 0.0
    },
    "var_mean": 0.01513929801068217,
    "var_max": 0.044721394777297974
  },
  "reliability": {
    "axes": {
      "m": 0.54306639332242,
      "d": 0.6334419407032097,
      "e": 0.5247803356385691
    },
    "subcoords": {
      "m_a": 0.8769636347129638,
      "m_e": 0.40119617037135863,
      "m_o": 0.32599618570972266,
      "d_n": 0.49557474058793843,
      "d_l": 0.7965904939599532,
      "d_s": 0.7199474917805417,
      "e_e": 0.42170207491130346,
      "e_s": 0.6870901103322868,
      "e_m": 0.6980395660561151
    }
  },
  "dist_summary": {
    "axes": {
      "m": {
        "n": 49,
        "nan_frac": 0.0,
        "mean": -0.11324405252021186,
        "median": -0.03840075060725212,
        "std": 0.7116695363168553,
        "iqr": 1.2982264161109924,
        "mad": 0.6058721356093884,
        "mad_sigma": 0.8982660282544791,
        "skewness": -0.0012215233302154014,
        "kurtosis_excess": -0.9327883746759218,
        "delta_mean_median": -0.07484330191295974
      },
      "d": {
        "n": 49,
        "nan_frac": 0.0,
        "mean": 0.07883825699432886,
        "median": 0.08598190546035767,
        "std": 0.49011172346816156,
        "iqr": 0.7788242995738983,
        "mad": 0.4153904318809509,
        "mad_sigma": 0.6158578543066978,
        "skewness": -0.2619703696615919,
        "kurtosis_excess": -1.0019616450615199,
        "delta_mean_median": -0.007143648466028801
      },
      "e": {
        "n": 49,
        "nan_frac": 0.0,
        "mean": 0.13615833667620103,
        "median": 0.09247501939535141,
        "std": 0.7774434221352148,
        "iqr": 0.9353727996349335,
        "mad": 0.5039340630173683,
        "mad_sigma": 0.7471326418295502,
        "skewness": -0.18819162909437057,
        "kurtosis_excess": 0.46168551291463267,
        "delta_mean_median": 0.04368331728084962
      }
    },
    "subcoords": {
      "m_a": {
        "n": 49,
        "nan_frac": 0.0,
        "mean": -0.40952734322268136,
        "median": 0.016655772924423218,
        "std": 1.1933589333877055,
        "iqr": 1.8875585198402405,
        "mad": 0.7582569420337677,
        "mad_sigma": 1.124191742259264,
        "skewness": -0.6631126216051774,
        "kurtosis_excess": -0.913597637780132,
        "delta_mean_median": -0.4261831161471046
      },
      "m_e": {
        "n": 49,
        "nan_frac": 0.0,
        "mean": -0.010658208508880771,
        "median": -0.11076312512159348,
        "std": 0.52145931256918,
        "iqr": 0.524326428771019,
        "mad": 0.31676480919122696,
        "mad_sigma": 0.46963550610691307,
        "skewness": 0.11874292198295762,
        "kurtosis_excess": 0.45337863190595407,
        "delta_mean_median": 0.1001049166127127
      },
      "m_o": {
        "n": 49,
        "nan_frac": 0.0,
        "mean": 0.1695858023832647,
        "median": 0.21321846544742584,
        "std": 1.0425617399409146,
        "iqr": 0.9993276000022888,
        "mad": 0.5455486625432968,
        "mad_sigma": 0.8088304470866918,
        "skewness": 0.2751430135141343,
        "kurtosis_excess": 0.5719334524555673,
        "delta_mean_median": -0.04363266306416114
      },
      "d_n": {
        "n": 49,
        "nan_frac": 0.0,
        "mean": 0.21674804298245176,
        "median": 0.21405236423015594,
        "std": 0.7324862759908374,
        "iqr": 0.9018605351448059,
        "mad": 0.48999954760074615,
        "mad_sigma": 0.7264733292728662,
        "skewness": 0.1491813252025616,
        "kurtosis_excess": -0.28856421868972815,
        "delta_mean_median": 0.002695678752295816
      },
      "d_l": {
        "n": 49,
        "nan_frac": 0.0,
        "mean": -0.014741812585567941,
        "median": 0.1338929831981659,
        "std": 0.8073166049576816,
        "iqr": 1.4707260727882385,
        "mad": 0.6090451776981354,
        "mad_sigma": 0.9029703804552555,
        "skewness": -0.17497514219613294,
        "kurtosis_excess": -1.2500677289585196,
        "delta_mean_median": -0.14863479578373384
      },
      "d_s": {
        "n": 49,
        "nan_frac": 0.0,
        "mean": 0.10662674006758904,
        "median": 0.12723243236541748,
        "std": 0.7471785862989875,
        "iqr": 1.0787165760993958,
        "mad": 0.5579349398612976,
        "mad_sigma": 0.8271943418383598,
        "skewness": 0.18989962919802403,
        "kurtosis_excess": -0.6617553049313618,
        "delta_mean_median": -0.020605692297828437
      },
      "e_e": {
        "n": 49,
        "nan_frac": 0.0,
        "mean": -0.03435719165266776,
        "median": 0.0,
        "std": 1.554565792126288,
        "iqr": 1.3610798716545105,
        "mad": 0.6744906902313232,
        "mad_sigma": 0.9999998973369598,
        "skewness": -0.42790659450837076,
        "kurtosis_excess": 0.8884338959566125,
        "delta_mean_median": -0.03435719165266776
      },
      "e_s": {
        "n": 49,
        "nan_frac": 0.0,
        "mean": 0.38428687562747876,
        "median": 0.00592416524887085,
        "std": 0.8012416312429314,
        "iqr": 1.2448709607124329,
        "mad": 0.44675320386886597,
        "mad_sigma": 0.6623563000559807,
        "skewness": 0.711580236136936,
        "kurtosis_excess": -0.7673607286424771,
        "delta_mean_median": 0.3783627103786079
      },
      "e_m": {
        "n": 49,
        "nan_frac": 0.0,
        "mean": -0.16055761425926976,
        "median": 0.0,
        "std": 0.8419235085216643,
        "iqr": 1.4265786409378052,
        "mad": 0.674490749835968,
        "mad_sigma": 0.9999999857068061,
        "skewness": -0.28613826567567224,
        "kurtosis_excess": -0.6685135986726722,
        "delta_mean_median": -0.16055761425926976
      }
    }
  },
  "entropy_provisional": {},
  "tau_summary": {
    "axes": {
      "m": {
        "tau_sec": 8.0,
        "dt_sec": 4.0,
        "max_lag_sec": 60.0,
        "threshold": 0.36787944117144233,
        "nan_frac": 0.0,
        "nan_policy": "strict"
      },
      "d": {
        "tau_sec": 12.0,
        "dt_sec": 4.0,
        "max_lag_sec": 60.0,
        "threshold": 0.36787944117144233,
        "nan_frac": 0.0,
        "nan_policy": "strict"
      },
      "e": {
        "tau_sec": 8.0,
        "dt_sec": 4.0,
        "max_lag_sec": 60.0,
        "threshold": 0.36787944117144233,
        "nan_frac": 0.0,
        "nan_policy": "strict"
      }
    },
    "subcoords": {
      "m_a": {
        "tau_sec": 24.0,
        "dt_sec": 4.0,
        "max_lag_sec": 60.0,
        "threshold": 0.36787944117144233,
        "nan_frac": 0.0,
        "nan_policy": "strict"
      },
      "m_e": {
        "tau_sec": 8.0,
        "dt_sec": 4.0,
        "max_lag_sec": 60.0,
        "threshold": 0.36787944117144233,
        "nan_frac": 0.0,
        "nan_policy": "strict"
      },
      "m_o": {
        "tau_sec": 8.0,
        "dt_sec": 4.0,
        "max_lag_sec": 60.0,
        "threshold": 0.36787944117144233,
        "nan_frac": 0.0,
        "nan_policy": "strict"
      },
      "d_n": {
        "tau_sec": 8.0,
        "dt_sec": 4.0,
        "max_lag_sec": 60.0,
        "threshold": 0.36787944117144233,
        "nan_frac": 0.0,
        "nan_policy": "strict"
      },
      "d_l": {
        "tau_sec": 16.0,
        "dt_sec": 4.0,
        "max_lag_sec": 60.0,
        "threshold": 0.36787944117144233,
        "nan_frac": 0.0,
        "nan_policy": "strict"
      },