{
  "dataset_id": "ds003478:sub-086:rest_Rest_run-01",
  "subject": "sub-086",
  "session": null,
  "reliability_axes": {
    "m": 0.6792348115325566,
    "d": 0.8823981407650673,
    "e": 0.6222465366834122
  },
  "reliability_subcoords": {
    "m_a": 0.6591332718457266,
    "m_e": 0.8191358825081848,
    "m_o": 0.8070984353788571,
    "d_n": 0.6832706033952155,
    "d_l": 0.8321293806545215,
    "d_s": 0.9188401037804893,
    "e_e": 0.7249563707452459,
    "e_s": 0.853763782036627,
    "e_m": 0.4068269493699766
  }
}