{
  "dataset_id": "ds003478:sub-086:rest_Rest_run-01",
  "subject": "sub-086",
  "session": null,
  "coverage": {
    "epochs": 124,
    "seconds": 496.0
  },
  "artifacts": {
    "methods": [
      "none"
    ],
    "bad_eeg_channels": [],
    "n_bad_eeg_channels": 0,
    "stem_collisions": {}
  },
  "ensemble": {
    "var_by_subcoord": {
      "m_a": 0.027879443019628525,
      "m_e": 0.003943705931305885,
      "m_o": 0.001779784681275487,
      "d_n": 0.004602652043104172,
      "d_l": 0.0029535642825067043,
      "d_s": 0.0011670789681375027,
      "e_e": 2.583968737764064e-13,
      "e_s": 0.019429782405495644,
      "e_m": 0.0
    },
    "var_mean": 0.006861779036856924,
    "var_max": 0.027879443019628525
  },
  "reliability": {
    "axes": {
      "m": 0.6792348115325566,
      "d": 0.8823981407650673,
      "e": 0.6222465366834122
    },
    "subcoords": {
      "m_a": 0.6591332718457266,
      "m_e": 0.8191358825081848,
      "m_o": 0.8070984353788571,
      "d_n": 0.6832706033952155,
      "d_l": 0.8321293806545215,
      "d_s": 0.9188401037804893,
      "e_e": 0.7249563707452459,
      "e_s": 0.853763782036627,
      "e_m": 0.4068269493699766
    }
  },
  "dist_summary": {
    "axes": {
      "m": {
        "n": 124,
        "nan_frac": 0.0,
        "mean": -0.07214400748700663,
        "median": -0.11557791382074356,
        "std": 0.48716035825659576,
        "iqr": 0.5660933144390583,
        "mad": 0.2861376479268074,
        "mad_sigma": 0.42422767681628465,
        "skewness": 0.2100290150851891,
        "kurtosis_excess": 1.0435524930746158,
        "delta_mean_median": 0.043433906333736935
      },
      "d": {
        "n": 124,
        "nan_frac": 0.0,
        "mean": 0.3132392929072657,
        "median": 0.15330221503973007,
        "std": 0.8989488590474458,
        "iqr": 1.5223909988999367,
        "mad": 0.6970770284533501,
        "mad_sigma": 1.0334864023849368,
        "skewness": 0.44176446413522025,
        "kurtosis_excess": -1.0163925158909133,
        "delta_mean_median": 0.15993707786753564
      },
      "e": {
        "n": 124,
        "nan_frac": 0.0,
        "mean": 0.23610592429946747,
        "median": 0.29271185398101807,
        "std": 0.4101320228183687,
        "iqr": 0.5603037178516388,
        "mad": 0.28587815631181,
        "mad_sigma": 0.4238429545478895,
        "skewness": -0.2654332968292171,
        "kurtosis_excess": -0.2131183315693006,
        "delta_mean_median": -0.05660592968155059
      }
    },
    "subcoords": {
      "m_a": {
        "n": 124,
        "nan_frac": 0.0,
        "mean": -0.14709237692577223,
        "median": 0.038350410759449005,
        "std": 0.903824176262128,
        "iqr": 1.3306442648172379,
        "mad": 0.5780148431658745,
        "mad_sigma": 0.8569648064777254,
        "skewness": -0.5606591675003977,
        "kurtosis_excess": -0.008732005274312282,
        "delta_mean_median": -0.18544278768522124
      },
      "m_e": {
        "n": 124,
        "nan_frac": 0.0,
        "mean": -0.1252515916618699,
        "median": -0.07695069536566734,
        "std": 0.36097351285032026,
        "iqr": 0.5525109395384789,
        "mad": 0.25234974548220634,
        "mad_sigma": 0.3741337326519191,
        "skewness": -0.15375413941219154,
        "kurtosis_excess": -0.7967843877839176,
        "delta_mean_median": -0.048300896296202545
      },
      "m_o": {
        "n": 124,
        "nan_frac": 0.0,
        "mean": 0.09602747246014676,
        "median": 0.029183984734117985,
        "std": 0.8268946167734831,
        "iqr": 1.2910512834787369,
        "mad": 0.6631171116605401,
        "mad_sigma": 0.9831374297479167,
        "skewness": 0.4478929915334887,
        "kurtosis_excess": -0.37402061983909274,
        "delta_mean_median": 0.06684348772602877
      },
      "d_n": {
        "n": 124,
        "nan_frac": 0.0,
        "mean": -0.037472155666159045,
        "median": -0.09887906163930893,
        "std": 0.6392111022990121,
        "iqr": 0.6604510359466076,
        "mad": 0.330238401889801,
        "mad_sigma": 0.489611454641819,
        "skewness": 1.2456491310853413,
        "kurtosis_excess": 4.344082619923355,
        "delta_mean_median": 0.061406905973149885
      },
      "d_l": {
        "n": 124,
        "nan_frac": 0.0,
        "mean": 0.4827714919022495,
        "median": -0.008761398494243622,
        "std": 1.307091889237691,
        "iqr": 2.132008910179138,
        "mad": 0.7853352501988411,
        "mad_sigma": 1.1643380419448017,
        "skewness": 0.6953410154069091,
        "kurtosis_excess": -0.7588718318960712,
        "delta_mean_median": 0.4915328903964931
      },
      "d_s": {
        "n": 124,
        "nan_frac": 0.0,
        "mean": 0.4430225847228881,
        "median": 0.08075148984789848,
        "std": 1.3991779841912106,
        "iqr": 2.3106182366609573,
        "mad": 1.0241716802120209,
        "mad_sigma": 1.518436933082342,
        "skewness": 0.4042125801444832,
        "kurtosis_excess": -1.0581174731277014,
        "delta_mean_median": 0.3622710948749896
      },
      "e_e": {
        "n": 124,
        "nan_frac": 0.0,
        "mean": 0.08413035004219462,
        "median": 0.0,
        "std": 0.9630512901934567,
        "iqr": 1.3533907383680344,
        "mad": 0.6744906902313232,
        "mad_sigma": 0.9999998973369598,
        "skewness": -0.20011792889139773,
        "kurtosis_excess": 0.05041042161868958,
        "delta_mean_median": 0.08413035004219462
      },
      "e_s": {
        "n": 124,
        "nan_frac": 0.0,
        "mean": 0.4175353568167456,
        "median": 0.37917453050613403,
        "std": 0.6589599909440423,
        "iqr": 0.9700841456651688,
        "mad": 0.49003228545188904,
        "mad_sigma": 0.7265218664109706,
        "skewness": 0.3643937904140055,
        "kurtosis_excess": -0.09421918361061632,
        "delta_mean_median": 0.03836082631061155
      },
      "e_m": {
        "n": 124,
        "nan_frac": 0.0,
        "mean": 0.7925395628722806,
        "median": 1.317821443080902e-07,
        "std": 2.262055891230217,
        "iqr": 1.4954806417226791,
        "mad": 0.6744908220134676,
        "mad_sigma": 1.0000000927171668,
        "skewness": 1.3454983973087955,
        "kurtosis_excess": 0.6818500511926322,
        "delta_mean_median": 0.7925394310901362
      }
    }
  },
  "entropy_provisional": {},
  "tau_summary": {
    "axes": {
      "m": {
        "tau_sec": 8.0,
        "dt_sec": 4.0,
        "max_lag_sec": 60.0,
        "threshold": 0.36787944117144233,
        "nan_frac": 0.0,
        "nan_policy": "strict"
      },
      "d": {
        "tau_sec": 32.0,
        "dt_sec": 4.0,
        "max_lag_sec": 60.0,
        "threshold": 0.36787944117144233,
        "nan_frac": 0.0,
        "nan_policy": "strict"
      },
      "e": {
        "tau_sec": 8.0,
        "dt_sec": 4.0,
        "max_lag_sec": 60.0,
        "threshold": 0.36787944117144233,
        "nan_frac": 0.0,
        "nan_policy": "strict"
      }
    },
    "subcoords": {
      "m_a": {
        "tau_sec": 8.0,
        "dt_sec": 4.0,
        "max_lag_sec": 60.0,
        "threshold": 0.36787944117144233,
        "nan_frac": 0.0,
        "nan_policy": "strict"
      },
      "m_e": {
        "tau_sec": 24.0,
        "dt_sec": 4.0,
        "max_lag_sec": 60.0,
        "threshold": 0.36787944117144233,
        "nan_frac": 0.0,
        "nan_policy": "strict"
      },
      "m_o": {
        "tau_sec": 16.0,
        "dt_sec": 4.0,
        "max_lag_sec": 60.0,
        "threshold": 0.36787944117144233,
        "nan_frac": 0.0,
        "nan_policy": "strict"
      },
      "d_n": {
        "tau_sec": 8.0,
        "dt_sec": 4.0,
        "max_lag_sec": 60.0,
        "threshold": 0.36787944117144233,
        "nan_frac": 0.0,
        "nan_policy": "strict"
      },
      "d_l": {
        "tau_sec": 24.0,
        "dt_sec": 4.0,
        "max_lag_sec": 60.0,
        "threshold": 0.36787944117144233,
        "nan_frac": 0.0,