{
  "dataset_id": "ds003478:sub-060:rest_Rest_run-01",
  "subject": "sub-060",
  "session": null,
  "reliability_axes": {
    "m": 0.38403169005623566,
    "d": 0.8722785559084197,
    "e": 0.5385795391592784
  },
  "reliability_subcoords": {
    "m_a": 0.5676576583629399,
    "m_e": 0.5124642073480652,
    "m_o": 0.5296865275948223,
    "d_n": 0.5605529331878282,
    "d_l": 0.8129302380351308,
    "d_s": 0.8878870910608828,
    "e_e": 0.7610500936879392,
    "e_s": 0.6626376709042977,
    "e_m": 0.43952901758090307
  }
}