{
  "dataset_id": "ds003478:sub-060:rest_Rest_run-01",
  "subject": "sub-060",
  "session": null,
  "coverage": {
    "epochs": 123,
    "seconds": 492.0
  },
  "artifacts": {
    "methods": [
      "none"
    ],
    "bad_eeg_channels": [],
    "n_bad_eeg_channels": 0,
    "stem_collisions": {}
  },
  "ensemble": {
    "var_by_subcoord": {
      "m_a": 0.00566108338534832,
      "m_e": 0.0032135704532265663,
      "m_o": 0.005669480189681053,
      "d_n": 0.00169331522192806,
      "d_l": 0.006892106495797634,
      "d_s": 0.0007158098160289228,
      "e_e": 0.0,
      "e_s": 0.016521811485290527,
      "e_m": 0.0
    },
    "var_mean": 0.004485241894144565,
    "var_max": 0.016521811485290527
  },
  "reliability": {
    "axes": {
      "m": 0.38403169005623566,
      "d": 0.8722785559084197,
      "e": 0.5385795391592784
    },
    "subcoords": {
      "m_a": 0.5676576583629399,
      "m_e": 0.5124642073480652,
      "m_o": 0.5296865275948223,
      "d_n": 0.5605529331878282,
      "d_l": 0.8129302380351308,
      "d_s": 0.8878870910608828,
      "e_e": 0.7610500936879392,
      "e_s": 0.6626376709042977,
      "e_m": 0.43952901758090307
    }
  },
  "dist_summary": {
    "axes": {
      "m": {
        "n": 123,
        "nan_frac": 0.0,
        "mean": -0.0810507607297987,
        "median": -0.05805674195289612,
        "std": 0.453897410057799,
        "iqr": 0.5111400410532951,
        "mad": 0.26318685710430145,
        "mad_sigma": 0.3902008343428373,
        "skewness": 0.43239618979182276,
        "kurtosis_excess": 2.1025135246970548,
        "delta_mean_median": -0.022994018776902575
      },
      "d": {
        "n": 123,
        "nan_frac": 0.0,
        "mean": 0.6340155311695489,
        "median": 0.2051515132188797,
        "std": 1.063213576791788,
        "iqr": 1.5425462126731873,
        "mad": 0.6426997631788254,
        "mad_sigma": 0.9528666688889265,
        "skewness": 0.7645702075410958,
        "kurtosis_excess": -0.46295602192259144,
        "delta_mean_median": 0.4288640179506692
      },
      "e": {
        "n": 123,
        "nan_frac": 0.0,
        "mean": 0.09521509457485584,
        "median": 0.09999851882457733,
        "std": 0.36145326033494696,
        "iqr": 0.468811959028244,
        "mad": 0.23535852134227753,
        "mad_sigma": 0.34894254374206063,
        "skewness": -0.5132588704505715,
        "kurtosis_excess": 0.20330017038154935,
        "delta_mean_median": -0.004783424249721488
      }
    },
    "subcoords": {
      "m_a": {
        "n": 123,
        "nan_frac": 0.0,
        "mean": -0.24250048391021242,
        "median": -0.2567247450351715,
        "std": 0.9044922955905929,
        "iqr": 1.0303625762462616,
        "mad": 0.5121230483055115,
        "mad_sigma": 0.7592736314177513,
        "skewness": 0.49046635318770787,
        "kurtosis_excess": 1.0131193559929637,
        "delta_mean_median": 0.014224261124959087
      },
      "m_e": {
        "n": 123,
        "nan_frac": 0.0,
        "mean": -0.0057207578073853885,
        "median": 0.024775564670562744,
        "std": 0.34847034404393923,
        "iqr": 0.4690069556236267,
        "mad": 0.2396186888217926,
        "mad_sigma": 0.3552586680471897,
        "skewness": -0.10228092277740065,
        "kurtosis_excess": -0.3974593927758696,
        "delta_mean_median": -0.030496322477948132
      },
      "m_o": {
        "n": 123,
        "nan_frac": 0.0,
        "mean": 0.049321079263236464,
        "median": 0.02863047644495964,
        "std": 0.7427465800538504,
        "iqr": 0.9868513643741608,
        "mad": 0.4934826008975506,
        "mad_sigma": 0.7316373040907085,
        "skewness": 0.15910417439432575,
        "kurtosis_excess": 0.06825629149337509,
        "delta_mean_median": 0.020690602818276824
      },
      "d_n": {
        "n": 123,
        "nan_frac": 0.0,
        "mean": 0.13172998079439488,
        "median": 0.08367548882961273,
        "std": 0.6388185274923633,
        "iqr": 0.7842660993337631,
        "mad": 0.391573891043663,
        "mad_sigma": 0.5805474508613347,
        "skewness": 0.672978221005584,
        "kurtosis_excess": 0.25413892766432156,
        "delta_mean_median": 0.04805449196478215
      },
      "d_l": {
        "n": 123,
        "nan_frac": 0.0,
        "mean": 0.8998967532942316,
        "median": 0.24747109413146973,
        "std": 1.6180994529913557,
        "iqr": 2.174201726913452,
        "mad": 0.7524179220199585,
        "mad_sigma": 1.1155348111867904,
        "skewness": 1.1558171668737602,
        "kurtosis_excess": 0.5581157120924849,
        "delta_mean_median": 0.6524256591627619
      },
      "d_s": {
        "n": 123,
        "nan_frac": 0.0,
        "mean": 0.7523018812942432,
        "median": 0.21843187510967255,
        "std": 1.4178314084059935,
        "iqr": 2.6529688835144043,
        "mad": 0.9324255436658859,
        "mad_sigma": 1.3824141110390424,
        "skewness": 0.48190154745035146,
        "kurtosis_excess": -1.245768701635507,
        "delta_mean_median": 0.5338700061845707
      },
      "e_e": {
        "n": 123,
        "nan_frac": 0.0,
        "mean": -0.07237379449018376,
        "median": 0.0,
        "std": 0.9545058725715948,
        "iqr": 1.2904765605926514,
        "mad": 0.674490749835968,
        "mad_sigma": 0.9999999857068061,
        "skewness": -0.6716918426854199,
        "kurtosis_excess": 0.15952563429869793,
        "delta_mean_median": -0.07237379449018376
      },
      "e_s": {
        "n": 123,
        "nan_frac": 0.0,
        "mean": 0.3423337795264353,
        "median": 0.1375054121017456,
        "std": 0.8187031701332795,
        "iqr": 1.148187667131424,
        "mad": 0.5293326377868652,
        "mad_sigma": 0.7847885687828063,
        "skewness": 0.6922637004019979,
        "kurtosis_excess": -0.4635876772818599,
        "delta_mean_median": 0.20482836742468968
      },
      "e_m": {
        "n": 123,
        "nan_frac": 0.0,
        "mean": -0.26355217091125865,
        "median": 0.0,
        "std": 1.2985607162644703,
        "iqr": 1.3542686104774475,
        "mad": 0.674490749835968,
        "mad_sigma": 0.9999999857068061,
        "skewness": -1.2297296353619076,
        "kurtosis_excess": 2.2163503014707393,
        "delta_mean_median": -0.26355217091125865
      }
    }
  },
  "entropy_provisional": {},
  "tau_summary": {
    "axes": {
      "m": {
        "tau_sec": 8.0,
        "dt_sec": 4.0,
        "max_lag_sec": 60.0,
        "threshold": 0.36787944117144233,
        "nan_frac": 0.0,
        "nan_policy": "strict"
      },
      "d": {
        "tau_sec": 32.0,
        "dt_sec": 4.0,
        "max_lag_sec": 60.0,
        "threshold": 0.36787944117144233,
        "nan_frac": 0.0,
        "nan_policy": "strict"
      },
      "e": {
        "tau_sec": 8.0,
        "dt_sec": 4.0,
        "max_lag_sec": 60.0,
        "threshold": 0.36787944117144233,
        "nan_frac": 0.0,
        "nan_policy": "strict"
      }
    },
    "subcoords": {
      "m_a": {
        "tau_sec": 8.0,
        "dt_sec": 4.0,
        "max_lag_sec": 60.0,
        "threshold": 0.36787944117144233,
        "nan_frac": 0.0,
        "nan_policy": "strict"
      },
      "m_e": {
        "tau_sec": 8.0,
        "dt_sec": 4.0,
        "max_lag_sec": 60.0,
        "threshold": 0.36787944117144233,
        "nan_frac": 0.0,
        "nan_policy": "strict"
      },
      "m_o": {
        "tau_sec": 8.0,
        "dt_sec": 4.0,
        "max_lag_sec": 60.0,
        "threshold": 0.36787944117144233,
        "nan_frac": 0.0,
        "nan_policy": "strict"
      },
      "d_n": {
        "tau_sec": 8.0,
        "dt_sec": 4.0,
        "max_lag_sec": 60.0,
        "threshold": 0.36787944117144233,
        "nan_frac": 0.0,
        "nan_policy": "strict"
      },
      "d_l": {
        "tau_sec": 24.0,
        "dt_sec": 4.0,
        "max_lag_sec": 60.0,
        "threshold": 0.36787944117144233,
        "nan_frac": 0.0,
        "nan_policy": "strict"
      },