{
  "dataset_id": "ds003478:sub-045:rest_Rest_run-02",
  "subject": "sub-045",
  "session": null,
  "reliability_axes": {
    "m": 0.45228299033975733,
    "d": 0.7930963850159278,
    "e": 0.5810122448644369
  },
  "reliability_subcoords": {
    "m_a": 0.7448563893044376,
    "m_e": 0.589269042853115,
    "m_o": 0.661706053841862,
    "d_n": 0.587970744567056,
    "d_l": 0.8353675379550454,
    "d_s": 0.7622411081167624,
    "e_e": 0.7294001954579387,
    "e_s": 0.6214987593197732,
    "e_m": 0.6691068606865532
  }
}