{
  "dataset_id": "ds003478:sub-045:rest_Rest_run-02",
  "subject": "sub-045",
  "session": null,
  "coverage": {
    "epochs": 40,
    "seconds": 160.0
  },
  "artifacts": {
    "methods": [
      "none"
    ],
    "bad_eeg_channels": [
      "CZ"
    ],
    "n_bad_eeg_channels": 1,
    "stem_collisions": {}
  },
  "ensemble": {
    "var_by_subcoord": {
      "m_a": 0.007066105492413044,
      "m_e": 0.019331958144903183,
      "m_o": 0.005115237087011337,
      "d_n": 0.008194340392947197,
      "d_l": 0.03944823145866394,
      "d_s": 0.015206356532871723,
      "e_e": 4.955411081475347e-14,
      "e_s": 0.011132686398923397,
      "e_m": 0.0
    },
    "var_mean": 0.011721657278642598,
    "var_max": 0.03944823145866394
  },
  "reliability": {
    "axes": {
      "m": 0.45228299033975733,
      "d": 0.7930963850159278,
      "e": 0.5810122448644369
    },
    "subcoords": {
      "m_a": 0.7448563893044376,
      "m_e": 0.589269042853115,
      "m_o": 0.661706053841862,
      "d_n": 0.587970744567056,
      "d_l": 0.8353675379550454,
      "d_s": 0.7622411081167624,
      "e_e": 0.7294001954579387,
      "e_s": 0.6214987593197732,
      "e_m": 0.6691068606865532
    }
  },
  "dist_summary": {
    "axes": {
      "m": {
        "n": 40,
        "nan_frac": 0.0,
        "mean": 0.06988419527478981,
        "median": 0.09142829105257988,
        "std": 0.44131056837048477,
        "iqr": 0.5077324621379375,
        "mad": 0.25127265602350235,
        "mad_sigma": 0.37253683982044455,
        "skewness": 0.5218938533686316,
        "kurtosis_excess": 1.2928463318833154,
        "delta_mean_median": -0.021544095777790068
      },
      "d": {
        "n": 40,
        "nan_frac": 0.0,
        "mean": 0.5065069537609815,
        "median": 0.11301629990339279,
        "std": 1.0302287450646057,
        "iqr": 1.7803034707903862,
        "mad": 0.7441966831684113,
        "mad_sigma": 1.1033460024654864,
        "skewness": 0.37225759404788544,
        "kurtosis_excess": -1.322602536856732,
        "delta_mean_median": 0.39349065385758875
      },
      "e": {
        "n": 40,
        "nan_frac": 0.0,
        "mean": 0.036169482133118436,
        "median": -0.004584421985782683,
        "std": 0.4789163124898133,
        "iqr": 0.6259383745491505,
        "mad": 0.33788996934890747,
        "mad_sigma": 0.5009556685566902,
        "skewness": -0.23029083674936598,
        "kurtosis_excess": -0.4972442419791836,
        "delta_mean_median": 0.04075390411890112
      }
    },
    "subcoords": {
      "m_a": {
        "n": 40,
        "nan_frac": 0.0,
        "mean": 0.05021166754886508,
        "median": 0.03597787208855152,
        "std": 0.7144308605047144,
        "iqr": 1.3521009683609009,
        "mad": 0.6824868600815535,
        "mad_sigma": 1.011855018756911,
        "skewness": -0.10796761017779377,
        "kurtosis_excess": -1.2541132662411603,
        "delta_mean_median": 0.014233795460313559
      },
      "m_e": {
        "n": 40,
        "nan_frac": 0.0,
        "mean": 0.1111524386331439,
        "median": 0.11953666061162949,
        "std": 0.4347484069915821,
        "iqr": 0.7682286202907562,
        "mad": 0.3900308981537819,
        "mad_sigma": 0.578259809602797,
        "skewness": 0.3336142327048422,
        "kurtosis_excess": -0.8905063871922021,
        "delta_mean_median": -0.008384221978485581
      },
      "m_o": {
        "n": 40,
        "nan_frac": 0.0,
        "mean": 0.046549627324566245,
        "median": -0.16743359714746475,
        "std": 0.8606105413303892,
        "iqr": 1.3304510116577148,
        "mad": 0.6212229952216148,
        "mad_sigma": 0.9210252127155661,
        "skewness": 0.7459265697798858,
        "kurtosis_excess": -0.2209646290601368,
        "delta_mean_median": 0.213983224472031
      },
      "d_n": {
        "n": 40,
        "nan_frac": 0.0,
        "mean": -0.019522004388272764,
        "median": -0.08972001075744629,
        "std": 0.9345732638346499,
        "iqr": 0.535463709384203,
        "mad": 0.28544866293668747,
        "mad_sigma": 0.42320618766993284,
        "skewness": 2.503017260482234,
        "kurtosis_excess": 10.729250289747508,
        "delta_mean_median": 0.07019800636917353
      },
      "d_l": {
        "n": 40,
        "nan_frac": 0.0,
        "mean": 0.8054309798404574,
        "median": -0.0021285302937030792,
        "std": 1.4818485117525466,
        "iqr": 2.565759375691414,
        "mad": 0.6452029459178448,
        "mad_sigma": 0.9565778876177966,
        "skewness": 0.6030461745884409,
        "kurtosis_excess": -1.220298154989343,
        "delta_mean_median": 0.8075595101341605
      },
      "d_s": {
        "n": 40,
        "nan_frac": 0.0,
        "mean": 0.5704240780323744,
        "median": 0.5142426937818527,
        "std": 1.4817875236084792,
        "iqr": 2.6331230103969574,
        "mad": 1.4064265489578247,
        "mad_sigma": 2.085168001484871,
        "skewness": 0.30703423961180293,
        "kurtosis_excess": -1.249673103973744,
        "delta_mean_median": 0.05618138425052166
      },
      "e_e": {
        "n": 40,
        "nan_frac": 0.0,
        "mean": -0.15447941347956656,
        "median": 0.0,
        "std": 0.9955904924675081,
        "iqr": 1.3997704833745956,
        "mad": 0.6744906902313232,
        "mad_sigma": 0.9999998973369598,
        "skewness": -0.13746873092112605,
        "kurtosis_excess": -0.6153556772499837,
        "delta_mean_median": -0.15447941347956656
      },
      "e_s": {
        "n": 40,
        "nan_frac": 0.0,
        "mean": 0.31361132971942424,
        "median": 0.3633023798465729,
        "std": 0.5888108695995103,
        "iqr": 0.7680422812700272,
        "mad": 0.4126453548669815,
        "mad_sigma": 0.6117880031257867,
        "skewness": -0.0799450595960021,
        "kurtosis_excess": -0.7665330515108915,
        "delta_mean_median": -0.04969105012714864
      },
      "e_m": {
        "n": 40,
        "nan_frac": 0.0,
        "mean": -0.2959099139086902,
        "median": 4.3585896492004395e-07,
        "std": 1.4204979056434512,
        "iqr": 1.2830877527594566,
        "mad": 0.6744903437793255,
        "mad_sigma": 0.999999383687228,
        "skewness": -0.7748552556791815,
        "kurtosis_excess": 0.11100647371765326,
        "delta_mean_median": -0.2959103497676551
      }
    }
  },
  "entropy_provisional": {},
  "tau_summary": {
    "axes": {
      "m": {
        "tau_sec": 4.0,
        "dt_sec": 4.0,
        "max_lag_sec": 60.0,
        "threshold": 0.36787944117144233,
        "nan_frac": 0.0,
        "nan_policy": "strict"
      },
      "d": {
        "tau_sec": 32.0,
        "dt_sec": 4.0,
        "max_lag_sec": 60.0,
        "threshold": 0.36787944117144233,
        "nan_frac": 0.0,
        "nan_policy": "strict"
      },
      "e": {
        "tau_sec": 8.0,
        "dt_sec": 4.0,
        "max_lag_sec": 60.0,
        "threshold": 0.36787944117144233,
        "nan_frac": 0.0,
        "nan_policy": "strict"
      }
    },
    "subcoords": {
      "m_a": {
        "tau_sec": 12.0,
        "dt_sec": 4.0,
        "max_lag_sec": 60.0,
        "threshold": 0.36787944117144233,
        "nan_frac": 0.0,
        "nan_policy": "strict"
      },
      "m_e": {
        "tau_sec": 8.0,
        "dt_sec": 4.0,
        "max_lag_sec": 60.0,
        "threshold": 0.36787944117144233,
        "nan_frac": 0.0,
        "nan_policy": "strict"
      },
      "m_o": {
        "tau_sec": 8.0,
        "dt_sec": 4.0,
        "max_lag_sec": 60.0,
        "threshold": 0.36787944117144233,
        "nan_frac": 0.0,
        "nan_policy": "strict"
      },
      "d_n": {
        "tau_sec": 4.0,
        "dt_sec": 4.0,
        "max_lag_sec": 60.0,
        "threshold": 0.36787944117144233,
        "nan_frac": 0.0,
        "nan_policy": "strict"
      },
      "d_l": {
        "tau_sec": 28.0,
        "dt_sec": 4.0,
        "max_lag_sec": 60.0,
        "threshold": 0.36787944117144233,
        "nan_frac": 0.0,