{
  "dataset_id": "ds003478:sub-094:rest_Rest_run-01",
  "subject": "sub-094",
  "session": null,
  "reliability_axes": {
    "m": 0.7845203347390467,
    "d": 0.8829212742552073,
    "e": 0.7547552816099288
  },
  "reliability_subcoords": {
    "m_a": 0.9247231746570331,
    "m_e": 0.8633012321373725,
    "m_o": 0.8433803829103859,
    "d_n": 0.7465296777442871,
    "d_l": 0.886231012565407,
    "d_s": 0.8839851013734492,
    "e_e": 0.8441110250185454,
    "e_s": 0.6566832890909241,
    "e_m": 0.708361419170522
  }
}