{
  "dataset_id": "ds003478:sub-094:rest_Rest_run-01",
  "subject": "sub-094",
  "session": null,
  "coverage": {
    "epochs": 126,
    "seconds": 504.0
  },
  "artifacts": {
    "methods": [
      "none"
    ],
    "bad_eeg_channels": [],
    "n_bad_eeg_channels": 0,
    "stem_collisions": {}
  },
  "ensemble": {
    "var_by_subcoord": {
      "m_a": 0.010926930233836174,
      "m_e": 0.002482237294316292,
      "m_o": 0.0028020150493830442,
      "d_n": 0.014149109832942486,
      "d_l": 0.07482949644327164,
      "d_s": 0.03289465978741646,
      "e_e": 1.7459337198644925e-13,
      "e_s": 0.005490319803357124,
      "e_m": 0.0
    },
    "var_mean": 0.015952752049410865,
    "var_max": 0.07482949644327164
  },
  "reliability": {
    "axes": {
      "m": 0.7845203347390467,
      "d": 0.8829212742552073,
      "e": 0.7547552816099288
    },
    "subcoords": {
      "m_a": 0.9247231746570331,
      "m_e": 0.8633012321373725,
      "m_o": 0.8433803829103859,
      "d_n": 0.7465296777442871,
      "d_l": 0.886231012565407,
      "d_s": 0.8839851013734492,
      "e_e": 0.8441110250185454,
      "e_s": 0.6566832890909241,
      "e_m": 0.708361419170522
    }
  },
  "dist_summary": {
    "axes": {
      "m": {
        "n": 126,
        "nan_frac": 0.0,
        "mean": -0.027014130329166258,
        "median": -0.0565540436655283,
        "std": 0.4101026740202232,
        "iqr": 0.3152062389999628,
        "mad": 0.16263255290687084,
        "mad_sigma": 0.2411190229397267,
        "skewness": -0.45301716447696433,
        "kurtosis_excess": 4.565574738366702,
        "delta_mean_median": 0.02953991333636204
      },
      "d": {
        "n": 126,
        "nan_frac": 0.0,
        "mean": 0.6678775677287448,
        "median": 0.3835293799638748,
        "std": 1.1836212740573653,
        "iqr": 2.3068246841430664,
        "mad": 1.012406513094902,
        "mad_sigma": 1.5009938963145018,
        "skewness": 0.2984699467249701,
        "kurtosis_excess": -1.2931057875020953,
        "delta_mean_median": 0.28434818776487003
      },
      "e": {
        "n": 126,
        "nan_frac": 0.0,
        "mean": 0.3190915849843314,
        "median": 0.2842281758785248,
        "std": 0.5416877999835621,
        "iqr": 0.5766656717751175,
        "mad": 0.28726795222610235,
        "mad_sigma": 0.42590346597041934,
        "skewness": 0.46602536689023927,
        "kurtosis_excess": 1.7245837044321295,
        "delta_mean_median": 0.0348634091058066
      }
    },
    "subcoords": {
      "m_a": {
        "n": 126,
        "nan_frac": 0.0,
        "mean": -0.054696269462712936,
        "median": 0.18223228305578232,
        "std": 0.9184687839718305,
        "iqr": 1.0946262776851654,
        "mad": 0.4875606298446655,
        "mad_sigma": 0.7228573898077011,
        "skewness": -3.666605405411235,
        "kurtosis_excess": 20.51424507951235,
        "delta_mean_median": -0.23692855251849526
      },
      "m_e": {
        "n": 126,
        "nan_frac": 0.0,
        "mean": -0.1334389804038755,
        "median": -0.07309473678469658,
        "std": 0.39625618672906077,
        "iqr": 0.4890516847372055,
        "mad": 0.24993102252483368,
        "mad_sigma": 0.3705477339953184,
        "skewness": -1.4740886042408603,
        "kurtosis_excess": 5.758265058413672,
        "delta_mean_median": -0.06034424361917892
      },
      "m_o": {
        "n": 126,
        "nan_frac": 0.0,
        "mean": 0.14120052445916428,
        "median": -0.0635052677243948,
        "std": 0.9592712575723588,
        "iqr": 1.0077271685004234,
        "mad": 0.49328307807445526,
        "mad_sigma": 0.7313414915531873,
        "skewness": 1.5177309303483106,
        "kurtosis_excess": 3.8245779817567627,
        "delta_mean_median": 0.20470579218355908
      },
      "d_n": {
        "n": 126,
        "nan_frac": 0.0,
        "mean": 0.11567938234657049,
        "median": -0.13958892226219177,
        "std": 0.9814145373750309,
        "iqr": 0.6579535529017448,
        "mad": 0.28689680993556976,
        "mad_sigma": 0.4253532104104757,
        "skewness": 3.056837734418212,
        "kurtosis_excess": 12.921462411487667,
        "delta_mean_median": 0.25526830460876226
      },
      "d_l": {
        "n": 126,
        "nan_frac": 0.0,
        "mean": 0.9161555728032476,
        "median": 0.22273896634578705,
        "std": 1.6214310524868667,
        "iqr": 3.2195129990577698,
        "mad": 1.0137082487344742,
        "mad_sigma": 1.5029238495737314,
        "skewness": 0.36909549869690306,
        "kurtosis_excess": -1.5781509529569664,
        "delta_mean_median": 0.6934166064574605
      },
      "d_s": {
        "n": 126,
        "nan_frac": 0.0,
        "mean": 0.9268458897159213,
        "median": 0.4994586259126663,
        "std": 1.724499550523163,
        "iqr": 3.2910410314798355,
        "mad": 1.4902226626873016,
        "mad_sigma": 2.2094041197001935,
        "skewness": 0.23775478861933536,
        "kurtosis_excess": -1.4708428152368185,
        "delta_mean_median": 0.427387263803255
      },
      "e_e": {
        "n": 126,
        "nan_frac": 0.0,
        "mean": 0.06471154586012874,
        "median": -1.4510005712509155e-06,
        "std": 1.0797629408282619,
        "iqr": 1.291477620601654,
        "mad": 0.6744892988353968,
        "mad_sigma": 0.9999978344533592,
        "skewness": 0.3313538622621427,
        "kurtosis_excess": 0.7717572021268166,
        "delta_mean_median": 0.06471299686069999
      },
      "e_s": {
        "n": 126,
        "nan_frac": 0.0,
        "mean": 0.6606043404529965,
        "median": 0.687874972820282,
        "std": 0.6369240752766528,
        "iqr": 0.8694539964199066,
        "mad": 0.4532650262117386,
        "mad_sigma": 0.6720107278615236,
        "skewness": 0.20781057569423134,
        "kurtosis_excess": 0.026743427225595084,
        "delta_mean_median": -0.02727063236728544
      },
      "e_m": {
        "n": 126,
        "nan_frac": 0.0,
        "mean": 0.46859646105163155,
        "median": -5.3085386753082275e-08,
        "std": 1.095542310085236,
        "iqr": 1.935062125325203,
        "mad": 0.6744906669482589,
        "mad_sigma": 0.9999998628174885,
        "skewness": 0.6386594392881279,
        "kurtosis_excess": -0.8501618810051288,
        "delta_mean_median": 0.4685965141370183
      }
    }
  },
  "entropy_provisional": {},
  "tau_summary": {
    "axes": {
      "m": {
        "tau_sec": 8.0,
        "dt_sec": 4.0,
        "max_lag_sec": 60.0,
        "threshold": 0.36787944117144233,
        "nan_frac": 0.0,
        "nan_policy": "strict"
      },
      "d": {
        "tau_sec": 28.0,
        "dt_sec": 4.0,
        "max_lag_sec": 60.0,
        "threshold": 0.36787944117144233,
        "nan_frac": 0.0,
        "nan_policy": "strict"
      },
      "e": {
        "tau_sec": 8.0,
        "dt_sec": 4.0,
        "max_lag_sec": 60.0,
        "threshold": 0.36787944117144233,
        "nan_frac": 0.0,
        "nan_policy": "strict"
      }
    },
    "subcoords": {
      "m_a": {
        "tau_sec": 8.0,
        "dt_sec": 4.0,
        "max_lag_sec": 60.0,
        "threshold": 0.36787944117144233,
        "nan_frac": 0.0,
        "nan_policy": "strict"
      },
      "m_e": {
        "tau_sec": 8.0,
        "dt_sec": 4.0,
        "max_lag_sec": 60.0,
        "threshold": 0.36787944117144233,
        "nan_frac": 0.0,
        "nan_policy": "strict"
      },
      "m_o": {
        "tau_sec": 8.0,
        "dt_sec": 4.0,
        "max_lag_sec": 60.0,
        "threshold": 0.36787944117144233,
        "nan_frac": 0.0,
        "nan_policy": "strict"
      },
      "d_n": {
        "tau_sec": 8.0,
        "dt_sec": 4.0,
        "max_lag_sec": 60.0,
        "threshold": 0.36787944117144233,
        "nan_frac": 0.0,
        "nan_policy": "strict"
      },
      "d_l": {
        "tau_sec": 32.0,
        "dt_sec": 4.0,
        "max_lag_sec": 60.0,
        "threshold": 0.36787944117144233,
        "nan_frac": 0.0,