{
  "dataset_id": "ds003478:sub-002:rest_Rest_run-01",
  "subject": "sub-002",
  "session": null,
  "coverage": {
    "epochs": 121,
    "seconds": 484.0
  },
  "artifacts": {
    "methods": [
      "none"
    ],
    "bad_eeg_channels": [],
    "n_bad_eeg_channels": 0,
    "stem_collisions": {}
  },
  "ensemble": {
    "var_by_subcoord": {
      "m_a": 0.005297117866575718,
      "m_e": 0.0011317444732412696,
      "m_o": 0.0007762241293676198,
      "d_n": 0.02203078754246235,
      "d_l": 0.008431154303252697,
      "d_s": 0.006250964477658272,
      "e_e": 0.0,
      "e_s": 0.0001202968560392037,
      "e_m": 0.0
    },
    "var_mean": 0.00489314329428857,
    "var_max": 0.02203078754246235
  },
  "reliability": {
    "axes": {
      "m": 0.7135714593159659,
      "d": 0.6241353176698258,
      "e": 0.8518981133130744
    },
    "subcoords": {
      "m_a": 0.5582621174377561,
      "m_e": 0.7341033660593533,
      "m_o": 0.8056406990368714,
      "d_n": 0.5047068058092089,
      "d_l": 0.6567001700879826,
      "d_s": 0.7757826708938587,
      "e_e": 0.8376004372670416,
      "e_s": 0.6375818221116556,
      "e_m": null
    }
  },
  "dist_summary": {
    "axes": {
      "m": {
        "n": 121,
        "nan_frac": 0.0,
        "mean": 0.05343426660873181,
        "median": 0.03353670611977577,
        "std": 0.4424656416141084,
        "iqr": 0.6469583213329315,
        "mad": 0.31938743218779564,
        "mad_sigma": 0.47352380696162577,
        "skewness": -0.3482679163621189,
        "kurtosis_excess": 2.194902687731088,
        "delta_mean_median": 0.019897560488956037
      },
      "d": {
        "n": 121,
        "nan_frac": 0.0,
        "mean": 0.21309574620705868,
        "median": 0.29345524311065674,
        "std": 0.6563207566410924,
        "iqr": 0.7775501310825348,
        "mad": 0.37756919860839844,
        "mad_sigma": 0.5597840938568115,
        "skewness": 1.0495275870899476,
        "kurtosis_excess": 6.288795619602604,
        "delta_mean_median": -0.08035949690359806
      },
      "e": {
        "n": 121,
        "nan_frac": 0.0,
        "mean": 0.05495860465332743,
        "median": 0.07360019534826279,
        "std": 0.5502242153885781,
        "iqr": 0.8551241457462311,
        "mad": 0.42247893661260605,
        "mad_sigma": 0.6263672714218497,
        "skewness": 0.022266416300382428,
        "kurtosis_excess": -0.7582870361187783,
        "delta_mean_median": -0.01864159069493536
      }
    },
    "subcoords": {
      "m_a": {
        "n": 121,
        "nan_frac": 0.0,
        "mean": -0.008816742915506205,
        "median": 0.05403784289956093,
        "std": 0.7548143489875339,
        "iqr": 0.6781099140644073,
        "mad": 0.33572911843657494,
        "mad_sigma": 0.497751990994066,
        "skewness": -4.069417368336783,
        "kurtosis_excess": 30.488141565298058,
        "delta_mean_median": -0.06285458581506713
      },
      "m_e": {
        "n": 121,
        "nan_frac": 0.0,
        "mean": 0.015222248219122941,
        "median": 0.009425997734069824,
        "std": 0.30165702964148366,
        "iqr": 0.39484137296676636,
        "mad": 0.19542072713375092,
        "mad_sigma": 0.28973077004849906,
        "skewness": -2.3017164042151634,
        "kurtosis_excess": 14.282971061431567,
        "delta_mean_median": 0.005796250485053117
      },
      "m_o": {
        "n": 121,
        "nan_frac": 0.0,
        "mean": 0.1859059062486222,
        "median": 0.025537215173244476,
        "std": 1.001486302451888,
        "iqr": 1.6809577345848083,
        "mad": 0.7836352363228798,
        "mad_sigma": 1.1618176013723016,
        "skewness": 0.5684705113855757,
        "kurtosis_excess": 0.0849951523947472,
        "delta_mean_median": 0.1603686910753777
      },
      "d_n": {
        "n": 121,
        "nan_frac": 0.0,
        "mean": 0.3247082480652766,
        "median": 0.24533611536026,
        "std": 0.5937909741605443,
        "iqr": 0.45869240164756775,
        "mad": 0.22798097133636475,
        "mad_sigma": 0.33800458810329437,
        "skewness": 4.842593538385879,
        "kurtosis_excess": 37.37924060966589,
        "delta_mean_median": 0.07937213270501658
      },
      "d_l": {
        "n": 121,
        "nan_frac": 0.0,
        "mean": 0.12370408794357757,
        "median": 0.2949393689632416,
        "std": 0.9992146240983862,
        "iqr": 1.164235919713974,
        "mad": 0.5594205260276794,
        "mad_sigma": 0.8293968718886375,
        "skewness": -0.25312470777059803,
        "kurtosis_excess": 0.4253679038347533,
        "delta_mean_median": -0.171235281019664
      },
      "d_s": {
        "n": 121,
        "nan_frac": 0.0,
        "mean": 0.2755775745988877,
        "median": 0.2424805760383606,
        "std": 0.8609176273011858,
        "iqr": 1.530624806880951,
        "mad": 0.7691793441772461,
        "mad_sigma": 1.140385295677185,
        "skewness": 0.48130662433784555,
        "kurtosis_excess": -0.3498277509200398,
        "delta_mean_median": 0.03309699856052711
      },
      "e_e": {
        "n": 121,
        "nan_frac": 0.0,
        "mean": -0.180864748352569,
        "median": 0.0,
        "std": 0.9414416452008074,
        "iqr": 1.405031979084015,
        "mad": 0.6744906902313232,
        "mad_sigma": 0.9999998973369598,
        "skewness": -0.27883007641378266,
        "kurtosis_excess": -0.2511402685330175,
        "delta_mean_median": -0.180864748352569
      },
      "e_s": {
        "n": 121,
        "nan_frac": 0.0,
        "mean": 0.37852474967063954,
        "median": 0.407198965549469,
        "std": 0.6493348166509896,
        "iqr": 0.5876059830188751,
        "mad": 0.274055540561676,
        "mad_sigma": 0.40631474443674087,
        "skewness": 0.6939099704567504,
        "kurtosis_excess": 2.5171613274467237,
        "delta_mean_median": -0.028674215878829457
      },
      "e_m": {
        "n": 121,
        "nan_frac": 0.0,
        "mean": 0.049586776859504134,
        "median": 0.0,
        "std": 0.5431959247985119,
        "iqr": 0.0,
        "mad": 0.0,
        "mad_sigma": 0.0,
        "skewness": 10.863164057185788,
        "kurtosis_excess": 116.00833333333325,
        "delta_mean_median": 0.049586776859504134
      }
    }
  },
  "entropy_provisional": {
    "e_m": {
      "var": 0.29506181271771054,
      "n_unique": 2,
      "nan_frac": 0.0,
      "provisional": true
    }
  },
  "tau_summary": {
    "axes": {
      "m": {
        "tau_sec": 16.0,
        "dt_sec": 4.0,
        "max_lag_sec": 60.0,
        "threshold": 0.36787944117144233,
        "nan_frac": 0.0,
        "nan_policy": "strict"
      },
      "d": {
        "tau_sec": 8.0,
        "dt_sec": 4.0,
        "max_lag_sec": 60.0,
        "threshold": 0.36787944117144233,
        "nan_frac": 0.0,
        "nan_policy": "strict"
      },
      "e": {
        "tau_sec": 20.0,
        "dt_sec": 4.0,
        "max_lag_sec": 60.0,
        "threshold": 0.36787944117144233,
        "nan_frac": 0.0,
        "nan_policy": "strict"
      }
    },
    "subcoords": {
      "m_a": {
        "tau_sec": 4.0,
        "dt_sec": 4.0,
        "max_lag_sec": 60.0,
        "threshold": 0.36787944117144233,
        "nan_frac": 0.0,
        "nan_policy": "strict"
      },
      "m_e": {
        "tau_sec": 8.0,
        "dt_sec": 4.0,
        "max_lag_sec": 60.0,
        "threshold": 0.36787944117144233,
        "nan_frac": 0.0,
        "nan_policy": "strict"
      },
      "m_o": {
        "tau_sec": 24.0,
        "dt_sec": 4.0,
        "max_lag_sec": 60.0,
        "threshold": 0.36787944117144233,
        "nan_frac": 0.0,
        "nan_policy": "strict"
      },
      "d_n": {
        "tau_sec": 4.0,
        "dt_sec": 4.0,
        "max_lag_sec": 60.0,
        "threshold": 0.36787944117144233,
        "nan_frac": 0.0,
        "nan_policy": "strict"
      },
      "d_l": {
        "tau_sec": 8.0,
        "dt_sec": 4.0,
        "max_lag_sec": 60.0,
        "threshold": 0.36787944117144233,