{
  "dataset_id": "ds003478:sub-084:rest_Rest_run-01",
  "subject": "sub-084",
  "session": null,
  "reliability_axes": {
    "m": 0.3415290667587411,
    "d": 0.6536203783291997,
    "e": 0.6922629533803812
  },
  "reliability_subcoords": {
    "m_a": 0.33770214996713477,
    "m_e": 0.5076551163026648,
    "m_o": 0.657625058362302,
    "d_n": 0.6701729900813349,
    "d_l": 0.7259484467315253,
    "d_s": 0.6258472469732663,
    "e_e": 0.7242163844622266,
    "e_s": 0.4037870563031219,
    "e_m": 0.38193027566246635
  }
}