{
  "dataset_id": "ds003478:sub-084:rest_Rest_run-01",
  "subject": "sub-084",
  "session": null,
  "coverage": {
    "epochs": 123,
    "seconds": 492.0
  },
  "artifacts": {
    "methods": [
      "none"
    ],
    "bad_eeg_channels": [],
    "n_bad_eeg_channels": 0,
    "stem_collisions": {}
  },
  "ensemble": {
    "var_by_subcoord": {
      "m_a": 0.012031782418489456,
      "m_e": 0.0013526033144444227,
      "m_o": 0.005414326675236225,
      "d_n": 0.007356510031968355,
      "d_l": 0.0315699428319931,
      "d_s": 0.051296018064022064,
      "e_e": 0.0,
      "e_s": 0.004139035940170288,
      "e_m": 0.0
    },
    "var_mean": 0.012573357697369324,
    "var_max": 0.051296018064022064
  },
  "reliability": {
    "axes": {
      "m": 0.3415290667587411,
      "d": 0.6536203783291997,
      "e": 0.6922629533803812
    },
    "subcoords": {
      "m_a": 0.33770214996713477,
      "m_e": 0.5076551163026648,
      "m_o": 0.657625058362302,
      "d_n": 0.6701729900813349,
      "d_l": 0.7259484467315253,
      "d_s": 0.6258472469732663,
      "e_e": 0.7242163844622266,
      "e_s": 0.4037870563031219,
      "e_m": 0.38193027566246635
    }
  },
  "dist_summary": {
    "axes": {
      "m": {
        "n": 123,
        "nan_frac": 0.0,
        "mean": -0.18095612003679987,
        "median": -0.14270024001598358,
        "std": 0.5315170034405626,
        "iqr": 0.7191900312900543,
        "mad": 0.36796341836452484,
        "mad_sigma": 0.5455425640672446,
        "skewness": -0.17049914664809207,
        "kurtosis_excess": -0.4712455705288656,
        "delta_mean_median": -0.038255880020816285
      },
      "d": {
        "n": 123,
        "nan_frac": 0.0,
        "mean": 0.22955682800280128,
        "median": 0.17656554281711578,
        "std": 0.6991098861374944,
        "iqr": 0.84090955555439,
        "mad": 0.4141210913658142,
        "mad_sigma": 0.6139759300589561,
        "skewness": 0.8485255851428282,
        "kurtosis_excess": 0.3906360020368509,
        "delta_mean_median": 0.052991285185685494
      },
      "e": {
        "n": 123,
        "nan_frac": 0.0,
        "mean": 0.12802898808244267,
        "median": 0.10533839464187622,
        "std": 0.4528508562529251,
        "iqr": 0.5013015791773796,
        "mad": 0.2531576454639435,
        "mad_sigma": 0.3753315251648426,
        "skewness": 0.16334229150725588,
        "kurtosis_excess": -0.08408359673643284,
        "delta_mean_median": 0.022690593440566453
      }
    },
    "subcoords": {
      "m_a": {
        "n": 123,
        "nan_frac": 0.0,
        "mean": -0.41900760609830723,
        "median": -0.2583392858505249,
        "std": 0.8232025583771461,
        "iqr": 1.0543176382780075,
        "mad": 0.49868954718112946,
        "mad_sigma": 0.7393571226507425,
        "skewness": -0.6229012904353495,
        "kurtosis_excess": -0.14211928082300362,
        "delta_mean_median": -0.16066832024778233
      },
      "m_e": {
        "n": 123,
        "nan_frac": 0.0,
        "mean": -0.09109683121304686,
        "median": -0.027109960094094276,
        "std": 0.5220363476445347,
        "iqr": 0.6261912435293198,
        "mad": 0.3227112200111151,
        "mad_sigma": 0.4784516547884792,
        "skewness": -1.1503221251619484,
        "kurtosis_excess": 1.722128931520957,
        "delta_mean_median": -0.06398687111895258
      },
      "m_o": {
        "n": 123,
        "nan_frac": 0.0,
        "mean": 0.0371979027219889,
        "median": 0.037708789110183716,
        "std": 0.8593014553755269,
        "iqr": 1.1662290543317795,
        "mad": 0.5678956806659698,
        "mad_sigma": 0.8419621361553669,
        "skewness": -0.2251464260993117,
        "kurtosis_excess": -0.5150054545118827,
        "delta_mean_median": -0.0005108863881948186
      },
      "d_n": {
        "n": 123,
        "nan_frac": 0.0,
        "mean": 0.11370201314973637,
        "median": -0.1251656413078308,
        "std": 0.6914784793728297,
        "iqr": 0.7357984483242035,
        "mad": 0.29492151737213135,
        "mad_sigma": 0.4372506416559219,
        "skewness": 1.2622212136875404,
        "kurtosis_excess": 1.3211065553912675,
        "delta_mean_median": 0.2388676544575672
      },
      "d_l": {
        "n": 123,
        "nan_frac": 0.0,
        "mean": 0.2462838655261974,
        "median": 0.08019789308309555,
        "std": 1.074632292564772,
        "iqr": 1.5010881125926971,
        "mad": 0.7521723285317421,
        "mad_sigma": 1.1151706942811608,
        "skewness": 0.8350913578505043,
        "kurtosis_excess": 0.10235264348486872,
        "delta_mean_median": 0.16608597244310186
      },
      "d_s": {
        "n": 123,
        "nan_frac": 0.0,
        "mean": 0.3874541109170371,
        "median": 0.0019134879112243652,
        "std": 1.1341271115613336,
        "iqr": 1.3269585520029068,
        "mad": 0.5779607892036438,
        "mad_sigma": 0.8568846660733223,
        "skewness": 1.2875358856254981,
        "kurtosis_excess": 0.9295466415023141,
        "delta_mean_median": 0.3855406230058127
      },
      "e_e": {
        "n": 123,
        "nan_frac": 0.0,
        "mean": -0.1031097512052402,
        "median": 0.0,
        "std": 0.9945100309089456,
        "iqr": 1.319160282611847,
        "mad": 0.6744906902313232,
        "mad_sigma": 0.9999998973369598,
        "skewness": -0.04444995955782812,
        "kurtosis_excess": -0.3029665579369447,
        "delta_mean_median": -0.1031097512052402
      },
      "e_s": {
        "n": 123,
        "nan_frac": 0.0,
        "mean": 0.45176244917802694,
        "median": 0.2983669340610504,
        "std": 0.7984738444441384,
        "iqr": 1.0882103890180588,
        "mad": 0.5444563329219818,
        "mad_sigma": 0.8072109591901302,
        "skewness": 0.7711644993688336,
        "kurtosis_excess": -0.03752241745307261,
        "delta_mean_median": 0.15339551511697652
      },
      "e_m": {
        "n": 123,
        "nan_frac": 0.0,
        "mean": -0.013531238223024742,
        "median": 0.0,
        "std": 0.9948075379036648,
        "iqr": 1.340872436761856,
        "mad": 0.674490749835968,
        "mad_sigma": 0.9999999857068061,
        "skewness": 0.04134266572397895,
        "kurtosis_excess": 0.007881199622407298,
        "delta_mean_median": -0.013531238223024742
      }
    }
  },
  "entropy_provisional": {},
  "tau_summary": {
    "axes": {
      "m": {
        "tau_sec": 8.0,
        "dt_sec": 4.0,
        "max_lag_sec": 60.0,
        "threshold": 0.36787944117144233,
        "nan_frac": 0.0,
        "nan_policy": "strict"
      },
      "d": {
        "tau_sec": 20.0,
        "dt_sec": 4.0,
        "max_lag_sec": 60.0,
        "threshold": 0.36787944117144233,
        "nan_frac": 0.0,
        "nan_policy": "strict"
      },
      "e": {
        "tau_sec": 24.0,
        "dt_sec": 4.0,
        "max_lag_sec": 60.0,
        "threshold": 0.36787944117144233,
        "nan_frac": 0.0,
        "nan_policy": "strict"
      }
    },
    "subcoords": {
      "m_a": {
        "tau_sec": 8.0,
        "dt_sec": 4.0,
        "max_lag_sec": 60.0,
        "threshold": 0.36787944117144233,
        "nan_frac": 0.0,
        "nan_policy": "strict"
      },
      "m_e": {
        "tau_sec": 16.0,
        "dt_sec": 4.0,
        "max_lag_sec": 60.0,
        "threshold": 0.36787944117144233,
        "nan_frac": 0.0,
        "nan_policy": "strict"
      },
      "m_o": {
        "tau_sec": 24.0,
        "dt_sec": 4.0,
        "max_lag_sec": 60.0,
        "threshold": 0.36787944117144233,
        "nan_frac": 0.0,
        "nan_policy": "strict"
      },
      "d_n": {
        "tau_sec": 8.0,
        "dt_sec": 4.0,
        "max_lag_sec": 60.0,
        "threshold": 0.36787944117144233,
        "nan_frac": 0.0,
        "nan_policy": "strict"
      },
      "d_l": {
        "tau_sec": 20.0,
        "dt_sec": 4.0,
        "max_lag_sec": 60.0,
        "threshold": 0.36787944117144233,
        "nan_frac": 0.0,
        "nan_policy": "strict"
      },