{
  "dataset_id": "ds003478:sub-026:rest_Rest_run-01",
  "subject": "sub-026",
  "session": null,
  "reliability_axes": {
    "m": 0.8542825682333225,
    "d": 0.6754432006937355,
    "e": 0.8231523722162721
  },
  "reliability_subcoords": {
    "m_a": 0.8422686471266003,
    "m_e": 0.8056388786218547,
    "m_o": 0.8337186979960316,
    "d_n": 0.8381873352636199,
    "d_l": 0.761719697454434,
    "d_s": 0.6564670630367098,
    "e_e": 0.862820827337835,
    "e_s": 0.8004212805926734,
    "e_m": 0.4656658802817564
  }
}