{
  "dataset_id": "ds003478:sub-026:rest_Rest_run-01",
  "subject": "sub-026",
  "session": null,
  "coverage": {
    "epochs": 122,
    "seconds": 488.0
  },
  "artifacts": {
    "methods": [
      "none"
    ],
    "bad_eeg_channels": [],
    "n_bad_eeg_channels": 0,
    "stem_collisions": {}
  },
  "ensemble": {
    "var_by_subcoord": {
      "m_a": 0.0025773171801120043,
      "m_e": 0.00039915021625347435,
      "m_o": 0.000347154273185879,
      "d_n": 0.002483219373971224,
      "d_l": 0.02018391154706478,
      "d_s": 0.01178706157952547,
      "e_e": 4.5424967498423896e-14,
      "e_s": 0.0012386000016704202,
      "e_m": 0.0
    },
    "var_mean": 0.004335157130203186,
    "var_max": 0.02018391154706478
  },
  "reliability": {
    "axes": {
      "m": 0.8542825682333225,
      "d": 0.6754432006937355,
      "e": 0.8231523722162721
    },
    "subcoords": {
      "m_a": 0.8422686471266003,
      "m_e": 0.8056388786218547,
      "m_o": 0.8337186979960316,
      "d_n": 0.8381873352636199,
      "d_l": 0.761719697454434,
      "d_s": 0.6564670630367098,
      "e_e": 0.862820827337835,
      "e_s": 0.8004212805926734,
      "e_m": 0.4656658802817564
    }
  },
  "dist_summary": {
    "axes": {
      "m": {
        "n": 122,
        "nan_frac": 0.0,
        "mean": 0.18793209229565425,
        "median": -0.024756568484008312,
        "std": 0.6905268687423578,
        "iqr": 0.765711098909378,
        "mad": 0.31574082374572754,
        "mad_sigma": 0.4681173452854156,
        "skewness": 1.3495822296235898,
        "kurtosis_excess": 1.6220468701767343,
        "delta_mean_median": 0.21268866077966256
      },
      "d": {
        "n": 122,
        "nan_frac": 0.0,
        "mean": 0.1924798356208828,
        "median": 0.1664244756102562,
        "std": 0.6095394948529369,
        "iqr": 0.6197934113442898,
        "mad": 0.32285548746585846,
        "mad_sigma": 0.47866554571688175,
        "skewness": 0.10159865644526553,
        "kurtosis_excess": 0.8244863398016071,
        "delta_mean_median": 0.02605536001062661
      },
      "e": {
        "n": 122,
        "nan_frac": 0.0,
        "mean": 0.1310836081469401,
        "median": 0.042815715074539185,
        "std": 0.6020521436089943,
        "iqr": 0.720346063375473,
        "mad": 0.3553210645914078,
        "mad_sigma": 0.5267990103632212,
        "skewness": 0.9258761198810014,
        "kurtosis_excess": 0.13179970918137052,
        "delta_mean_median": 0.0882678930724009
      }
    },
    "subcoords": {
      "m_a": {
        "n": 122,
        "nan_frac": 0.0,
        "mean": -0.09757084971614426,
        "median": -0.18573503196239471,
        "std": 0.8120058381569476,
        "iqr": 0.9128291383385658,
        "mad": 0.45053593814373016,
        "mad_sigma": 0.6679645818918943,
        "skewness": 0.42326200529763286,
        "kurtosis_excess": 0.4090805506744757,
        "delta_mean_median": 0.08816418224625046
      },
      "m_e": {
        "n": 122,
        "nan_frac": 0.0,
        "mean": 0.2695819810414534,
        "median": 0.018485406879335642,
        "std": 0.6681269930931042,
        "iqr": 0.6483792662620544,
        "mad": 0.26180238276720047,
        "mad_sigma": 0.3881482126906514,
        "skewness": 1.2892753270960322,
        "kurtosis_excess": 0.6126529270238046,
        "delta_mean_median": 0.2510965741621178
      },
      "m_o": {
        "n": 122,
        "nan_frac": 0.0,
        "mean": 0.4814974205324151,
        "median": -0.11559534445405006,
        "std": 1.5708567951781496,
        "iqr": 1.1471788883209229,
        "mad": 0.5729018040001392,
        "mad_sigma": 0.8493842146106064,
        "skewness": 1.3672450527289646,
        "kurtosis_excess": 0.5713526387541132,
        "delta_mean_median": 0.5970927649864652
      },
      "d_n": {
        "n": 122,
        "nan_frac": 0.0,
        "mean": 0.36806523376220807,
        "median": 0.08071650564670563,
        "std": 1.1091542466851778,
        "iqr": 1.1128214970231056,
        "mad": 0.5213677138090134,
        "mad_sigma": 0.7729797724932431,
        "skewness": 1.2859269063510683,
        "kurtosis_excess": 1.3213600192710242,
        "delta_mean_median": 0.28734872811550244
      },
      "d_l": {
        "n": 122,
        "nan_frac": 0.0,
        "mean": 0.12421509298328005,
        "median": 0.18236731737852097,
        "std": 1.2324021999184374,
        "iqr": 1.2399900704622269,
        "mad": 0.6127308160066605,
        "mad_sigma": 0.9084347078114747,
        "skewness": -0.6775413147458914,
        "kurtosis_excess": 1.2011214631758502,
        "delta_mean_median": -0.05815222439524091
      },
      "d_s": {
        "n": 122,
        "nan_frac": 0.0,
        "mean": 0.07885264718263853,
        "median": 0.13878490775823593,
        "std": 0.814907593869072,
        "iqr": 0.9354028254747391,
        "mad": 0.46861907839775085,
        "mad_sigma": 0.6947746456325053,
        "skewness": 0.13296106599557533,
        "kurtosis_excess": 0.08387430317306643,
        "delta_mean_median": -0.059932260575597404
      },
      "e_e": {
        "n": 122,
        "nan_frac": 0.0,
        "mean": -0.04331460054658475,
        "median": 0.0,
        "std": 0.7997052200606415,
        "iqr": 1.3822831809520721,
        "mad": 0.6744907200336456,
        "mad_sigma": 0.999999941521883,
        "skewness": 0.16521516821110682,
        "kurtosis_excess": -1.050369494926553,
        "delta_mean_median": -0.04331460054658475
      },
      "e_s": {
        "n": 122,
        "nan_frac": 0.0,
        "mean": 0.3838174700828605,
        "median": 0.2052517756819725,
        "std": 0.9478947831101376,
        "iqr": 0.613404605537653,
        "mad": 0.3197930157184601,
        "mad_sigma": 0.4741251251041889,
        "skewness": 0.8607540110985725,
        "kurtosis_excess": 1.8500080780885657,
        "delta_mean_median": 0.178565694400888
      },
      "e_m": {
        "n": 122,
        "nan_frac": 0.0,
        "mean": -0.1507998945832741,
        "median": -2.1420419216156006e-07,
        "std": 1.0611338026047212,
        "iqr": 1.341265931725502,
        "mad": 0.6744907200336456,
        "mad_sigma": 0.999999941521883,
        "skewness": -0.8541991950612392,
        "kurtosis_excess": 0.22231621253664713,
        "delta_mean_median": -0.15079968037908195
      }
    }
  },
  "entropy_provisional": {},
  "tau_summary": {
    "axes": {
      "m": {
        "tau_sec": 16.0,
        "dt_sec": 4.0,
        "max_lag_sec": 60.0,
        "threshold": 0.36787944117144233,
        "nan_frac": 0.0,
        "nan_policy": "strict"
      },
      "d": {
        "tau_sec": 8.0,
        "dt_sec": 4.0,
        "max_lag_sec": 60.0,
        "threshold": 0.36787944117144233,
        "nan_frac": 0.0,
        "nan_policy": "strict"
      },
      "e": {
        "tau_sec": 12.0,
        "dt_sec": 4.0,
        "max_lag_sec": 60.0,
        "threshold": 0.36787944117144233,
        "nan_frac": 0.0,
        "nan_policy": "strict"
      }
    },
    "subcoords": {
      "m_a": {
        "tau_sec": 8.0,
        "dt_sec": 4.0,
        "max_lag_sec": 60.0,
        "threshold": 0.36787944117144233,
        "nan_frac": 0.0,
        "nan_policy": "strict"
      },
      "m_e": {
        "tau_sec": 16.0,
        "dt_sec": 4.0,
        "max_lag_sec": 60.0,
        "threshold": 0.36787944117144233,
        "nan_frac": 0.0,
        "nan_policy": "strict"
      },
      "m_o": {
        "tau_sec": 12.0,
        "dt_sec": 4.0,
        "max_lag_sec": 60.0,
        "threshold": 0.36787944117144233,
        "nan_frac": 0.0,
        "nan_policy": "strict"
      },
      "d_n": {
        "tau_sec": 12.0,
        "dt_sec": 4.0,
        "max_lag_sec": 60.0,
        "threshold": 0.36787944117144233,
        "nan_frac": 0.0,
        "nan_policy": "strict"
      },
      "d_l": {
        "tau_sec": 8.0,
        "dt_sec": 4.0,
        "max_lag_sec": 60.0,
        "threshold": 0.36787944117144233,
        "nan_frac": 0.0,