{
  "dataset_id": "ds003478:sub-088:rest_Rest_run-02",
  "subject": "sub-088",
  "session": null,
  "reliability_axes": {
    "m": 0.21934830509395778,
    "d": 0.7318874446725315,
    "e": 0.35615470199533006
  },
  "reliability_subcoords": {
    "m_a": 0.47037052062853585,
    "m_e": 0.5718465102916717,
    "m_o": 0.8504581353137456,
    "d_n": 0.8211475080033999,
    "d_l": 0.8861889989108002,
    "d_s": 0.6957445435759483,
    "e_e": 0.5698308759083862,
    "e_s": 0.40623074104487933,
    "e_m": 0.80105828416592
  }
}