{
  "dataset_id": "ds003478:sub-088:rest_Rest_run-02",
  "subject": "sub-088",
  "session": null,
  "coverage": {
    "epochs": 60,
    "seconds": 240.0
  },
  "artifacts": {
    "methods": [
      "none"
    ],
    "bad_eeg_channels": [],
    "n_bad_eeg_channels": 0,
    "stem_collisions": {}
  },
  "ensemble": {
    "var_by_subcoord": {
      "m_a": 0.0006157973548397422,
      "m_e": 0.022617852315306664,
      "m_o": 0.004554481711238623,
      "d_n": 0.0011564078740775585,
      "d_l": 0.05192812159657478,
      "d_s": 0.07293371856212616,
      "e_e": 2.206826979185908e-13,
      "e_s": 0.013553997501730919,
      "e_m": 0.0
    },
    "var_mean": 0.018595597435123904,
    "var_max": 0.07293371856212616
  },
  "reliability": {
    "axes": {
      "m": 0.21934830509395778,
      "d": 0.7318874446725315,
      "e": 0.35615470199533006
    },
    "subcoords": {
      "m_a": 0.47037052062853585,
      "m_e": 0.5718465102916717,
      "m_o": 0.8504581353137456,
      "d_n": 0.8211475080033999,
      "d_l": 0.8861889989108002,
      "d_s": 0.6957445435759483,
      "e_e": 0.5698308759083862,
      "e_s": 0.40623074104487933,
      "e_m": 0.80105828416592
    }
  },
  "dist_summary": {
    "axes": {
      "m": {
        "n": 60,
        "nan_frac": 0.0,
        "mean": 0.09867705305417379,
        "median": 0.1598038598895073,
        "std": 0.4733016334276692,
        "iqr": 0.4977438524365425,
        "mad": 0.2386460043489933,
        "mad_sigma": 0.35381656604781747,
        "skewness": -2.426084745427778,
        "kurtosis_excess": 11.944728717020258,
        "delta_mean_median": -0.0611268068353335
      },
      "d": {
        "n": 60,
        "nan_frac": 0.0,
        "mean": 0.7761258352547884,
        "median": 0.6805595457553864,
        "std": 0.9428182929694652,
        "iqr": 1.6309096477925777,
        "mad": 0.7999776788055897,
        "mad_sigma": 1.1860469065971673,
        "skewness": 0.6500435941735379,
        "kurtosis_excess": 0.0956188353005265,
        "delta_mean_median": 0.09556628949940205
      },
      "e": {
        "n": 60,
        "nan_frac": 0.0,
        "mean": 0.23308033055315416,
        "median": 0.22682184725999832,
        "std": 0.5317633720770684,
        "iqr": 0.6950068324804306,
        "mad": 0.3368886299431324,
        "mad_sigma": 0.49947108275368807,
        "skewness": 0.9883057755122064,
        "kurtosis_excess": 2.7129924139833186,
        "delta_mean_median": 0.006258483293155842
      }
    },
    "subcoords": {
      "m_a": {
        "n": 60,
        "nan_frac": 0.0,
        "mean": -0.0348334701731801,
        "median": 0.04374360665678978,
        "std": 1.0183250172447589,
        "iqr": 1.224999189376831,
        "mad": 0.6421992182731628,
        "mad_sigma": 0.9521245610117912,
        "skewness": -3.1485086335126833,
        "kurtosis_excess": 17.02586698230867,
        "delta_mean_median": -0.07857707682996988
      },
      "m_e": {
        "n": 60,
        "nan_frac": 0.0,
        "mean": 0.21958345804984372,
        "median": 0.4194038510322571,
        "std": 0.6169333255630386,
        "iqr": 0.7988101206719875,
        "mad": 0.318067729473114,
        "mad_sigma": 0.4715672157168388,
        "skewness": -1.1319001359755585,
        "kurtosis_excess": 1.3010176283534038,
        "delta_mean_median": -0.19982039298241336
      },
      "m_o": {
        "n": 60,
        "nan_frac": 0.0,
        "mean": 0.1348503756026427,
        "median": 0.03166439197957516,
        "std": 1.0152779782602714,
        "iqr": 1.2482783198356628,
        "mad": 0.6180723812431097,
        "mad_sigma": 0.9163541124310344,
        "skewness": 0.5447487096544231,
        "kurtosis_excess": -0.22694124006834304,
        "delta_mean_median": 0.10318598362306755
      },
      "d_n": {
        "n": 60,
        "nan_frac": 0.0,
        "mean": 0.39094528326143824,
        "median": 0.033376140519976616,
        "std": 1.1097561001983758,
        "iqr": 1.6989144533872604,
        "mad": 0.6813089847564697,
        "mad_sigma": 1.0101087007999419,
        "skewness": 0.7880722106023366,
        "kurtosis_excess": -0.4335529146754191,
        "delta_mean_median": 0.3575691427414616
      },
      "d_l": {
        "n": 60,
        "nan_frac": 0.0,
        "mean": 0.9005435855438312,
        "median": 0.26267121732234955,
        "std": 1.5799236509935568,
        "iqr": 3.1681432723999023,
        "mad": 0.7989493757486343,
        "mad_sigma": 1.184522344484925,
        "skewness": 0.7036193512279448,
        "kurtosis_excess": -1.1173904839091828,
        "delta_mean_median": 0.6378723682214816
      },
      "d_s": {
        "n": 60,
        "nan_frac": 0.0,
        "mean": 1.099581917313238,
        "median": 0.7204385995864868,
        "std": 1.216896558810621,
        "iqr": 2.466243028640747,
        "mad": 0.7793125882744789,
        "mad_sigma": 1.1554088433757423,
        "skewness": 0.68736203155246,
        "kurtosis_excess": -0.659138318334592,
        "delta_mean_median": 0.37914331772675114
      },
      "e_e": {
        "n": 60,
        "nan_frac": 0.0,
        "mean": -0.08956627828689913,
        "median": -1.4514662325382233e-06,
        "std": 1.0344283825652094,
        "iqr": 1.3409112840890884,
        "mad": 0.6744892685674131,
        "mad_sigma": 0.9999977895780466,
        "skewness": 0.2026771300325261,
        "kurtosis_excess": 0.4954324911517216,
        "delta_mean_median": -0.08956482682066659
      },
      "e_s": {
        "n": 60,
        "nan_frac": 0.0,
        "mean": 0.6886224673440059,
        "median": 0.5968598425388336,
        "std": 0.6550062186422304,
        "iqr": 0.798597726970911,
        "mad": 0.39384330064058304,
        "mad_sigma": 0.5839120775297284,
        "skewness": 1.542907357074702,
        "kurtosis_excess": 4.114298673032815,
        "delta_mean_median": 0.09176262480517228
      },
      "e_m": {
        "n": 60,
        "nan_frac": 0.0,
        "mean": -0.039802604665358864,
        "median": 1.564621925354004e-07,
        "std": 0.9318700355166626,
        "iqr": 1.3178887516260147,
        "mad": 0.6744909062981606,
        "mad_sigma": 1.0000002176776528,
        "skewness": -0.08202072668162315,
        "kurtosis_excess": -0.6988410438735744,
        "delta_mean_median": -0.0398027611275514
      }
    }
  },
  "entropy_provisional": {},
  "tau_summary": {
    "axes": {
      "m": {
        "tau_sec": 4.0,
        "dt_sec": 4.0,
        "max_lag_sec": 60.0,
        "threshold": 0.36787944117144233,
        "nan_frac": 0.0,
        "nan_policy": "strict"
      },
      "d": {
        "tau_sec": 20.0,
        "dt_sec": 4.0,
        "max_lag_sec": 60.0,
        "threshold": 0.36787944117144233,
        "nan_frac": 0.0,
        "nan_policy": "strict"
      },
      "e": {
        "tau_sec": 8.0,
        "dt_sec": 4.0,
        "max_lag_sec": 60.0,
        "threshold": 0.36787944117144233,
        "nan_frac": 0.0,
        "nan_policy": "strict"
      }
    },
    "subcoords": {
      "m_a": {
        "tau_sec": 8.0,
        "dt_sec": 4.0,
        "max_lag_sec": 60.0,
        "threshold": 0.36787944117144233,
        "nan_frac": 0.0,
        "nan_policy": "strict"
      },
      "m_e": {
        "tau_sec": 20.0,
        "dt_sec": 4.0,
        "max_lag_sec": 60.0,
        "threshold": 0.36787944117144233,
        "nan_frac": 0.0,
        "nan_policy": "strict"
      },
      "m_o": {
        "tau_sec": 36.0,
        "dt_sec": 4.0,
        "max_lag_sec": 60.0,
        "threshold": 0.36787944117144233,
        "nan_frac": 0.0,
        "nan_policy": "strict"
      },
      "d_n": {
        "tau_sec": 32.0,
        "dt_sec": 4.0,
        "max_lag_sec": 60.0,
        "threshold": 0.36787944117144233,
        "nan_frac": 0.0,
        "nan_policy": "strict"
      },
      "d_l": {
        "tau_sec": 24.0,
        "dt_sec": 4.0,
        "max_lag_sec": 60.0,
        "threshold": 0.36787944117144233,
        "nan_frac": 0.0,