{
  "dataset_id": "ds003478:sub-055:rest_Rest_run-02",
  "subject": "sub-055",
  "session": null,
  "reliability_axes": {
    "m": 0.4098222413319324,
    "d": 0.8129956663443084,
    "e": 0.776857530313716
  },
  "reliability_subcoords": {
    "m_a": 0.4072482818450975,
    "m_e": 0.2820792323938483,
    "m_o": 0.9639304258189133,
    "d_n": 0.5519933429442253,
    "d_l": 0.7846148458030849,
    "d_s": 0.8911133171672964,
    "e_e": 0.9333350144062099,
    "e_s": 0.7068267230774601,
    "e_m": 0.7080131662622742
  }
}