{
  "dataset_id": "ds003478:sub-055:rest_Rest_run-02",
  "subject": "sub-055",
  "session": null,
  "coverage": {
    "epochs": 43,
    "seconds": 172.0
  },
  "artifacts": {
    "methods": [
      "none"
    ],
    "bad_eeg_channels": [],
    "n_bad_eeg_channels": 0,
    "stem_collisions": {}
  },
  "ensemble": {
    "var_by_subcoord": {
      "m_a": 0.0100458525121212,
      "m_e": 0.008468891493976116,
      "m_o": 0.011687355116009712,
      "d_n": 0.01699003390967846,
      "d_l": 0.02092638611793518,
      "d_s": 0.10827229171991348,
      "e_e": 0.0,
      "e_s": 0.07010263204574585,
      "e_m": 0.0
    },
    "var_mean": 0.027388160323931113,
    "var_max": 0.10827229171991348
  },
  "reliability": {
    "axes": {
      "m": 0.4098222413319324,
      "d": 0.8129956663443084,
      "e": 0.776857530313716
    },
    "subcoords": {
      "m_a": 0.4072482818450975,
      "m_e": 0.2820792323938483,
      "m_o": 0.9639304258189133,
      "d_n": 0.5519933429442253,
      "d_l": 0.7846148458030849,
      "d_s": 0.8911133171672964,
      "e_e": 0.9333350144062099,
      "e_s": 0.7068267230774601,
      "e_m": 0.7080131662622742
    }
  },
  "dist_summary": {
    "axes": {
      "m": {
        "n": 43,
        "nan_frac": 0.0,
        "mean": -0.2413401623624702,
        "median": -0.3280264139175415,
        "std": 0.7203437053228476,
        "iqr": 0.6661799475550652,
        "mad": 0.28901538625359535,
        "mad_sigma": 0.42849421165958046,
        "skewness": -1.4217268142722719,
        "kurtosis_excess": 3.8142737183272777,
        "delta_mean_median": 0.08668625155507131
      },
      "d": {
        "n": 43,
        "nan_frac": 0.0,
        "mean": 0.8259352992483696,
        "median": 0.4846257269382477,
        "std": 1.1883140935445815,
        "iqr": 2.1592946723103523,
        "mad": 1.1724128425121307,
        "mad_sigma": 1.7382192803084848,
        "skewness": 0.027279391301492553,
        "kurtosis_excess": -1.417880072385411,
        "delta_mean_median": 0.34130957231012193
      },
      "e": {
        "n": 43,
        "nan_frac": 0.0,
        "mean": 0.06776900780062343,
        "median": 0.08723229914903641,
        "std": 0.6127481500264159,
        "iqr": 0.957658514380455,
        "mad": 0.41447149962186813,
        "mad_sigma": 0.6144954453393816,
        "skewness": 0.1888842345545962,
        "kurtosis_excess": -0.6585246400824305,
        "delta_mean_median": -0.019463291348412973
      }
    },
    "subcoords": {
      "m_a": {
        "n": 43,
        "nan_frac": 0.0,
        "mean": -0.31399274400846905,
        "median": 0.09689946472644806,
        "std": 1.5650681005834381,
        "iqr": 0.7846427261829376,
        "mad": 0.35596679151058197,
        "mad_sigma": 0.5277563650935888,
        "skewness": -2.1077406563690184,
        "kurtosis_excess": 5.640393501362105,
        "delta_mean_median": -0.4108922087349171
      },
      "m_e": {
        "n": 43,
        "nan_frac": 0.0,
        "mean": -0.09304634078817312,
        "median": 0.1086888313293457,
        "std": 0.4147546516908816,
        "iqr": 0.4554314911365509,
        "mad": 0.18696773052215576,
        "mad_sigma": 0.27719835727214814,
        "skewness": -2.3776180109404565,
        "kurtosis_excess": 6.8501342395919735,
        "delta_mean_median": -0.20173517211751882
      },
      "m_o": {
        "n": 43,
        "nan_frac": 0.0,
        "mean": -0.32248905699613484,
        "median": 0.0,
        "std": 0.8890214860730655,
        "iqr": 1.7600566446781158,
        "mad": 0.7275617718696594,
        "mad_sigma": 1.078683082973957,
        "skewness": -0.21556330337200488,
        "kurtosis_excess": -1.6813348483526602,
        "delta_mean_median": -0.32248905699613484
      },
      "d_n": {
        "n": 43,
        "nan_frac": 0.0,
        "mean": 0.03896524545974856,
        "median": -0.23780910670757294,
        "std": 0.8160735890330599,
        "iqr": 0.31042964314110577,
        "mad": 0.12970472872257233,
        "mad_sigma": 0.19230023080408573,
        "skewness": 2.7497091331645125,
        "kurtosis_excess": 7.368453092377971,
        "delta_mean_median": 0.2767743521673215
      },
      "d_l": {
        "n": 43,
        "nan_frac": 0.0,
        "mean": 1.2034481098485548,
        "median": 1.2861855030059814,
        "std": 1.815363242801594,
        "iqr": 3.3434042036533356,
        "mad": 1.659815788269043,
        "mad_sigma": 2.460842887687683,
        "skewness": -0.3462303005577885,
        "kurtosis_excess": -1.3737092159585984,
        "delta_mean_median": -0.08273739315742668
      },
      "d_s": {
        "n": 43,
        "nan_frac": 0.0,
        "mean": 1.1256657949713773,
        "median": 0.3811364471912384,
        "std": 1.6793929138185084,
        "iqr": 3.453551799058914,
        "mad": 1.1979074776172638,
        "mad_sigma": 1.7760176263153553,
        "skewness": 0.16724192099241308,
        "kurtosis_excess": -1.7678768976463721,
        "delta_mean_median": 0.7445293477801389
      },
      "e_e": {
        "n": 43,
        "nan_frac": 0.0,
        "mean": -0.5683173599631287,
        "median": 0.0,
        "std": 1.2391206874941383,
        "iqr": 2.368243083357811,
        "mad": 0.674490749835968,
        "mad_sigma": 0.9999999857068061,
        "skewness": -0.32825488621804494,
        "kurtosis_excess": -1.4233409237284964,
        "delta_mean_median": -0.5683173599631287
      },
      "e_s": {
        "n": 43,
        "nan_frac": 0.0,
        "mean": 0.9519585426463637,
        "median": 1.1992510557174683,
        "std": 1.1920834129564883,
        "iqr": 1.441398248076439,
        "mad": 0.5648200511932373,
        "mad_sigma": 0.8374022078990936,
        "skewness": 0.011866848139717124,
        "kurtosis_excess": -0.24680927644398887,
        "delta_mean_median": -0.24729251307110456
      },
      "e_m": {
        "n": 43,
        "nan_frac": 0.0,
        "mean": -0.18303395322588986,
        "median": 0.0,
        "std": 1.0421586082184497,
        "iqr": 1.2335994243621826,
        "mad": 0.674490749835968,
        "mad_sigma": 0.9999999857068061,
        "skewness": -0.9826022725325138,
        "kurtosis_excess": 1.157560216908192,
        "delta_mean_median": -0.18303395322588986
      }
    }
  },
  "entropy_provisional": {},
  "tau_summary": {
    "axes": {
      "m": {
        "tau_sec": 8.0,
        "dt_sec": 4.0,
        "max_lag_sec": 60.0,
        "threshold": 0.36787944117144233,
        "nan_frac": 0.0,
        "nan_policy": "strict"
      },
      "d": {
        "tau_sec": 16.0,
        "dt_sec": 4.0,
        "max_lag_sec": 60.0,
        "threshold": 0.36787944117144233,
        "nan_frac": 0.0,
        "nan_policy": "strict"
      },
      "e": {
        "tau_sec": 16.0,
        "dt_sec": 4.0,
        "max_lag_sec": 60.0,
        "threshold": 0.36787944117144233,
        "nan_frac": 0.0,
        "nan_policy": "strict"
      }
    },
    "subcoords": {
      "m_a": {
        "tau_sec": 8.0,
        "dt_sec": 4.0,
        "max_lag_sec": 60.0,
        "threshold": 0.36787944117144233,
        "nan_frac": 0.0,
        "nan_policy": "strict"
      },
      "m_e": {
        "tau_sec": 8.0,
        "dt_sec": 4.0,
        "max_lag_sec": 60.0,
        "threshold": 0.36787944117144233,
        "nan_frac": 0.0,
        "nan_policy": "strict"
      },
      "m_o": {
        "tau_sec": 36.0,
        "dt_sec": 4.0,
        "max_lag_sec": 60.0,
        "threshold": 0.36787944117144233,
        "nan_frac": 0.0,
        "nan_policy": "strict"
      },
      "d_n": {
        "tau_sec": 8.0,
        "dt_sec": 4.0,
        "max_lag_sec": 60.0,
        "threshold": 0.36787944117144233,
        "nan_frac": 0.0,
        "nan_policy": "strict"
      },
      "d_l": {
        "tau_sec": 8.0,
        "dt_sec": 4.0,
        "max_lag_sec": 60.0,
        "threshold": 0.36787944117144233,
        "nan_frac": 0.0,
        "nan_policy": "strict"
      },
      "d_s": {
        "tau_sec": 32.0,