{
  "dataset_id": "ds003478:sub-040:rest_Rest_run-02",
  "subject": "sub-040",
  "session": null,
  "reliability_axes": {
    "m": 0.6422905658879885,
    "d": 0.23878974538787334,
    "e": 0.5742011218427023
  },
  "reliability_subcoords": {
    "m_a": 0.6562016898716978,
    "m_e": 0.5544011977095274,
    "m_o": 0.2860403673886893,
    "d_n": 0.4131794547061843,
    "d_l": 0.542319199408127,
    "d_s": 0.17054279884431317,
    "e_e": 0.6092845352528097,
    "e_s": 0.483305554077942,
    "e_m": null
  }
}