{
  "dataset_id": "ds003478:sub-005:rest_Rest_run-01",
  "subject": "sub-005",
  "session": null,
  "reliability_axes": {
    "m": 0.6080044289259051,
    "d": 0.7562801674874949,
    "e": 0.6997618693507743
  },
  "reliability_subcoords": {
    "m_a": 0.765715319220214,
    "m_e": 0.6885197140504405,
    "m_o": 0.7173492889906034,
    "d_n": 0.4755240144900973,
    "d_l": 0.7726792039518392,
    "d_s": 0.836916610648488,
    "e_e": 0.8077159832032472,
    "e_s": 0.7212010155441868,
    "e_m": 0.27469540102899553
  }
}