{
  "dataset_id": "ds003478:sub-005:rest_Rest_run-01",
  "subject": "sub-005",
  "session": null,
  "coverage": {
    "epochs": 121,
    "seconds": 484.0
  },
  "artifacts": {
    "methods": [
      "none"
    ],
    "bad_eeg_channels": [],
    "n_bad_eeg_channels": 0,
    "stem_collisions": {}
  },
  "ensemble": {
    "var_by_subcoord": {
      "m_a": 0.0017573381774127483,
      "m_e": 0.014769284054636955,
      "m_o": 0.00035582066630013287,
      "d_n": 0.001727609196677804,
      "d_l": 0.1239691823720932,
      "d_s": 0.028599942103028297,
      "e_e": 0.0,
      "e_s": 0.01085846871137619,
      "e_m": 0.0
    },
    "var_mean": 0.020226405031280592,
    "var_max": 0.1239691823720932
  },
  "reliability": {
    "axes": {
      "m": 0.6080044289259051,
      "d": 0.7562801674874949,
      "e": 0.6997618693507743
    },
    "subcoords": {
      "m_a": 0.765715319220214,
      "m_e": 0.6885197140504405,
      "m_o": 0.7173492889906034,
      "d_n": 0.4755240144900973,
      "d_l": 0.7726792039518392,
      "d_s": 0.836916610648488,
      "e_e": 0.8077159832032472,
      "e_s": 0.7212010155441868,
      "e_m": 0.27469540102899553
    }
  },
  "dist_summary": {
    "axes": {
      "m": {
        "n": 121,
        "nan_frac": 0.0,
        "mean": 0.03176424735849184,
        "median": 0.06780087947845459,
        "std": 0.537242786739788,
        "iqr": 0.6355551481246948,
        "mad": 0.31327831745147705,
        "mad_sigma": 0.46446643345355987,
        "skewness": 0.27828882184268944,
        "kurtosis_excess": 0.06383874399143341,
        "delta_mean_median": -0.03603663211996275
      },
      "d": {
        "n": 121,
        "nan_frac": 0.0,
        "mean": 0.4701219205395499,
        "median": 0.28047022223472595,
        "std": 0.8521041977227464,
        "iqr": 1.5369511246681213,
        "mad": 0.7278635799884796,
        "mad_sigma": 1.0791305436909198,
        "skewness": 0.3290000053593257,
        "kurtosis_excess": -1.190727105776738,
        "delta_mean_median": 0.18965169830482392
      },
      "e": {
        "n": 121,
        "nan_frac": 0.0,
        "mean": 0.163953485788993,
        "median": 0.15715539455413818,
        "std": 0.4405371524743799,
        "iqr": 0.5337598472833633,
        "mad": 0.2813248336315155,
        "mad_sigma": 0.4170921983420849,
        "skewness": -0.26711168867340673,
        "kurtosis_excess": 0.2523339561362583,
        "delta_mean_median": 0.006798091234854808
      }
    },
    "subcoords": {
      "m_a": {
        "n": 121,
        "nan_frac": 0.0,
        "mean": -0.15550477649970365,
        "median": -0.03480290621519089,
        "std": 0.8592818402703508,
        "iqr": 1.4767830967903137,
        "mad": 0.6973279044032097,
        "mad_sigma": 1.0338583510681987,
        "skewness": -0.47807603879702176,
        "kurtosis_excess": -1.042439276167943,
        "delta_mean_median": -0.12070187028451276
      },
      "m_e": {
        "n": 121,
        "nan_frac": 0.0,
        "mean": 0.05027752045603577,
        "median": 0.01625620387494564,
        "std": 0.38523819704363094,
        "iqr": 0.5574270784854889,
        "mad": 0.26831149123609066,
        "mad_sigma": 0.397798616906628,
        "skewness": 0.2185957364625515,
        "kurtosis_excess": -0.585276492984244,
        "delta_mean_median": 0.03402131658109013
      },
      "m_o": {
        "n": 121,
        "nan_frac": 0.0,
        "mean": 0.26715202623889744,
        "median": -0.025695087388157845,
        "std": 1.06375645145234,
        "iqr": 1.336501568555832,
        "mad": 0.602335037663579,
        "mad_sigma": 0.8930219268400221,
        "skewness": 0.7684697822713699,
        "kurtosis_excess": -0.22031709960643253,
        "delta_mean_median": 0.2928471136270553
      },
      "d_n": {
        "n": 121,
        "nan_frac": 0.0,
        "mean": 0.16616055252384548,
        "median": 0.12967684864997864,
        "std": 0.6060570608891944,
        "iqr": 0.7112706750631332,
        "mad": 0.37536919116973877,
        "mad_sigma": 0.5565223628282546,
        "skewness": 0.5438238115810593,
        "kurtosis_excess": 0.4136840093827927,
        "delta_mean_median": 0.036483703873866846
      },
      "d_l": {
        "n": 121,
        "nan_frac": 0.0,
        "mean": 0.6306372911107442,
        "median": -0.14014986157417297,
        "std": 1.3236641298845748,
        "iqr": 2.487099528312683,
        "mad": 0.5687986314296722,
        "mad_sigma": 0.843300850957632,
        "skewness": 0.5106510878976899,
        "kurtosis_excess": -1.2943686782412898,
        "delta_mean_median": 0.7707871526849172
      },
      "d_s": {
        "n": 121,
        "nan_frac": 0.0,
        "mean": 0.5428293791930537,
        "median": 0.3854062855243683,
        "std": 1.3070713774826084,
        "iqr": 2.2318355441093445,
        "mad": 1.0360635221004486,
        "mad_sigma": 1.536067777866125,
        "skewness": 0.4491361495575712,
        "kurtosis_excess": -0.9963928644591373,
        "delta_mean_median": 0.15742309366868545
      },
      "e_e": {
        "n": 121,
        "nan_frac": 0.0,
        "mean": 0.057290441083360066,
        "median": 0.0,
        "std": 1.0061221877802542,
        "iqr": 1.3387637734413147,
        "mad": 0.6744906902313232,
        "mad_sigma": 0.9999998973369598,
        "skewness": 0.005370617935905774,
        "kurtosis_excess": -0.39796019050937925,
        "delta_mean_median": 0.057290441083360066
      },
      "e_s": {
        "n": 121,
        "nan_frac": 0.0,
        "mean": 0.3175399272648756,
        "median": 0.3451645076274872,
        "std": 0.50020604316882,
        "iqr": 0.6393492817878723,
        "mad": 0.32111987471580505,
        "mad_sigma": 0.47609232625365255,
        "skewness": 0.033783721932752156,
        "kurtosis_excess": -0.002894108065319312,
        "delta_mean_median": -0.02762458036261156
      },
      "e_m": {
        "n": 121,
        "nan_frac": 0.0,
        "mean": 0.011953728827686349,
        "median": 0.0,
        "std": 0.9065993223995571,
        "iqr": 1.3301653861999512,
        "mad": 0.674490749835968,
        "mad_sigma": 0.9999999857068061,
        "skewness": 0.00024959232939311487,
        "kurtosis_excess": -0.37417693424576415,
        "delta_mean_median": 0.011953728827686349
      }
    }
  },
  "entropy_provisional": {},
  "tau_summary": {
    "axes": {
      "m": {
        "tau_sec": 8.0,
        "dt_sec": 4.0,
        "max_lag_sec": 60.0,
        "threshold": 0.36787944117144233,
        "nan_frac": 0.0,
        "nan_policy": "strict"
      },
      "d": {
        "tau_sec": 28.0,
        "dt_sec": 4.0,
        "max_lag_sec": 60.0,
        "threshold": 0.36787944117144233,
        "nan_frac": 0.0,
        "nan_policy": "strict"
      },
      "e": {
        "tau_sec": 8.0,
        "dt_sec": 4.0,
        "max_lag_sec": 60.0,
        "threshold": 0.36787944117144233,
        "nan_frac": 0.0,
        "nan_policy": "strict"
      }
    },
    "subcoords": {
      "m_a": {
        "tau_sec": 12.0,
        "dt_sec": 4.0,
        "max_lag_sec": 60.0,
        "threshold": 0.36787944117144233,
        "nan_frac": 0.0,
        "nan_policy": "strict"
      },
      "m_e": {
        "tau_sec": 24.0,
        "dt_sec": 4.0,
        "max_lag_sec": 60.0,
        "threshold": 0.36787944117144233,
        "nan_frac": 0.0,
        "nan_policy": "strict"
      },
      "m_o": {
        "tau_sec": 24.0,
        "dt_sec": 4.0,
        "max_lag_sec": 60.0,
        "threshold": 0.36787944117144233,
        "nan_frac": 0.0,
        "nan_policy": "strict"
      },
      "d_n": {
        "tau_sec": 8.0,
        "dt_sec": 4.0,
        "max_lag_sec": 60.0,
        "threshold": 0.36787944117144233,
        "nan_frac": 0.0,
        "nan_policy": "strict"
      },
      "d_l": {
        "tau_sec": 24.0,
        "dt_sec": 4.0,
        "max_lag_sec": 60.0,
        "threshold": 0.36787944117144233,
        "nan_frac": 0.0,
        "nan_policy": "strict"
      },