{
  "dataset_id": "ds003478:sub-068:rest_Rest_run-02",
  "subject": "sub-068",
  "session": null,
  "reliability_axes": {
    "m": 0.469358211482622,
    "d": 0.6337753007829874,
    "e": 0.6178061707888391
  },
  "reliability_subcoords": {
    "m_a": 0.5721595299261502,
    "m_e": 0.5496145986440355,
    "m_o": 0.6039541935433385,
    "d_n": 0.5351443297425295,
    "d_l": 0.6689052648673407,
    "d_s": 0.6100488226421539,
    "e_e": 0.5501602440543145,
    "e_s": 0.4618183277430063,
    "e_m": null
  }
}