{
  "dataset_id": "ds003478:sub-068:rest_Rest_run-02",
  "subject": "sub-068",
  "session": null,
  "coverage": {
    "epochs": 33,
    "seconds": 132.0
  },
  "artifacts": {
    "methods": [
      "none"
    ],
    "bad_eeg_channels": [],
    "n_bad_eeg_channels": 0,
    "stem_collisions": {}
  },
  "ensemble": {
    "var_by_subcoord": {
      "m_a": 0.0022466680966317654,
      "m_e": 0.01141987182199955,
      "m_o": 0.004654575139284134,
      "d_n": 0.02874746359884739,
      "d_l": 0.0037551862187683582,
      "d_s": 0.008357925340533257,
      "e_e": 0.0,
      "e_s": 0.0005511884810402989,
      "e_m": 0.0
    },
    "var_mean": 0.006636986521900528,
    "var_max": 0.02874746359884739
  },
  "reliability": {
    "axes": {
      "m": 0.469358211482622,
      "d": 0.6337753007829874,
      "e": 0.6178061707888391
    },
    "subcoords": {
      "m_a": 0.5721595299261502,
      "m_e": 0.5496145986440355,
      "m_o": 0.6039541935433385,
      "d_n": 0.5351443297425295,
      "d_l": 0.6689052648673407,
      "d_s": 0.6100488226421539,
      "e_e": 0.5501602440543145,
      "e_s": 0.4618183277430063,
      "e_m": null
    }
  },
  "dist_summary": {
    "axes": {
      "m": {
        "n": 33,
        "nan_frac": 0.0,
        "mean": -0.04760544515341859,
        "median": -0.0014930086908861995,
        "std": 0.610086471773092,
        "iqr": 0.45289047062397003,
        "mad": 0.23132176871877164,
        "mad_sigma": 0.3429576543024508,
        "skewness": -1.4552750767841667,
        "kurtosis_excess": 4.4717496168189985,
        "delta_mean_median": -0.04611243646253239
      },
      "d": {
        "n": 33,
        "nan_frac": 0.0,
        "mean": 0.6053836101835425,
        "median": 0.231104776263237,
        "std": 0.9287962610637839,
        "iqr": 1.3240703493356705,
        "mad": 0.5971064418554306,
        "mad_sigma": 0.8852700106948613,
        "skewness": 0.7717133033366033,
        "kurtosis_excess": -0.44970751933465136,
        "delta_mean_median": 0.3742788339203055
      },
      "e": {
        "n": 33,
        "nan_frac": 0.0,
        "mean": -0.07283037415508067,
        "median": 0.10155521333217621,
        "std": 0.836790081857968,
        "iqr": 0.9927113354206085,
        "mad": 0.46707071363925934,
        "mad_sigma": 0.6924790400415659,
        "skewness": -0.6031318892617685,
        "kurtosis_excess": 0.7528946350723005,
        "delta_mean_median": -0.17438558748725688
      }
    },
    "subcoords": {
      "m_a": {
        "n": 33,
        "nan_frac": 0.0,
        "mean": -0.09125858816233548,
        "median": 0.09719040989875793,
        "std": 1.2722874321771074,
        "iqr": 0.9764642119407654,
        "mad": 0.5028548538684845,
        "mad_sigma": 0.7455326063454151,
        "skewness": -2.875232147084594,
        "kurtosis_excess": 11.369747110573199,
        "delta_mean_median": -0.18844899806109341
      },
      "m_e": {
        "n": 33,
        "nan_frac": 0.0,
        "mean": 0.0681421346962452,
        "median": 0.16573308408260345,
        "std": 0.6066344811436066,
        "iqr": 0.6817021071910858,
        "mad": 0.2711757570505142,
        "mad_sigma": 0.40204517740309237,
        "skewness": -1.0504181435151312,
        "kurtosis_excess": 2.2583413404665533,
        "delta_mean_median": -0.09759094938635826
      },
      "m_o": {
        "n": 33,
        "nan_frac": 0.0,
        "mean": -0.1289303982348153,
        "median": -0.30670246481895447,
        "std": 0.8579038014773162,
        "iqr": 0.7498306781053543,
        "mad": 0.4001234471797943,
        "mad_sigma": 0.593223022788763,
        "skewness": 0.46621181071875933,
        "kurtosis_excess": 0.7685490176006766,
        "delta_mean_median": 0.17777206658413916
      },
      "d_n": {
        "n": 33,
        "nan_frac": 0.0,
        "mean": 0.40119951782804547,
        "median": -0.13479207456111908,
        "std": 1.1956763510286228,
        "iqr": 1.735088288784027,
        "mad": 0.6334653049707413,
        "mad_sigma": 0.9391756611496209,
        "skewness": 1.1598160682506233,
        "kurtosis_excess": 1.0119283163832575,
        "delta_mean_median": 0.5359915923891645
      },
      "d_l": {
        "n": 33,
        "nan_frac": 0.0,
        "mean": 0.6583683348514817,
        "median": 0.056443456560373306,
        "std": 1.3197367438650123,
        "iqr": 1.8394638299942017,
        "mad": 0.6640816889703274,
        "mad_sigma": 0.9845675120674073,
        "skewness": 0.8461402348657795,
        "kurtosis_excess": -0.5094456718780789,
        "delta_mean_median": 0.6019248782911084
      },
      "d_s": {
        "n": 33,
        "nan_frac": 0.0,
        "mean": 0.8148285588531783,
        "median": 0.5680679678916931,
        "std": 1.1535606355381163,
        "iqr": 1.8751302361488342,
        "mad": 0.9658629298210144,
        "mad_sigma": 1.4319883797526358,
        "skewness": 0.625630511412982,
        "kurtosis_excess": -0.8366417064425997,
        "delta_mean_median": 0.24676059096148517
      },
      "e_e": {
        "n": 33,
        "nan_frac": 0.0,
        "mean": -0.4596386495413202,
        "median": 0.0,
        "std": 1.4354023656217283,
        "iqr": 1.3900739550590515,
        "mad": 0.6744906902313232,
        "mad_sigma": 0.9999998973369598,
        "skewness": -1.040249358079865,
        "kurtosis_excess": 1.4640572853049072,
        "delta_mean_median": -0.4596386495413202
      },
      "e_s": {
        "n": 33,
        "nan_frac": 0.0,
        "mean": 0.44514961179458734,
        "median": 0.36278021335601807,
        "std": 0.4389972277085762,
        "iqr": 0.72388556599617,
        "mad": 0.396714523434639,
        "mad_sigma": 0.5881689524441958,
        "skewness": 0.05776467955855818,
        "kurtosis_excess": -1.2644578480489614,
        "delta_mean_median": 0.08236939843856927
      },
      "e_m": {
        "n": 33,
        "nan_frac": 0.0,
        "mean": 0.18181818181818182,
        "median": 0.0,
        "std": 1.02851895445316,
        "iqr": 0.0,
        "mad": 0.0,
        "mad_sigma": 0.0,
        "skewness": 5.480077554195742,
        "kurtosis_excess": 28.031249999999986,
        "delta_mean_median": 0.18181818181818182
      }
    }
  },
  "entropy_provisional": {
    "e_m": {
      "var": 1.0578512396694215,
      "n_unique": 2,
      "nan_frac": 0.0,
      "provisional": true
    }
  },
  "tau_summary": {
    "axes": {
      "m": {
        "tau_sec": 4.0,
        "dt_sec": 4.0,
        "max_lag_sec": 60.0,
        "threshold": 0.36787944117144233,
        "nan_frac": 0.0,
        "nan_policy": "strict"
      },
      "d": {
        "tau_sec": 8.0,
        "dt_sec": 4.0,
        "max_lag_sec": 60.0,
        "threshold": 0.36787944117144233,
        "nan_frac": 0.0,
        "nan_policy": "strict"
      },
      "e": {
        "tau_sec": 8.0,
        "dt_sec": 4.0,
        "max_lag_sec": 60.0,
        "threshold": 0.36787944117144233,
        "nan_frac": 0.0,
        "nan_policy": "strict"
      }
    },
    "subcoords": {
      "m_a": {
        "tau_sec": 4.0,
        "dt_sec": 4.0,
        "max_lag_sec": 60.0,
        "threshold": 0.36787944117144233,
        "nan_frac": 0.0,
        "nan_policy": "strict"
      },
      "m_e": {
        "tau_sec": 4.0,
        "dt_sec": 4.0,
        "max_lag_sec": 60.0,
        "threshold": 0.36787944117144233,
        "nan_frac": 0.0,
        "nan_policy": "strict"
      },
      "m_o": {
        "tau_sec": 8.0,
        "dt_sec": 4.0,
        "max_lag_sec": 60.0,
        "threshold": 0.36787944117144233,
        "nan_frac": 0.0,
        "nan_policy": "strict"
      },
      "d_n": {
        "tau_sec": 8.0,
        "dt_sec": 4.0,
        "max_lag_sec": 60.0,
        "threshold": 0.36787944117144233,
        "nan_frac": 0.0,
        "nan_policy": "strict"
      },
      "d_l": {
        "tau_sec": 12.0,
        "dt_sec": 4.0,
        "max_lag_sec": 60.0,
        "threshold": 0.36787944117144233,
        "nan_frac": 0.0,