{
  "dataset_id": "ds003478:sub-107:rest_Rest_run-02",
  "subject": "sub-107",
  "session": null,
  "reliability_axes": {
    "m": 0.47207505141361283,
    "d": 0.7266945712199064,
    "e": 0.540852276278308
  },
  "reliability_subcoords": {
    "m_a": 0.7005546006678606,
    "m_e": 0.5968637013146875,
    "m_o": 0.45591826989142764,
    "d_n": 0.6292193920514614,
    "d_l": 0.7475524851512388,
    "d_s": 0.8494068773420357,
    "e_e": 0.6278659780442875,
    "e_s": 0.7794582788964983,
    "e_m": null
  }
}