{
  "dataset_id": "ds003478:sub-010:rest_Rest_run-01",
  "subject": "sub-010",
  "session": null,
  "reliability_axes": {
    "m": 0.825651617357541,
    "d": 0.6821268283008528,
    "e": 0.8269323598563947
  },
  "reliability_subcoords": {
    "m_a": 0.7234458604693575,
    "m_e": 0.8632038905750156,
    "m_o": 0.888449123229609,
    "d_n": 0.6385639525099934,
    "d_l": 0.6720812460300507,
    "d_s": 0.8111655744930385,
    "e_e": 0.8946226160816926,
    "e_s": 0.699040934274158,
    "e_m": null
  }
}