{
  "dataset_id": "ds003478:sub-059:rest_Rest_run-01",
  "subject": "sub-059",
  "session": null,
  "reliability_axes": {
    "m": 0.6530616635185266,
    "d": 0.7168822198130456,
    "e": 0.7265792129803387
  },
  "reliability_subcoords": {
    "m_a": 0.5989014508214762,
    "m_e": 0.8375834129310897,
    "m_o": 0.8351509929363581,
    "d_n": 0.42817268576162676,
    "d_l": 0.6665144574664171,
    "d_s": 0.907548292445516,
    "e_e": 0.8782359077029647,
    "e_s": 0.6371137546945566,
    "e_m": 0.4401824047474441
  }
}