{
  "dataset_id": "ds003478:sub-059:rest_Rest_run-01",
  "subject": "sub-059",
  "session": null,
  "coverage": {
    "epochs": 123,
    "seconds": 492.0
  },
  "artifacts": {
    "methods": [
      "none"
    ],
    "bad_eeg_channels": [],
    "n_bad_eeg_channels": 0,
    "stem_collisions": {}
  },
  "ensemble": {
    "var_by_subcoord": {
      "m_a": 0.0025425527710467577,
      "m_e": 0.009770192205905914,
      "m_o": 3.6307341360952705e-05,
      "d_n": 0.01032218150794506,
      "d_l": 0.005932759493589401,
      "d_s": 0.06149297207593918,
      "e_e": 0.0,
      "e_s": 0.005535434931516647,
      "e_m": 0.0
    },
    "var_mean": 0.010625822258589324,
    "var_max": 0.06149297207593918
  },
  "reliability": {
    "axes": {
      "m": 0.6530616635185266,
      "d": 0.7168822198130456,
      "e": 0.7265792129803387
    },
    "subcoords": {
      "m_a": 0.5989014508214762,
      "m_e": 0.8375834129310897,
      "m_o": 0.8351509929363581,
      "d_n": 0.42817268576162676,
      "d_l": 0.6665144574664171,
      "d_s": 0.907548292445516,
      "e_e": 0.8782359077029647,
      "e_s": 0.6371137546945566,
      "e_m": 0.4401824047474441
    }
  },
  "dist_summary": {
    "axes": {
      "m": {
        "n": 123,
        "nan_frac": 0.0,
        "mean": 0.007966716728377633,
        "median": -0.14261987805366516,
        "std": 0.6121465252896974,
        "iqr": 0.9508069157600403,
        "mad": 0.36460205912590027,
        "mad_sigma": 0.5405590128600597,
        "skewness": 0.5024691911409968,
        "kurtosis_excess": -0.7013711103101814,
        "delta_mean_median": 0.15058659478204278
      },
      "d": {
        "n": 123,
        "nan_frac": 0.0,
        "mean": 0.5459331207098516,
        "median": 0.754583477973938,
        "std": 0.775810711496137,
        "iqr": 1.2679780647158623,
        "mad": 0.6525404453277588,
        "mad_sigma": 0.9674564642429351,
        "skewness": -0.14238599534590707,
        "kurtosis_excess": -1.0724978188409646,
        "delta_mean_median": -0.20865035726408643
      },
      "e": {
        "n": 123,
        "nan_frac": 0.0,
        "mean": 0.10198693704160547,
        "median": 0.07758847624063492,
        "std": 0.37045741453066466,
        "iqr": 0.5386300534009933,
        "mad": 0.27134447544813156,
        "mad_sigma": 0.4022953192993998,
        "skewness": 0.6665555356489801,
        "kurtosis_excess": 0.44135914739657434,
        "delta_mean_median": 0.02439846080097055
      }
    },
    "subcoords": {
      "m_a": {
        "n": 123,
        "nan_frac": 0.0,
        "mean": -0.07831050567631799,
        "median": -0.1263536661863327,
        "std": 1.1068870790672058,
        "iqr": 1.0009406208992004,
        "mad": 0.5368271619081497,
        "mad_sigma": 0.7958999502450227,
        "skewness": -0.4306469786376075,
        "kurtosis_excess": 0.11436012920485084,
        "delta_mean_median": 0.04804316051001471
      },
      "m_e": {
        "n": 123,
        "nan_frac": 0.0,
        "mean": 0.005615757684823413,
        "median": 0.006329238414764404,
        "std": 0.2537360856177528,
        "iqr": 0.42831631004810333,
        "mad": 0.21925123035907745,
        "mad_sigma": 0.3250618741303682,
        "skewness": -0.004947171000786798,
        "kurtosis_excess": -1.2276860818432103,
        "delta_mean_median": -0.0007134807299409912
      },
      "m_o": {
        "n": 123,
        "nan_frac": 0.0,
        "mean": 0.12971095225917614,
        "median": 0.1297048181295395,
        "std": 0.9095661099271684,
        "iqr": 1.4387639462947845,
        "mad": 0.7598957270383835,
        "mad_sigma": 1.1266214049071073,
        "skewness": 0.26179601368264865,
        "kurtosis_excess": -1.0274899768041337,
        "delta_mean_median": 6.134129636653496e-06
      },
      "d_n": {
        "n": 123,
        "nan_frac": 0.0,
        "mean": 0.3085558630102049,
        "median": 0.2755740284919739,
        "std": 0.3497374916019396,
        "iqr": 0.4233139306306839,
        "mad": 0.1934974193572998,
        "mad_sigma": 0.28687927393913265,
        "skewness": 0.3860691266853726,
        "kurtosis_excess": 0.326004979082104,
        "delta_mean_median": 0.032981834518231
      },
      "d_l": {
        "n": 123,
        "nan_frac": 0.0,
        "mean": 0.6611857915796885,
        "median": 1.0741889476776123,
        "std": 1.165719315631002,
        "iqr": 1.8773552179336548,
        "mad": 0.7476162910461426,
        "mad_sigma": 1.1084159131050109,
        "skewness": -0.4812612528674147,
        "kurtosis_excess": -0.866393335009314,
        "delta_mean_median": -0.4130031560979238
      },
      "d_s": {
        "n": 123,
        "nan_frac": 0.0,
        "mean": 0.6322953999951119,
        "median": -0.08433583378791809,
        "std": 1.2767731061036685,
        "iqr": 2.2741122394800186,
        "mad": 0.549680083990097,
        "mad_sigma": 0.8149556925237178,
        "skewness": 0.6441451956320637,
        "kurtosis_excess": -1.1016531937005412,
        "delta_mean_median": 0.71663123378303
      },
      "e_e": {
        "n": 123,
        "nan_frac": 0.0,
        "mean": -0.19953102508665826,
        "median": 0.0,
        "std": 0.8444083531977892,
        "iqr": 1.5110017359256744,
        "mad": 0.674490749835968,
        "mad_sigma": 0.9999999857068061,
        "skewness": -0.3867666624048649,
        "kurtosis_excess": -1.216135957486113,
        "delta_mean_median": -0.19953102508665826
      },
      "e_s": {
        "n": 123,
        "nan_frac": 0.0,
        "mean": 0.5246778645408832,
        "median": 0.5764040946960449,
        "std": 0.885408184141492,
        "iqr": 1.2319621443748474,
        "mad": 0.5631587356328964,
        "mad_sigma": 0.8349391414493322,
        "skewness": 0.3943995612665391,
        "kurtosis_excess": -0.031593159223919365,
        "delta_mean_median": -0.051726230155161756
      },
      "e_m": {
        "n": 123,
        "nan_frac": 0.0,
        "mean": -0.09061611542190479,
        "median": 0.0,
        "std": 1.0294593791153623,
        "iqr": 1.2761260271072388,
        "mad": 0.674490749835968,
        "mad_sigma": 0.9999999857068061,
        "skewness": -0.6790808917941309,
        "kurtosis_excess": -0.5508931033329576,
        "delta_mean_median": -0.09061611542190479
      }
    }
  },
  "entropy_provisional": {},
  "tau_summary": {
    "axes": {
      "m": {
        "tau_sec": 8.0,
        "dt_sec": 4.0,
        "max_lag_sec": 60.0,
        "threshold": 0.36787944117144233,
        "nan_frac": 0.0,
        "nan_policy": "strict"
      },
      "d": {
        "tau_sec": 12.0,
        "dt_sec": 4.0,
        "max_lag_sec": 60.0,
        "threshold": 0.36787944117144233,
        "nan_frac": 0.0,
        "nan_policy": "strict"
      },
      "e": {
        "tau_sec": 16.0,
        "dt_sec": 4.0,
        "max_lag_sec": 60.0,
        "threshold": 0.36787944117144233,
        "nan_frac": 0.0,
        "nan_policy": "strict"
      }
    },
    "subcoords": {
      "m_a": {
        "tau_sec": 8.0,
        "dt_sec": 4.0,
        "max_lag_sec": 60.0,
        "threshold": 0.36787944117144233,
        "nan_frac": 0.0,
        "nan_policy": "strict"
      },
      "m_e": {
        "tau_sec": 32.0,
        "dt_sec": 4.0,
        "max_lag_sec": 60.0,
        "threshold": 0.36787944117144233,
        "nan_frac": 0.0,
        "nan_policy": "strict"
      },
      "m_o": {
        "tau_sec": 36.0,
        "dt_sec": 4.0,
        "max_lag_sec": 60.0,
        "threshold": 0.36787944117144233,
        "nan_frac": 0.0,
        "nan_policy": "strict"
      },
      "d_n": {
        "tau_sec": 8.0,
        "dt_sec": 4.0,
        "max_lag_sec": 60.0,
        "threshold": 0.36787944117144233,
        "nan_frac": 0.0,
        "nan_policy": "strict"
      },
      "d_l": {
        "tau_sec": 8.0,
        "dt_sec": 4.0,
        "max_lag_sec": 60.0,
        "threshold": 0.36787944117144233,
        "nan_frac": 0.0,
        "nan_policy": "strict"
      },