{
  "dataset_id": "ds003478:sub-036:rest_Rest_run-02",
  "subject": "sub-036",
  "session": null,
  "reliability_axes": {
    "m": -0.16900956966286132,
    "d": 0.9216365343439827,
    "e": 0.49195386875236125
  },
  "reliability_subcoords": {
    "m_a": 0.205523478220332,
    "m_e": -0.14763518104825163,
    "m_o": 0.590859573778152,
    "d_n": 0.7235171874904718,
    "d_l": 0.9632199219290493,
    "d_s": 0.8989460010100205,
    "e_e": 0.5689588669021834,
    "e_s": 0.7135258029133211,
    "e_m": null
  }
}