{
  "dataset_id": "ds003478:sub-038:rest_Rest_run-02",
  "subject": "sub-038",
  "session": null,
  "reliability_axes": {
    "m": 0.8433901466064299,
    "d": 0.8820666974253009,
    "e": 0.7509150571359199
  },
  "reliability_subcoords": {
    "m_a": 0.9429898175243803,
    "m_e": 0.920774522401415,
    "m_o": 0.871435180253404,
    "d_n": 0.9187992104373137,
    "d_l": 0.8699146390471634,
    "d_s": 0.8980288535741354,
    "e_e": 0.6939838724577103,
    "e_s": 0.9067156022751633,
    "e_m": 1.0
  }
}