{
  "dataset_id": "ds003478:sub-038:rest_Rest_run-02",
  "subject": "sub-038",
  "session": null,
  "coverage": {
    "epochs": 56,
    "seconds": 224.0
  },
  "artifacts": {
    "methods": [
      "none"
    ],
    "bad_eeg_channels": [],
    "n_bad_eeg_channels": 0,
    "stem_collisions": {}
  },
  "ensemble": {
    "var_by_subcoord": {
      "m_a": 0.009173111990094185,
      "m_e": 0.015224414877593517,
      "m_o": 0.011987302452325821,
      "d_n": 0.022675491869449615,
      "d_l": 0.03586501255631447,
      "d_s": 0.025803400203585625,
      "e_e": 2.988254988508382e-13,
      "e_s": 0.01759900152683258,
      "e_m": 0.0
    },
    "var_mean": 0.015369748386277181,
    "var_max": 0.03586501255631447
  },
  "reliability": {
    "axes": {
      "m": 0.8433901466064299,
      "d": 0.8820666974253009,
      "e": 0.7509150571359199
    },
    "subcoords": {
      "m_a": 0.9429898175243803,
      "m_e": 0.920774522401415,
      "m_o": 0.871435180253404,
      "d_n": 0.9187992104373137,
      "d_l": 0.8699146390471634,
      "d_s": 0.8980288535741354,
      "e_e": 0.6939838724577103,
      "e_s": 0.9067156022751633,
      "e_m": 1.0
    }
  },
  "dist_summary": {
    "axes": {
      "m": {
        "n": 56,
        "nan_frac": 0.0,
        "mean": -0.051152297910968106,
        "median": -0.045716024935245514,
        "std": 0.5587625614048076,
        "iqr": 0.5416481271386147,
        "mad": 0.24611272662878036,
        "mad_sigma": 0.3648867284998297,
        "skewness": -0.18777454060235524,
        "kurtosis_excess": 1.7050396348452068,
        "delta_mean_median": -0.005436272975722592
      },
      "d": {
        "n": 56,
        "nan_frac": 0.0,
        "mean": 0.5868107155298016,
        "median": 0.5095671564340591,
        "std": 1.0383733455692712,
        "iqr": 1.5979619324207306,
        "mad": 0.8225130885839462,
        "mad_sigma": 1.2194579051345587,
        "skewness": 0.4105172435086905,
        "kurtosis_excess": -0.9129855162105978,
        "delta_mean_median": 0.07724355909574243
      },
      "e": {
        "n": 56,
        "nan_frac": 0.0,
        "mean": 0.08442506105555887,
        "median": 0.017921439721249044,
        "std": 0.6672543370468592,
        "iqr": 0.7246812507510185,
        "mad": 0.4074634462594986,
        "mad_sigma": 0.6041053054243326,
        "skewness": 0.056511955204378274,
        "kurtosis_excess": 0.2727126700676692,
        "delta_mean_median": 0.06650362133430983
      }
    },
    "subcoords": {
      "m_a": {
        "n": 56,
        "nan_frac": 0.0,
        "mean": -0.21580108525813557,
        "median": -0.009767351089976728,
        "std": 1.125508378807181,
        "iqr": 1.1617588251829147,
        "mad": 0.5710060024866834,
        "mad_sigma": 0.8465734992867568,
        "skewness": -2.8953346820208847,
        "kurtosis_excess": 10.232967688014172,
        "delta_mean_median": -0.20603373416815884
      },
      "m_e": {
        "n": 56,
        "nan_frac": 0.0,
        "mean": -0.05851600563619286,
        "median": -0.0867188535630703,
        "std": 0.5989411290333394,
        "iqr": 0.6287573091685772,
        "mad": 0.3255775161087513,
        "mad_sigma": 0.48270122538283466,
        "skewness": -0.6574281555145614,
        "kurtosis_excess": 2.4049250199693235,
        "delta_mean_median": 0.02820284792687744
      },
      "m_o": {
        "n": 56,
        "nan_frac": 0.0,
        "mean": 0.18469723626289383,
        "median": -0.051933515816926956,
        "std": 1.1221444726785126,
        "iqr": 1.0440658926963806,
        "mad": 0.5141291618347168,
        "mad_sigma": 0.7622478953361511,
        "skewness": 1.3780033966578489,
        "kurtosis_excess": 2.255435670197677,
        "delta_mean_median": 0.2366307520798208
      },
      "d_n": {
        "n": 56,
        "nan_frac": 0.0,
        "mean": 0.26667110389098525,
        "median": -0.019509131088852882,
        "std": 1.2106458330400474,
        "iqr": 1.057062990963459,
        "mad": 0.4995723720639944,
        "mad_sigma": 0.7406659988220781,
        "skewness": 2.874987471465014,
        "kurtosis_excess": 10.09779446358159,
        "delta_mean_median": 0.28618023497983813
      },
      "d_l": {
        "n": 56,
        "nan_frac": 0.0,
        "mean": 0.754913002651717,
        "median": 0.4383573532104492,
        "std": 1.3194263941597766,
        "iqr": 2.4633444398641586,
        "mad": 1.0592288672924042,
        "mad_sigma": 1.5704127186477184,
        "skewness": 0.37544967454621003,
        "kurtosis_excess": -1.2942363753159043,
        "delta_mean_median": 0.3165556494412678
      },
      "d_s": {
        "n": 56,
        "nan_frac": 0.0,
        "mean": 0.6661890612116882,
        "median": 0.40488961338996887,
        "std": 1.3676636498217534,
        "iqr": 2.333399534225464,
        "mad": 1.1116756796836853,
        "mad_sigma": 1.6481703626990318,
        "skewness": 0.40916132814508516,
        "kurtosis_excess": -0.9939470905114098,
        "delta_mean_median": 0.2612994478217193
      },
      "e_e": {
        "n": 56,
        "nan_frac": 0.0,
        "mean": -0.11391260381788015,
        "median": 0.0,
        "std": 1.103277155308856,
        "iqr": 1.231607086956501,
        "mad": 0.6744907200336456,
        "mad_sigma": 0.999999941521883,
        "skewness": -0.44914121604305496,
        "kurtosis_excess": 0.2886200014899143,
        "delta_mean_median": -0.11391260381788015
      },
      "e_s": {
        "n": 56,
        "nan_frac": 0.0,
        "mean": 0.3500560236030391,
        "median": 0.3336207866668701,
        "std": 0.4365560549424998,
        "iqr": 0.531194381415844,
        "mad": 0.25960037112236023,
        "mad_sigma": 0.38488351022601125,
        "skewness": 0.38590534031092594,
        "kurtosis_excess": 0.5164459443024185,
        "delta_mean_median": 0.016435236936168995
      },
      "e_m": {
        "n": 56,
        "nan_frac": 0.0,
        "mean": 0.21428571428571427,
        "median": 0.0,
        "std": 1.1134612334371354,
        "iqr": 0.0,
        "mad": 0.0,
        "mad_sigma": 0.0,
        "skewness": 5.003702332976757,
        "kurtosis_excess": 23.037037037037038,
        "delta_mean_median": 0.21428571428571427
      }
    }
  },
  "entropy_provisional": {
    "e_m": {
      "var": 1.239795918367347,
      "n_unique": 2,
      "nan_frac": 0.0,
      "provisional": true
    }
  },
  "tau_summary": {
    "axes": {
      "m": {
        "tau_sec": 8.0,
        "dt_sec": 4.0,
        "max_lag_sec": 60.0,
        "threshold": 0.36787944117144233,
        "nan_frac": 0.0,
        "nan_policy": "strict"
      },
      "d": {
        "tau_sec": 36.0,
        "dt_sec": 4.0,
        "max_lag_sec": 60.0,
        "threshold": 0.36787944117144233,
        "nan_frac": 0.0,
        "nan_policy": "strict"
      },
      "e": {
        "tau_sec": 8.0,
        "dt_sec": 4.0,
        "max_lag_sec": 60.0,
        "threshold": 0.36787944117144233,
        "nan_frac": 0.0,
        "nan_policy": "strict"
      }
    },
    "subcoords": {
      "m_a": {
        "tau_sec": 8.0,
        "dt_sec": 4.0,
        "max_lag_sec": 60.0,
        "threshold": 0.36787944117144233,
        "nan_frac": 0.0,
        "nan_policy": "strict"
      },
      "m_e": {
        "tau_sec": 8.0,
        "dt_sec": 4.0,
        "max_lag_sec": 60.0,
        "threshold": 0.36787944117144233,
        "nan_frac": 0.0,
        "nan_policy": "strict"
      },
      "m_o": {
        "tau_sec": 8.0,
        "dt_sec": 4.0,
        "max_lag_sec": 60.0,
        "threshold": 0.36787944117144233,
        "nan_frac": 0.0,
        "nan_policy": "strict"
      },
      "d_n": {
        "tau_sec": 8.0,
        "dt_sec": 4.0,
        "max_lag_sec": 60.0,
        "threshold": 0.36787944117144233,
        "nan_frac": 0.0,
        "nan_policy": "strict"
      },
      "d_l": {
        "tau_sec": 32.0,
        "dt_sec": 4.0,
        "max_lag_sec": 60.0,
        "threshold": 0.36787944117144233,