{
  "dataset_id": "ds003478:sub-115:rest_Rest_run-01",
  "subject": "sub-115",
  "session": null,
  "reliability_axes": {
    "m": 0.3948993628849939,
    "d": 0.5514839209784572,
    "e": 0.7146774529366373
  },
  "reliability_subcoords": {
    "m_a": 0.502684183015795,
    "m_e": 0.3468769281762458,
    "m_o": 0.4010075076989824,
    "d_n": 0.3967782300384634,
    "d_l": 0.561583823796392,
    "d_s": 0.5954458955072869,
    "e_e": 0.6679046784631825,
    "e_s": 0.6222500887165443,
    "e_m": 0.5153844061618467
  }
}