{
  "dataset_id": "ds003478:sub-115:rest_Rest_run-01",
  "subject": "sub-115",
  "session": null,
  "coverage": {
    "epochs": 124,
    "seconds": 496.0
  },
  "artifacts": {
    "methods": [
      "none"
    ],
    "bad_eeg_channels": [],
    "n_bad_eeg_channels": 0,
    "stem_collisions": {}
  },
  "ensemble": {
    "var_by_subcoord": {
      "m_a": 0.011978535912930965,
      "m_e": 0.014988210052251816,
      "m_o": 0.0035028858110308647,
      "d_n": 0.0012749491725116968,
      "d_l": 0.004627840593457222,
      "d_s": 0.007968568243086338,
      "e_e": 1.4928523911841851e-12,
      "e_s": 0.0016933951992541552,
      "e_m": 0.0
    },
    "var_mean": 0.005114931665112879,
    "var_max": 0.014988210052251816
  },
  "reliability": {
    "axes": {
      "m": 0.3948993628849939,
      "d": 0.5514839209784572,
      "e": 0.7146774529366373
    },
    "subcoords": {
      "m_a": 0.502684183015795,
      "m_e": 0.3468769281762458,
      "m_o": 0.4010075076989824,
      "d_n": 0.3967782300384634,
      "d_l": 0.561583823796392,
      "d_s": 0.5954458955072869,
      "e_e": 0.6679046784631825,
      "e_s": 0.6222500887165443,
      "e_m": 0.5153844061618467
    }
  },
  "dist_summary": {
    "axes": {
      "m": {
        "n": 124,
        "nan_frac": 0.0,
        "mean": -0.025582644941976235,
        "median": 0.04063016176223755,
        "std": 0.6371525285151729,
        "iqr": 0.917377658188343,
        "mad": 0.4493337869644165,
        "mad_sigma": 0.6661822725534439,
        "skewness": -0.07740253231641686,
        "kurtosis_excess": -0.6948175414285394,
        "delta_mean_median": -0.06621280670421378
      },
      "d": {
        "n": 124,
        "nan_frac": 0.0,
        "mean": 0.16446173883553955,
        "median": 0.2385469675064087,
        "std": 0.6084249578066527,
        "iqr": 0.9787738472223282,
        "mad": 0.503326416015625,
        "mad_sigma": 0.7462317443847656,
        "skewness": 0.041737942630795256,
        "kurtosis_excess": -1.049822684028897,
        "delta_mean_median": -0.07408522867086914
      },
      "e": {
        "n": 124,
        "nan_frac": 0.0,
        "mean": 0.020557399499305195,
        "median": 0.027001976035535336,
        "std": 0.4775636742754709,
        "iqr": 0.5830974876880646,
        "mad": 0.3076135814189911,
        "mad_sigma": 0.4560678958117962,
        "skewness": -0.5589915716767202,
        "kurtosis_excess": 0.43428791690631696,
        "delta_mean_median": -0.006444576536230141
      }
    },
    "subcoords": {
      "m_a": {
        "n": 124,
        "nan_frac": 0.0,
        "mean": -0.09940653290194008,
        "median": -0.05263903550803661,
        "std": 0.8253372385646737,
        "iqr": 1.425900787115097,
        "mad": 0.7184300422668457,
        "mad_sigma": 1.0651443806648253,
        "skewness": -0.15351391218087543,
        "kurtosis_excess": -1.124110998745921,
        "delta_mean_median": -0.04676749739390347
      },
      "m_e": {
        "n": 124,
        "nan_frac": 0.0,
        "mean": 0.035855175202502115,
        "median": 0.08172522112727165,
        "std": 0.4911127469596739,
        "iqr": 0.6048499643802643,
        "mad": 0.2964318133890629,
        "mad_sigma": 0.4394898065306246,
        "skewness": -0.25439879391687564,
        "kurtosis_excess": 0.24943467921720863,
        "delta_mean_median": -0.04587004592476954
      },
      "m_o": {
        "n": 124,
        "nan_frac": 0.0,
        "mean": 0.001039598737993548,
        "median": -0.06905711069703102,
        "std": 0.8951234284026856,
        "iqr": 1.1134578883647919,
        "mad": 0.5709072947502136,
        "mad_sigma": 0.8464271551966667,
        "skewness": 0.3712334736300894,
        "kurtosis_excess": 0.008881598111555089,
        "delta_mean_median": 0.07009670943502457
      },
      "d_n": {
        "n": 124,
        "nan_frac": 0.0,
        "mean": 0.07626195906120684,
        "median": 0.023234359920024872,
        "std": 0.7575468382884178,
        "iqr": 0.8684307932853699,
        "mad": 0.41533707827329636,
        "mad_sigma": 0.6157787522479892,
        "skewness": 0.49979092171811246,
        "kurtosis_excess": 1.0904391001192266,
        "delta_mean_median": 0.053027599141181964
      },
      "d_l": {
        "n": 124,
        "nan_frac": 0.0,
        "mean": 0.21879845845603174,
        "median": 0.044893860816955566,
        "std": 0.8032231253046924,
        "iqr": 1.3795437067747116,
        "mad": 0.6720947921276093,
        "mad_sigma": 0.9964477388083934,
        "skewness": 0.5082611191213788,
        "kurtosis_excess": -0.7904959840467645,
        "delta_mean_median": 0.17390459763907617
      },
      "d_s": {
        "n": 124,
        "nan_frac": 0.0,
        "mean": 0.16283237621668847,
        "median": 0.014099374413490295,
        "std": 0.8196913306521684,
        "iqr": 1.1570406183600426,
        "mad": 0.5135143548250198,
        "mad_sigma": 0.7613363824635744,
        "skewness": 0.6341313374798492,
        "kurtosis_excess": 0.3269194337905854,
        "delta_mean_median": 0.14873300180319818
      },
      "e_e": {
        "n": 124,
        "nan_frac": 0.0,
        "mean": -0.08836038590919587,
        "median": 0.0,
        "std": 1.0352703935652852,
        "iqr": 1.285149335861206,
        "mad": 0.6744906902313232,
        "mad_sigma": 0.9999998973369598,
        "skewness": -0.5420068056103529,
        "kurtosis_excess": 0.5227393285295654,
        "delta_mean_median": -0.08836038590919587
      },
      "e_s": {
        "n": 124,
        "nan_frac": 0.0,
        "mean": 0.1535037660430516,
        "median": 0.09373079240322113,
        "std": 0.5214197270506944,
        "iqr": 0.6281046718358994,
        "mad": 0.3071254789829254,
        "mad_sigma": 0.4553442351400852,
        "skewness": 0.9715047690009134,
        "kurtosis_excess": 0.9644666169556162,
        "delta_mean_median": 0.05977297363983047
      },
      "e_m": {
        "n": 124,
        "nan_frac": 0.0,
        "mean": 0.35900314921332943,
        "median": 0.0,
        "std": 1.047145494119439,
        "iqr": 2.023472249507904,
        "mad": 0.674490749835968,
        "mad_sigma": 0.9999999857068061,
        "skewness": 1.0389578919127103,
        "kurtosis_excess": 1.083662421778416,
        "delta_mean_median": 0.35900314921332943
      }
    }
  },
  "entropy_provisional": {},
  "tau_summary": {
    "axes": {
      "m": {
        "tau_sec": 8.0,
        "dt_sec": 4.0,
        "max_lag_sec": 60.0,
        "threshold": 0.36787944117144233,
        "nan_frac": 0.0,
        "nan_policy": "strict"
      },
      "d": {
        "tau_sec": 16.0,
        "dt_sec": 4.0,
        "max_lag_sec": 60.0,
        "threshold": 0.36787944117144233,
        "nan_frac": 0.0,
        "nan_policy": "strict"
      },
      "e": {
        "tau_sec": 12.0,
        "dt_sec": 4.0,
        "max_lag_sec": 60.0,
        "threshold": 0.36787944117144233,
        "nan_frac": 0.0,
        "nan_policy": "strict"
      }
    },
    "subcoords": {
      "m_a": {
        "tau_sec": 8.0,
        "dt_sec": 4.0,
        "max_lag_sec": 60.0,
        "threshold": 0.36787944117144233,
        "nan_frac": 0.0,
        "nan_policy": "strict"
      },
      "m_e": {
        "tau_sec": 8.0,
        "dt_sec": 4.0,
        "max_lag_sec": 60.0,
        "threshold": 0.36787944117144233,
        "nan_frac": 0.0,
        "nan_policy": "strict"
      },
      "m_o": {
        "tau_sec": 8.0,
        "dt_sec": 4.0,
        "max_lag_sec": 60.0,
        "threshold": 0.36787944117144233,
        "nan_frac": 0.0,
        "nan_policy": "strict"
      },
      "d_n": {
        "tau_sec": 8.0,
        "dt_sec": 4.0,
        "max_lag_sec": 60.0,
        "threshold": 0.36787944117144233,
        "nan_frac": 0.0,
        "nan_policy": "strict"
      },
      "d_l": {
        "tau_sec": 12.0,
        "dt_sec": 4.0,
        "max_lag_sec": 60.0,
        "threshold": 0.36787944117144233,
        "nan_frac": 0.0,