{
  "dataset_id": "ds003478:sub-085:rest_Rest_run-02",
  "subject": "sub-085",
  "session": null,
  "reliability_axes": {
    "m": 0.8467925800822371,
    "d": 0.5002324102193819,
    "e": 0.9007596166550597
  },
  "reliability_subcoords": {
    "m_a": 0.7969306102037115,
    "m_e": 0.8155061935475975,
    "m_o": 0.8924859521534302,
    "d_n": 0.9068279074430741,
    "d_l": 0.4448849190472315,
    "d_s": 0.7214156857916738,
    "e_e": 0.9119623584973952,
    "e_s": 0.4050400463758426,
    "e_m": null
  }
}