{
  "dataset_id": "ds003478:sub-117:rest_Rest_run-02",
  "subject": "sub-117",
  "session": null,
  "reliability_axes": {
    "m": 0.6563500640379034,
    "d": 0.8881260924849037,
    "e": 0.7768258901658336
  },
  "reliability_subcoords": {
    "m_a": 0.6906388988295105,
    "m_e": 0.7741569749885758,
    "m_o": 0.8735666937128315,
    "d_n": 0.7186899386750418,
    "d_l": 0.8939134080772597,
    "d_s": 0.8926645780907778,
    "e_e": 0.9119789473921063,
    "e_s": 0.7604737128098366,
    "e_m": 0.6936884992280137
  }
}