{
  "dataset_id": "ds003478:sub-117:rest_Rest_run-02",
  "subject": "sub-117",
  "session": null,
  "coverage": {
    "epochs": 41,
    "seconds": 164.0
  },
  "artifacts": {
    "methods": [
      "none"
    ],
    "bad_eeg_channels": [],
    "n_bad_eeg_channels": 0,
    "stem_collisions": {}
  },
  "ensemble": {
    "var_by_subcoord": {
      "m_a": 0.010021679103374481,
      "m_e": 0.004914401099085808,
      "m_o": 0.014873350039124489,
      "d_n": 0.007166736759245396,
      "d_l": 0.5710552334785461,
      "d_s": 0.27565717697143555,
      "e_e": 0.0,
      "e_s": 0.006893559824675322,
      "e_m": 0.0
    },
    "var_mean": 0.09895357080838746,
    "var_max": 0.5710552334785461
  },
  "reliability": {
    "axes": {
      "m": 0.6563500640379034,
      "d": 0.8881260924849037,
      "e": 0.7768258901658336
    },
    "subcoords": {
      "m_a": 0.6906388988295105,
      "m_e": 0.7741569749885758,
      "m_o": 0.8735666937128315,
      "d_n": 0.7186899386750418,
      "d_l": 0.8939134080772597,
      "d_s": 0.8926645780907778,
      "e_e": 0.9119789473921063,
      "e_s": 0.7604737128098366,
      "e_m": 0.6936884992280137
    }
  },
  "dist_summary": {
    "axes": {
      "m": {
        "n": 41,
        "nan_frac": 0.0,
        "mean": 0.01539542264782074,
        "median": -0.06293776631355286,
        "std": 0.3439980105773713,
        "iqr": 0.5285874009132385,
        "mad": 0.2405092418193817,
        "mad_sigma": 0.3565790019214153,
        "skewness": -0.5123013730646004,
        "kurtosis_excess": -0.014514252104823377,
        "delta_mean_median": 0.07833318896137359
      },
      "d": {
        "n": 41,
        "nan_frac": 0.0,
        "mean": 0.6844364944391135,
        "median": 0.39428532123565674,
        "std": 1.0983095835406889,
        "iqr": 2.1935950219631195,
        "mad": 0.7811812460422516,
        "mad_sigma": 1.1581793153822422,
        "skewness": 0.40106027356859136,
        "kurtosis_excess": -1.5057531002622553,
        "delta_mean_median": 0.29015117320345674
      },
      "e": {
        "n": 41,
        "nan_frac": 0.0,
        "mean": 0.14599140108812872,
        "median": 0.15348508954048157,
        "std": 0.24704414975568523,
        "iqr": 0.4055205434560776,
        "mad": 0.21598798036575317,
        "mad_sigma": 0.32022377969026566,
        "skewness": -0.18037857517149372,
        "kurtosis_excess": -0.9586101477781388,
        "delta_mean_median": -0.007493688452352848
      }
    },
    "subcoords": {
      "m_a": {
        "n": 41,
        "nan_frac": 0.0,
        "mean": 0.061283800660110105,
        "median": 0.40668800473213196,
        "std": 0.8032038207754789,
        "iqr": 0.8222531974315643,
        "mad": 0.3675309717655182,
        "mad_sigma": 0.5449014187395572,
        "skewness": -1.0087861631277801,
        "kurtosis_excess": 0.015522759328182811,
        "delta_mean_median": -0.3454042040720219
      },
      "m_e": {
        "n": 41,
        "nan_frac": 0.0,
        "mean": -0.11523536073963908,
        "median": -0.13567917048931122,
        "std": 0.23807593307179825,
        "iqr": 0.35344257950782776,
        "mad": 0.17807556688785553,
        "mad_sigma": 0.2640148354679346,
        "skewness": 0.2709546543217034,
        "kurtosis_excess": -0.4214180241762584,
        "delta_mean_median": 0.020443809749672137
      },
      "m_o": {
        "n": 41,
        "nan_frac": 0.0,
        "mean": 0.11183128505945206,
        "median": -0.057878997176885605,
        "std": 0.823413368819204,
        "iqr": 1.4851130247116089,
        "mad": 0.7003074623644352,
        "mad_sigma": 1.0382758437015116,
        "skewness": 0.26244629606864484,
        "kurtosis_excess": -1.1730384134660032,
        "delta_mean_median": 0.16971028223633766
      },
      "d_n": {
        "n": 41,
        "nan_frac": 0.0,
        "mean": 0.10133989609596206,
        "median": -0.03883904218673706,
        "std": 0.6071971789057162,
        "iqr": 0.4590403288602829,
        "mad": 0.25394684076309204,
        "mad_sigma": 0.3765015861153602,
        "skewness": 2.2116703277744634,
        "kurtosis_excess": 6.033190890493902,
        "delta_mean_median": 0.14017893828269912
      },
      "d_l": {
        "n": 41,
        "nan_frac": 0.0,
        "mean": 0.9658017176680449,
        "median": -0.20623542368412018,
        "std": 1.6620022691026395,
        "iqr": 3.4565038681030273,
        "mad": 0.4349866956472397,
        "mad_sigma": 0.6449112749665975,
        "skewness": 0.47544369898867456,
        "kurtosis_excess": -1.5649535763712563,
        "delta_mean_median": 1.172037141352165
      },
      "d_s": {
        "n": 41,
        "nan_frac": 0.0,
        "mean": 0.9016822781868097,
        "median": 0.1192992627620697,
        "std": 1.6283384179968377,
        "iqr": 3.111959755420685,
        "mad": 0.9594296514987946,
        "mad_sigma": 1.4224504013121126,
        "skewness": 0.43040670233088574,
        "kurtosis_excess": -1.4305837547478673,
        "delta_mean_median": 0.78238301542474
      },
      "e_e": {
        "n": 41,
        "nan_frac": 0.0,
        "mean": -0.06859671551643348,
        "median": 0.0,
        "std": 0.7415859214604383,
        "iqr": 1.4307337403297424,
        "mad": 0.6744908094406128,
        "mad_sigma": 1.0000000740766524,
        "skewness": -0.41686243895692243,
        "kurtosis_excess": -1.2492499867202302,
        "delta_mean_median": -0.06859671551643348
      },
      "e_s": {
        "n": 41,
        "nan_frac": 0.0,
        "mean": 0.44660107541556765,
        "median": 0.3023448586463928,
        "std": 0.5710274404842962,
        "iqr": 0.9380227625370026,
        "mad": 0.41788753867149353,
        "mad_sigma": 0.6195600648343563,
        "skewness": 0.3530136533728906,
        "kurtosis_excess": -1.148820565351327,
        "delta_mean_median": 0.14425621676917483
      },
      "e_m": {
        "n": 41,
        "nan_frac": 0.0,
        "mean": 0.01338848786530789,
        "median": 0.0,
        "std": 0.8623857065512093,
        "iqr": 1.2862017750740051,
        "mad": 0.6744906902313232,
        "mad_sigma": 0.9999998973369598,
        "skewness": 0.5457531447451919,
        "kurtosis_excess": -0.4725586601494758,
        "delta_mean_median": 0.01338848786530789
      }
    }
  },
  "entropy_provisional": {},
  "tau_summary": {
    "axes": {
      "m": {
        "tau_sec": 12.0,
        "dt_sec": 4.0,
        "max_lag_sec": 60.0,
        "threshold": 0.36787944117144233,
        "nan_frac": 0.0,
        "nan_policy": "strict"
      },
      "d": {
        "tau_sec": 32.0,
        "dt_sec": 4.0,
        "max_lag_sec": 60.0,
        "threshold": 0.36787944117144233,
        "nan_frac": 0.0,
        "nan_policy": "strict"
      },
      "e": {
        "tau_sec": 28.0,
        "dt_sec": 4.0,
        "max_lag_sec": 60.0,
        "threshold": 0.36787944117144233,
        "nan_frac": 0.0,
        "nan_policy": "strict"
      }
    },
    "subcoords": {
      "m_a": {
        "tau_sec": 12.0,
        "dt_sec": 4.0,
        "max_lag_sec": 60.0,
        "threshold": 0.36787944117144233,
        "nan_frac": 0.0,
        "nan_policy": "strict"
      },
      "m_e": {
        "tau_sec": 24.0,
        "dt_sec": 4.0,
        "max_lag_sec": 60.0,
        "threshold": 0.36787944117144233,
        "nan_frac": 0.0,
        "nan_policy": "strict"
      },
      "m_o": {
        "tau_sec": 36.0,
        "dt_sec": 4.0,
        "max_lag_sec": 60.0,
        "threshold": 0.36787944117144233,
        "nan_frac": 0.0,
        "nan_policy": "strict"
      },
      "d_n": {
        "tau_sec": 8.0,
        "dt_sec": 4.0,
        "max_lag_sec": 60.0,
        "threshold": 0.36787944117144233,
        "nan_frac": 0.0,
        "nan_policy": "strict"
      },
      "d_l": {
        "tau_sec": 36.0,
        "dt_sec": 4.0,
        "max_lag_sec": 60.0,
        "threshold": 0.36787944117144233,
        "nan_frac": 0.0,
        "nan_policy": "strict"
      },