{
  "dataset_id": "ds003478:sub-116:rest_Rest_run-01",
  "subject": "sub-116",
  "session": null,
  "reliability_axes": {
    "m": 0.7713546022805456,
    "d": 0.9304853211529843,
    "e": 0.8311148959467655
  },
  "reliability_subcoords": {
    "m_a": 0.8857351991743689,
    "m_e": 0.5271064977491731,
    "m_o": 0.6782444655487181,
    "d_n": 0.79064542646109,
    "d_l": 0.9191709033921989,
    "d_s": 0.9126685552105739,
    "e_e": 0.7961267535996376,
    "e_s": 0.747010016683956,
    "e_m": 0.8038579089602186
  }
}