{
  "dataset_id": "ds003478:sub-116:rest_Rest_run-01",
  "subject": "sub-116",
  "session": null,
  "coverage": {
    "epochs": 123,
    "seconds": 492.0
  },
  "artifacts": {
    "methods": [
      "none"
    ],
    "bad_eeg_channels": [
      "CB1",
      "CB2",
      "CPZ",
      "CZ"
    ],
    "n_bad_eeg_channels": 4,
    "stem_collisions": {}
  },
  "ensemble": {
    "var_by_subcoord": {
      "m_a": 0.0003864903701469302,
      "m_e": 0.006415177136659622,
      "m_o": 0.0018128255615010858,
      "d_n": 0.00393614312633872,
      "d_l": 0.1950213462114334,
      "d_s": 0.330188512802124,
      "e_e": 0.0,
      "e_s": 0.025024550035595894,
      "e_m": 0.0
    },
    "var_mean": 0.06253167169375552,
    "var_max": 0.330188512802124
  },
  "reliability": {
    "axes": {
      "m": 0.7713546022805456,
      "d": 0.9304853211529843,
      "e": 0.8311148959467655
    },
    "subcoords": {
      "m_a": 0.8857351991743689,
      "m_e": 0.5271064977491731,
      "m_o": 0.6782444655487181,
      "d_n": 0.79064542646109,
      "d_l": 0.9191709033921989,
      "d_s": 0.9126685552105739,
      "e_e": 0.7961267535996376,
      "e_s": 0.747010016683956,
      "e_m": 0.8038579089602186
    }
  },
  "dist_summary": {
    "axes": {
      "m": {
        "n": 123,
        "nan_frac": 0.0,
        "mean": 0.1085518967053603,
        "median": 0.0735749900341034,
        "std": 0.5580979416682295,
        "iqr": 1.027763918042183,
        "mad": 0.49180689454078674,
        "mad_sigma": 0.7291529018461704,
        "skewness": 0.04376216236751649,
        "kurtosis_excess": -1.0882298746071193,
        "delta_mean_median": 0.03497690667125691
      },
      "d": {
        "n": 123,
        "nan_frac": 0.0,
        "mean": 1.0692565762730102,
        "median": 0.517691969871521,
        "std": 1.3472870823989775,
        "iqr": 2.746988445520401,
        "mad": 0.9413105547428131,
        "mad_sigma": 1.3955870284616947,
        "skewness": 0.3186361428781935,
        "kurtosis_excess": -1.5978166922705341,
        "delta_mean_median": 0.5515646064014892
      },
      "e": {
        "n": 123,
        "nan_frac": 0.0,
        "mean": 0.13137163257801798,
        "median": 0.13006643950939178,
        "std": 0.46763758640754455,
        "iqr": 0.7074611485004425,
        "mad": 0.36677300930023193,
        "mad_sigma": 0.5437776635885239,
        "skewness": -0.10676445410461623,
        "kurtosis_excess": -0.4508024664951127,
        "delta_mean_median": 0.001305193068626198
      }
    },
    "subcoords": {
      "m_a": {
        "n": 123,
        "nan_frac": 0.0,
        "mean": 0.26842050832824976,
        "median": -0.027496419847011566,
        "std": 0.7852924849716554,
        "iqr": 1.4698602110147476,
        "mad": 0.6937299147248268,
        "mad_sigma": 1.0285239715710282,
        "skewness": 0.0579096524390446,
        "kurtosis_excess": -1.4489970828308234,
        "delta_mean_median": 0.29591692817526133
      },
      "m_e": {
        "n": 123,
        "nan_frac": 0.0,
        "mean": 0.03255449668636803,
        "median": 0.08794307708740234,
        "std": 0.3366128063426455,
        "iqr": 0.481826052069664,
        "mad": 0.21201685070991516,
        "mad_sigma": 0.3143361828625202,
        "skewness": -0.48004747854952073,
        "kurtosis_excess": -0.23359798246217434,
        "delta_mean_median": -0.05538858040103432
      },
      "m_o": {
        "n": 123,
        "nan_frac": 0.0,
        "mean": -0.018825828025829258,
        "median": 0.01030266284942627,
        "std": 0.7979504982501165,
        "iqr": 1.2515707612037659,
        "mad": 0.6251380443572998,
        "mad_sigma": 0.9268296645641326,
        "skewness": 0.15597549727065113,
        "kurtosis_excess": -0.37904513655604966,
        "delta_mean_median": -0.029128490875255528
      },
      "d_n": {
        "n": 123,
        "nan_frac": 0.0,
        "mean": 0.2871515721203835,
        "median": 0.1539429873228073,
        "std": 0.7139947017856455,
        "iqr": 0.8682212084531784,
        "mad": 0.44101960957050323,
        "mad_sigma": 0.6538556731492281,
        "skewness": 0.6736688718582354,
        "kurtosis_excess": -0.1990369728304704,
        "delta_mean_median": 0.1332085847975762
      },
      "d_l": {
        "n": 123,
        "nan_frac": 0.0,
        "mean": 1.4837628592078278,
        "median": -0.03218632563948631,
        "std": 2.2651630251086585,
        "iqr": 4.639545828104019,
        "mad": 0.5865246094763279,
        "mad_sigma": 0.8695813860096037,
        "skewness": 0.4698183448360347,
        "kurtosis_excess": -1.664810892717286,
        "delta_mean_median": 1.5159491848473141
      },
      "d_s": {
        "n": 123,
        "nan_frac": 0.0,
        "mean": 1.251961462532844,
        "median": 1.305070400238037,
        "std": 1.3066322612304062,
        "iqr": 2.5373078901320696,
        "mad": 1.2850097306072712,
        "mad_sigma": 1.9051554265983401,
        "skewness": -0.0026725823356281105,
        "kurtosis_excess": -1.4910634687253987,
        "delta_mean_median": -0.053108937705193204
      },
      "e_e": {
        "n": 123,
        "nan_frac": 0.0,
        "mean": -0.1474029031824472,
        "median": 0.0,
        "std": 0.8944390032863702,
        "iqr": 1.2724184095859528,
        "mad": 0.674490749835968,
        "mad_sigma": 0.9999999857068061,
        "skewness": -0.5366922095383649,
        "kurtosis_excess": -0.19398960352286387,
        "delta_mean_median": -0.1474029031824472
      },
      "e_s": {
        "n": 123,
        "nan_frac": 0.0,
        "mean": 0.5183272122943062,
        "median": 0.5882197618484497,
        "std": 0.47446512197752266,
        "iqr": 0.7431180104613304,
        "mad": 0.375812828540802,
        "mad_sigma": 0.557180099594593,
        "skewness": 0.31196851762833033,
        "kurtosis_excess": -0.10027439449219555,
        "delta_mean_median": -0.06989254955414348
      },
      "e_m": {
        "n": 123,
        "nan_frac": 0.0,
        "mean": 0.03290198295097041,
        "median": 0.0,
        "std": 0.7490774120923801,
        "iqr": 1.1241512298583984,
        "mad": 0.674490749835968,
        "mad_sigma": 0.9999999857068061,
        "skewness": 1.1330238455979422,
        "kurtosis_excess": 1.143982987336119,
        "delta_mean_median": 0.03290198295097041
      }
    }
  },
  "entropy_provisional": {},
  "tau_summary": {
    "axes": {
      "m": {
        "tau_sec": 12.0,
        "dt_sec": 4.0,
        "max_lag_sec": 60.0,
        "threshold": 0.36787944117144233,
        "nan_frac": 0.0,
        "nan_policy": "strict"
      },
      "d": {
        "tau_sec": 36.0,
        "dt_sec": 4.0,
        "max_lag_sec": 60.0,
        "threshold": 0.36787944117144233,
        "nan_frac": 0.0,
        "nan_policy": "strict"
      },
      "e": {
        "tau_sec": 12.0,
        "dt_sec": 4.0,
        "max_lag_sec": 60.0,
        "threshold": 0.36787944117144233,
        "nan_frac": 0.0,
        "nan_policy": "strict"
      }
    },
    "subcoords": {
      "m_a": {
        "tau_sec": 20.0,
        "dt_sec": 4.0,
        "max_lag_sec": 60.0,
        "threshold": 0.36787944117144233,
        "nan_frac": 0.0,
        "nan_policy": "strict"
      },
      "m_e": {
        "tau_sec": 8.0,
        "dt_sec": 4.0,
        "max_lag_sec": 60.0,
        "threshold": 0.36787944117144233,
        "nan_frac": 0.0,
        "nan_policy": "strict"
      },
      "m_o": {
        "tau_sec": 8.0,
        "dt_sec": 4.0,
        "max_lag_sec": 60.0,
        "threshold": 0.36787944117144233,
        "nan_frac": 0.0,
        "nan_policy": "strict"
      },
      "d_n": {
        "tau_sec": 12.0,
        "dt_sec": 4.0,
        "max_lag_sec": 60.0,
        "threshold": 0.36787944117144233,
        "nan_frac": 0.0,
        "nan_policy": "strict"
      },
      "d_l": {
        "tau_sec": 28.0,
        "dt_sec": 4.0,
        "max_lag_sec": 60.0,
        "threshold": 0.36787944117144233,
        "nan_frac": 0.0,