{
  "dataset_id": "ds003478:sub-033:rest_Rest_run-02",
  "subject": "sub-033",
  "session": null,
  "reliability_axes": {
    "m": 0.5121585883533775,
    "d": 0.0900052272718403,
    "e": 0.7623080731376557
  },
  "reliability_subcoords": {
    "m_a": 0.6415131500839707,
    "m_e": 0.7287400281148867,
    "m_o": 0.5837859653056893,
    "d_n": 0.1866648603405842,
    "d_l": 0.42264405477493655,
    "d_s": 0.539084823893258,
    "e_e": 0.6984572200440181,
    "e_s": 0.4952874767155169,
    "e_m": null
  }
}