{
  "dataset_id": "ds003478:sub-030:rest_Rest_run-02",
  "subject": "sub-030",
  "session": null,
  "reliability_axes": {
    "m": 0.3689755446949952,
    "d": -0.09525829733984865,
    "e": 0.21348149022188856
  },
  "reliability_subcoords": {
    "m_a": 0.34331337094532177,
    "m_e": 0.330677163512604,
    "m_o": 0.40052231344869604,
    "d_n": 0.27452392662440456,
    "d_l": -0.08023120374976551,
    "d_s": 0.10440345303463405,
    "e_e": 0.29153533772710055,
    "e_s": 0.16119583923850345,
    "e_m": 0.11400965269608877
  }
}