{
  "dataset_id": "ds003478:sub-049:rest_Rest_run-02",
  "subject": "sub-049",
  "session": null,
  "reliability_axes": {
    "m": 0.646956469988623,
    "d": 0.5905727308540434,
    "e": 0.833871566390336
  },
  "reliability_subcoords": {
    "m_a": 0.6612414112450044,
    "m_e": 0.66552712329493,
    "m_o": 0.6622632847834369,
    "d_n": 0.6151895813116486,
    "d_l": 0.7246289932375122,
    "d_s": 0.605431929849208,
    "e_e": 0.892402441163454,
    "e_s": 0.5959393781927325,
    "e_m": null
  }
}