{
  "dataset_id": "ds003478:sub-087:rest_Rest_run-02",
  "subject": "sub-087",
  "session": null,
  "reliability_axes": {
    "m": 0.8646352130431155,
    "d": 0.6512010811469119,
    "e": 0.7107831445889622
  },
  "reliability_subcoords": {
    "m_a": 0.9229756574141104,
    "m_e": 0.8293694124129803,
    "m_o": 0.7807978312405023,
    "d_n": 0.8660772607062462,
    "d_l": 0.8467677259784735,
    "d_s": 0.8453248737690813,
    "e_e": 0.8350949184967734,
    "e_s": 0.8593266088350003,
    "e_m": 0.7480183731080808
  }
}