{
  "dataset_id": "ds003478:sub-087:rest_Rest_run-02",
  "subject": "sub-087",
  "session": null,
  "coverage": {
    "epochs": 56,
    "seconds": 224.0
  },
  "artifacts": {
    "methods": [
      "none"
    ],
    "bad_eeg_channels": [],
    "n_bad_eeg_channels": 0,
    "stem_collisions": {}
  },
  "ensemble": {
    "var_by_subcoord": {
      "m_a": 0.0032274872064590454,
      "m_e": 0.009699197486042976,
      "m_o": 0.006192316301167011,
      "d_n": 0.0016270034248009324,
      "d_l": 0.004850428551435471,
      "d_s": 0.009699425660073757,
      "e_e": 7.127176453181061e-14,
      "e_s": 0.00046588628902100027,
      "e_m": 0.0
    },
    "var_mean": 0.003973527213230163,
    "var_max": 0.009699425660073757
  },
  "reliability": {
    "axes": {
      "m": 0.8646352130431155,
      "d": 0.6512010811469119,
      "e": 0.7107831445889622
    },
    "subcoords": {
      "m_a": 0.9229756574141104,
      "m_e": 0.8293694124129803,
      "m_o": 0.7807978312405023,
      "d_n": 0.8660772607062462,
      "d_l": 0.8467677259784735,
      "d_s": 0.8453248737690813,
      "e_e": 0.8350949184967734,
      "e_s": 0.8593266088350003,
      "e_m": 0.7480183731080808
    }
  },
  "dist_summary": {
    "axes": {
      "m": {
        "n": 56,
        "nan_frac": 0.0,
        "mean": -0.11571661053624537,
        "median": -0.07441289350390434,
        "std": 0.4895401127595397,
        "iqr": 0.8026014640927315,
        "mad": 0.37168076261878014,
        "mad_sigma": 0.5510538986586034,
        "skewness": -0.3414540318845584,
        "kurtosis_excess": -0.8699410724646235,
        "delta_mean_median": -0.04130371703234102
      },
      "d": {
        "n": 56,
        "nan_frac": 0.0,
        "mean": 0.4392010108910784,
        "median": 0.5140811651945114,
        "std": 0.5465053158167045,
        "iqr": 0.7183192618686007,
        "mad": 0.3938497379422188,
        "mad_sigma": 0.5839216214731335,
        "skewness": 0.6869496744817102,
        "kurtosis_excess": 0.7774104861686739,
        "delta_mean_median": -0.07488015430343303
      },
      "e": {
        "n": 56,
        "nan_frac": 0.0,
        "mean": -0.07571069689999733,
        "median": 0.014364467933773994,
        "std": 0.6080668152541144,
        "iqr": 0.7265953049063683,
        "mad": 0.347954660654068,
        "mad_sigma": 0.5158775798857211,
        "skewness": -0.7864787028338175,
        "kurtosis_excess": 0.48433469715975397,
        "delta_mean_median": -0.09007516483377133
      }
    },
    "subcoords": {
      "m_a": {
        "n": 56,
        "nan_frac": 0.0,
        "mean": -0.21423646793950216,
        "median": 0.009321028483100235,
        "std": 0.7945947511202798,
        "iqr": 1.2483932077884674,
        "mad": 0.5715875923633575,
        "mad_sigma": 0.8474357644379138,
        "skewness": -0.7994529574638575,
        "kurtosis_excess": -0.2758774212778943,
        "delta_mean_median": -0.2235574964226024
      },
      "m_e": {
        "n": 56,
        "nan_frac": 0.0,
        "mean": 0.08651672140695155,
        "median": 0.15571237355470657,
        "std": 0.20285112896129626,
        "iqr": 0.29133655689656734,
        "mad": 0.12941547483205795,
        "mad_sigma": 0.19187138298600911,
        "skewness": -0.6300039311470061,
        "kurtosis_excess": -0.4450076044339597,
        "delta_mean_median": -0.06919565214775503
      },
      "m_o": {
        "n": 56,
        "nan_frac": 0.0,
        "mean": -0.22715222974069807,
        "median": -0.030975559398939367,
        "std": 0.8867870169465624,
        "iqr": 1.1902282610535622,
        "mad": 0.5972311496734619,
        "mad_sigma": 0.8854549025058746,
        "skewness": -0.5160756960834059,
        "kurtosis_excess": -0.410016607569589,
        "delta_mean_median": -0.1961766703417587
      },
      "d_n": {
        "n": 56,
        "nan_frac": 0.0,
        "mean": 0.5288674271266375,
        "median": 0.1341256946325302,
        "std": 1.1242141577907832,
        "iqr": 1.3730073794722557,
        "mad": 0.44351667165756226,
        "mad_sigma": 0.6575578173995018,
        "skewness": 1.016047060753472,
        "kurtosis_excess": -0.02353190506196734,
        "delta_mean_median": 0.39474173249410727
      },
      "d_l": {
        "n": 56,
        "nan_frac": 0.0,
        "mean": 0.27366823915924343,
        "median": 0.03803735226392746,
        "std": 1.056247924324549,
        "iqr": 1.7349326461553574,
        "mad": 0.7792215272784233,
        "mad_sigma": 1.1552738363429904,
        "skewness": 0.6067521348604205,
        "kurtosis_excess": -0.42075588924537843,
        "delta_mean_median": 0.23563088689531597
      },
      "d_s": {
        "n": 56,
        "nan_frac": 0.0,
        "mean": 0.7638569291947144,
        "median": 0.6091703474521637,
        "std": 0.9516017029411746,
        "iqr": 1.4566124957054853,
        "mad": 0.664903536438942,
        "mad_sigma": 0.9857859831243753,
        "skewness": 0.7669560133151585,
        "kurtosis_excess": 0.06831059228053693,
        "delta_mean_median": 0.15468658174255068
      },
      "e_e": {
        "n": 56,
        "nan_frac": 0.0,
        "mean": -0.44924043295239763,
        "median": 0.0,
        "std": 1.4454043492710484,
        "iqr": 1.866977833211422,
        "mad": 0.6744907200336456,
        "mad_sigma": 0.999999941521883,
        "skewness": -0.7982315372387235,
        "kurtosis_excess": 0.059761327554098465,
        "delta_mean_median": -0.44924043295239763
      },
      "e_s": {
        "n": 56,
        "nan_frac": 0.0,
        "mean": 0.42319304555920617,
        "median": 0.13442064076662064,
        "std": 0.7613115390488969,
        "iqr": 1.4163289666175842,
        "mad": 0.5355392023921013,
        "mad_sigma": 0.7939904214665293,
        "skewness": 0.3928580950312103,
        "kurtosis_excess": -1.2508286217821687,
        "delta_mean_median": 0.28877240479258554
      },
      "e_m": {
        "n": 56,
        "nan_frac": 0.0,
        "mean": 0.1969541524803,
        "median": 0.0,
        "std": 1.1338386648497492,
        "iqr": 1.3916450589895248,
        "mad": 0.6744907200336456,
        "mad_sigma": 0.999999941521883,
        "skewness": -0.03139295341335597,
        "kurtosis_excess": -0.4344212074434526,
        "delta_mean_median": 0.1969541524803
      }
    }
  },
  "entropy_provisional": {},
  "tau_summary": {
    "axes": {
      "m": {
        "tau_sec": 24.0,
        "dt_sec": 4.0,
        "max_lag_sec": 60.0,
        "threshold": 0.36787944117144233,
        "nan_frac": 0.0,
        "nan_policy": "strict"
      },
      "d": {
        "tau_sec": 8.0,
        "dt_sec": 4.0,
        "max_lag_sec": 60.0,
        "threshold": 0.36787944117144233,
        "nan_frac": 0.0,
        "nan_policy": "strict"
      },
      "e": {
        "tau_sec": 8.0,
        "dt_sec": 4.0,
        "max_lag_sec": 60.0,
        "threshold": 0.36787944117144233,
        "nan_frac": 0.0,
        "nan_policy": "strict"
      }
    },
    "subcoords": {
      "m_a": {
        "tau_sec": 40.0,
        "dt_sec": 4.0,
        "max_lag_sec": 60.0,
        "threshold": 0.36787944117144233,
        "nan_frac": 0.0,
        "nan_policy": "strict"
      },
      "m_e": {
        "tau_sec": 8.0,
        "dt_sec": 4.0,
        "max_lag_sec": 60.0,
        "threshold": 0.36787944117144233,
        "nan_frac": 0.0,
        "nan_policy": "strict"
      },
      "m_o": {
        "tau_sec": 8.0,
        "dt_sec": 4.0,
        "max_lag_sec": 60.0,
        "threshold": 0.36787944117144233,
        "nan_frac": 0.0,
        "nan_policy": "strict"
      },
      "d_n": {
        "tau_sec": 32.0,
        "dt_sec": 4.0,
        "max_lag_sec": 60.0,
        "threshold": 0.36787944117144233,
        "nan_frac": 0.0,
        "nan_policy": "strict"
      },
      "d_l": {
        "tau_sec": 24.0,
        "dt_sec": 4.0,
        "max_lag_sec": 60.0,
        "threshold": 0.36787944117144233,
        "nan_frac": 0.0,
        "nan_policy": "strict"
      },