{
  "dataset_id": "ds003478:sub-020:rest_Rest_run-01",
  "subject": "sub-020",
  "session": null,
  "reliability_axes": {
    "m": 0.8796872574096485,
    "d": 0.742187705492918,
    "e": 0.7610296047438896
  },
  "reliability_subcoords": {
    "m_a": 0.7738957354575606,
    "m_e": 0.8967423484892124,
    "m_o": 0.9090342286477185,
    "d_n": 0.5888507067160628,
    "d_l": 0.6959749372354247,
    "d_s": 0.8747771250634311,
    "e_e": 0.9024318782179871,
    "e_s": 0.8513383267919289,
    "e_m": null
  }
}