{
  "dataset_id": "ds003478:sub-120:rest_Rest_run-01",
  "subject": "sub-120",
  "session": null,
  "reliability_axes": {
    "m": 0.7194332656175769,
    "d": 0.8949907593307933,
    "e": 0.7423808052167659
  },
  "reliability_subcoords": {
    "m_a": 0.8573432092872033,
    "m_e": 0.8500099563587029,
    "m_o": 0.8761454978355157,
    "d_n": 0.6833194670867248,
    "d_l": 0.9105053936972454,
    "d_s": 0.9117575305101424,
    "e_e": 0.879365580255089,
    "e_s": 0.8900325978836726,
    "e_m": 0.5771965431433485
  }
}