{
  "dataset_id": "ds003478:sub-120:rest_Rest_run-01",
  "subject": "sub-120",
  "session": null,
  "coverage": {
    "epochs": 124,
    "seconds": 496.0
  },
  "artifacts": {
    "methods": [
      "none"
    ],
    "bad_eeg_channels": [],
    "n_bad_eeg_channels": 0,
    "stem_collisions": {}
  },
  "ensemble": {
    "var_by_subcoord": {
      "m_a": 0.004470162093639374,
      "m_e": 0.004887110088020563,
      "m_o": 0.0005507064051926136,
      "d_n": 0.0026685832999646664,
      "d_l": 0.0702146366238594,
      "d_s": 0.08972682803869247,
      "e_e": 6.124514957683846e-13,
      "e_s": 0.028282511979341507,
      "e_m": 0.0
    },
    "var_mean": 0.02231117094770256,
    "var_max": 0.08972682803869247
  },
  "reliability": {
    "axes": {
      "m": 0.7194332656175769,
      "d": 0.8949907593307933,
      "e": 0.7423808052167659
    },
    "subcoords": {
      "m_a": 0.8573432092872033,
      "m_e": 0.8500099563587029,
      "m_o": 0.8761454978355157,
      "d_n": 0.6833194670867248,
      "d_l": 0.9105053936972454,
      "d_s": 0.9117575305101424,
      "e_e": 0.879365580255089,
      "e_s": 0.8900325978836726,
      "e_m": 0.5771965431433485
    }
  },
  "dist_summary": {
    "axes": {
      "m": {
        "n": 124,
        "nan_frac": 0.0,
        "mean": 0.1276594791843015,
        "median": 0.1023574098944664,
        "std": 0.35140740269728593,
        "iqr": 0.4362076185643673,
        "mad": 0.22110169380903244,
        "mad_sigma": 0.32780537124127146,
        "skewness": 0.5289510834318472,
        "kurtosis_excess": 0.3511583552695936,
        "delta_mean_median": 0.02530206928983511
      },
      "d": {
        "n": 124,
        "nan_frac": 0.0,
        "mean": 0.9312046397207004,
        "median": 0.30806059390306473,
        "std": 1.318544724319616,
        "iqr": 2.7676106318831444,
        "mad": 0.765552781522274,
        "mad_sigma": 1.1350085538849235,
        "skewness": 0.26187787441679045,
        "kurtosis_excess": -1.770721499083613,
        "delta_mean_median": 0.6231440458176357
      },
      "e": {
        "n": 124,
        "nan_frac": 0.0,
        "mean": 0.03337262325634759,
        "median": 0.120792917907238,
        "std": 0.3679120696596655,
        "iqr": 0.6106674075126648,
        "mad": 0.2538102939724922,
        "mad_sigma": 0.37629914184361696,
        "skewness": -0.3485893470479385,
        "kurtosis_excess": -0.8837374872017993,
        "delta_mean_median": -0.0874202946508904
      }
    },
    "subcoords": {
      "m_a": {
        "n": 124,
        "nan_frac": 0.0,
        "mean": 0.4442830529634751,
        "median": -0.038008568808436394,
        "std": 1.0235772026281316,
        "iqr": 1.9606805965304375,
        "mad": 0.5986584443598986,
        "mad_sigma": 0.8875710096079855,
        "skewness": 0.3191913762725737,
        "kurtosis_excess": -1.5339118137196661,
        "delta_mean_median": 0.4822916217719115
      },
      "m_e": {
        "n": 124,
        "nan_frac": 0.0,
        "mean": -0.11369043178555946,
        "median": -0.08478333055973053,
        "std": 0.44327004742749593,
        "iqr": 0.6181524619460106,
        "mad": 0.2752625569701195,
        "mad_sigma": 0.4081042669638991,
        "skewness": 0.20844825150769458,
        "kurtosis_excess": 0.03315184616582023,
        "delta_mean_median": -0.02890710122582893
      },
      "m_o": {
        "n": 124,
        "nan_frac": 0.0,
        "mean": -0.01359423135046757,
        "median": 0.029201186262071133,
        "std": 0.9663947192255444,
        "iqr": 1.3573524057865143,
        "mad": 0.6452743709087372,
        "mad_sigma": 0.9566837823092937,
        "skewness": 0.582653720881975,
        "kurtosis_excess": 0.6010996920105449,
        "delta_mean_median": -0.0427954176125387
      },
      "d_n": {
        "n": 124,
        "nan_frac": 0.0,
        "mean": 0.1534948166339628,
        "median": -0.06070572882890701,
        "std": 0.7660469831232679,
        "iqr": 0.5390382185578346,
        "mad": 0.2301698699593544,
        "mad_sigma": 0.34124984920173884,
        "skewness": 3.07343944085913,
        "kurtosis_excess": 11.100078243904788,
        "delta_mean_median": 0.21420054546286982
      },
      "d_l": {
        "n": 124,
        "nan_frac": 0.0,
        "mean": 1.3312136359032123,
        "median": -0.11786098033189774,
        "std": 2.0626789896844757,
        "iqr": 4.268469378352165,
        "mad": 0.5708444938063622,
        "mad_sigma": 0.8463340465173125,
        "skewness": 0.38205025934575754,
        "kurtosis_excess": -1.7666115039387582,
        "delta_mean_median": 1.44907461623511
      },
      "d_s": {
        "n": 124,
        "nan_frac": 0.0,
        "mean": 1.1485172564223889,
        "median": 0.2644731029868126,
        "std": 1.7472641515548284,
        "iqr": 3.5438112765550613,
        "mad": 1.0108267664909363,
        "mad_sigma": 1.498651763999462,
        "skewness": 0.24981961185528156,
        "kurtosis_excess": -1.7383082411440645,
        "delta_mean_median": 0.8840441534355763
      },
      "e_e": {
        "n": 124,
        "nan_frac": 0.0,
        "mean": -0.33161967124549613,
        "median": 0.0,
        "std": 0.9564360782953101,
        "iqr": 1.5862479656934738,
        "mad": 0.674490749835968,
        "mad_sigma": 0.9999999857068061,
        "skewness": -0.46089835901353443,
        "kurtosis_excess": -1.0901573496374228,
        "delta_mean_median": -0.33161967124549613
      },
      "e_s": {
        "n": 124,
        "nan_frac": 0.0,
        "mean": 0.5383045172258731,
        "median": 0.35433652997016907,
        "std": 0.5970326544131344,
        "iqr": 1.1355619169771671,
        "mad": 0.5266710221767426,
        "mad_sigma": 0.7808424574792384,
        "skewness": 0.1677791419751162,
        "kurtosis_excess": -1.4518860128984274,
        "delta_mean_median": 0.18396798725570407
      },
      "e_m": {
        "n": 124,
        "nan_frac": 0.0,
        "mean": -0.06043807846013336,
        "median": -1.825392246246338e-07,
        "std": 1.2626693002147131,
        "iqr": 1.295146182179451,
        "mad": 0.6744909025728703,
        "mad_sigma": 1.0000002121545375,
        "skewness": -0.7658902157711492,
        "kurtosis_excess": 1.2973004754918271,
        "delta_mean_median": -0.06043789592090874
      }
    }
  },
  "entropy_provisional": {},
  "tau_summary": {
    "axes": {
      "m": {
        "tau_sec": 8.0,
        "dt_sec": 4.0,
        "max_lag_sec": 60.0,
        "threshold": 0.36787944117144233,
        "nan_frac": 0.0,
        "nan_policy": "strict"
      },
      "d": {
        "tau_sec": 32.0,
        "dt_sec": 4.0,
        "max_lag_sec": 60.0,
        "threshold": 0.36787944117144233,
        "nan_frac": 0.0,
        "nan_policy": "strict"
      },
      "e": {
        "tau_sec": 16.0,
        "dt_sec": 4.0,
        "max_lag_sec": 60.0,
        "threshold": 0.36787944117144233,
        "nan_frac": 0.0,
        "nan_policy": "strict"
      }
    },
    "subcoords": {
      "m_a": {
        "tau_sec": 20.0,
        "dt_sec": 4.0,
        "max_lag_sec": 60.0,
        "threshold": 0.36787944117144233,
        "nan_frac": 0.0,
        "nan_policy": "strict"
      },
      "m_e": {
        "tau_sec": 24.0,
        "dt_sec": 4.0,
        "max_lag_sec": 60.0,
        "threshold": 0.36787944117144233,
        "nan_frac": 0.0,
        "nan_policy": "strict"
      },
      "m_o": {
        "tau_sec": 36.0,
        "dt_sec": 4.0,
        "max_lag_sec": 60.0,
        "threshold": 0.36787944117144233,
        "nan_frac": 0.0,
        "nan_policy": "strict"
      },
      "d_n": {
        "tau_sec": 8.0,
        "dt_sec": 4.0,
        "max_lag_sec": 60.0,
        "threshold": 0.36787944117144233,
        "nan_frac": 0.0,
        "nan_policy": "strict"
      },
      "d_l": {
        "tau_sec": 32.0,
        "dt_sec": 4.0,
        "max_lag_sec": 60.0,
        "threshold": 0.36787944117144233,
        "nan_frac": 0.0,