{
  "dataset_id": "ds003478:sub-030:rest_Rest_run-01",
  "subject": "sub-030",
  "session": null,
  "reliability_axes": {
    "m": 0.6384693465374777,
    "d": 0.5679394481196682,
    "e": 0.5600043387379143
  },
  "reliability_subcoords": {
    "m_a": 0.7951577429950449,
    "m_e": 0.4823830310757812,
    "m_o": 0.5767699367747361,
    "d_n": 0.4837837312029396,
    "d_l": 0.7700432468640631,
    "d_s": 0.4410101541996755,
    "e_e": 0.587777903096723,
    "e_s": 0.5713551934629181,
    "e_m": 0.5423490800682426
  }
}