{
  "dataset_id": "ds003478:sub-030:rest_Rest_run-01",
  "subject": "sub-030",
  "session": null,
  "coverage": {
    "epochs": 111,
    "seconds": 444.0
  },
  "artifacts": {
    "methods": [
      "none"
    ],
    "bad_eeg_channels": [],
    "n_bad_eeg_channels": 0,
    "stem_collisions": {}
  },
  "ensemble": {
    "var_by_subcoord": {
      "m_a": 0.002735755406320095,
      "m_e": 0.019286207854747772,
      "m_o": 0.00456592720001936,
      "d_n": 0.020444117486476898,
      "d_l": 0.01150460634380579,
      "d_s": 0.004170448984950781,
      "e_e": 0.0,
      "e_s": 0.011736005544662476,
      "e_m": 0.0
    },
    "var_mean": 0.008271452091220353,
    "var_max": 0.020444117486476898
  },
  "reliability": {
    "axes": {
      "m": 0.6384693465374777,
      "d": 0.5679394481196682,
      "e": 0.5600043387379143
    },
    "subcoords": {
      "m_a": 0.7951577429950449,
      "m_e": 0.4823830310757812,
      "m_o": 0.5767699367747361,
      "d_n": 0.4837837312029396,
      "d_l": 0.7700432468640631,
      "d_s": 0.4410101541996755,
      "e_e": 0.587777903096723,
      "e_s": 0.5713551934629181,
      "e_m": 0.5423490800682426
    }
  },
  "dist_summary": {
    "axes": {
      "m": {
        "n": 111,
        "nan_frac": 0.0,
        "mean": -0.055972411645458894,
        "median": -0.014816828072071075,
        "std": 0.6946310439044654,
        "iqr": 0.740101620554924,
        "mad": 0.3678152933716774,
        "mad_sigma": 0.5453229539528489,
        "skewness": -0.2645468875907668,
        "kurtosis_excess": 0.6357573662555791,
        "delta_mean_median": -0.04115558357338782
      },
      "d": {
        "n": 111,
        "nan_frac": 0.0,
        "mean": 0.14428033364248705,
        "median": 0.03250252828001976,
        "std": 0.6566278521605602,
        "iqr": 0.8876802921295166,
        "mad": 0.40927231684327126,
        "mad_sigma": 0.606787136951834,
        "skewness": 0.5691800049917608,
        "kurtosis_excess": -0.3143947147992443,
        "delta_mean_median": 0.11177780536246729
      },
      "e": {
        "n": 111,
        "nan_frac": 0.0,
        "mean": 0.04539807741572191,
        "median": 0.14765949547290802,
        "std": 0.5673958098876627,
        "iqr": 0.6100879982113838,
        "mad": 0.2885771840810776,
        "mad_sigma": 0.4278445331186056,
        "skewness": -0.8995538116555063,
        "kurtosis_excess": 1.8823520047643454,
        "delta_mean_median": -0.10226141805718611
      }
    },
    "subcoords": {
      "m_a": {
        "n": 111,
        "nan_frac": 0.0,
        "mean": -0.15636297551965392,
        "median": -0.12020311504602432,
        "std": 0.9648263269988653,
        "iqr": 1.4720007181167603,
        "mad": 0.7901578322052956,
        "mad_sigma": 1.171488002027571,
        "skewness": -0.5359075971909611,
        "kurtosis_excess": -0.4578815970518044,
        "delta_mean_median": -0.036159860473629596
      },
      "m_e": {
        "n": 111,
        "nan_frac": 0.0,
        "mean": -0.016015043591258226,
        "median": 0.017701605334877968,
        "std": 0.5013311784651968,
        "iqr": 0.6617160886526108,
        "mad": 0.3548654820770025,
        "mad_sigma": 0.5261235637273639,
        "skewness": 0.004807822003120646,
        "kurtosis_excess": -0.045007175703448254,
        "delta_mean_median": -0.0337166489261362
      },
      "m_o": {
        "n": 111,
        "nan_frac": 0.0,
        "mean": 0.03350669155652459,
        "median": 0.03578762710094452,
        "std": 1.0253882366503688,
        "iqr": 1.1513448655605316,
        "mad": 0.6155301779508591,
        "mad_sigma": 0.9125850418299436,
        "skewness": 0.10312026608236827,
        "kurtosis_excess": 0.3270574718007384,
        "delta_mean_median": -0.0022809355444199306
      },
      "d_n": {
        "n": 111,
        "nan_frac": 0.0,
        "mean": 0.1333057314098754,
        "median": -0.03590819239616394,
        "std": 0.8301177960144148,
        "iqr": 0.804132804274559,
        "mad": 0.40471524000167847,
        "mad_sigma": 0.6000308148264885,
        "skewness": 1.297650281237313,
        "kurtosis_excess": 2.8005740118663054,
        "delta_mean_median": 0.16921392380603933
      },
      "d_l": {
        "n": 111,
        "nan_frac": 0.0,
        "mean": 0.1262143342210366,
        "median": 0.07322672009468079,
        "std": 0.9213217573854532,
        "iqr": 1.374241590499878,
        "mad": 0.7322008907794952,
        "mad_sigma": 1.0855610406696796,
        "skewness": 0.5792470662840962,
        "kurtosis_excess": -0.4756639942151284,
        "delta_mean_median": 0.0529876141263558
      },
      "d_s": {
        "n": 111,
        "nan_frac": 0.0,
        "mean": 0.21678543278762885,
        "median": 0.09679096937179565,
        "std": 0.9554834966562535,
        "iqr": 1.195323407649994,
        "mad": 0.564336746931076,
        "mad_sigma": 0.8366856610000133,
        "skewness": 0.4161852518782551,
        "kurtosis_excess": 0.013509166634715797,
        "delta_mean_median": 0.1199944634158332
      },
      "e_e": {
        "n": 111,
        "nan_frac": 0.0,
        "mean": -0.14160262521037514,
        "median": 0.0,
        "std": 1.2373273510517688,
        "iqr": 1.473816990852356,
        "mad": 0.6744906902313232,
        "mad_sigma": 0.9999998973369598,
        "skewness": -0.8526818485799957,
        "kurtosis_excess": 1.5534632159281152,
        "delta_mean_median": -0.14160262521037514
      },
      "e_s": {
        "n": 111,
        "nan_frac": 0.0,
        "mean": 0.3134970430385422,
        "median": 0.2357560694217682,
        "std": 0.6686705241511862,
        "iqr": 0.8180212453007698,
        "mad": 0.4322262108325958,
        "mad_sigma": 0.6408185801804065,
        "skewness": 0.14839152802035088,
        "kurtosis_excess": 0.08521351267452903,
        "delta_mean_median": 0.07774097361677401
      },
      "e_m": {
        "n": 111,
        "nan_frac": 0.0,
        "mean": -0.19696039907835625,
        "median": 0.0,
        "std": 1.3285610556786471,
        "iqr": 1.2890778183937073,
        "mad": 0.674490749835968,
        "mad_sigma": 0.9999999857068061,
        "skewness": -0.5328231293013858,
        "kurtosis_excess": 0.2783877063690481,
        "delta_mean_median": -0.19696039907835625
      }
    }
  },
  "entropy_provisional": {},
  "tau_summary": {
    "axes": {
      "m": {
        "tau_sec": 8.0,
        "dt_sec": 4.0,
        "max_lag_sec": 60.0,
        "threshold": 0.36787944117144233,
        "nan_frac": 0.0,
        "nan_policy": "strict"
      },
      "d": {
        "tau_sec": 8.0,
        "dt_sec": 4.0,
        "max_lag_sec": 60.0,
        "threshold": 0.36787944117144233,
        "nan_frac": 0.0,
        "nan_policy": "strict"
      },
      "e": {
        "tau_sec": 8.0,
        "dt_sec": 4.0,
        "max_lag_sec": 60.0,
        "threshold": 0.36787944117144233,
        "nan_frac": 0.0,
        "nan_policy": "strict"
      }
    },
    "subcoords": {
      "m_a": {
        "tau_sec": 12.0,
        "dt_sec": 4.0,
        "max_lag_sec": 60.0,
        "threshold": 0.36787944117144233,
        "nan_frac": 0.0,
        "nan_policy": "strict"
      },
      "m_e": {
        "tau_sec": 8.0,
        "dt_sec": 4.0,
        "max_lag_sec": 60.0,
        "threshold": 0.36787944117144233,
        "nan_frac": 0.0,
        "nan_policy": "strict"
      },
      "m_o": {
        "tau_sec": 8.0,
        "dt_sec": 4.0,
        "max_lag_sec": 60.0,
        "threshold": 0.36787944117144233,
        "nan_frac": 0.0,
        "nan_policy": "strict"
      },
      "d_n": {
        "tau_sec": 8.0,
        "dt_sec": 4.0,
        "max_lag_sec": 60.0,
        "threshold": 0.36787944117144233,
        "nan_frac": 0.0,
        "nan_policy": "strict"
      },
      "d_l": {
        "tau_sec": 12.0,
        "dt_sec": 4.0,
        "max_lag_sec": 60.0,
        "threshold": 0.36787944117144233,
        "nan_frac": 0.0,
        "nan_policy": "strict"
      },