{
  "dataset_id": "ds003478:sub-008:rest_Rest_run-01",
  "subject": "sub-008",
  "session": null,
  "reliability_axes": {
    "m": 0.5119418366234301,
    "d": 0.6431051333183125,
    "e": 0.8173426796989389
  },
  "reliability_subcoords": {
    "m_a": 0.5447162131823604,
    "m_e": 0.6692425276808213,
    "m_o": 0.7181555717880256,
    "d_n": 0.39720013853432196,
    "d_l": 0.6198877116736763,
    "d_s": 0.7883875249398007,
    "e_e": 0.8905056317175458,
    "e_s": 0.7199112440928561,
    "e_m": 0.5419111282663356
  }
}