{
  "dataset_id": "ds003478:sub-008:rest_Rest_run-01",
  "subject": "sub-008",
  "session": null,
  "coverage": {
    "epochs": 122,
    "seconds": 488.0
  },
  "artifacts": {
    "methods": [
      "none"
    ],
    "bad_eeg_channels": [],
    "n_bad_eeg_channels": 0,
    "stem_collisions": {}
  },
  "ensemble": {
    "var_by_subcoord": {
      "m_a": 0.0024873455986380577,
      "m_e": 0.0017819806234911084,
      "m_o": 0.00026896476629190147,
      "d_n": 0.0025606800336390734,
      "d_l": 0.024010349065065384,
      "d_s": 0.029374197125434875,
      "e_e": 4.330130004559507e-14,
      "e_s": 0.015279373154044151,
      "e_m": 0.0
    },
    "var_mean": 0.008418098929627539,
    "var_max": 0.029374197125434875
  },
  "reliability": {
    "axes": {
      "m": 0.5119418366234301,
      "d": 0.6431051333183125,
      "e": 0.8173426796989389
    },
    "subcoords": {
      "m_a": 0.5447162131823604,
      "m_e": 0.6692425276808213,
      "m_o": 0.7181555717880256,
      "d_n": 0.39720013853432196,
      "d_l": 0.6198877116736763,
      "d_s": 0.7883875249398007,
      "e_e": 0.8905056317175458,
      "e_s": 0.7199112440928561,
      "e_m": 0.5419111282663356
    }
  },
  "dist_summary": {
    "axes": {
      "m": {
        "n": 122,
        "nan_frac": 0.0,
        "mean": -0.03624300635038096,
        "median": -0.15415627509355545,
        "std": 0.515311141977168,
        "iqr": 0.47173718363046646,
        "mad": 0.2564261481165886,
        "mad_sigma": 0.38017740719765425,
        "skewness": 0.87387494017707,
        "kurtosis_excess": 0.8852661793001642,
        "delta_mean_median": 0.11791326874317448
      },
      "d": {
        "n": 122,
        "nan_frac": 0.0,
        "mean": 0.41159282206389747,
        "median": 0.44504116475582123,
        "std": 0.8626491671172399,
        "iqr": 1.3714863881468773,
        "mad": 0.7195091843605042,
        "mad_sigma": 1.0667443167328834,
        "skewness": 0.47791123454058226,
        "kurtosis_excess": -0.814426178366245,
        "delta_mean_median": -0.03344834269192376
      },
      "e": {
        "n": 122,
        "nan_frac": 0.0,
        "mean": 0.15236716562133953,
        "median": 0.13219867646694183,
        "std": 0.37409743515386884,
        "iqr": 0.5334991402924061,
        "mad": 0.2665289491415024,
        "mad_sigma": 0.3951558199971914,
        "skewness": 0.08713486446802991,
        "kurtosis_excess": -0.15063723771408233,
        "delta_mean_median": 0.0201684891543977
      }
    },
    "subcoords": {
      "m_a": {
        "n": 122,
        "nan_frac": 0.0,
        "mean": -0.2058406634061582,
        "median": -0.006889042793773115,
        "std": 0.9134942785025909,
        "iqr": 1.3916431814432144,
        "mad": 0.6624929929384962,
        "mad_sigma": 0.9822121113306144,
        "skewness": -0.25848206820826997,
        "kurtosis_excess": -0.8920891823830326,
        "delta_mean_median": -0.19895162061238508
      },
      "m_e": {
        "n": 122,
        "nan_frac": 0.0,
        "mean": -0.01757460357773988,
        "median": -0.004523873329162598,
        "std": 0.28533289592931194,
        "iqr": 0.4524086005985737,
        "mad": 0.2195536345243454,
        "mad_sigma": 0.3255102185457945,
        "skewness": 0.14240314899356118,
        "kurtosis_excess": -0.7743032870092348,
        "delta_mean_median": -0.013050730248577284
      },
      "m_o": {
        "n": 122,
        "nan_frac": 0.0,
        "mean": 0.17460795672091303,
        "median": 0.0016911253333091736,
        "std": 0.9092877232634542,
        "iqr": 1.209789216518402,
        "mad": 0.6119905114173889,
        "mad_sigma": 0.9073371322274207,
        "skewness": 0.765603481917896,
        "kurtosis_excess": 0.11002039758917403,
        "delta_mean_median": 0.17291683138760386
      },
      "d_n": {
        "n": 122,
        "nan_frac": 0.0,
        "mean": 0.040288582627401974,
        "median": -0.051117002964019775,
        "std": 0.45373910118917765,
        "iqr": 0.4685731269419193,
        "mad": 0.2221534103155136,
        "mad_sigma": 0.32936464613378047,
        "skewness": 1.3565543965693971,
        "kurtosis_excess": 3.135045748711213,
        "delta_mean_median": 0.09140558559142176
      },
      "d_l": {
        "n": 122,
        "nan_frac": 0.0,
        "mean": 0.6195962068578992,
        "median": 0.41740116477012634,
        "std": 1.2628834528940904,
        "iqr": 2.2290088832378387,
        "mad": 1.014167696237564,
        "mad_sigma": 1.5036050264418124,
        "skewness": 0.5500614995618749,
        "kurtosis_excess": -0.9642650032281415,
        "delta_mean_median": 0.20219504208777284
      },
      "d_s": {
        "n": 122,
        "nan_frac": 0.0,
        "mean": 0.46548334727460733,
        "median": 0.006962544284760952,
        "std": 1.290953181975001,
        "iqr": 2.136668413877487,
        "mad": 0.863105833530426,
        "mad_sigma": 1.2796407087922095,
        "skewness": 0.6656398583038391,
        "kurtosis_excess": -0.7195966723470075,
        "delta_mean_median": 0.4585208029898464
      },
      "e_e": {
        "n": 122,
        "nan_frac": 0.0,
        "mean": 0.11222935012984471,
        "median": -1.1567026376724243e-06,
        "std": 0.87629970325709,
        "iqr": 1.2310373857617378,
        "mad": 0.6744919065386057,
        "mad_sigma": 1.0000017006341368,
        "skewness": 0.1314961228248818,
        "kurtosis_excess": -0.5017026568825833,
        "delta_mean_median": 0.11223050683248238
      },
      "e_s": {
        "n": 122,
        "nan_frac": 0.0,
        "mean": 0.23361741635398786,
        "median": 0.27328838407993317,
        "std": 0.50230952895998,
        "iqr": 0.670244637876749,
        "mad": 0.33797402679920197,
        "mad_sigma": 0.5010802921324968,
        "skewness": 0.02489931152089615,
        "kurtosis_excess": -0.20027078187232394,
        "delta_mean_median": -0.039670967725945305
      },
      "e_m": {
        "n": 122,
        "nan_frac": 0.0,
        "mean": -0.3895663182083212,
        "median": 1.5366822481155396e-07,
        "std": 1.413723446767312,
        "iqr": 1.5471479147672653,
        "mad": 0.674490749835968,
        "mad_sigma": 0.9999999857068061,
        "skewness": -1.1078751316153532,
        "kurtosis_excess": 0.48672022168882245,
        "delta_mean_median": -0.389566471876546
      }
    }
  },
  "entropy_provisional": {},
  "tau_summary": {
    "axes": {
      "m": {
        "tau_sec": 8.0,
        "dt_sec": 4.0,
        "max_lag_sec": 60.0,
        "threshold": 0.36787944117144233,
        "nan_frac": 0.0,
        "nan_policy": "strict"
      },
      "d": {
        "tau_sec": 20.0,
        "dt_sec": 4.0,
        "max_lag_sec": 60.0,
        "threshold": 0.36787944117144233,
        "nan_frac": 0.0,
        "nan_policy": "strict"
      },
      "e": {
        "tau_sec": 16.0,
        "dt_sec": 4.0,
        "max_lag_sec": 60.0,
        "threshold": 0.36787944117144233,
        "nan_frac": 0.0,
        "nan_policy": "strict"
      }
    },
    "subcoords": {
      "m_a": {
        "tau_sec": 8.0,
        "dt_sec": 4.0,
        "max_lag_sec": 60.0,
        "threshold": 0.36787944117144233,
        "nan_frac": 0.0,
        "nan_policy": "strict"
      },
      "m_e": {
        "tau_sec": 24.0,
        "dt_sec": 4.0,
        "max_lag_sec": 60.0,
        "threshold": 0.36787944117144233,
        "nan_frac": 0.0,
        "nan_policy": "strict"
      },
      "m_o": {
        "tau_sec": 24.0,
        "dt_sec": 4.0,
        "max_lag_sec": 60.0,
        "threshold": 0.36787944117144233,
        "nan_frac": 0.0,
        "nan_policy": "strict"
      },
      "d_n": {
        "tau_sec": 8.0,
        "dt_sec": 4.0,
        "max_lag_sec": 60.0,
        "threshold": 0.36787944117144233,
        "nan_frac": 0.0,
        "nan_policy": "strict"
      },
      "d_l": {
        "tau_sec": 20.0,
        "dt_sec": 4.0,
        "max_lag_sec": 60.0,
        "threshold": 0.36787944117144233,