{
  "dataset_id": "ds003478:sub-118:rest_Rest_run-01",
  "subject": "sub-118",
  "session": null,
  "reliability_axes": {
    "m": 0.8027594368130234,
    "d": 0.7976284789271407,
    "e": 0.7275021420236376
  },
  "reliability_subcoords": {
    "m_a": 0.696251522242586,
    "m_e": 0.8867595798208665,
    "m_o": 0.8941658726499975,
    "d_n": 0.3485534289920005,
    "d_l": 0.7979076918032818,
    "d_s": 0.8987219672513069,
    "e_e": 0.930348804397763,
    "e_s": 0.877763274804234,
    "e_m": 0.7087892867889066
  }
}