{
  "dataset_id": "ds003478:sub-118:rest_Rest_run-01",
  "subject": "sub-118",
  "session": null,
  "coverage": {
    "epochs": 117,
    "seconds": 468.0
  },
  "artifacts": {
    "methods": [
      "none"
    ],
    "bad_eeg_channels": [],
    "n_bad_eeg_channels": 0,
    "stem_collisions": {}
  },
  "ensemble": {
    "var_by_subcoord": {
      "m_a": 0.0013210950419306755,
      "m_e": 0.0019159662770107388,
      "m_o": 0.0009523470653221011,
      "d_n": 0.002023306442424655,
      "d_l": 0.21962149441242218,
      "d_s": 0.13029655814170837,
      "e_e": 0.0,
      "e_s": 0.051953379064798355,
      "e_m": 0.0
    },
    "var_mean": 0.0453426829384019,
    "var_max": 0.21962149441242218
  },
  "reliability": {
    "axes": {
      "m": 0.8027594368130234,
      "d": 0.7976284789271407,
      "e": 0.7275021420236376
    },
    "subcoords": {
      "m_a": 0.696251522242586,
      "m_e": 0.8867595798208665,
      "m_o": 0.8941658726499975,
      "d_n": 0.3485534289920005,
      "d_l": 0.7979076918032818,
      "d_s": 0.8987219672513069,
      "e_e": 0.930348804397763,
      "e_s": 0.877763274804234,
      "e_m": 0.7087892867889066
    }
  },
  "dist_summary": {
    "axes": {
      "m": {
        "n": 117,
        "nan_frac": 0.0,
        "mean": -0.09784871358902027,
        "median": -0.31295156478881836,
        "std": 0.6026138542810386,
        "iqr": 0.7359505891799927,
        "mad": 0.2510620355606079,
        "mad_sigma": 0.37222457392215724,
        "skewness": 0.6360571886593407,
        "kurtosis_excess": -0.44837930080267396,
        "delta_mean_median": 0.2151028511997981
      },
      "d": {
        "n": 117,
        "nan_frac": 0.0,
        "mean": 0.8079060276922507,
        "median": 0.6173496246337891,
        "std": 0.9960099613011786,
        "iqr": 2.0291623398661613,
        "mad": 0.9781961143016815,
        "mad_sigma": 1.4502735590636728,
        "skewness": -0.0031096888696056963,
        "kurtosis_excess": -1.4709825904182705,
        "delta_mean_median": 0.19055640305846167
      },
      "e": {
        "n": 117,
        "nan_frac": 0.0,
        "mean": 0.035030902998669185,
        "median": -0.0023761421907693148,
        "std": 0.3137700047648046,
        "iqr": 0.36849310994148254,
        "mad": 0.19097803835757077,
        "mad_sigma": 0.2831440396689344,
        "skewness": 0.4465635202065588,
        "kurtosis_excess": 0.2100099801466606,
        "delta_mean_median": 0.0374070451894385
      }
    },
    "subcoords": {
      "m_a": {
        "n": 117,
        "nan_frac": 0.0,
        "mean": -0.08880777452459447,
        "median": 0.032505229115486145,
        "std": 1.2131323844796598,
        "iqr": 1.0936945676803589,
        "mad": 0.6277209669351578,
        "mad_sigma": 0.9306591055780649,
        "skewness": -0.6515441772848348,
        "kurtosis_excess": 0.31039610093776915,
        "delta_mean_median": -0.12131300364008062
      },
      "m_e": {
        "n": 117,
        "nan_frac": 0.0,
        "mean": -0.1587772564504805,
        "median": -0.08258822560310364,
        "std": 0.26813069327053685,
        "iqr": 0.5331776216626167,
        "mad": 0.2613372802734375,
        "mad_sigma": 0.38745865173339844,
        "skewness": -0.03327145804492497,
        "kurtosis_excess": -1.6057058741757022,
        "delta_mean_median": -0.07618903084737685
      },
      "m_o": {
        "n": 117,
        "nan_frac": 0.0,
        "mean": -0.0358369070240575,
        "median": 0.1267283707857132,
        "std": 0.915135034177962,
        "iqr": 1.6454992890357971,
        "mad": 0.8800219744443893,
        "mad_sigma": 1.3047205793112515,
        "skewness": 0.20979790362557918,
        "kurtosis_excess": -1.230858656856795,
        "delta_mean_median": -0.1625652778097707
      },
      "d_n": {
        "n": 117,
        "nan_frac": 0.0,
        "mean": 0.045747145946718686,
        "median": -0.06691509485244751,
        "std": 0.40402394654251256,
        "iqr": 0.38787563145160675,
        "mad": 0.18068525195121765,
        "mad_sigma": 0.2678839545428753,
        "skewness": 1.5532551786654916,
        "kurtosis_excess": 2.57203998897684,
        "delta_mean_median": 0.1126622407991662
      },
      "d_l": {
        "n": 117,
        "nan_frac": 0.0,
        "mean": 1.2070381269495711,
        "median": 1.2161588668823242,
        "std": 1.5005563242215316,
        "iqr": 3.3465449810028076,
        "mad": 1.6423075199127197,
        "mad_sigma": 2.4348851290225983,
        "skewness": -0.20498132843046307,
        "kurtosis_excess": -1.455623342619396,
        "delta_mean_median": -0.009120739932753086
      },
      "d_s": {
        "n": 117,
        "nan_frac": 0.0,
        "mean": 1.000017192055527,
        "median": 0.2404634654521942,
        "std": 1.7047764763607667,
        "iqr": 3.6164914965629578,
        "mad": 1.055085450410843,
        "mad_sigma": 1.5642696887791157,
        "skewness": 0.28380183904385925,
        "kurtosis_excess": -1.7187341741928814,
        "delta_mean_median": 0.7595537266033328
      },
      "e_e": {
        "n": 117,
        "nan_frac": 0.0,
        "mean": -0.4059253992892416,
        "median": 0.0,
        "std": 0.957119662498431,
        "iqr": 1.8176837265491486,
        "mad": 0.674490749835968,
        "mad_sigma": 0.9999999857068061,
        "skewness": -0.3588103715204857,
        "kurtosis_excess": -1.462511717974082,
        "delta_mean_median": -0.4059253992892416
      },
      "e_s": {
        "n": 117,
        "nan_frac": 0.0,
        "mean": 0.6601420756843355,
        "median": 0.9203147888183594,
        "std": 0.8959255793241054,
        "iqr": 1.707302376627922,
        "mad": 0.6488754749298096,
        "mad_sigma": 0.9620227791309356,
        "skewness": -0.48808722735707627,
        "kurtosis_excess": -1.2778469051164496,
        "delta_mean_median": -0.2601727131340239
      },
      "e_m": {
        "n": 117,
        "nan_frac": 0.0,
        "mean": -0.3901710688558399,
        "median": 0.0,
        "std": 1.2522694037966957,
        "iqr": 1.5905675292015076,
        "mad": 0.674490749835968,
        "mad_sigma": 0.9999999857068061,
        "skewness": -0.7106906170986589,
        "kurtosis_excess": -0.8030626409387183,
        "delta_mean_median": -0.3901710688558399
      }
    }
  },
  "entropy_provisional": {},
  "tau_summary": {
    "axes": {
      "m": {
        "tau_sec": 24.0,
        "dt_sec": 4.0,
        "max_lag_sec": 60.0,
        "threshold": 0.36787944117144233,
        "nan_frac": 0.0,
        "nan_policy": "strict"
      },
      "d": {
        "tau_sec": 24.0,
        "dt_sec": 4.0,
        "max_lag_sec": 60.0,
        "threshold": 0.36787944117144233,
        "nan_frac": 0.0,
        "nan_policy": "strict"
      },
      "e": {
        "tau_sec": 12.0,
        "dt_sec": 4.0,
        "max_lag_sec": 60.0,
        "threshold": 0.36787944117144233,
        "nan_frac": 0.0,
        "nan_policy": "strict"
      }
    },
    "subcoords": {
      "m_a": {
        "tau_sec": 8.0,
        "dt_sec": 4.0,
        "max_lag_sec": 60.0,
        "threshold": 0.36787944117144233,
        "nan_frac": 0.0,
        "nan_policy": "strict"
      },
      "m_e": {
        "tau_sec": 32.0,
        "dt_sec": 4.0,
        "max_lag_sec": 60.0,
        "threshold": 0.36787944117144233,
        "nan_frac": 0.0,
        "nan_policy": "strict"
      },
      "m_o": {
        "tau_sec": 36.0,
        "dt_sec": 4.0,
        "max_lag_sec": 60.0,
        "threshold": 0.36787944117144233,
        "nan_frac": 0.0,
        "nan_policy": "strict"
      },
      "d_n": {
        "tau_sec": 8.0,
        "dt_sec": 4.0,
        "max_lag_sec": 60.0,
        "threshold": 0.36787944117144233,
        "nan_frac": 0.0,
        "nan_policy": "strict"
      },
      "d_l": {
        "tau_sec": 16.0,
        "dt_sec": 4.0,
        "max_lag_sec": 60.0,
        "threshold": 0.36787944117144233,
        "nan_frac": 0.0,
        "nan_policy": "strict"
      },