{
  "dataset_id": "ds003478:sub-092:rest_Rest_run-01",
  "subject": "sub-092",
  "session": null,
  "reliability_axes": {
    "m": 0.636164608725763,
    "d": 0.8575971573128053,
    "e": 0.8001906414753481
  },
  "reliability_subcoords": {
    "m_a": 0.6275281915853131,
    "m_e": 0.8567165361011234,
    "m_o": 0.8635687375561361,
    "d_n": 0.6868034818717975,
    "d_l": 0.8432826000832577,
    "d_s": 0.8624504322603106,
    "e_e": 0.8372787373049341,
    "e_s": 0.6761834630229886,
    "e_m": 0.7002318891298032
  }
}