{
  "dataset_id": "ds003478:sub-092:rest_Rest_run-01",
  "subject": "sub-092",
  "session": null,
  "coverage": {
    "epochs": 112,
    "seconds": 448.0
  },
  "artifacts": {
    "methods": [
      "none"
    ],
    "bad_eeg_channels": [],
    "n_bad_eeg_channels": 0,
    "stem_collisions": {}
  },
  "ensemble": {
    "var_by_subcoord": {
      "m_a": 0.0033521163277328014,
      "m_e": 0.013881840743124485,
      "m_o": 0.001290764776058495,
      "d_n": 0.003920810297131538,
      "d_l": 0.024664968252182007,
      "d_s": 0.06609722226858139,
      "e_e": 2.5802317639260497e-13,
      "e_s": 0.01222805492579937,
      "e_m": 0.0
    },
    "var_mean": 0.013937308621207567,
    "var_max": 0.06609722226858139
  },
  "reliability": {
    "axes": {
      "m": 0.636164608725763,
      "d": 0.8575971573128053,
      "e": 0.8001906414753481
    },
    "subcoords": {
      "m_a": 0.6275281915853131,
      "m_e": 0.8567165361011234,
      "m_o": 0.8635687375561361,
      "d_n": 0.6868034818717975,
      "d_l": 0.8432826000832577,
      "d_s": 0.8624504322603106,
      "e_e": 0.8372787373049341,
      "e_s": 0.6761834630229886,
      "e_m": 0.7002318891298032
    }
  },
  "dist_summary": {
    "axes": {
      "m": {
        "n": 112,
        "nan_frac": 0.0,
        "mean": -0.07762612635269761,
        "median": -0.14642012864351273,
        "std": 0.429709776516974,
        "iqr": 0.608203861862421,
        "mad": 0.3038611188530922,
        "mad_sigma": 0.45050449481159444,
        "skewness": 0.4203358946844706,
        "kurtosis_excess": -0.4699355703567818,
        "delta_mean_median": 0.06879400229081511
      },
      "d": {
        "n": 112,
        "nan_frac": 0.0,
        "mean": 0.33881791970426484,
        "median": 0.1607368290424347,
        "std": 0.8220421534230595,
        "iqr": 1.4347309917211533,
        "mad": 0.6606894880533218,
        "mad_sigma": 0.9795382349878549,
        "skewness": 0.467931395961,
        "kurtosis_excess": -0.9923058075558222,
        "delta_mean_median": 0.17808109066183014
      },
      "e": {
        "n": 112,
        "nan_frac": 0.0,
        "mean": 0.17382205046513782,
        "median": 0.18885798752307892,
        "std": 0.40411899203141066,
        "iqr": 0.6411682106554508,
        "mad": 0.3175143152475357,
        "mad_sigma": 0.4707467237859964,
        "skewness": -0.08049672440404947,
        "kurtosis_excess": -0.8522178479167946,
        "delta_mean_median": -0.015035937057941096
      }
    },
    "subcoords": {
      "m_a": {
        "n": 112,
        "nan_frac": 0.0,
        "mean": -0.04483280716522131,
        "median": -0.0065569315338507295,
        "std": 0.7988061476207227,
        "iqr": 1.1190582662820816,
        "mad": 0.5795984864234924,
        "mad_sigma": 0.8593127159714699,
        "skewness": -0.3924714676087811,
        "kurtosis_excess": -0.11949884139714184,
        "delta_mean_median": -0.03827587563137058
      },
      "m_e": {
        "n": 112,
        "nan_frac": 0.0,
        "mean": -0.16660135916702398,
        "median": -0.05555213242769241,
        "std": 0.3597138502963981,
        "iqr": 0.6774024665355682,
        "mad": 0.2709847390651703,
        "mad_sigma": 0.40176197413802145,
        "skewness": -0.24130817309360417,
        "kurtosis_excess": -1.2615072941843688,
        "delta_mean_median": -0.11104922673933157
      },
      "m_o": {
        "n": 112,
        "nan_frac": 0.0,
        "mean": -0.014060524999097521,
        "median": 0.035957671236246824,
        "std": 0.7657742802578666,
        "iqr": 1.3589038401842117,
        "mad": 0.7144908308982849,
        "mad_sigma": 1.0593041058897972,
        "skewness": 0.04974182761222027,
        "kurtosis_excess": -1.0344246341797967,
        "delta_mean_median": -0.05001819623534434
      },
      "d_n": {
        "n": 112,
        "nan_frac": 0.0,
        "mean": -5.356882632310901e-05,
        "median": -0.04688255488872528,
        "std": 0.301610285956713,
        "iqr": 0.2942504957318306,
        "mad": 0.14819827675819397,
        "mad_sigma": 0.21971876512169836,
        "skewness": 1.271305164960744,
        "kurtosis_excess": 2.619528126367702,
        "delta_mean_median": 0.04682898606240217
      },
      "d_l": {
        "n": 112,
        "nan_frac": 0.0,
        "mean": 0.46831738436594605,
        "median": 0.1012868583202362,
        "std": 1.2347391776005594,
        "iqr": 2.115854948759079,
        "mad": 0.9935219585895538,
        "mad_sigma": 1.4729956558048725,
        "skewness": 0.3768625799329598,
        "kurtosis_excess": -0.9864748951296671,
        "delta_mean_median": 0.36703052604570985
      },
      "d_s": {
        "n": 112,
        "nan_frac": 0.0,
        "mean": 0.564697139297745,
        "median": 0.0494145005941391,
        "std": 1.2205604420132778,
        "iqr": 2.1602219343185425,
        "mad": 0.7226773351430893,
        "mad_sigma": 1.071441417083144,
        "skewness": 0.5951876737319738,
        "kurtosis_excess": -0.9942372577500818,
        "delta_mean_median": 0.5152826387036059
      },
      "e_e": {
        "n": 112,
        "nan_frac": 0.0,
        "mean": 0.0052080623364807776,
        "median": 1.251930370926857e-06,
        "std": 0.9189001237258966,
        "iqr": 1.3080391436815262,
        "mad": 0.674490749835968,
        "mad_sigma": 0.9999999857068061,
        "skewness": 0.08671845310364779,
        "kurtosis_excess": -0.7348899544177532,
        "delta_mean_median": 0.005206810406109851
      },
      "e_s": {
        "n": 112,
        "nan_frac": 0.0,
        "mean": 0.3970788325781801,
        "median": 0.3458898961544037,
        "std": 0.5913971935023078,
        "iqr": 0.7159974277019501,
        "mad": 0.36408552527427673,
        "mad_sigma": 0.5397931997716426,
        "skewness": 0.5901567995384217,
        "kurtosis_excess": 0.5990160685474968,
        "delta_mean_median": 0.05118893642377642
      },
      "e_m": {
        "n": 112,
        "nan_frac": 0.0,
        "mean": 0.3372453882225922,
        "median": 0.0,
        "std": 1.239118658527923,
        "iqr": 1.348981499671936,
        "mad": 0.674490749835968,
        "mad_sigma": 0.9999999857068061,
        "skewness": 1.239865218727369,
        "kurtosis_excess": 0.4756027188835108,
        "delta_mean_median": 0.3372453882225922
      }
    }
  },
  "entropy_provisional": {},
  "tau_summary": {
    "axes": {
      "m": {
        "tau_sec": 8.0,
        "dt_sec": 4.0,
        "max_lag_sec": 60.0,
        "threshold": 0.36787944117144233,
        "nan_frac": 0.0,
        "nan_policy": "strict"
      },
      "d": {
        "tau_sec": 24.0,
        "dt_sec": 4.0,
        "max_lag_sec": 60.0,
        "threshold": 0.36787944117144233,
        "nan_frac": 0.0,
        "nan_policy": "strict"
      },
      "e": {
        "tau_sec": 24.0,
        "dt_sec": 4.0,
        "max_lag_sec": 60.0,
        "threshold": 0.36787944117144233,
        "nan_frac": 0.0,
        "nan_policy": "strict"
      }
    },
    "subcoords": {
      "m_a": {
        "tau_sec": 8.0,
        "dt_sec": 4.0,
        "max_lag_sec": 60.0,
        "threshold": 0.36787944117144233,
        "nan_frac": 0.0,
        "nan_policy": "strict"
      },
      "m_e": {
        "tau_sec": 28.0,
        "dt_sec": 4.0,
        "max_lag_sec": 60.0,
        "threshold": 0.36787944117144233,
        "nan_frac": 0.0,
        "nan_policy": "strict"
      },
      "m_o": {
        "tau_sec": 28.0,
        "dt_sec": 4.0,
        "max_lag_sec": 60.0,
        "threshold": 0.36787944117144233,
        "nan_frac": 0.0,
        "nan_policy": "strict"
      },
      "d_n": {
        "tau_sec": 8.0,
        "dt_sec": 4.0,
        "max_lag_sec": 60.0,
        "threshold": 0.36787944117144233,
        "nan_frac": 0.0,
        "nan_policy": "strict"
      },
      "d_l": {
        "tau_sec": 20.0,
        "dt_sec": 4.0,
        "max_lag_sec": 60.0,
        "threshold": 0.36787944117144233,
        "nan_frac": 0.0,