{
  "dataset_id": "ds003478:sub-106:rest_Rest_run-02",
  "subject": "sub-106",
  "session": null,
  "reliability_axes": {
    "m": 0.9105638324454277,
    "d": 0.9003432244014689,
    "e": 0.8001415021744935
  },
  "reliability_subcoords": {
    "m_a": 0.9312538985333908,
    "m_e": 0.7800504435721664,
    "m_o": 0.7820165217371068,
    "d_n": 0.7857733441102486,
    "d_l": 0.8636860710376894,
    "d_s": 0.8220937751943835,
    "e_e": 0.8594896633058037,
    "e_s": 0.7749081954799549,
    "e_m": 0.688306417214671
  }
}