{
  "dataset_id": "ds003478:sub-106:rest_Rest_run-02",
  "subject": "sub-106",
  "session": null,
  "coverage": {
    "epochs": 51,
    "seconds": 204.0
  },
  "artifacts": {
    "methods": [
      "none"
    ],
    "bad_eeg_channels": [
      "FP2"
    ],
    "n_bad_eeg_channels": 1,
    "stem_collisions": {}
  },
  "ensemble": {
    "var_by_subcoord": {
      "m_a": 0.0024394073989242315,
      "m_e": 0.0073569053784012794,
      "m_o": 0.0003107522788923234,
      "d_n": 0.006271266378462315,
      "d_l": 0.00028304793522693217,
      "d_s": 0.11612461507320404,
      "e_e": 0.0,
      "e_s": 0.016784032806754112,
      "e_m": 0.0
    },
    "var_mean": 0.016618891916651692,
    "var_max": 0.11612461507320404
  },
  "reliability": {
    "axes": {
      "m": 0.9105638324454277,
      "d": 0.9003432244014689,
      "e": 0.8001415021744935
    },
    "subcoords": {
      "m_a": 0.9312538985333908,
      "m_e": 0.7800504435721664,
      "m_o": 0.7820165217371068,
      "d_n": 0.7857733441102486,
      "d_l": 0.8636860710376894,
      "d_s": 0.8220937751943835,
      "e_e": 0.8594896633058037,
      "e_s": 0.7749081954799549,
      "e_m": 0.688306417214671
    }
  },
  "dist_summary": {
    "axes": {
      "m": {
        "n": 51,
        "nan_frac": 0.0,
        "mean": 0.06843618924419086,
        "median": -0.020017089322209358,
        "std": 0.7126481234676864,
        "iqr": 0.9919537603855133,
        "mad": 0.4838487487286329,
        "mad_sigma": 0.7173541548650711,
        "skewness": -0.17708132032554294,
        "kurtosis_excess": -0.38964088193699675,
        "delta_mean_median": 0.08845327856640021
      },
      "d": {
        "n": 51,
        "nan_frac": 0.0,
        "mean": 0.9150094279617655,
        "median": 0.7053450345993042,
        "std": 1.1921023271870457,
        "iqr": 2.331063337624073,
        "mad": 0.9746065139770508,
        "mad_sigma": 1.4449516176223753,
        "skewness": 0.2290077196525084,
        "kurtosis_excess": -1.458869177155559,
        "delta_mean_median": 0.20966439336246134
      },
      "e": {
        "n": 51,
        "nan_frac": 0.0,
        "mean": -0.014448201028155345,
        "median": 0.21824270486831665,
        "std": 0.7378029034216554,
        "iqr": 0.8063311725854874,
        "mad": 0.4094589948654175,
        "mad_sigma": 0.6070639057874679,
        "skewness": -0.9460551623423364,
        "kurtosis_excess": 0.12150447831507805,
        "delta_mean_median": -0.23269090589647198
      }
    },
    "subcoords": {
      "m_a": {
        "n": 51,
        "nan_frac": 0.0,
        "mean": 0.25121736069045525,
        "median": -0.02716619148850441,
        "std": 0.9698089483777941,
        "iqr": 1.5470947623252869,
        "mad": 0.7778609357774258,
        "mad_sigma": 1.1532566233836115,
        "skewness": 0.3355416804415307,
        "kurtosis_excess": -1.1071186648742606,
        "delta_mean_median": 0.27838355217895966
      },
      "m_e": {
        "n": 51,
        "nan_frac": 0.0,
        "mean": -0.04502922063693404,
        "median": -0.07902511209249496,
        "std": 0.5023731951224149,
        "iqr": 0.6378080993890762,
        "mad": 0.30553538352251053,
        "mad_sigma": 0.4529867596104741,
        "skewness": -0.39489441072793224,
        "kurtosis_excess": 0.43471096868909376,
        "delta_mean_median": 0.03399589145556092
      },
      "m_o": {
        "n": 51,
        "nan_frac": 0.0,
        "mean": -0.044715722986296114,
        "median": -0.07678520679473877,
        "std": 0.9492804179933794,
        "iqr": 0.9820766597986221,
        "mad": 0.4610564708709717,
        "mad_sigma": 0.6835623237133026,
        "skewness": -0.3895523129037201,
        "kurtosis_excess": 1.1749933859349575,
        "delta_mean_median": 0.032069483808442656
      },
      "d_n": {
        "n": 51,
        "nan_frac": 0.0,
        "mean": 0.5742061916811794,
        "median": 0.3062649965286255,
        "std": 1.2506447294058356,
        "iqr": 1.5601846873760223,
        "mad": 0.7241169214248657,
        "mad_sigma": 1.0735757477045058,
        "skewness": 1.348341691067122,
        "kurtosis_excess": 2.302908042055475,
        "delta_mean_median": 0.2679411951525539
      },
      "d_l": {
        "n": 51,
        "nan_frac": 0.0,
        "mean": 1.0107776031409408,
        "median": -0.08998704701662064,
        "std": 1.9296625353137515,
        "iqr": 3.4807888865470886,
        "mad": 0.528908483684063,
        "mad_sigma": 0.7841597179099917,
        "skewness": 0.7689646265311805,
        "kurtosis_excess": -1.15358582809598,
        "delta_mean_median": 1.1007646501575614
      },
      "d_s": {
        "n": 51,
        "nan_frac": 0.0,
        "mean": 1.2431226791996581,
        "median": 1.6705738306045532,
        "std": 1.3679278241106647,
        "iqr": 2.808631584048271,
        "mad": 1.118298888206482,
        "mad_sigma": 1.65798993165493,
        "skewness": -0.12675674872887238,
        "kurtosis_excess": -1.6602235222064168,
        "delta_mean_median": -0.4274511514048951
      },
      "e_e": {
        "n": 51,
        "nan_frac": 0.0,
        "mean": -0.4785784460859848,
        "median": 0.0,
        "std": 1.509424113807373,
        "iqr": 1.5655215680599213,
        "mad": 0.6744906902313232,
        "mad_sigma": 0.9999998973369598,
        "skewness": -1.1970371154749653,
        "kurtosis_excess": 0.5010626899418198,
        "delta_mean_median": -0.4785784460859848
      },
      "e_s": {
        "n": 51,
        "nan_frac": 0.0,
        "mean": 0.6196746098644593,
        "median": 0.6528270244598389,
        "std": 0.5791846035973227,
        "iqr": 0.9037719741463661,
        "mad": 0.4773128032684326,
        "mad_sigma": 0.7076639621257782,
        "skewness": 0.21285108496609503,
        "kurtosis_excess": -0.9728417050404254,
        "delta_mean_median": -0.03315241459537954
      },
      "e_m": {
        "n": 51,
        "nan_frac": 0.0,
        "mean": 0.03070452816638292,
        "median": 0.0,
        "std": 1.0836451631508395,
        "iqr": 1.3169271051883698,
        "mad": 0.674490749835968,
        "mad_sigma": 0.9999999857068061,
        "skewness": 0.5004931450816499,
        "kurtosis_excess": 0.4162647656334544,
        "delta_mean_median": 0.03070452816638292
      }
    }
  },
  "entropy_provisional": {},
  "tau_summary": {
    "axes": {
      "m": {
        "tau_sec": 16.0,
        "dt_sec": 4.0,
        "max_lag_sec": 60.0,
        "threshold": 0.36787944117144233,
        "nan_frac": 0.0,
        "nan_policy": "strict"
      },
      "d": {
        "tau_sec": 28.0,
        "dt_sec": 4.0,
        "max_lag_sec": 60.0,
        "threshold": 0.36787944117144233,
        "nan_frac": 0.0,
        "nan_policy": "strict"
      },
      "e": {
        "tau_sec": 20.0,
        "dt_sec": 4.0,
        "max_lag_sec": 60.0,
        "threshold": 0.36787944117144233,
        "nan_frac": 0.0,
        "nan_policy": "strict"
      }
    },
    "subcoords": {
      "m_a": {
        "tau_sec": 20.0,
        "dt_sec": 4.0,
        "max_lag_sec": 60.0,
        "threshold": 0.36787944117144233,
        "nan_frac": 0.0,
        "nan_policy": "strict"
      },
      "m_e": {
        "tau_sec": 8.0,
        "dt_sec": 4.0,
        "max_lag_sec": 60.0,
        "threshold": 0.36787944117144233,
        "nan_frac": 0.0,
        "nan_policy": "strict"
      },
      "m_o": {
        "tau_sec": 8.0,
        "dt_sec": 4.0,
        "max_lag_sec": 60.0,
        "threshold": 0.36787944117144233,
        "nan_frac": 0.0,
        "nan_policy": "strict"
      },
      "d_n": {
        "tau_sec": 8.0,
        "dt_sec": 4.0,
        "max_lag_sec": 60.0,
        "threshold": 0.36787944117144233,
        "nan_frac": 0.0,
        "nan_policy": "strict"
      },
      "d_l": {
        "tau_sec": 24.0,
        "dt_sec": 4.0,
        "max_lag_sec": 60.0,
        "threshold": 0.36787944117144233,
        "nan_frac": 0.0,
        "nan_policy": "strict"
      },