{
  "dataset_id": "ds003478:sub-064:rest_Rest_run-01",
  "subject": "sub-064",
  "session": null,
  "reliability_axes": {
    "m": 0.834194432771097,
    "d": 0.8946574282122475,
    "e": 0.7439752785831081
  },
  "reliability_subcoords": {
    "m_a": 0.8804004313508007,
    "m_e": 0.5572593399997835,
    "m_o": 0.7474749138521397,
    "d_n": 0.7019553307845604,
    "d_l": 0.8595230622382017,
    "d_s": 0.7819497567181456,
    "e_e": 0.7499337184395453,
    "e_s": 0.7621905047591554,
    "e_m": null
  }
}