{
  "dataset_id": "ds003478:sub-064:rest_Rest_run-01",
  "subject": "sub-064",
  "session": null,
  "coverage": {
    "epochs": 123,
    "seconds": 492.0
  },
  "artifacts": {
    "methods": [
      "none"
    ],
    "bad_eeg_channels": [],
    "n_bad_eeg_channels": 0,
    "stem_collisions": {}
  },
  "ensemble": {
    "var_by_subcoord": {
      "m_a": 0.0008763897349126637,
      "m_e": 0.0027429943438619375,
      "m_o": 0.007515039294958115,
      "d_n": 0.000641668913885951,
      "d_l": 0.0034603297244757414,
      "d_s": 0.010207971557974815,
      "e_e": 0.0,
      "e_s": 0.0019398933509364724,
      "e_m": 0.0
    },
    "var_mean": 0.0030426985467784107,
    "var_max": 0.010207971557974815
  },
  "reliability": {
    "axes": {
      "m": 0.834194432771097,
      "d": 0.8946574282122475,
      "e": 0.7439752785831081
    },
    "subcoords": {
      "m_a": 0.8804004313508007,
      "m_e": 0.5572593399997835,
      "m_o": 0.7474749138521397,
      "d_n": 0.7019553307845604,
      "d_l": 0.8595230622382017,
      "d_s": 0.7819497567181456,
      "e_e": 0.7499337184395453,
      "e_s": 0.7621905047591554,
      "e_m": null
    }
  },
  "dist_summary": {
    "axes": {
      "m": {
        "n": 123,
        "nan_frac": 0.0,
        "mean": 0.13523196933669893,
        "median": 0.007506502326577902,
        "std": 0.6289844887236292,
        "iqr": 1.0158698558807373,
        "mad": 0.5022818869911134,
        "mad_sigma": 0.7446831256530247,
        "skewness": -0.3379288523391225,
        "kurtosis_excess": 0.5531029780815322,
        "delta_mean_median": 0.12772546701012102
      },
      "d": {
        "n": 123,
        "nan_frac": 0.0,
        "mean": 0.5554473180630494,
        "median": 0.4917924404144287,
        "std": 0.8725895408853298,
        "iqr": 1.3703570067882538,
        "mad": 0.684224545955658,
        "mad_sigma": 1.0144313118338584,
        "skewness": 0.41207909696037043,
        "kurtosis_excess": -0.38815491850939887,
        "delta_mean_median": 0.06365487764862066
      },
      "e": {
        "n": 123,
        "nan_frac": 0.0,
        "mean": 0.017523814609834577,
        "median": 0.037339504808187485,
        "std": 0.6296378343832106,
        "iqr": 0.7450388222932816,
        "mad": 0.3894581161439419,
        "mad_sigma": 0.5774106029950082,
        "skewness": -0.026573499256660117,
        "kurtosis_excess": 1.4043396340380374,
        "delta_mean_median": -0.019815690198352907
      }
    },
    "subcoords": {
      "m_a": {
        "n": 123,
        "nan_frac": 0.0,
        "mean": 0.1970378034374283,
        "median": 0.0008465448045171797,
        "std": 0.9126125411398067,
        "iqr": 1.4204734563827515,
        "mad": 0.5378770032548346,
        "mad_sigma": 0.7974564450256176,
        "skewness": -2.3832673233060433,
        "kurtosis_excess": 14.936053008934817,
        "delta_mean_median": 0.19619125863291112
      },
      "m_e": {
        "n": 123,
        "nan_frac": 0.0,
        "mean": 0.15415430154719548,
        "median": 0.18978838622570038,
        "std": 0.3753154840789305,
        "iqr": 0.4343450553715229,
        "mad": 0.21701453626155853,
        "mad_sigma": 0.3217457514613867,
        "skewness": -1.4994100107472728,
        "kurtosis_excess": 7.392804900815504,
        "delta_mean_median": -0.0356340846785049
      },
      "m_o": {
        "n": 123,
        "nan_frac": 0.0,
        "mean": 0.026949983911694793,
        "median": -0.03802516683936119,
        "std": 0.9508692666419071,
        "iqr": 1.2856407463550568,
        "mad": 0.6509886048734188,
        "mad_sigma": 0.9651557055853307,
        "skewness": 0.36067139766031375,
        "kurtosis_excess": 0.2553482827996616,
        "delta_mean_median": 0.06497515075105598
      },
      "d_n": {
        "n": 123,
        "nan_frac": 0.0,
        "mean": 0.31852336873005077,
        "median": 0.0868530347943306,
        "std": 0.9233519089876759,
        "iqr": 0.9694978296756744,
        "mad": 0.4361278936266899,
        "mad_sigma": 0.6466032150909304,
        "skewness": 1.182813216728903,
        "kurtosis_excess": 2.055470795761842,
        "delta_mean_median": 0.23167033393572017
      },
      "d_l": {
        "n": 123,
        "nan_frac": 0.0,
        "mean": 0.6935676661267028,
        "median": 0.026073262095451355,
        "std": 1.3579816426372076,
        "iqr": 2.5451860576868057,
        "mad": 0.6437391489744186,
        "mad_sigma": 0.954407662269473,
        "skewness": 0.5522700683200359,
        "kurtosis_excess": -1.2609020508387694,
        "delta_mean_median": 0.6674944040312515
      },
      "d_s": {
        "n": 123,
        "nan_frac": 0.0,
        "mean": 0.5740305042060895,
        "median": 0.48187193274497986,
        "std": 0.868369767960328,
        "iqr": 1.2979951314628124,
        "mad": 0.6318378895521164,
        "mad_sigma": 0.9367628550499677,
        "skewness": 0.5313909024198172,
        "kurtosis_excess": 0.4588688962144287,
        "delta_mean_median": 0.09215857146110962
      },
      "e_e": {
        "n": 123,
        "nan_frac": 0.0,
        "mean": -0.17045499448242363,
        "median": 0.0,
        "std": 1.204602505458483,
        "iqr": 1.3323102295398712,
        "mad": 0.6744906902313232,
        "mad_sigma": 0.9999998973369598,
        "skewness": -0.7420441326093179,
        "kurtosis_excess": 0.629944598249883,
        "delta_mean_median": -0.17045499448242363
      },
      "e_s": {
        "n": 123,
        "nan_frac": 0.0,
        "mean": 0.27372427596672766,
        "median": 0.2387886941432953,
        "std": 0.44418893333668646,
        "iqr": 0.6174517944455147,
        "mad": 0.30207470059394836,
        "mad_sigma": 0.44785595110058785,
        "skewness": 0.5237426876069008,
        "kurtosis_excess": -0.3392146360364614,
        "delta_mean_median": 0.03493558182343237
      },
      "e_m": {
        "n": 123,
        "nan_frac": 0.0,
        "mean": 0.04878048780487805,
        "median": 0.0,
        "std": 0.5387980983993786,
        "iqr": 0.0,
        "mad": 0.0,
        "mad_sigma": 0.0,
        "skewness": 10.954825271144738,
        "kurtosis_excess": 118.00819672131142,
        "delta_mean_median": 0.04878048780487805
      }
    }
  },
  "entropy_provisional": {
    "e_m": {
      "var": 0.2903033908387865,
      "n_unique": 2,
      "nan_frac": 0.0,
      "provisional": true
    }
  },
  "tau_summary": {
    "axes": {
      "m": {
        "tau_sec": 16.0,
        "dt_sec": 4.0,
        "max_lag_sec": 60.0,
        "threshold": 0.36787944117144233,
        "nan_frac": 0.0,
        "nan_policy": "strict"
      },
      "d": {
        "tau_sec": 40.0,
        "dt_sec": 4.0,
        "max_lag_sec": 60.0,
        "threshold": 0.36787944117144233,
        "nan_frac": 0.0,
        "nan_policy": "strict"
      },
      "e": {
        "tau_sec": 32.0,
        "dt_sec": 4.0,
        "max_lag_sec": 60.0,
        "threshold": 0.36787944117144233,
        "nan_frac": 0.0,
        "nan_policy": "strict"
      }
    },
    "subcoords": {
      "m_a": {
        "tau_sec": 12.0,
        "dt_sec": 4.0,
        "max_lag_sec": 60.0,
        "threshold": 0.36787944117144233,
        "nan_frac": 0.0,
        "nan_policy": "strict"
      },
      "m_e": {
        "tau_sec": 8.0,
        "dt_sec": 4.0,
        "max_lag_sec": 60.0,
        "threshold": 0.36787944117144233,
        "nan_frac": 0.0,
        "nan_policy": "strict"
      },
      "m_o": {
        "tau_sec": 20.0,
        "dt_sec": 4.0,
        "max_lag_sec": 60.0,
        "threshold": 0.36787944117144233,
        "nan_frac": 0.0,
        "nan_policy": "strict"
      },
      "d_n": {
        "tau_sec": 12.0,
        "dt_sec": 4.0,
        "max_lag_sec": 60.0,
        "threshold": 0.36787944117144233,
        "nan_frac": 0.0,
        "nan_policy": "strict"
      },
      "d_l": {
        "tau_sec": 32.0,
        "dt_sec": 4.0,
        "max_lag_sec": 60.0,
        "threshold": 0.36787944117144233,