{
  "dataset_id": "ds003478:sub-028:rest_Rest_run-02",
  "subject": "sub-028",
  "session": null,
  "reliability_axes": {
    "m": 0.6633466629396261,
    "d": 0.5034546692580892,
    "e": 0.8138428052259797
  },
  "reliability_subcoords": {
    "m_a": 0.6288316224149715,
    "m_e": 0.5332118158919308,
    "m_o": 0.7897763897626626,
    "d_n": 0.4709885768644621,
    "d_l": 0.7222461625435244,
    "d_s": 0.6808749624858418,
    "e_e": 0.8872176999117596,
    "e_s": 0.32461915568883937,
    "e_m": null
  }
}