{
  "dataset_id": "ds003478:sub-122:rest_Rest_run-02",
  "subject": "sub-122",
  "session": null,
  "reliability_axes": {
    "m": 0.644407782542009,
    "d": 0.7002840449057766,
    "e": 0.6448091378450561
  },
  "reliability_subcoords": {
    "m_a": 0.8856565254622106,
    "m_e": 0.36394818150003394,
    "m_o": 0.15117482154577785,
    "d_n": -0.10349998939454919,
    "d_l": 0.794550551186001,
    "d_s": 0.5595829107173095,
    "e_e": 0.7121768458512904,
    "e_s": 0.11841021737762812,
    "e_m": 0.771349937868347
  }
}