{
  "dataset_id": "ds003478:sub-122:rest_Rest_run-02",
  "subject": "sub-122",
  "session": null,
  "coverage": {
    "epochs": 39,
    "seconds": 156.0
  },
  "artifacts": {
    "methods": [
      "none"
    ],
    "bad_eeg_channels": [
      "FP2"
    ],
    "n_bad_eeg_channels": 1,
    "stem_collisions": {}
  },
  "ensemble": {
    "var_by_subcoord": {
      "m_a": 0.010936013422906399,
      "m_e": 0.046037543565034866,
      "m_o": 0.0025080896448343992,
      "d_n": 0.025371074676513672,
      "d_l": 0.003943037241697311,
      "d_s": 0.403139591217041,
      "e_e": 0.0,
      "e_s": 0.03439948335289955,
      "e_m": 0.0
    },
    "var_mean": 0.05848164812454747,
    "var_max": 0.403139591217041
  },
  "reliability": {
    "axes": {
      "m": 0.644407782542009,
      "d": 0.7002840449057766,
      "e": 0.6448091378450561
    },
    "subcoords": {
      "m_a": 0.8856565254622106,
      "m_e": 0.36394818150003394,
      "m_o": 0.15117482154577785,
      "d_n": -0.10349998939454919,
      "d_l": 0.794550551186001,
      "d_s": 0.5595829107173095,
      "e_e": 0.7121768458512904,
      "e_s": 0.11841021737762812,
      "e_m": 0.771349937868347
    }
  },
  "dist_summary": {
    "axes": {
      "m": {
        "n": 39,
        "nan_frac": 0.0,
        "mean": 0.1466087944423541,
        "median": 0.1771368533372879,
        "std": 0.6579986825777322,
        "iqr": 1.013068601489067,
        "mad": 0.5295328944921494,
        "mad_sigma": 0.7850854693740605,
        "skewness": -0.34625442928338923,
        "kurtosis_excess": -0.9354151834808713,
        "delta_mean_median": -0.03052805889493379
      },
      "d": {
        "n": 39,
        "nan_frac": 0.0,
        "mean": 0.7193745470199829,
        "median": 0.4769956171512604,
        "std": 1.132126462149289,
        "iqr": 2.0147009566426277,
        "mad": 0.9146652221679688,
        "mad_sigma": 1.3560826583862304,
        "skewness": 0.3528553773525301,
        "kurtosis_excess": -1.1818241809001706,
        "delta_mean_median": 0.24237892986872256
      },
      "e": {
        "n": 39,
        "nan_frac": 0.0,
        "mean": 0.10202324875176717,
        "median": 0.17614230513572693,
        "std": 0.6433989737064381,
        "iqr": 0.7899989560246468,
        "mad": 0.3902703821659088,
        "mad_sigma": 0.5786148685991763,
        "skewness": -0.822060593696834,
        "kurtosis_excess": 0.7969861347941527,
        "delta_mean_median": -0.07411905638395976
      }
    },
    "subcoords": {
      "m_a": {
        "n": 39,
        "nan_frac": 0.0,
        "mean": 0.3070190896948752,
        "median": 0.1428304761648178,
        "std": 0.9282708711065845,
        "iqr": 1.8887940347194672,
        "mad": 0.7609865516424179,
        "mad_sigma": 1.1282386614650488,
        "skewness": 0.30260956835506453,
        "kurtosis_excess": -1.4506258528945222,
        "delta_mean_median": 0.16418861353005737
      },
      "m_e": {
        "n": 39,
        "nan_frac": 0.0,
        "mean": 0.03822507501508181,
        "median": 0.06060361862182617,
        "std": 0.6597210246412284,
        "iqr": 0.7447679191827774,
        "mad": 0.3928471505641937,
        "mad_sigma": 0.5824351854264735,
        "skewness": -0.02720200875716018,
        "kurtosis_excess": -0.2803286102261655,
        "delta_mean_median": -0.022378543606744364
      },
      "m_o": {
        "n": 39,
        "nan_frac": 0.0,
        "mean": 0.05806802006032413,
        "median": -0.024472439661622047,
        "std": 0.9200327230727966,
        "iqr": 0.8706156462430954,
        "mad": 0.5119047407060862,
        "mad_sigma": 0.7589499685708433,
        "skewness": 0.6011431118181035,
        "kurtosis_excess": 1.0791243899467027,
        "delta_mean_median": 0.08254045972194618
      },
      "d_n": {
        "n": 39,
        "nan_frac": 0.0,
        "mean": 0.23510922434238288,
        "median": -0.05752207338809967,
        "std": 0.9545614516039408,
        "iqr": 1.0540486127138138,
        "mad": 0.39605529606342316,
        "mad_sigma": 0.5871915819436312,
        "skewness": 1.1137494179756404,
        "kurtosis_excess": 0.9168479208155089,
        "delta_mean_median": 0.2926312977304826
      },
      "d_l": {
        "n": 39,
        "nan_frac": 0.0,
        "mean": 0.9707436939844718,
        "median": 0.15398961305618286,
        "std": 1.7094664046851515,
        "iqr": 3.3175973296165466,
        "mad": 0.7957783341407776,
        "mad_sigma": 1.1798209581971169,
        "skewness": 0.6421209103571185,
        "kurtosis_excess": -1.206634886967177,
        "delta_mean_median": 0.8167540809282889
      },
      "d_s": {
        "n": 39,
        "nan_frac": 0.0,
        "mean": 0.8479815578231444,
        "median": 0.6576922535896301,
        "std": 1.1286790683398005,
        "iqr": 1.7588507123291492,
        "mad": 0.7828776240348816,
        "mad_sigma": 1.1606943653941153,
        "skewness": 0.42630258178522784,
        "kurtosis_excess": -0.6678157555577009,
        "delta_mean_median": 0.1902893042335143
      },
      "e_e": {
        "n": 39,
        "nan_frac": 0.0,
        "mean": -0.1134679752927369,
        "median": 0.0,
        "std": 1.1027420276122777,
        "iqr": 1.362454116344452,
        "mad": 0.6744906902313232,
        "mad_sigma": 0.9999998973369598,
        "skewness": -0.579046255495953,
        "kurtosis_excess": 0.29697786115156566,
        "delta_mean_median": -0.1134679752927369
      },
      "e_s": {
        "n": 39,
        "nan_frac": 0.0,
        "mean": 0.4092365275972929,
        "median": 0.40692561864852905,
        "std": 0.33865165756212573,
        "iqr": 0.38066819310188293,
        "mad": 0.2074303925037384,
        "mad_sigma": 0.30753629992604253,
        "skewness": 0.7151687237101604,
        "kurtosis_excess": 0.07219804617371794,
        "delta_mean_median": 0.0023109089487638457
      },
      "e_m": {
        "n": 39,
        "nan_frac": 0.0,
        "mean": -0.14146643358831987,
        "median": 0.0,
        "std": 1.1039022630045245,
        "iqr": 1.2201454639434814,
        "mad": 0.6744906902313232,
        "mad_sigma": 0.9999998973369598,
        "skewness": -0.5440733822766928,
        "kurtosis_excess": 0.8665248672960617,
        "delta_mean_median": -0.14146643358831987
      }
    }
  },
  "entropy_provisional": {},
  "tau_summary": {
    "axes": {
      "m": {
        "tau_sec": 20.0,
        "dt_sec": 4.0,
        "max_lag_sec": 60.0,
        "threshold": 0.36787944117144233,
        "nan_frac": 0.0,
        "nan_policy": "strict"
      },
      "d": {
        "tau_sec": 20.0,
        "dt_sec": 4.0,
        "max_lag_sec": 60.0,
        "threshold": 0.36787944117144233,
        "nan_frac": 0.0,
        "nan_policy": "strict"
      },
      "e": {
        "tau_sec": 8.0,
        "dt_sec": 4.0,
        "max_lag_sec": 60.0,
        "threshold": 0.36787944117144233,
        "nan_frac": 0.0,
        "nan_policy": "strict"
      }
    },
    "subcoords": {
      "m_a": {
        "tau_sec": 32.0,
        "dt_sec": 4.0,
        "max_lag_sec": 60.0,
        "threshold": 0.36787944117144233,
        "nan_frac": 0.0,
        "nan_policy": "strict"
      },
      "m_e": {
        "tau_sec": 8.0,
        "dt_sec": 4.0,
        "max_lag_sec": 60.0,
        "threshold": 0.36787944117144233,
        "nan_frac": 0.0,
        "nan_policy": "strict"
      },
      "m_o": {
        "tau_sec": 8.0,
        "dt_sec": 4.0,
        "max_lag_sec": 60.0,
        "threshold": 0.36787944117144233,
        "nan_frac": 0.0,
        "nan_policy": "strict"
      },
      "d_n": {
        "tau_sec": 4.0,
        "dt_sec": 4.0,
        "max_lag_sec": 60.0,
        "threshold": 0.36787944117144233,
        "nan_frac": 0.0,
        "nan_policy": "strict"
      },
      "d_l": {
        "tau_sec": 24.0,
        "dt_sec": 4.0,
        "max_lag_sec": 60.0,
        "threshold": 0.36787944117144233,
        "nan_frac": 0.0,
        "nan_policy": "strict"
      },