{
  "dataset_id": "ds003478:sub-084:rest_Rest_run-02",
  "subject": "sub-084",
  "session": null,
  "reliability_axes": {
    "m": 0.7552371019379945,
    "d": 0.6386138248713046,
    "e": 0.6248907864996431
  },
  "reliability_subcoords": {
    "m_a": 0.8051456416308947,
    "m_e": 0.824399782369275,
    "m_o": 0.7504363993723495,
    "d_n": 0.9089796666447958,
    "d_l": 0.7629974932355329,
    "d_s": 0.7927658768296478,
    "e_e": 0.7175542047101784,
    "e_s": 0.7164609891915662,
    "e_m": 0.6728536547596349
  }
}