{
  "dataset_id": "ds003478:sub-084:rest_Rest_run-02",
  "subject": "sub-084",
  "session": null,
  "coverage": {
    "epochs": 57,
    "seconds": 228.0
  },
  "artifacts": {
    "methods": [
      "none"
    ],
    "bad_eeg_channels": [],
    "n_bad_eeg_channels": 0,
    "stem_collisions": {}
  },
  "ensemble": {
    "var_by_subcoord": {
      "m_a": 0.02723848447203636,
      "m_e": 0.011628251522779465,
      "m_o": 0.007614243309944868,
      "d_n": 0.006988279055804014,
      "d_l": 0.007507581729441881,
      "d_s": 0.04259726405143738,
      "e_e": 0.0,
      "e_s": 0.015441978350281715,
      "e_m": 0.0
    },
    "var_mean": 0.013224009165747298,
    "var_max": 0.04259726405143738
  },
  "reliability": {
    "axes": {
      "m": 0.7552371019379945,
      "d": 0.6386138248713046,
      "e": 0.6248907864996431
    },
    "subcoords": {
      "m_a": 0.8051456416308947,
      "m_e": 0.824399782369275,
      "m_o": 0.7504363993723495,
      "d_n": 0.9089796666447958,
      "d_l": 0.7629974932355329,
      "d_s": 0.7927658768296478,
      "e_e": 0.7175542047101784,
      "e_s": 0.7164609891915662,
      "e_m": 0.6728536547596349
    }
  },
  "dist_summary": {
    "axes": {
      "m": {
        "n": 57,
        "nan_frac": 0.0,
        "mean": 0.04117803053374876,
        "median": 0.02052777260541916,
        "std": 0.45119632496824796,
        "iqr": 0.7345946133136749,
        "mad": 0.37284182757139206,
        "mad_sigma": 0.5527752935573458,
        "skewness": 0.37724071003558496,
        "kurtosis_excess": -0.9022992640229335,
        "delta_mean_median": 0.0206502579283296
      },
      "d": {
        "n": 57,
        "nan_frac": 0.0,
        "mean": 0.2838783765603837,
        "median": 0.41240280866622925,
        "std": 0.49365783837347227,
        "iqr": 0.6582256108522415,
        "mad": 0.3518075756728649,
        "mad_sigma": 0.5215899116925895,
        "skewness": -0.43271800068373817,
        "kurtosis_excess": -0.28110312955051464,
        "delta_mean_median": -0.12852443210584552
      },
      "e": {
        "n": 57,
        "nan_frac": 0.0,
        "mean": 0.01396508109674119,
        "median": 0.08349469304084778,
        "std": 0.3593372686131688,
        "iqr": 0.5202430188655853,
        "mad": 0.26835767924785614,
        "mad_sigma": 0.3978670952528715,
        "skewness": -0.4708481666253498,
        "kurtosis_excess": -0.6054189882550265,
        "delta_mean_median": -0.06952961194410659
      }
    },
    "subcoords": {
      "m_a": {
        "n": 57,
        "nan_frac": 0.0,
        "mean": 0.023473614941171388,
        "median": -0.048894643783569336,
        "std": 0.6737671248677023,
        "iqr": 1.3018249869346619,
        "mad": 0.5697216987609863,
        "mad_sigma": 0.8446693905830382,
        "skewness": -0.13256252919712272,
        "kurtosis_excess": -0.9391644164057098,
        "delta_mean_median": 0.07236825872474073
      },
      "m_e": {
        "n": 57,
        "nan_frac": 0.0,
        "mean": 0.12053876128374484,
        "median": 0.0768924131989479,
        "std": 0.2796396912710249,
        "iqr": 0.34168602153658867,
        "mad": 0.18411021679639816,
        "mad_sigma": 0.2729618074223399,
        "skewness": 0.00723928922856135,
        "kurtosis_excess": -0.19674749148043968,
        "delta_mean_median": 0.043646348084796935
      },
      "m_o": {
        "n": 57,
        "nan_frac": 0.0,
        "mean": -0.031425650051811284,
        "median": -0.16011939942836761,
        "std": 0.6768944087401646,
        "iqr": 1.0393062829971313,
        "mad": 0.45678703486919403,
        "mad_sigma": 0.677232457897067,
        "skewness": 0.5488713606821745,
        "kurtosis_excess": -0.2600854543338089,
        "delta_mean_median": 0.12869374937655634
      },
      "d_n": {
        "n": 57,
        "nan_frac": 0.0,
        "mean": 0.29612959078268003,
        "median": 0.18977510929107666,
        "std": 0.829794897974903,
        "iqr": 1.3530828058719635,
        "mad": 0.702365517616272,
        "mad_sigma": 1.0413271164178848,
        "skewness": 0.36058944507448704,
        "kurtosis_excess": -0.8682142674653504,
        "delta_mean_median": 0.10635448149160337
      },
      "d_l": {
        "n": 57,
        "nan_frac": 0.0,
        "mean": 0.23675096884631275,
        "median": 0.07769516110420227,
        "std": 0.8749162430417872,
        "iqr": 1.1563502550125122,
        "mad": 0.6407904922962189,
        "mad_sigma": 0.9500359838783741,
        "skewness": 0.46184047166773756,
        "kurtosis_excess": -0.5287630851531686,
        "delta_mean_median": 0.15905580774211048
      },
      "d_s": {
        "n": 57,
        "nan_frac": 0.0,
        "mean": 0.4000171873914568,
        "median": 0.45011255145072937,
        "std": 0.7955292865174812,
        "iqr": 1.3709956407546997,
        "mad": 0.697757750749588,
        "mad_sigma": 1.034495641261339,
        "skewness": 0.1876758254790835,
        "kurtosis_excess": -0.7431340939406104,
        "delta_mean_median": -0.05009536405927256
      },
      "e_e": {
        "n": 57,
        "nan_frac": 0.0,
        "mean": -0.18718838995616688,
        "median": 0.0,
        "std": 0.8300430755085849,
        "iqr": 1.462199866771698,
        "mad": 0.6744906902313232,
        "mad_sigma": 0.9999998973369598,
        "skewness": -0.37410133405989154,
        "kurtosis_excess": -1.0376744910046398,
        "delta_mean_median": -0.18718838995616688
      },
      "e_s": {
        "n": 57,
        "nan_frac": 0.0,
        "mean": 0.2752906329799117,
        "median": 0.3597583472728729,
        "std": 0.5860868212208105,
        "iqr": 0.9792821109294891,
        "mad": 0.5525625050067902,
        "mad_sigma": 0.819229169923067,
        "skewness": 0.042666727509603736,
        "kurtosis_excess": -1.2736665988778533,
        "delta_mean_median": -0.08446771429296124
      },
      "e_m": {
        "n": 57,
        "nan_frac": 0.0,
        "mean": 0.3125854667864348,
        "median": 0.0,
        "std": 1.1174061558402644,
        "iqr": 1.538857340812683,
        "mad": 0.674490749835968,
        "mad_sigma": 0.9999999857068061,
        "skewness": 0.5418996378343347,
        "kurtosis_excess": -0.42282319275042246,
        "delta_mean_median": 0.3125854667864348
      }
    }
  },
  "entropy_provisional": {},
  "tau_summary": {
    "axes": {
      "m": {
        "tau_sec": 16.0,
        "dt_sec": 4.0,
        "max_lag_sec": 60.0,
        "threshold": 0.36787944117144233,
        "nan_frac": 0.0,
        "nan_policy": "strict"
      },
      "d": {
        "tau_sec": 8.0,
        "dt_sec": 4.0,
        "max_lag_sec": 60.0,
        "threshold": 0.36787944117144233,
        "nan_frac": 0.0,
        "nan_policy": "strict"
      },
      "e": {
        "tau_sec": 8.0,
        "dt_sec": 4.0,
        "max_lag_sec": 60.0,
        "threshold": 0.36787944117144233,
        "nan_frac": 0.0,
        "nan_policy": "strict"
      }
    },
    "subcoords": {
      "m_a": {
        "tau_sec": 28.0,
        "dt_sec": 4.0,
        "max_lag_sec": 60.0,
        "threshold": 0.36787944117144233,
        "nan_frac": 0.0,
        "nan_policy": "strict"
      },
      "m_e": {
        "tau_sec": 20.0,
        "dt_sec": 4.0,
        "max_lag_sec": 60.0,
        "threshold": 0.36787944117144233,
        "nan_frac": 0.0,
        "nan_policy": "strict"
      },
      "m_o": {
        "tau_sec": 16.0,
        "dt_sec": 4.0,
        "max_lag_sec": 60.0,
        "threshold": 0.36787944117144233,
        "nan_frac": 0.0,
        "nan_policy": "strict"
      },
      "d_n": {
        "tau_sec": 32.0,
        "dt_sec": 4.0,
        "max_lag_sec": 60.0,
        "threshold": 0.36787944117144233,
        "nan_frac": 0.0,
        "nan_policy": "strict"
      },
      "d_l": {
        "tau_sec": 12.0,
        "dt_sec": 4.0,
        "max_lag_sec": 60.0,
        "threshold": 0.36787944117144233,
        "nan_frac": 0.0,
        "nan_policy": "strict"
      },