{
  "dataset_id": "ds003478:sub-016:rest_Rest_run-02",
  "subject": "sub-016",
  "session": null,
  "reliability_axes": {
    "m": 0.6305771449136913,
    "d": 0.8516140891451855,
    "e": 0.5901816074868605
  },
  "reliability_subcoords": {
    "m_a": 0.9043772033636306,
    "m_e": 0.5254424046792184,
    "m_o": 0.32989056763275687,
    "d_n": 0.5083893655846224,
    "d_l": 0.8947921232495203,
    "d_s": 0.8016839833301312,
    "e_e": 0.5544016773585988,
    "e_s": 0.7650065715456184,
    "e_m": 0.8087690093484966
  }
}