{
  "dataset_id": "ds003478:sub-016:rest_Rest_run-02",
  "subject": "sub-016",
  "session": null,
  "coverage": {
    "epochs": 40,
    "seconds": 160.0
  },
  "artifacts": {
    "methods": [
      "none"
    ],
    "bad_eeg_channels": [],
    "n_bad_eeg_channels": 0,
    "stem_collisions": {}
  },
  "ensemble": {
    "var_by_subcoord": {
      "m_a": 0.024848908185958862,
      "m_e": 0.001172789721749723,
      "m_o": 0.008186642080545425,
      "d_n": 0.006203655619174242,
      "d_l": 0.013897746801376343,
      "d_s": 0.0022522825747728348,
      "e_e": 1.1652391020394032e-13,
      "e_s": 0.003231228329241276,
      "e_m": 0.0
    },
    "var_mean": 0.006643694812548359,
    "var_max": 0.024848908185958862
  },
  "reliability": {
    "axes": {
      "m": 0.6305771449136913,
      "d": 0.8516140891451855,
      "e": 0.5901816074868605
    },
    "subcoords": {
      "m_a": 0.9043772033636306,
      "m_e": 0.5254424046792184,
      "m_o": 0.32989056763275687,
      "d_n": 0.5083893655846224,
      "d_l": 0.8947921232495203,
      "d_s": 0.8016839833301312,
      "e_e": 0.5544016773585988,
      "e_s": 0.7650065715456184,
      "e_m": 0.8087690093484966
    }
  },
  "dist_summary": {
    "axes": {
      "m": {
        "n": 40,
        "nan_frac": 0.0,
        "mean": 0.25231731827370824,
        "median": 0.07957091182470322,
        "std": 0.5922967011849474,
        "iqr": 0.8752880394458771,
        "mad": 0.3869147449731827,
        "mad_sigma": 0.5736398008972406,
        "skewness": 0.776082845154906,
        "kurtosis_excess": -0.37641400331023034,
        "delta_mean_median": 0.17274640644900502
      },
      "d": {
        "n": 40,
        "nan_frac": 0.0,
        "mean": 0.7575700099347159,
        "median": 0.25292446464300156,
        "std": 1.0339762031498563,
        "iqr": 1.8714260514825583,
        "mad": 0.4708174616098404,
        "mad_sigma": 0.6980339685827494,
        "skewness": 0.5996479271357467,
        "kurtosis_excess": -1.12966980516535,
        "delta_mean_median": 0.5046455452917143
      },
      "e": {
        "n": 40,
        "nan_frac": 0.0,
        "mean": 0.014727528509683906,
        "median": 0.05980118550360203,
        "std": 0.5306303987186596,
        "iqr": 0.7761070430278778,
        "mad": 0.37126598320901394,
        "mad_sigma": 0.550438946705684,
        "skewness": -0.14768129195583607,
        "kurtosis_excess": -0.5624728735726228,
        "delta_mean_median": -0.04507365699391812
      }
    },
    "subcoords": {
      "m_a": {
        "n": 40,
        "nan_frac": 0.0,
        "mean": 0.6113740996923298,
        "median": -0.025878907181322575,
        "std": 0.9813258064586373,
        "iqr": 1.8573425523936749,
        "mad": 0.7174851587042212,
        "mad_sigma": 1.0637434962948784,
        "skewness": 0.19300310830835507,
        "kurtosis_excess": -1.7382024420985982,
        "delta_mean_median": 0.6372530068736524
      },
      "m_e": {
        "n": 40,
        "nan_frac": 0.0,
        "mean": 0.03965960550121963,
        "median": 0.04541851207613945,
        "std": 0.45677413778267534,
        "iqr": 0.40725901164114475,
        "mad": 0.21674509719014168,
        "mad_sigma": 0.321346281094104,
        "skewness": -0.42722233867373394,
        "kurtosis_excess": 1.1433156087100453,
        "delta_mean_median": -0.005758906574919821
      },
      "m_o": {
        "n": 40,
        "nan_frac": 0.0,
        "mean": 0.017531820060685276,
        "median": -0.07885180227458477,
        "std": 0.8456651716690475,
        "iqr": 0.9989394247531891,
        "mad": 0.5013307929039001,
        "mad_sigma": 0.7432730335593223,
        "skewness": 0.7402558572215788,
        "kurtosis_excess": 0.7803087869841656,
        "delta_mean_median": 0.09638362233527005
      },
      "d_n": {
        "n": 40,
        "nan_frac": 0.0,
        "mean": 0.0023357510566711427,
        "median": 0.02713187411427498,
        "std": 0.7774874687693916,
        "iqr": 0.9256156459450722,
        "mad": 0.46291784942150116,
        "mad_sigma": 0.6863220035523175,
        "skewness": -0.4234605398360699,
        "kurtosis_excess": 0.8959523462763981,
        "delta_mean_median": -0.024796123057603835
      },
      "d_l": {
        "n": 40,
        "nan_frac": 0.0,
        "mean": 1.2429791446775198,
        "median": -0.0576595813035965,
        "std": 1.8628892779940525,
        "iqr": 3.2930361479520798,
        "mad": 0.6273734718561172,
        "mad_sigma": 0.9301439093738794,
        "skewness": 0.5157752509138132,
        "kurtosis_excess": -1.4256458568766113,
        "delta_mean_median": 1.3006387259811163
      },
      "d_s": {
        "n": 40,
        "nan_frac": 0.0,
        "mean": 0.6846472846344114,
        "median": 0.2958773970603943,
        "std": 1.178173811541502,
        "iqr": 1.4720916338264942,
        "mad": 0.5384144112467766,
        "mad_sigma": 0.7982532061144709,
        "skewness": 1.043999695138679,
        "kurtosis_excess": -0.11811700949346937,
        "delta_mean_median": 0.3887698875740171
      },
      "e_e": {
        "n": 40,
        "nan_frac": 0.0,
        "mean": -0.09308331464417278,
        "median": 0.0,
        "std": 0.9592543217084598,
        "iqr": 1.3496455177664757,
        "mad": 0.6744906902313232,
        "mad_sigma": 0.9999998973369598,
        "skewness": -0.1923789233515381,
        "kurtosis_excess": -0.5890416280481539,
        "delta_mean_median": -0.09308331464417278
      },
      "e_s": {
        "n": 40,
        "nan_frac": 0.0,
        "mean": 0.1894528366625309,
        "median": 0.17699681222438812,
        "std": 0.48211124636038455,
        "iqr": 0.5162471774965525,
        "mad": 0.2574617229402065,
        "mad_sigma": 0.38171275043115016,
        "skewness": 0.01858993401420516,
        "kurtosis_excess": -0.10898796692009238,
        "delta_mean_median": 0.012456024438142782
      },
      "e_m": {
        "n": 40,
        "nan_frac": 0.0,
        "mean": -0.5416210734285414,
        "median": 0.0,
        "std": 1.746906848026167,
        "iqr": 1.4874594658613205,
        "mad": 0.674490749835968,
        "mad_sigma": 0.9999999857068061,
        "skewness": -1.727370021038221,
        "kurtosis_excess": 2.6812908241064433,
        "delta_mean_median": -0.5416210734285414
      }
    }
  },
  "entropy_provisional": {},
  "tau_summary": {
    "axes": {
      "m": {
        "tau_sec": 24.0,
        "dt_sec": 4.0,
        "max_lag_sec": 60.0,
        "threshold": 0.36787944117144233,
        "nan_frac": 0.0,
        "nan_policy": "strict"
      },
      "d": {
        "tau_sec": 24.0,
        "dt_sec": 4.0,
        "max_lag_sec": 60.0,
        "threshold": 0.36787944117144233,
        "nan_frac": 0.0,
        "nan_policy": "strict"
      },
      "e": {
        "tau_sec": 8.0,
        "dt_sec": 4.0,
        "max_lag_sec": 60.0,
        "threshold": 0.36787944117144233,
        "nan_frac": 0.0,
        "nan_policy": "strict"
      }
    },
    "subcoords": {
      "m_a": {
        "tau_sec": 32.0,
        "dt_sec": 4.0,
        "max_lag_sec": 60.0,
        "threshold": 0.36787944117144233,
        "nan_frac": 0.0,
        "nan_policy": "strict"
      },
      "m_e": {
        "tau_sec": 8.0,
        "dt_sec": 4.0,
        "max_lag_sec": 60.0,
        "threshold": 0.36787944117144233,
        "nan_frac": 0.0,
        "nan_policy": "strict"
      },
      "m_o": {
        "tau_sec": 8.0,
        "dt_sec": 4.0,
        "max_lag_sec": 60.0,
        "threshold": 0.36787944117144233,
        "nan_frac": 0.0,
        "nan_policy": "strict"
      },
      "d_n": {
        "tau_sec": 8.0,
        "dt_sec": 4.0,
        "max_lag_sec": 60.0,
        "threshold": 0.36787944117144233,
        "nan_frac": 0.0,
        "nan_policy": "strict"
      },
      "d_l": {
        "tau_sec": 28.0,
        "dt_sec": 4.0,
        "max_lag_sec": 60.0,
        "threshold": 0.36787944117144233,
        "nan_frac": 0.0,
        "nan_policy": "strict"
      },