{
  "dataset_id": "ds003478:sub-116:rest_Rest_run-02",
  "subject": "sub-116",
  "session": null,
  "reliability_axes": {
    "m": 0.6726682392759202,
    "d": 0.8704907159789027,
    "e": 0.666565251978305
  },
  "reliability_subcoords": {
    "m_a": 0.7566771613714581,
    "m_e": 0.36715619785660825,
    "m_o": 0.7023805874016704,
    "d_n": 0.8050758614716648,
    "d_l": 0.8378070728839092,
    "d_s": 0.843145225810061,
    "e_e": 0.6845786257197561,
    "e_s": 0.6603057426947782,
    "e_m": 0.5745637050966116
  }
}