{
  "dataset_id": "ds003478:sub-116:rest_Rest_run-02",
  "subject": "sub-116",
  "session": null,
  "coverage": {
    "epochs": 41,
    "seconds": 164.0
  },
  "artifacts": {
    "methods": [
      "none"
    ],
    "bad_eeg_channels": [
      "CB1",
      "CB2",
      "CPZ",
      "CZ",
      "O1"
    ],
    "n_bad_eeg_channels": 5,
    "stem_collisions": {}
  },
  "ensemble": {
    "var_by_subcoord": {
      "m_a": 0.004009426571428776,
      "m_e": 0.03730747476220131,
      "m_o": 0.00377833959646523,
      "d_n": 0.012122457846999168,
      "d_l": 0.20824876427650452,
      "d_s": 0.40327030420303345,
      "e_e": 0.0,
      "e_s": 0.03363967314362526,
      "e_m": 0.0
    },
    "var_mean": 0.07804182671113974,
    "var_max": 0.40327030420303345
  },
  "reliability": {
    "axes": {
      "m": 0.6726682392759202,
      "d": 0.8704907159789027,
      "e": 0.666565251978305
    },
    "subcoords": {
      "m_a": 0.7566771613714581,
      "m_e": 0.36715619785660825,
      "m_o": 0.7023805874016704,
      "d_n": 0.8050758614716648,
      "d_l": 0.8378070728839092,
      "d_s": 0.843145225810061,
      "e_e": 0.6845786257197561,
      "e_s": 0.6603057426947782,
      "e_m": 0.5745637050966116
    }
  },
  "dist_summary": {
    "axes": {
      "m": {
        "n": 41,
        "nan_frac": 0.0,
        "mean": 0.1393934346553756,
        "median": 0.24389170110225677,
        "std": 0.506750943935038,
        "iqr": 0.7192287147045135,
        "mad": 0.4068458080291748,
        "mad_sigma": 0.6031895949840546,
        "skewness": -0.3222490587463122,
        "kurtosis_excess": -0.989717044701008,
        "delta_mean_median": -0.10449826644688118
      },
      "d": {
        "n": 41,
        "nan_frac": 0.0,
        "mean": 1.119206333850942,
        "median": 1.0610657930374146,
        "std": 1.1743412637119204,
        "iqr": 2.395721986889839,
        "mad": 1.209272027015686,
        "mad_sigma": 1.792866707253456,
        "skewness": -0.002480024703643264,
        "kurtosis_excess": -1.6680227314216922,
        "delta_mean_median": 0.058140540813527375
      },
      "e": {
        "n": 41,
        "nan_frac": 0.0,
        "mean": 0.3137512464791809,
        "median": 0.34765082597732544,
        "std": 0.44470048502052434,
        "iqr": 0.7534950822591782,
        "mad": 0.3783349506556988,
        "mad_sigma": 0.560919397842139,
        "skewness": 0.05100676381086796,
        "kurtosis_excess": -1.0513954643593353,
        "delta_mean_median": -0.03389957949814454
      }
    },
    "subcoords": {
      "m_a": {
        "n": 41,
        "nan_frac": 0.0,
        "mean": 0.1594744378291979,
        "median": -0.0520341582596302,
        "std": 0.7799637902268327,
        "iqr": 1.5131686627864838,
        "mad": 0.7484865598380566,
        "mad_sigma": 1.1097061736159026,
        "skewness": 0.051409626644539484,
        "kurtosis_excess": -1.5163257786345357,
        "delta_mean_median": 0.2115085960888281
      },
      "m_e": {
        "n": 41,
        "nan_frac": 0.0,
        "mean": 0.06821389035208196,
        "median": 0.09743241220712662,
        "std": 0.38943299688331734,
        "iqr": 0.46955763548612595,
        "mad": 0.24614956229925156,
        "mad_sigma": 0.36494134106487036,
        "skewness": -0.9451260282692058,
        "kurtosis_excess": 1.0259988252004648,
        "delta_mean_median": -0.029218521855044657
      },
      "m_o": {
        "n": 41,
        "nan_frac": 0.0,
        "mean": 0.19872350161668004,
        "median": 0.16340923309326172,
        "std": 0.8784841675620718,
        "iqr": 1.0390052795410156,
        "mad": 0.5156718790531158,
        "mad_sigma": 0.7645351278841495,
        "skewness": 0.8833485579390237,
        "kurtosis_excess": 1.3269514754036038,
        "delta_mean_median": 0.03531426852341832
      },
      "d_n": {
        "n": 41,
        "nan_frac": 0.0,
        "mean": 0.6081747921501718,
        "median": 0.09506417065858841,
        "std": 1.4901024098002973,
        "iqr": 0.8683840185403824,
        "mad": 0.43085093051195145,
        "mad_sigma": 0.6387795895770192,
        "skewness": 2.108890793336494,
        "kurtosis_excess": 4.5071637803023945,
        "delta_mean_median": 0.5131106214915834
      },
      "d_l": {
        "n": 41,
        "nan_frac": 0.0,
        "mean": 1.3068116394484914,
        "median": 0.31395217776298523,
        "std": 1.937830006021116,
        "iqr": 3.790186047554016,
        "mad": 0.8272684514522552,
        "mad_sigma": 1.2265082061231136,
        "skewness": 0.41461719068099306,
        "kurtosis_excess": -1.6705322022548765,
        "delta_mean_median": 0.9928594616855062
      },
      "d_s": {
        "n": 41,
        "nan_frac": 0.0,
        "mean": 1.482347218728647,
        "median": 1.8499071598052979,
        "std": 1.2310880676046945,
        "iqr": 2.3602928519248962,
        "mad": 0.9868364334106445,
        "mad_sigma": 1.4630836961746214,
        "skewness": -0.13223231802777594,
        "kurtosis_excess": -1.4111282669244454,
        "delta_mean_median": -0.3675599410766508
      },
      "e_e": {
        "n": 41,
        "nan_frac": 0.0,
        "mean": 0.05017104569436392,
        "median": 0.0,
        "std": 0.8427234541154688,
        "iqr": 1.237333357334137,
        "mad": 0.6744906902313232,
        "mad_sigma": 0.9999998973369598,
        "skewness": -0.2659616723049248,
        "kurtosis_excess": -0.804573237474568,
        "delta_mean_median": 0.05017104569436392
      },
      "e_s": {
        "n": 41,
        "nan_frac": 0.0,
        "mean": 0.685516637999837,
        "median": 0.7114283442497253,
        "std": 0.4185308229880079,
        "iqr": 0.6299049258232117,
        "mad": 0.3174870014190674,
        "mad_sigma": 0.4707062283039093,
        "skewness": -0.07582576330345422,
        "kurtosis_excess": -0.7405740489451622,
        "delta_mean_median": -0.025911706249888367
      },
      "e_m": {
        "n": 41,
        "nan_frac": 0.0,
        "mean": 0.09870596920571677,
        "median": 0.0,
        "std": 0.8167715641788751,
        "iqr": 1.348981499671936,
        "mad": 0.674490749835968,
        "mad_sigma": 0.9999999857068061,
        "skewness": 0.8100677790889517,
        "kurtosis_excess": -0.36300724302049714,
        "delta_mean_median": 0.09870596920571677
      }
    }
  },
  "entropy_provisional": {},
  "tau_summary": {
    "axes": {
      "m": {
        "tau_sec": 16.0,
        "dt_sec": 4.0,
        "max_lag_sec": 60.0,
        "threshold": 0.36787944117144233,
        "nan_frac": 0.0,
        "nan_policy": "strict"
      },
      "d": {
        "tau_sec": 28.0,
        "dt_sec": 4.0,
        "max_lag_sec": 60.0,
        "threshold": 0.36787944117144233,
        "nan_frac": 0.0,
        "nan_policy": "strict"
      },
      "e": {
        "tau_sec": 16.0,
        "dt_sec": 4.0,
        "max_lag_sec": 60.0,
        "threshold": 0.36787944117144233,
        "nan_frac": 0.0,
        "nan_policy": "strict"
      }
    },
    "subcoords": {
      "m_a": {
        "tau_sec": 20.0,
        "dt_sec": 4.0,
        "max_lag_sec": 60.0,
        "threshold": 0.36787944117144233,
        "nan_frac": 0.0,
        "nan_policy": "strict"
      },
      "m_e": {
        "tau_sec": 8.0,
        "dt_sec": 4.0,
        "max_lag_sec": 60.0,
        "threshold": 0.36787944117144233,
        "nan_frac": 0.0,
        "nan_policy": "strict"
      },
      "m_o": {
        "tau_sec": 8.0,
        "dt_sec": 4.0,
        "max_lag_sec": 60.0,
        "threshold": 0.36787944117144233,
        "nan_frac": 0.0,
        "nan_policy": "strict"
      },
      "d_n": {
        "tau_sec": 8.0,
        "dt_sec": 4.0,
        "max_lag_sec": 60.0,
        "threshold": 0.36787944117144233,
        "nan_frac": 0.0,
        "nan_policy": "strict"
      },
      "d_l": {
        "tau_sec": 32.0,
        "dt_sec": 4.0,
        "max_lag_sec": 60.0,
        "threshold": 0.36787944117144233,
        "nan_frac": 0.0,