{
  "dataset_id": "ds003478:sub-044:rest_Rest_run-01",
  "subject": "sub-044",
  "session": null,
  "reliability_axes": {
    "m": 0.7323474242953866,
    "d": 0.5803324880026506,
    "e": 0.8630716823109879
  },
  "reliability_subcoords": {
    "m_a": 0.7308229297072114,
    "m_e": 0.8059442596707367,
    "m_o": 0.8290312740915106,
    "d_n": 0.6728376279629524,
    "d_l": 0.7713578641975668,
    "d_s": 0.693958061015025,
    "e_e": 0.8992221440554315,
    "e_s": 0.605234550314783,
    "e_m": null
  }
}