{
  "dataset_id": "ds003478:sub-044:rest_Rest_run-01",
  "subject": "sub-044",
  "session": null,
  "coverage": {
    "epochs": 113,
    "seconds": 452.0
  },
  "artifacts": {
    "methods": [
      "none"
    ],
    "bad_eeg_channels": [],
    "n_bad_eeg_channels": 0,
    "stem_collisions": {}
  },
  "ensemble": {
    "var_by_subcoord": {
      "m_a": 0.006506903562694788,
      "m_e": 0.01604335755109787,
      "m_o": 0.0004384705098345876,
      "d_n": 0.008298185653984547,
      "d_l": 0.007790080737322569,
      "d_s": 0.012517556548118591,
      "e_e": 0.0,
      "e_s": 0.00903189368546009,
      "e_m": 0.0
    },
    "var_mean": 0.00673627202761256,
    "var_max": 0.01604335755109787
  },
  "reliability": {
    "axes": {
      "m": 0.7323474242953866,
      "d": 0.5803324880026506,
      "e": 0.8630716823109879
    },
    "subcoords": {
      "m_a": 0.7308229297072114,
      "m_e": 0.8059442596707367,
      "m_o": 0.8290312740915106,
      "d_n": 0.6728376279629524,
      "d_l": 0.7713578641975668,
      "d_s": 0.693958061015025,
      "e_e": 0.8992221440554315,
      "e_s": 0.605234550314783,
      "e_m": null
    }
  },
  "dist_summary": {
    "axes": {
      "m": {
        "n": 113,
        "nan_frac": 0.0,
        "mean": -0.09239835117374902,
        "median": -0.12146705389022827,
        "std": 0.46888138900563286,
        "iqr": 0.6231256872415543,
        "mad": 0.3126882016658783,
        "mad_sigma": 0.46359152778983115,
        "skewness": 0.0717876115214596,
        "kurtosis_excess": 0.6765489500487463,
        "delta_mean_median": 0.029068702716479253
      },
      "d": {
        "n": 113,
        "nan_frac": 0.0,
        "mean": 0.15718131578955963,
        "median": 0.13450703024864197,
        "std": 0.49283906023467555,
        "iqr": 0.4145233742892742,
        "mad": 0.2202933132648468,
        "mad_sigma": 0.32660686624646185,
        "skewness": 2.7434296152540076,
        "kurtosis_excess": 17.905196037166295,
        "delta_mean_median": 0.02267428554091766
      },
      "e": {
        "n": 113,
        "nan_frac": 0.0,
        "mean": 0.053307347662594436,
        "median": 0.12726572155952454,
        "std": 0.7049379803637146,
        "iqr": 0.9854751825332642,
        "mad": 0.476136714220047,
        "mad_sigma": 0.7059202925026417,
        "skewness": 0.15681074791456787,
        "kurtosis_excess": -0.44251015021615014,
        "delta_mean_median": -0.07395837389693011
      }
    },
    "subcoords": {
      "m_a": {
        "n": 113,
        "nan_frac": 0.0,
        "mean": -0.1279549037340196,
        "median": 0.003156917868182063,
        "std": 0.901149241395679,
        "iqr": 1.1223423182964325,
        "mad": 0.500906991539523,
        "mad_sigma": 0.7426447056564968,
        "skewness": -2.189719191173498,
        "kurtosis_excess": 11.697536796172283,
        "delta_mean_median": -0.13111182160220167
      },
      "m_e": {
        "n": 113,
        "nan_frac": 0.0,
        "mean": -0.15635006477236255,
        "median": -0.07137975841760635,
        "std": 0.43454582030897937,
        "iqr": 0.6224407851696014,
        "mad": 0.3057093545794487,
        "mad_sigma": 0.4532446890994906,
        "skewness": -0.6139163075182215,
        "kurtosis_excess": 1.3858243106857948,
        "delta_mean_median": -0.08497030635475619
      },
      "m_o": {
        "n": 113,
        "nan_frac": 0.0,
        "mean": 0.03475387541132163,
        "median": 0.10845398157835007,
        "std": 0.9835356072850597,
        "iqr": 1.4628353118896484,
        "mad": 0.6298316791653633,
        "mad_sigma": 0.9337884475305676,
        "skewness": 0.6096746342979769,
        "kurtosis_excess": 0.9368642003985839,
        "delta_mean_median": -0.07370010616702843
      },
      "d_n": {
        "n": 113,
        "nan_frac": 0.0,
        "mean": 0.18163674390685242,
        "median": -0.2121807336807251,
        "std": 0.9539598639126177,
        "iqr": 0.9407998323440552,
        "mad": 0.30482980608940125,
        "mad_sigma": 0.45194067050814624,
        "skewness": 2.6832208785335685,
        "kurtosis_excess": 11.072967003817784,
        "delta_mean_median": 0.3938174775875775
      },
      "d_l": {
        "n": 113,
        "nan_frac": 0.0,
        "mean": 0.13982222473199388,
        "median": 0.4876158833503723,
        "std": 0.7592926944938637,
        "iqr": 1.3140588998794556,
        "mad": 0.46174371242523193,
        "mad_sigma": 0.6845812280416488,
        "skewness": -0.3090816284646135,
        "kurtosis_excess": -0.8461324598802524,
        "delta_mean_median": -0.3477936586183784
      },
      "d_s": {
        "n": 113,
        "nan_frac": 0.0,
        "mean": 0.16434823968901044,
        "median": 0.15225434303283691,
        "std": 0.700742547274586,
        "iqr": 0.9144726097583771,
        "mad": 0.47137507796287537,
        "mad_sigma": 0.698860690587759,
        "skewness": 0.5453266996682599,
        "kurtosis_excess": 0.899837236436464,
        "delta_mean_median": 0.012093896656173525
      },
      "e_e": {
        "n": 113,
        "nan_frac": 0.0,
        "mean": -0.29666093155840595,
        "median": 0.0,
        "std": 1.01795855049546,
        "iqr": 1.5800788402557373,
        "mad": 0.674490749835968,
        "mad_sigma": 0.9999999857068061,
        "skewness": -0.598845496146832,
        "kurtosis_excess": -0.8243952124741596,
        "delta_mean_median": -0.29666093155840595
      },
      "e_s": {
        "n": 113,
        "nan_frac": 0.0,
        "mean": 0.5331127452705287,
        "median": 0.3423207402229309,
        "std": 1.0637996165393038,
        "iqr": 0.9241991937160492,
        "mad": 0.4744930863380432,
        "mad_sigma": 0.7034834498047828,
        "skewness": 1.2687630307947344,
        "kurtosis_excess": 1.1620672923260766,
        "delta_mean_median": 0.19079200504759775
      },
      "e_m": {
        "n": 113,
        "nan_frac": 0.0,
        "mean": 0.05309734513274336,
        "median": 0.0,
        "std": 0.5619294819960193,
        "iqr": 0.0,
        "mad": 0.0,
        "mad_sigma": 0.0,
        "skewness": 10.488514126006052,
        "kurtosis_excess": 108.00892857142853,
        "delta_mean_median": 0.05309734513274336
      }
    }
  },
  "entropy_provisional": {
    "e_m": {
      "var": 0.31576474273631455,
      "n_unique": 2,
      "nan_frac": 0.0,
      "provisional": true
    }
  },
  "tau_summary": {
    "axes": {
      "m": {
        "tau_sec": 16.0,
        "dt_sec": 4.0,
        "max_lag_sec": 60.0,
        "threshold": 0.36787944117144233,
        "nan_frac": 0.0,
        "nan_policy": "strict"
      },
      "d": {
        "tau_sec": 4.0,
        "dt_sec": 4.0,
        "max_lag_sec": 60.0,
        "threshold": 0.36787944117144233,
        "nan_frac": 0.0,
        "nan_policy": "strict"
      },
      "e": {
        "tau_sec": 20.0,
        "dt_sec": 4.0,
        "max_lag_sec": 60.0,
        "threshold": 0.36787944117144233,
        "nan_frac": 0.0,
        "nan_policy": "strict"
      }
    },
    "subcoords": {
      "m_a": {
        "tau_sec": 8.0,
        "dt_sec": 4.0,
        "max_lag_sec": 60.0,
        "threshold": 0.36787944117144233,
        "nan_frac": 0.0,
        "nan_policy": "strict"
      },
      "m_e": {
        "tau_sec": 16.0,
        "dt_sec": 4.0,
        "max_lag_sec": 60.0,
        "threshold": 0.36787944117144233,
        "nan_frac": 0.0,
        "nan_policy": "strict"
      },
      "m_o": {
        "tau_sec": 20.0,
        "dt_sec": 4.0,
        "max_lag_sec": 60.0,
        "threshold": 0.36787944117144233,
        "nan_frac": 0.0,
        "nan_policy": "strict"
      },
      "d_n": {
        "tau_sec": 8.0,
        "dt_sec": 4.0,
        "max_lag_sec": 60.0,
        "threshold": 0.36787944117144233,
        "nan_frac": 0.0,
        "nan_policy": "strict"
      },
      "d_l": {
        "tau_sec": 12.0,
        "dt_sec": 4.0,
        "max_lag_sec": 60.0,
        "threshold": 0.36787944117144233,