{
  "dataset_id": "ds003478:sub-083:rest_Rest_run-02",
  "subject": "sub-083",
  "session": null,
  "reliability_axes": {
    "m": -0.28642967221925136,
    "d": 0.7035174289705179,
    "e": 0.6418954329211174
  },
  "reliability_subcoords": {
    "m_a": 0.2756501484006444,
    "m_e": -0.3430218392069704,
    "m_o": 0.5804314972801377,
    "d_n": 0.7412695778043588,
    "d_l": 0.7172253940131041,
    "d_s": 0.20201426852622287,
    "e_e": 0.7187872619272861,
    "e_s": 0.6924591539935939,
    "e_m": null
  }
}