{
  "dataset_id": "ds003478:sub-109:rest_Rest_run-02",
  "subject": "sub-109",
  "session": null,
  "reliability_axes": {
    "m": 0.2867533967218001,
    "d": 0.9284441226097513,
    "e": 0.5096942615225603
  },
  "reliability_subcoords": {
    "m_a": 0.8918711089555793,
    "m_e": 0.8919897826797024,
    "m_o": 0.810258205834696,
    "d_n": 0.9009939179497461,
    "d_l": 0.9569150930982976,
    "d_s": 0.9584235728763236,
    "e_e": 0.7155358153242197,
    "e_s": 0.8484414907373831,
    "e_m": null
  }
}