{
  "dataset_id": "ds003478:sub-091:rest_Rest_run-01",
  "subject": "sub-091",
  "session": null,
  "reliability_axes": {
    "m": 0.8801559279691237,
    "d": 0.7675626028761237,
    "e": 0.8065122351963945
  },
  "reliability_subcoords": {
    "m_a": 0.8456544538946804,
    "m_e": 0.8787729433920005,
    "m_o": 0.873892596129375,
    "d_n": 0.5906414737473529,
    "d_l": 0.8153620801583014,
    "d_s": 0.8771004276401442,
    "e_e": 0.8694288602848942,
    "e_s": 0.8291008333308111,
    "e_m": 0.7431257062811846
  }
}