{
  "dataset_id": "ds003478:sub-091:rest_Rest_run-01",
  "subject": "sub-091",
  "session": null,
  "coverage": {
    "epochs": 140,
    "seconds": 560.0
  },
  "artifacts": {
    "methods": [
      "none"
    ],
    "bad_eeg_channels": [],
    "n_bad_eeg_channels": 0,
    "stem_collisions": {}
  },
  "ensemble": {
    "var_by_subcoord": {
      "m_a": 0.001470971037633717,
      "m_e": 0.010397449135780334,
      "m_o": 0.01116899773478508,
      "d_n": 0.01328422874212265,
      "d_l": 0.047075748443603516,
      "d_s": 0.08427256345748901,
      "e_e": 1.2236774636111003e-13,
      "e_s": 0.1397409290075302,
      "e_m": 0.0
    },
    "var_mean": 0.034156765284340765,
    "var_max": 0.1397409290075302
  },
  "reliability": {
    "axes": {
      "m": 0.8801559279691237,
      "d": 0.7675626028761237,
      "e": 0.8065122351963945
    },
    "subcoords": {
      "m_a": 0.8456544538946804,
      "m_e": 0.8787729433920005,
      "m_o": 0.873892596129375,
      "d_n": 0.5906414737473529,
      "d_l": 0.8153620801583014,
      "d_s": 0.8771004276401442,
      "e_e": 0.8694288602848942,
      "e_s": 0.8291008333308111,
      "e_m": 0.7431257062811846
    }
  },
  "dist_summary": {
    "axes": {
      "m": {
        "n": 140,
        "nan_frac": 0.0,
        "mean": -0.20500232130289078,
        "median": -0.2566955015063286,
        "std": 0.9282108096122602,
        "iqr": 1.7988193780183792,
        "mad": 0.8810367658734322,
        "mad_sigma": 1.3062251090839505,
        "skewness": 0.06256936917700029,
        "kurtosis_excess": -1.1999559441701455,
        "delta_mean_median": 0.0516931802034378
      },
      "d": {
        "n": 140,
        "nan_frac": 0.0,
        "mean": 0.07133455968328885,
        "median": 0.14653225988149643,
        "std": 0.5578256675298267,
        "iqr": 0.8364176079630852,
        "mad": 0.3957162871956825,
        "mad_sigma": 0.5866889673963189,
        "skewness": -0.09248188693792615,
        "kurtosis_excess": -0.47947023426252144,
        "delta_mean_median": -0.07519770019820758
      },
      "e": {
        "n": 140,
        "nan_frac": 0.0,
        "mean": 0.36719295053210643,
        "median": 0.39742515981197357,
        "std": 0.49349445036123785,
        "iqr": 0.5532577205449343,
        "mad": 0.301580335944891,
        "mad_sigma": 0.4471230060718953,
        "skewness": -0.19740327487880285,
        "kurtosis_excess": 0.08686643275634731,
        "delta_mean_median": -0.03023220927986714
      }
    },
    "subcoords": {
      "m_a": {
        "n": 140,
        "nan_frac": 0.0,
        "mean": -0.9843128793132824,
        "median": -0.5352218151092529,
        "std": 1.508153708944472,
        "iqr": 3.15577931702137,
        "mad": 1.0242241621017456,
        "mad_sigma": 1.518514742732048,
        "skewness": -0.5303657314923149,
        "kurtosis_excess": -1.283794077271577,
        "delta_mean_median": -0.44909106420402944
      },
      "m_e": {
        "n": 140,
        "nan_frac": 0.0,
        "mean": 0.2050395422398911,
        "median": 0.03230204153805971,
        "std": 0.49013445515836773,
        "iqr": 0.8756098933517933,
        "mad": 0.33354125916957855,
        "mad_sigma": 0.49450827084481713,
        "skewness": 0.4198732849519413,
        "kurtosis_excess": -1.218774016960567,
        "delta_mean_median": 0.1727375007018314
      },
      "m_o": {
        "n": 140,
        "nan_frac": 0.0,
        "mean": 0.36755221475447925,
        "median": -0.08235038816928864,
        "std": 1.0653060188175953,
        "iqr": 1.7056104838848114,
        "mad": 0.6076925247907639,
        "mad_sigma": 0.9009649372547864,
        "skewness": 0.6321515740370907,
        "kurtosis_excess": -0.9393342833504574,
        "delta_mean_median": 0.4499026029237679
      },
      "d_n": {
        "n": 140,
        "nan_frac": 0.0,
        "mean": 0.29180551176624636,
        "median": 0.24287910759449005,
        "std": 0.5378027389612071,
        "iqr": 0.7867572233080864,
        "mad": 0.3885521963238716,
        "mad_sigma": 0.576067486269772,
        "skewness": 0.2351467585175258,
        "kurtosis_excess": -0.6706693977304838,
        "delta_mean_median": 0.04892640417175631
      },
      "d_l": {
        "n": 140,
        "nan_frac": 0.0,
        "mean": -0.08430084551551513,
        "median": 0.15551681071519852,
        "std": 0.9914285750207774,
        "iqr": 1.7732634842395782,
        "mad": 0.6861592233181,
        "mad_sigma": 1.017299664491415,
        "skewness": -0.009382780510688856,
        "kurtosis_excess": -0.9776670647938919,
        "delta_mean_median": -0.23981765623071366
      },
      "d_s": {
        "n": 140,
        "nan_frac": 0.0,
        "mean": 0.13342579656413622,
        "median": 0.09117725491523743,
        "std": 0.7067541544358756,
        "iqr": 0.8654831945896149,
        "mad": 0.4347226619720459,
        "mad_sigma": 0.6445198186397552,
        "skewness": 0.5604138172534581,
        "kurtosis_excess": 0.04173709713699303,
        "delta_mean_median": 0.042248541648898796
      },
      "e_e": {
        "n": 140,
        "nan_frac": 0.0,
        "mean": -0.0712692532156195,
        "median": 0.0,
        "std": 0.8578100568701297,
        "iqr": 1.3961540758609772,
        "mad": 0.6744907200336456,
        "mad_sigma": 0.999999941521883,
        "skewness": -0.220893749282251,
        "kurtosis_excess": -1.0176657914621323,
        "delta_mean_median": -0.0712692532156195
      },
      "e_s": {
        "n": 140,
        "nan_frac": 0.0,
        "mean": 0.9902409181131848,
        "median": 0.4434465914964676,
        "std": 1.4647646066921105,
        "iqr": 3.2063436284661293,
        "mad": 0.9724791198968887,
        "mad_sigma": 1.4417975431591272,
        "skewness": 0.45353061477330314,
        "kurtosis_excess": -1.4691345862127498,
        "delta_mean_median": 0.5467943266167172
      },
      "e_m": {
        "n": 140,
        "nan_frac": 0.0,
        "mean": -0.08603502183520634,
        "median": 0.00730553490575403,
        "std": 1.0407036328108747,
        "iqr": 1.4819114655256271,
        "mad": 0.6842260658740997,
        "mad_sigma": 1.01443356526494,
        "skewness": 0.036819897381749706,
        "kurtosis_excess": 0.21234829625007734,
        "delta_mean_median": -0.09334055674096037
      }
    }
  },
  "entropy_provisional": {},
  "tau_summary": {
    "axes": {
      "m": {
        "tau_sec": 20.0,
        "dt_sec": 4.0,
        "max_lag_sec": 60.0,
        "threshold": 0.36787944117144233,
        "nan_frac": 0.0,
        "nan_policy": "strict"
      },
      "d": {
        "tau_sec": 16.0,
        "dt_sec": 4.0,
        "max_lag_sec": 60.0,
        "threshold": 0.36787944117144233,
        "nan_frac": 0.0,
        "nan_policy": "strict"
      },
      "e": {
        "tau_sec": 16.0,
        "dt_sec": 4.0,
        "max_lag_sec": 60.0,
        "threshold": 0.36787944117144233,
        "nan_frac": 0.0,
        "nan_policy": "strict"
      }
    },
    "subcoords": {
      "m_a": {
        "tau_sec": 20.0,
        "dt_sec": 4.0,
        "max_lag_sec": 60.0,
        "threshold": 0.36787944117144233,
        "nan_frac": 0.0,
        "nan_policy": "strict"
      },
      "m_e": {
        "tau_sec": 28.0,
        "dt_sec": 4.0,
        "max_lag_sec": 60.0,
        "threshold": 0.36787944117144233,
        "nan_frac": 0.0,
        "nan_policy": "strict"
      },
      "m_o": {
        "tau_sec": 36.0,
        "dt_sec": 4.0,
        "max_lag_sec": 60.0,
        "threshold": 0.36787944117144233,
        "nan_frac": 0.0,
        "nan_policy": "strict"
      },
      "d_n": {
        "tau_sec": 8.0,
        "dt_sec": 4.0,
        "max_lag_sec": 60.0,
        "threshold": 0.36787944117144233,
        "nan_frac": 0.0,
        "nan_policy": "strict"
      },
      "d_l": {
        "tau_sec": 20.0,
        "dt_sec": 4.0,
        "max_lag_sec": 60.0,
        "threshold": 0.36787944117144233,
        "nan_frac": 0.0,