{
  "dataset_id": "ds003478:sub-079:rest_Rest_run-02",
  "subject": "sub-079",
  "session": null,
  "reliability_axes": {
    "m": 0.811286683643819,
    "d": 0.7643718259808893,
    "e": 0.5515763880338069
  },
  "reliability_subcoords": {
    "m_a": 0.8882152960331536,
    "m_e": 0.8705144146772676,
    "m_o": 0.7386705585935222,
    "d_n": 0.8313181172974041,
    "d_l": 0.7977518480527307,
    "d_s": 0.8539832083578228,
    "e_e": 0.6066065666911193,
    "e_s": 0.5525711247674752,
    "e_m": null
  }
}