{
  "dataset_id": "ds003478:sub-057:rest_Rest_run-02",
  "subject": "sub-057",
  "session": null,
  "reliability_axes": {
    "m": 0.9389202634994103,
    "d": 0.852178442231585,
    "e": 0.7530164940182588
  },
  "reliability_subcoords": {
    "m_a": 0.8898307694009779,
    "m_e": 0.9268039468064353,
    "m_o": 0.8876989244064373,
    "d_n": 0.8879798273876195,
    "d_l": 0.7971382551404473,
    "d_s": 0.9200426316609757,
    "e_e": 0.8418293788249193,
    "e_s": 0.4608806136678603,
    "e_m": 1.0
  }
}