{
  "dataset_id": "ds003478:sub-057:rest_Rest_run-02",
  "subject": "sub-057",
  "session": null,
  "coverage": {
    "epochs": 42,
    "seconds": 168.0
  },
  "artifacts": {
    "methods": [
      "none"
    ],
    "bad_eeg_channels": [],
    "n_bad_eeg_channels": 0,
    "stem_collisions": {}
  },
  "ensemble": {
    "var_by_subcoord": {
      "m_a": 0.009860814549028873,
      "m_e": 0.022697560489177704,
      "m_o": 0.004958875942975283,
      "d_n": 0.01266144122928381,
      "d_l": 0.024204332381486893,
      "d_s": 0.010480048134922981,
      "e_e": 4.1474798855717365e-14,
      "e_s": 0.009647236205637455,
      "e_m": 0.0
    },
    "var_mean": 0.010501145436950497,
    "var_max": 0.024204332381486893
  },
  "reliability": {
    "axes": {
      "m": 0.9389202634994103,
      "d": 0.852178442231585,
      "e": 0.7530164940182588
    },
    "subcoords": {
      "m_a": 0.8898307694009779,
      "m_e": 0.9268039468064353,
      "m_o": 0.8876989244064373,
      "d_n": 0.8879798273876195,
      "d_l": 0.7971382551404473,
      "d_s": 0.9200426316609757,
      "e_e": 0.8418293788249193,
      "e_s": 0.4608806136678603,
      "e_m": 1.0
    }
  },
  "dist_summary": {
    "axes": {
      "m": {
        "n": 42,
        "nan_frac": 0.0,
        "mean": -0.08341500319407455,
        "median": -0.08093006908893585,
        "std": 0.6933601423630944,
        "iqr": 0.46731510385870934,
        "mad": 0.2375996634364128,
        "mad_sigma": 0.3522652610108256,
        "skewness": -1.3033638811336996,
        "kurtosis_excess": 4.539984279160312,
        "delta_mean_median": -0.0024849341051386975
      },
      "d": {
        "n": 42,
        "nan_frac": 0.0,
        "mean": 0.8262868532467456,
        "median": 0.9396340847015381,
        "std": 1.136460000786952,
        "iqr": 2.0139386132359505,
        "mad": 0.8911282233893871,
        "mad_sigma": 1.3211867039971052,
        "skewness": 0.051900931885971655,
        "kurtosis_excess": -0.7683371271376722,
        "delta_mean_median": -0.11334723145479253
      },
      "e": {
        "n": 42,
        "nan_frac": 0.0,
        "mean": 0.40538454623449416,
        "median": 0.34454381465911865,
        "std": 0.40440669435525334,
        "iqr": 0.7149928500875831,
        "mad": 0.30242427811026573,
        "mad_sigma": 0.44837423472627996,
        "skewness": 0.27081535074879115,
        "kurtosis_excess": -1.1586197162452418,
        "delta_mean_median": 0.060840731575375506
      }
    },
    "subcoords": {
      "m_a": {
        "n": 42,
        "nan_frac": 0.0,
        "mean": -0.29598501617355005,
        "median": 0.08919381722807884,
        "std": 1.4936009785953772,
        "iqr": 0.9406912252306938,
        "mad": 0.44081252813339233,
        "mad_sigma": 0.6535486542105674,
        "skewness": -2.5316203613577977,
        "kurtosis_excess": 7.5028356704699295,
        "delta_mean_median": -0.3851788334016289
      },
      "m_e": {
        "n": 42,
        "nan_frac": 0.0,
        "mean": -0.2189465316589035,
        "median": -0.26554015278816223,
        "std": 0.4871320985980898,
        "iqr": 0.3751159415114671,
        "mad": 0.14461854845285416,
        "mad_sigma": 0.21441145993620156,
        "skewness": -1.977137459912156,
        "kurtosis_excess": 6.0106405838905115,
        "delta_mean_median": 0.046593621129258744
      },
      "m_o": {
        "n": 42,
        "nan_frac": 0.0,
        "mean": 0.3751088510311785,
        "median": 0.019938860088586807,
        "std": 1.198842845067441,
        "iqr": 1.5134394466876984,
        "mad": 0.7107028104364872,
        "mad_sigma": 1.053687986753136,
        "skewness": 0.9579434144747914,
        "kurtosis_excess": -0.15820656547393686,
        "delta_mean_median": 0.3551699909425917
      },
      "d_n": {
        "n": 42,
        "nan_frac": 0.0,
        "mean": 0.4420357041415714,
        "median": -0.179322250187397,
        "std": 1.2318616934825806,
        "iqr": 1.2104505449533463,
        "mad": 0.19873911887407303,
        "mad_sigma": 0.2946506176427007,
        "skewness": 1.7492616577851758,
        "kurtosis_excess": 2.0816420219199294,
        "delta_mean_median": 0.6213579543289685
      },
      "d_l": {
        "n": 42,
        "nan_frac": 0.0,
        "mean": 0.9893019291616622,
        "median": 1.1497294902801514,
        "std": 1.6017777212487279,
        "iqr": 3.0125733613967896,
        "mad": 1.5833027064800262,
        "mad_sigma": 2.347404592627287,
        "skewness": -0.08229030453515085,
        "kurtosis_excess": -1.5465674451421316,
        "delta_mean_median": -0.16042756111848921
      },
      "d_s": {
        "n": 42,
        "nan_frac": 0.0,
        "mean": 1.035048323373,
        "median": 0.5267955660820007,
        "std": 1.477372981341819,
        "iqr": 2.8791474625468254,
        "mad": 1.2061201333999634,
        "mad_sigma": 1.7881937097787857,
        "skewness": 0.1372483112342727,
        "kurtosis_excess": -1.6650840736034862,
        "delta_mean_median": 0.5082527572909992
      },
      "e_e": {
        "n": 42,
        "nan_frac": 0.0,
        "mean": -0.05340319019853182,
        "median": 5.663605406880379e-07,
        "std": 0.7095841131191146,
        "iqr": 1.3033536523580551,
        "mad": 0.674490749835968,
        "mad_sigma": 0.9999999857068061,
        "skewness": 0.31074380425727566,
        "kurtosis_excess": -1.0412485549039956,
        "delta_mean_median": -0.05340375655907251
      },
      "e_s": {
        "n": 42,
        "nan_frac": 0.0,
        "mean": 1.040158273208709,
        "median": 1.1513603925704956,
        "std": 0.9083765698797155,
        "iqr": 1.0066761523485184,
        "mad": 0.49261608719825745,
        "mad_sigma": 0.7303526108801365,
        "skewness": -0.2089866793350268,
        "kurtosis_excess": 0.14605432692598397,
        "delta_mean_median": -0.1112021193617867
      },
      "e_m": {
        "n": 42,
        "nan_frac": 0.0,
        "mean": 0.2857142857142857,
        "median": 0.0,
        "std": 1.2777531299998799,
        "iqr": 0.0,
        "mad": 0.0,
        "mad_sigma": 0.0,
        "skewness": 4.248529157249601,
        "kurtosis_excess": 16.050000000000004,
        "delta_mean_median": 0.2857142857142857
      }
    }
  },
  "entropy_provisional": {
    "e_m": {
      "var": 1.6326530612244898,
      "n_unique": 2,
      "nan_frac": 0.0,
      "provisional": true
    }
  },
  "tau_summary": {
    "axes": {
      "m": {
        "tau_sec": 8.0,
        "dt_sec": 4.0,
        "max_lag_sec": 60.0,
        "threshold": 0.36787944117144233,
        "nan_frac": 0.0,
        "nan_policy": "strict"
      },
      "d": {
        "tau_sec": 20.0,
        "dt_sec": 4.0,
        "max_lag_sec": 60.0,
        "threshold": 0.36787944117144233,
        "nan_frac": 0.0,
        "nan_policy": "strict"
      },
      "e": {
        "tau_sec": 28.0,
        "dt_sec": 4.0,
        "max_lag_sec": 60.0,
        "threshold": 0.36787944117144233,
        "nan_frac": 0.0,
        "nan_policy": "strict"
      }
    },
    "subcoords": {
      "m_a": {
        "tau_sec": 8.0,
        "dt_sec": 4.0,
        "max_lag_sec": 60.0,
        "threshold": 0.36787944117144233,
        "nan_frac": 0.0,
        "nan_policy": "strict"
      },
      "m_e": {
        "tau_sec": 8.0,
        "dt_sec": 4.0,
        "max_lag_sec": 60.0,
        "threshold": 0.36787944117144233,
        "nan_frac": 0.0,
        "nan_policy": "strict"
      },
      "m_o": {
        "tau_sec": 16.0,
        "dt_sec": 4.0,
        "max_lag_sec": 60.0,
        "threshold": 0.36787944117144233,
        "nan_frac": 0.0,
        "nan_policy": "strict"
      },
      "d_n": {
        "tau_sec": 8.0,
        "dt_sec": 4.0,
        "max_lag_sec": 60.0,
        "threshold": 0.36787944117144233,
        "nan_frac": 0.0,
        "nan_policy": "strict"
      },
      "d_l": {
        "tau_sec": 28.0,
        "dt_sec": 4.0,
        "max_lag_sec": 60.0,
        "threshold": 0.36787944117144233,