{
  "dataset_id": "ds003478:sub-100:rest_Rest_run-01",
  "subject": "sub-100",
  "session": null,
  "reliability_axes": {
    "m": 0.7009978387804011,
    "d": 0.7565118293678712,
    "e": 0.6761101068732268
  },
  "reliability_subcoords": {
    "m_a": 0.7432245452858462,
    "m_e": 0.5295266099068757,
    "m_o": 0.6557567090305068,
    "d_n": 0.8130372026128657,
    "d_l": 0.6579252620378228,
    "d_s": 0.7506744840748348,
    "e_e": 0.6877437461880964,
    "e_s": 0.5281457883101827,
    "e_m": null
  }
}