{
  "dataset_id": "ds003478:sub-100:rest_Rest_run-01",
  "subject": "sub-100",
  "session": null,
  "coverage": {
    "epochs": 122,
    "seconds": 488.0
  },
  "artifacts": {
    "methods": [
      "none"
    ],
    "bad_eeg_channels": [],
    "n_bad_eeg_channels": 0,
    "stem_collisions": {}
  },
  "ensemble": {
    "var_by_subcoord": {
      "m_a": 0.001350492238998413,
      "m_e": 0.0027994338888674974,
      "m_o": 0.003709516953676939,
      "d_n": 0.0055651916190981865,
      "d_l": 0.005189128220081329,
      "d_s": 0.003840817604213953,
      "e_e": 3.505616478528817e-13,
      "e_s": 0.004833184648305178,
      "e_m": 0.0
    },
    "var_mean": 0.003031973908176895,
    "var_max": 0.0055651916190981865
  },
  "reliability": {
    "axes": {
      "m": 0.7009978387804011,
      "d": 0.7565118293678712,
      "e": 0.6761101068732268
    },
    "subcoords": {
      "m_a": 0.7432245452858462,
      "m_e": 0.5295266099068757,
      "m_o": 0.6557567090305068,
      "d_n": 0.8130372026128657,
      "d_l": 0.6579252620378228,
      "d_s": 0.7506744840748348,
      "e_e": 0.6877437461880964,
      "e_s": 0.5281457883101827,
      "e_m": null
    }
  },
  "dist_summary": {
    "axes": {
      "m": {
        "n": 122,
        "nan_frac": 0.0,
        "mean": -0.21992835988000523,
        "median": 0.020590755622833967,
        "std": 0.8501665528033072,
        "iqr": 0.7860787287354469,
        "mad": 0.39495618315413594,
        "mad_sigma": 0.5855620371443219,
        "skewness": -1.2737384711005633,
        "kurtosis_excess": 1.1978760667224808,
        "delta_mean_median": -0.2405191155028392
      },
      "d": {
        "n": 122,
        "nan_frac": 0.0,
        "mean": 0.11464808246151345,
        "median": 0.053068025037646294,
        "std": 0.6216487602842095,
        "iqr": 0.7300172224640846,
        "mad": 0.3657921701669693,
        "mad_sigma": 0.5423234714895486,
        "skewness": 1.1393099284995092,
        "kurtosis_excess": 2.822355985471419,
        "delta_mean_median": 0.06158005742386716
      },
      "e": {
        "n": 122,
        "nan_frac": 0.0,
        "mean": 0.027695555423126846,
        "median": 0.09773899242281914,
        "std": 0.6405551420026692,
        "iqr": 0.7887036204338074,
        "mad": 0.41597430780529976,
        "mad_sigma": 0.6167235087521374,
        "skewness": -0.7930872539490219,
        "kurtosis_excess": 1.0969270462164706,
        "delta_mean_median": -0.07004343699969229
      }
    },
    "subcoords": {
      "m_a": {
        "n": 122,
        "nan_frac": 0.0,
        "mean": -0.4551821867706346,
        "median": 0.08286471664905548,
        "std": 1.4152256976780808,
        "iqr": 0.9123333245515823,
        "mad": 0.4379439204931259,
        "mad_sigma": 0.6492956565231085,
        "skewness": -1.5502546612685266,
        "kurtosis_excess": 1.5874442150525931,
        "delta_mean_median": -0.5380469034196901
      },
      "m_e": {
        "n": 122,
        "nan_frac": 0.0,
        "mean": -0.1650321665315385,
        "median": -0.07891726493835449,
        "std": 0.6613251304106892,
        "iqr": 0.7542958296835423,
        "mad": 0.35623206198215485,
        "mad_sigma": 0.5281496550947428,
        "skewness": -0.6588738103511627,
        "kurtosis_excess": 0.49846353156296663,
        "delta_mean_median": -0.086114901593184
      },
      "m_o": {
        "n": 122,
        "nan_frac": 0.0,
        "mean": 0.03710379037761786,
        "median": 0.07437760010361671,
        "std": 1.0236840365942916,
        "iqr": 1.0355933606624603,
        "mad": 0.5212185941636562,
        "mad_sigma": 0.7727586877070367,
        "skewness": -0.08624616240464289,
        "kurtosis_excess": 1.7423989766816668,
        "delta_mean_median": -0.037273809725998856
      },
      "d_n": {
        "n": 122,
        "nan_frac": 0.0,
        "mean": 0.24054687216755796,
        "median": -0.002611827105283737,
        "std": 1.2687035693011137,
        "iqr": 0.9470184296369553,
        "mad": 0.4600619487464428,
        "mad_sigma": 0.682087845211476,
        "skewness": 2.2641450591623693,
        "kurtosis_excess": 6.136253015035511,
        "delta_mean_median": 0.2431586992728417
      },
      "d_l": {
        "n": 122,
        "nan_frac": 0.0,
        "mean": 0.03703158699953165,
        "median": 0.010996529832482338,
        "std": 0.7711380965993498,
        "iqr": 1.0343134105205536,
        "mad": 0.5327680706977844,
        "mad_sigma": 0.7898819416165351,
        "skewness": 0.2090295295166066,
        "kurtosis_excess": -0.21789919538338598,
        "delta_mean_median": 0.026035057167049312
      },
      "d_s": {
        "n": 122,
        "nan_frac": 0.0,
        "mean": 0.11713427851801037,
        "median": 0.05686507374048233,
        "std": 0.7361357500389735,
        "iqr": 0.8963231816887856,
        "mad": 0.44506996124982834,
        "mad_sigma": 0.6598607245489955,
        "skewness": 0.9829649013242721,
        "kurtosis_excess": 1.051046838400369,
        "delta_mean_median": 0.060269204777528035
      },
      "e_e": {
        "n": 122,
        "nan_frac": 0.0,
        "mean": -0.06273646000009335,
        "median": 2.6766210794448853e-06,
        "std": 1.2535903342100423,
        "iqr": 1.3898756355047226,
        "mad": 0.6744907200336456,
        "mad_sigma": 0.999999941521883,
        "skewness": -1.124684299288834,
        "kurtosis_excess": 2.328110237007615,
        "delta_mean_median": -0.0627391366211728
      },
      "e_s": {
        "n": 122,
        "nan_frac": 0.0,
        "mean": 0.15063534976273288,
        "median": 0.06270992197096348,
        "std": 0.523114059841468,
        "iqr": 0.8433667495846748,
        "mad": 0.4004670027643442,
        "mad_sigma": 0.5937323782984167,
        "skewness": 0.41354284915228046,
        "kurtosis_excess": -0.4650627403939067,
        "delta_mean_median": 0.0879254277917694
      },
      "e_m": {
        "n": 122,
        "nan_frac": 0.0,
        "mean": 0.04918032786885246,
        "median": 0.0,
        "std": 0.540983606557377,
        "iqr": 0.0,
        "mad": 0.0,
        "mad_sigma": 0.0,
        "skewness": 10.90909090909091,
        "kurtosis_excess": 117.0082644628099,
        "delta_mean_median": 0.04918032786885246
      }
    }
  },
  "entropy_provisional": {
    "e_m": {
      "var": 0.2926632625638269,
      "n_unique": 2,
      "nan_frac": 0.0,
      "provisional": true
    }
  },
  "tau_summary": {
    "axes": {
      "m": {
        "tau_sec": 8.0,
        "dt_sec": 4.0,
        "max_lag_sec": 60.0,
        "threshold": 0.36787944117144233,
        "nan_frac": 0.0,
        "nan_policy": "strict"
      },
      "d": {
        "tau_sec": 12.0,
        "dt_sec": 4.0,
        "max_lag_sec": 60.0,
        "threshold": 0.36787944117144233,
        "nan_frac": 0.0,
        "nan_policy": "strict"
      },
      "e": {
        "tau_sec": 16.0,
        "dt_sec": 4.0,
        "max_lag_sec": 60.0,
        "threshold": 0.36787944117144233,
        "nan_frac": 0.0,
        "nan_policy": "strict"
      }
    },
    "subcoords": {
      "m_a": {
        "tau_sec": 8.0,
        "dt_sec": 4.0,
        "max_lag_sec": 60.0,
        "threshold": 0.36787944117144233,
        "nan_frac": 0.0,
        "nan_policy": "strict"
      },
      "m_e": {
        "tau_sec": 8.0,
        "dt_sec": 4.0,
        "max_lag_sec": 60.0,
        "threshold": 0.36787944117144233,
        "nan_frac": 0.0,
        "nan_policy": "strict"
      },
      "m_o": {
        "tau_sec": 12.0,
        "dt_sec": 4.0,
        "max_lag_sec": 60.0,
        "threshold": 0.36787944117144233,
        "nan_frac": 0.0,
        "nan_policy": "strict"
      },
      "d_n": {
        "tau_sec": 12.0,
        "dt_sec": 4.0,
        "max_lag_sec": 60.0,
        "threshold": 0.36787944117144233,
        "nan_frac": 0.0,
        "nan_policy": "strict"
      },
      "d_l": {
        "tau_sec": 8.0,
        "dt_sec": 4.0,
        "max_lag_sec": 60.0,