{
  "dataset_id": "ds003478:sub-056:rest_Rest_run-02",
  "subject": "sub-056",
  "session": null,
  "reliability_axes": {
    "m": 0.6898985257297975,
    "d": 0.9020706016533796,
    "e": 0.7881968610285541
  },
  "reliability_subcoords": {
    "m_a": 0.9047646747335533,
    "m_e": 0.8356322260321771,
    "m_o": 0.7642068007769793,
    "d_n": 0.3170412618381897,
    "d_l": 0.926785863196878,
    "d_s": 0.940996160973478,
    "e_e": 0.8241545242983,
    "e_s": 0.7213749161750093,
    "e_m": 0.3582186453628874
  }
}