{
  "dataset_id": "ds003478:sub-056:rest_Rest_run-02",
  "subject": "sub-056",
  "session": null,
  "coverage": {
    "epochs": 41,
    "seconds": 164.0
  },
  "artifacts": {
    "methods": [
      "none"
    ],
    "bad_eeg_channels": [],
    "n_bad_eeg_channels": 0,
    "stem_collisions": {}
  },
  "ensemble": {
    "var_by_subcoord": {
      "m_a": 0.03737504407763481,
      "m_e": 0.01855592243373394,
      "m_o": 0.0024113093968480825,
      "d_n": 0.053223781287670135,
      "d_l": 0.019551917910575867,
      "d_s": 0.04875674098730087,
      "e_e": 0.0,
      "e_s": 0.008169546723365784,
      "e_m": 0.0
    },
    "var_mean": 0.020893806979681056,
    "var_max": 0.053223781287670135
  },
  "reliability": {
    "axes": {
      "m": 0.6898985257297975,
      "d": 0.9020706016533796,
      "e": 0.7881968610285541
    },
    "subcoords": {
      "m_a": 0.9047646747335533,
      "m_e": 0.8356322260321771,
      "m_o": 0.7642068007769793,
      "d_n": 0.3170412618381897,
      "d_l": 0.926785863196878,
      "d_s": 0.940996160973478,
      "e_e": 0.8241545242983,
      "e_s": 0.7213749161750093,
      "e_m": 0.3582186453628874
    }
  },
  "dist_summary": {
    "axes": {
      "m": {
        "n": 41,
        "nan_frac": 0.0,
        "mean": -0.10551667004460241,
        "median": -0.07610422372817993,
        "std": 0.45340802335439706,
        "iqr": 0.3872247487306595,
        "mad": 0.19165220856666565,
        "mad_sigma": 0.28414356442093847,
        "skewness": -1.2005339072893941,
        "kurtosis_excess": 2.426602275922294,
        "delta_mean_median": -0.02941244631642248
      },
      "d": {
        "n": 41,
        "nan_frac": 0.0,
        "mean": 0.6697351228809212,
        "median": 0.20009705424308777,
        "std": 1.0877178369118226,
        "iqr": 1.8564716577529907,
        "mad": 0.8971522152423859,
        "mad_sigma": 1.3301178743183613,
        "skewness": 0.46603217463018304,
        "kurtosis_excess": -0.7106947521156615,
        "delta_mean_median": 0.4696380686378334
      },
      "e": {
        "n": 41,
        "nan_frac": 0.0,
        "mean": 0.21506680062086117,
        "median": 0.2704291045665741,
        "std": 0.4146996489497282,
        "iqr": 0.5898050218820572,
        "mad": 0.2995222136378288,
        "mad_sigma": 0.444071633939445,
        "skewness": 1.012633516104327,
        "kurtosis_excess": 2.663759479016936,
        "delta_mean_median": -0.055362303945712926
      }
    },
    "subcoords": {
      "m_a": {
        "n": 41,
        "nan_frac": 0.0,
        "mean": -0.325822083097769,
        "median": 0.14883585274219513,
        "std": 1.4056884641624832,
        "iqr": 1.1419503092765808,
        "mad": 0.47459520399570465,
        "mad_sigma": 0.7036348494440317,
        "skewness": -1.8535494216609807,
        "kurtosis_excess": 4.714465236759249,
        "delta_mean_median": -0.47465793583996413
      },
      "m_e": {
        "n": 41,
        "nan_frac": 0.0,
        "mean": -0.08844067682739257,
        "median": 0.002429177286103368,
        "std": 0.3939414832723642,
        "iqr": 0.4342648833990097,
        "mad": 0.24402836454100907,
        "mad_sigma": 0.3617964532685,
        "skewness": -2.6159395550721323,
        "kurtosis_excess": 10.867825663613777,
        "delta_mean_median": -0.09086985411349593
      },
      "m_o": {
        "n": 41,
        "nan_frac": 0.0,
        "mean": 0.1771445571467644,
        "median": 0.04232409968972206,
        "std": 1.1267731150132214,
        "iqr": 1.4573525190353394,
        "mad": 0.7473506592214108,
        "mad_sigma": 1.1080220873616635,
        "skewness": 1.5128188892203303,
        "kurtosis_excess": 3.560813713749286,
        "delta_mean_median": 0.13482045745704233
      },
      "d_n": {
        "n": 41,
        "nan_frac": 0.0,
        "mean": 0.21797712583367418,
        "median": 0.020969241857528687,
        "std": 1.014793623980906,
        "iqr": 0.49389025568962097,
        "mad": 0.24816200137138367,
        "mad_sigma": 0.36792498323321343,
        "skewness": 4.529550702114723,
        "kurtosis_excess": 22.83877078732655,
        "delta_mean_median": 0.1970078839761455
      },
      "d_l": {
        "n": 41,
        "nan_frac": 0.0,
        "mean": 0.8819823130601789,
        "median": 0.46380674839019775,
        "std": 1.4815726093308954,
        "iqr": 2.8306577801704407,
        "mad": 1.2714592218399048,
        "mad_sigma": 1.8850654422998427,
        "skewness": 0.16732316920787152,
        "kurtosis_excess": -1.6535033380536495,
        "delta_mean_median": 0.4181755646699812
      },
      "d_s": {
        "n": 41,
        "nan_frac": 0.0,
        "mean": 0.854864817566988,
        "median": 0.3521643877029419,
        "std": 1.5072795474437206,
        "iqr": 2.886985421180725,
        "mad": 1.2402105331420898,
        "mad_sigma": 1.8387361364364623,
        "skewness": 0.233640402332882,
        "kurtosis_excess": -1.5774604513555406,
        "delta_mean_median": 0.5027004298640461
      },
      "e_e": {
        "n": 41,
        "nan_frac": 0.0,
        "mean": -0.028716433520724133,
        "median": 0.0,
        "std": 0.9151857707125712,
        "iqr": 1.5449686646461487,
        "mad": 0.674490749835968,
        "mad_sigma": 0.9999999857068061,
        "skewness": 0.49898443374917284,
        "kurtosis_excess": -0.1264320367607148,
        "delta_mean_median": -0.028716433520724133
      },
      "e_s": {
        "n": 41,
        "nan_frac": 0.0,
        "mean": 0.5691915396146658,
        "median": 0.6792621612548828,
        "std": 0.5110682831390265,
        "iqr": 0.7471695244312286,
        "mad": 0.30280637741088867,
        "mad_sigma": 0.44894073514938354,
        "skewness": -0.429027933252348,
        "kurtosis_excess": -0.7480648072392939,
        "delta_mean_median": -0.11007062164021697
      },
      "e_m": {
        "n": 41,
        "nan_frac": 0.0,
        "mean": -0.19631894296262323,
        "median": 0.0,
        "std": 1.0739378082119422,
        "iqr": 1.3193643689155579,
        "mad": 0.674490749835968,
        "mad_sigma": 0.9999999857068061,
        "skewness": -0.8471420672078115,
        "kurtosis_excess": 0.009286528663711824,
        "delta_mean_median": -0.19631894296262323
      }
    }
  },
  "entropy_provisional": {},
  "tau_summary": {
    "axes": {
      "m": {
        "tau_sec": 4.0,
        "dt_sec": 4.0,
        "max_lag_sec": 60.0,
        "threshold": 0.36787944117144233,
        "nan_frac": 0.0,
        "nan_policy": "strict"
      },
      "d": {
        "tau_sec": 28.0,
        "dt_sec": 4.0,
        "max_lag_sec": 60.0,
        "threshold": 0.36787944117144233,
        "nan_frac": 0.0,
        "nan_policy": "strict"
      },
      "e": {
        "tau_sec": 16.0,
        "dt_sec": 4.0,
        "max_lag_sec": 60.0,
        "threshold": 0.36787944117144233,
        "nan_frac": 0.0,
        "nan_policy": "strict"
      }
    },
    "subcoords": {
      "m_a": {
        "tau_sec": 8.0,
        "dt_sec": 4.0,
        "max_lag_sec": 60.0,
        "threshold": 0.36787944117144233,
        "nan_frac": 0.0,
        "nan_policy": "strict"
      },
      "m_e": {
        "tau_sec": 4.0,
        "dt_sec": 4.0,
        "max_lag_sec": 60.0,
        "threshold": 0.36787944117144233,
        "nan_frac": 0.0,
        "nan_policy": "strict"
      },
      "m_o": {
        "tau_sec": 12.0,
        "dt_sec": 4.0,
        "max_lag_sec": 60.0,
        "threshold": 0.36787944117144233,
        "nan_frac": 0.0,
        "nan_policy": "strict"
      },
      "d_n": {
        "tau_sec": 4.0,
        "dt_sec": 4.0,
        "max_lag_sec": 60.0,
        "threshold": 0.36787944117144233,
        "nan_frac": 0.0,
        "nan_policy": "strict"
      },
      "d_l": {
        "tau_sec": 32.0,
        "dt_sec": 4.0,
        "max_lag_sec": 60.0,
        "threshold": 0.36787944117144233,
        "nan_frac": 0.0,
        "nan_policy": "strict"
      },
      "d_s": {
        "tau_sec": 32.0,