{
  "dataset_id": "ds003478:sub-096:rest_Rest_run-02",
  "subject": "sub-096",
  "session": null,
  "reliability_axes": {
    "m": 0.7730656783849414,
    "d": 0.6336730680508194,
    "e": 0.6860875845360419
  },
  "reliability_subcoords": {
    "m_a": 0.7107366929917515,
    "m_e": 0.8817066057364907,
    "m_o": 0.8627779379136284,
    "d_n": 0.6706901601375427,
    "d_l": 0.678829545449295,
    "d_s": 0.7881364274962532,
    "e_e": 0.8393792736311373,
    "e_s": 0.8073952610778518,
    "e_m": 0.4827424599157923
  }
}