{
  "dataset_id": "ds003478:sub-096:rest_Rest_run-02",
  "subject": "sub-096",
  "session": null,
  "coverage": {
    "epochs": 35,
    "seconds": 140.0
  },
  "artifacts": {
    "methods": [
      "none"
    ],
    "bad_eeg_channels": [],
    "n_bad_eeg_channels": 0,
    "stem_collisions": {}
  },
  "ensemble": {
    "var_by_subcoord": {
      "m_a": 0.0033656167797744274,
      "m_e": 0.0007481018546968699,
      "m_o": 0.01580096408724785,
      "d_n": 0.0007264083251357079,
      "d_l": 0.0006946235662326217,
      "d_s": 0.005117584485560656,
      "e_e": 0.0,
      "e_s": 0.0018948762444779277,
      "e_m": 0.0
    },
    "var_mean": 0.00314979726034734,
    "var_max": 0.01580096408724785
  },
  "reliability": {
    "axes": {
      "m": 0.7730656783849414,
      "d": 0.6336730680508194,
      "e": 0.6860875845360419
    },
    "subcoords": {
      "m_a": 0.7107366929917515,
      "m_e": 0.8817066057364907,
      "m_o": 0.8627779379136284,
      "d_n": 0.6706901601375427,
      "d_l": 0.678829545449295,
      "d_s": 0.7881364274962532,
      "e_e": 0.8393792736311373,
      "e_s": 0.8073952610778518,
      "e_m": 0.4827424599157923
    }
  },
  "dist_summary": {
    "axes": {
      "m": {
        "n": 35,
        "nan_frac": 0.0,
        "mean": -0.0379568907166166,
        "median": -0.1364368051290512,
        "std": 0.680678199566163,
        "iqr": 0.8109481334686279,
        "mad": 0.37027914822101593,
        "mad_sigma": 0.5489758651524782,
        "skewness": 0.8335160206107364,
        "kurtosis_excess": 0.42940736114235145,
        "delta_mean_median": 0.09847991441243462
      },
      "d": {
        "n": 35,
        "nan_frac": 0.0,
        "mean": -0.04174074913774218,
        "median": 0.0610901340842247,
        "std": 0.5533672288149498,
        "iqr": 0.6851219609379768,
        "mad": 0.319853313267231,
        "mad_sigma": 0.47421452224999666,
        "skewness": -0.40766963549784235,
        "kurtosis_excess": 0.019098640630681007,
        "delta_mean_median": -0.10283088322196687
      },
      "e": {
        "n": 35,
        "nan_frac": 0.0,
        "mean": 0.10524451205773012,
        "median": 0.07866698503494263,
        "std": 0.5535692065898251,
        "iqr": 0.6558364927768707,
        "mad": 0.3694288730621338,
        "mad_sigma": 0.5477152472019196,
        "skewness": 0.4095812787310959,
        "kurtosis_excess": 0.5803767036519241,
        "delta_mean_median": 0.026577527022787498
      }
    },
    "subcoords": {
      "m_a": {
        "n": 35,
        "nan_frac": 0.0,
        "mean": -0.15045554504862854,
        "median": -0.22191306948661804,
        "std": 1.2755822819913,
        "iqr": 1.4226357489824295,
        "mad": 0.6964793801307678,
        "mad_sigma": 1.0326003289818764,
        "skewness": 0.4246355197555839,
        "kurtosis_excess": 0.6637319752725959,
        "delta_mean_median": 0.0714575244379895
      },
      "m_e": {
        "n": 35,
        "nan_frac": 0.0,
        "mean": 0.030516371463558505,
        "median": 0.034805458039045334,
        "std": 0.23829042119079638,
        "iqr": 0.38059713691473007,
        "mad": 0.18804355338215828,
        "mad_sigma": 0.2787933722443878,
        "skewness": -0.2702803332784777,
        "kurtosis_excess": -0.5914754692470754,
        "delta_mean_median": -0.004289086575486829
      },
      "m_o": {
        "n": 35,
        "nan_frac": 0.0,
        "mean": 0.03335172023091997,
        "median": -0.10284693539142609,
        "std": 0.8224593415992131,
        "iqr": 1.2455911040306091,
        "mad": 0.7712630778551102,
        "mad_sigma": 1.1434746392279862,
        "skewness": 0.23935130119829015,
        "kurtosis_excess": -0.983208703471294,
        "delta_mean_median": 0.13619865562234607
      },
      "d_n": {
        "n": 35,
        "nan_frac": 0.0,
        "mean": -0.09704690905553955,
        "median": -0.05551934242248535,
        "std": 0.34150512158706137,
        "iqr": 0.3819838836789131,
        "mad": 0.1459047496318817,
        "mad_sigma": 0.21631838180422783,
        "skewness": -0.24286598573244536,
        "kurtosis_excess": 0.10507238491671345,
        "delta_mean_median": -0.041527566633054194
      },
      "d_l": {
        "n": 35,
        "nan_frac": 0.0,
        "mean": 0.017431836468832833,
        "median": 0.12860789895057678,
        "std": 1.054310074401383,
        "iqr": 1.1416893601417542,
        "mad": 0.6951288282871246,
        "mad_sigma": 1.030598000818491,
        "skewness": -0.17549848330345474,
        "kurtosis_excess": 0.096271042464533,
        "delta_mean_median": -0.11117606248174394
      },
      "d_s": {
        "n": 35,
        "nan_frac": 0.0,
        "mean": -0.11627084059374673,
        "median": 0.016868174076080322,
        "std": 0.7489875509832277,
        "iqr": 1.225030392408371,
        "mad": 0.5416430234909058,
        "mad_sigma": 0.8030399466276168,
        "skewness": -0.03585720310348952,
        "kurtosis_excess": -0.8765346956857649,
        "delta_mean_median": -0.13313901466982705
      },
      "e_e": {
        "n": 35,
        "nan_frac": 0.0,
        "mean": -0.054297684133052825,
        "median": 0.0,
        "std": 0.9876629922044355,
        "iqr": 1.2787247896194458,
        "mad": 0.674490749835968,
        "mad_sigma": 0.9999999857068061,
        "skewness": -0.2839933056872552,
        "kurtosis_excess": -0.8128343903136828,
        "delta_mean_median": -0.054297684133052825
      },
      "e_s": {
        "n": 35,
        "nan_frac": 0.0,
        "mean": 0.3338057586124965,
        "median": 0.20894016325473785,
        "std": 1.230573263534455,
        "iqr": 1.0518666207790375,
        "mad": 0.621082678437233,
        "mad_sigma": 0.9208171790510415,
        "skewness": 0.6112292340365144,
        "kurtosis_excess": 0.2522539801661363,
        "delta_mean_median": 0.12486559535775865
      },
      "e_m": {
        "n": 35,
        "nan_frac": 0.0,
        "mean": -0.09799178748258523,
        "median": 0.0,
        "std": 1.1238465227804673,
        "iqr": 1.2123129814863205,
        "mad": 0.674490749835968,
        "mad_sigma": 0.9999999857068061,
        "skewness": -0.6598235670719801,
        "kurtosis_excess": 0.7123952353814236,
        "delta_mean_median": -0.09799178748258523
      }
    }
  },
  "entropy_provisional": {},
  "tau_summary": {
    "axes": {
      "m": {
        "tau_sec": 8.0,
        "dt_sec": 4.0,
        "max_lag_sec": 60.0,
        "threshold": 0.36787944117144233,
        "nan_frac": 0.0,
        "nan_policy": "strict"
      },
      "d": {
        "tau_sec": 8.0,
        "dt_sec": 4.0,
        "max_lag_sec": 60.0,
        "threshold": 0.36787944117144233,
        "nan_frac": 0.0,
        "nan_policy": "strict"
      },
      "e": {
        "tau_sec": 8.0,
        "dt_sec": 4.0,
        "max_lag_sec": 60.0,
        "threshold": 0.36787944117144233,
        "nan_frac": 0.0,
        "nan_policy": "strict"
      }
    },
    "subcoords": {
      "m_a": {
        "tau_sec": 8.0,
        "dt_sec": 4.0,
        "max_lag_sec": 60.0,
        "threshold": 0.36787944117144233,
        "nan_frac": 0.0,
        "nan_policy": "strict"
      },
      "m_e": {
        "tau_sec": 8.0,
        "dt_sec": 4.0,
        "max_lag_sec": 60.0,
        "threshold": 0.36787944117144233,
        "nan_frac": 0.0,
        "nan_policy": "strict"
      },
      "m_o": {
        "tau_sec": 16.0,
        "dt_sec": 4.0,
        "max_lag_sec": 60.0,
        "threshold": 0.36787944117144233,
        "nan_frac": 0.0,
        "nan_policy": "strict"
      },
      "d_n": {
        "tau_sec": 8.0,
        "dt_sec": 4.0,
        "max_lag_sec": 60.0,
        "threshold": 0.36787944117144233,
        "nan_frac": 0.0,
        "nan_policy": "strict"
      },
      "d_l": {
        "tau_sec": 8.0,
        "dt_sec": 4.0,
        "max_lag_sec": 60.0,
        "threshold": 0.36787944117144233,
        "nan_frac": 0.0,
        "nan_policy": "strict"
      },