{
  "dataset_id": "ds003478:sub-057:rest_Rest_run-01",
  "subject": "sub-057",
  "session": null,
  "reliability_axes": {
    "m": 0.4688577432706776,
    "d": 0.916782544508791,
    "e": 0.7194215600950319
  },
  "reliability_subcoords": {
    "m_a": 0.7358979883145451,
    "m_e": 0.8079398292286837,
    "m_o": 0.8357417525899292,
    "d_n": 0.6788864688902895,
    "d_l": 0.9090073541346299,
    "d_s": 0.9264912010987555,
    "e_e": 0.8764122833403443,
    "e_s": 0.8518126926120196,
    "e_m": 0.3173771719944999
  }
}