{
  "dataset_id": "ds003478:sub-057:rest_Rest_run-01",
  "subject": "sub-057",
  "session": null,
  "coverage": {
    "epochs": 117,
    "seconds": 468.0
  },
  "artifacts": {
    "methods": [
      "none"
    ],
    "bad_eeg_channels": [
      "CZ"
    ],
    "n_bad_eeg_channels": 1,
    "stem_collisions": {}
  },
  "ensemble": {
    "var_by_subcoord": {
      "m_a": 0.009040828794240952,
      "m_e": 0.005390701815485954,
      "m_o": 0.005889346823096275,
      "d_n": 0.010807197540998459,
      "d_l": 0.073328398168087,
      "d_s": 0.01423586905002594,
      "e_e": 0.0,
      "e_s": 0.030665602535009384,
      "e_m": 0.0
    },
    "var_mean": 0.016595327191882663,
    "var_max": 0.073328398168087
  },
  "reliability": {
    "axes": {
      "m": 0.4688577432706776,
      "d": 0.916782544508791,
      "e": 0.7194215600950319
    },
    "subcoords": {
      "m_a": 0.7358979883145451,
      "m_e": 0.8079398292286837,
      "m_o": 0.8357417525899292,
      "d_n": 0.6788864688902895,
      "d_l": 0.9090073541346299,
      "d_s": 0.9264912010987555,
      "e_e": 0.8764122833403443,
      "e_s": 0.8518126926120196,
      "e_m": 0.3173771719944999
    }
  },
  "dist_summary": {
    "axes": {
      "m": {
        "n": 117,
        "nan_frac": 0.0,
        "mean": -0.00714089211402859,
        "median": -0.047927126288414,
        "std": 0.2968297996629401,
        "iqr": 0.24953009188175201,
        "mad": 0.12723413109779358,
        "mad_sigma": 0.18863732276558876,
        "skewness": 1.2315037088493164,
        "kurtosis_excess": 2.2686784875275086,
        "delta_mean_median": 0.04078623417438541
      },
      "d": {
        "n": 117,
        "nan_frac": 0.0,
        "mean": 0.8128601682141551,
        "median": 0.43331578373908997,
        "std": 1.2353484789289635,
        "iqr": 2.610158145427704,
        "mad": 0.973897784948349,
        "mad_sigma": 1.4439008559644222,
        "skewness": 0.1921755830044613,
        "kurtosis_excess": -1.7324603936650276,
        "delta_mean_median": 0.3795443844750651
      },
      "e": {
        "n": 117,
        "nan_frac": 0.0,
        "mean": 0.21018872150462758,
        "median": 0.2449815720319748,
        "std": 0.296050632860208,
        "iqr": 0.4260748893721029,
        "mad": 0.2196209579706192,
        "mad_sigma": 0.32561003228724,
        "skewness": -0.2954755020327735,
        "kurtosis_excess": -0.3266007281514032,
        "delta_mean_median": -0.03479285052734721
      }
    },
    "subcoords": {
      "m_a": {
        "n": 117,
        "nan_frac": 0.0,
        "mean": 0.07352397033873086,
        "median": -0.03621337190270424,
        "std": 0.738670340264854,
        "iqr": 1.4509727954864502,
        "mad": 0.6776903532445431,
        "mad_sigma": 1.0047437177203595,
        "skewness": 0.10697586070013929,
        "kurtosis_excess": -1.3974695243357573,
        "delta_mean_median": 0.1097373422414351
      },
      "m_e": {
        "n": 117,
        "nan_frac": 0.0,
        "mean": -0.16558008255440995,
        "median": -0.14894278347492218,
        "std": 0.259223700402845,
        "iqr": 0.42844172194600105,
        "mad": 0.20818117633461952,
        "mad_sigma": 0.3086494120337069,
        "skewness": 0.08204044031133247,
        "kurtosis_excess": -0.7994975652186773,
        "delta_mean_median": -0.016637299079487772
      },
      "m_o": {
        "n": 117,
        "nan_frac": 0.0,
        "mean": 0.0753687552542577,
        "median": -0.006581983063369989,
        "std": 0.8630653982345072,
        "iqr": 1.2834718823432922,
        "mad": 0.6477565378881991,
        "mad_sigma": 0.9603638430730439,
        "skewness": 0.47700652140042965,
        "kurtosis_excess": -0.4861088609753814,
        "delta_mean_median": 0.08195073831762768
      },
      "d_n": {
        "n": 117,
        "nan_frac": 0.0,
        "mean": 0.004337490655672856,
        "median": -0.09526869654655457,
        "std": 0.5470193495806256,
        "iqr": 0.4821191430091858,
        "mad": 0.23901355266571045,
        "mad_sigma": 0.3543614931821823,
        "skewness": 1.8290801259753877,
        "kurtosis_excess": 4.652239204357098,
        "delta_mean_median": 0.09960618720222741
      },
      "d_l": {
        "n": 117,
        "nan_frac": 0.0,
        "mean": 1.227753933550965,
        "median": 0.06167580187320709,
        "std": 1.839682906003292,
        "iqr": 3.9459102749824524,
        "mad": 0.7183109074831009,
        "mad_sigma": 1.0649677514344453,
        "skewness": 0.30213153857329167,
        "kurtosis_excess": -1.7815681697174217,
        "delta_mean_median": 1.166078131677758
      },
      "d_s": {
        "n": 117,
        "nan_frac": 0.0,
        "mean": 1.04160463074461,
        "median": 0.43555623292922974,
        "std": 1.7868423180498718,
        "iqr": 3.729417085647583,
        "mad": 1.455160677433014,
        "mad_sigma": 2.1574212203621865,
        "skewness": 0.19106701670707182,
        "kurtosis_excess": -1.72119714358317,
        "delta_mean_median": 0.6060483978153803
      },
      "e_e": {
        "n": 117,
        "nan_frac": 0.0,
        "mean": -0.06304458319010516,
        "median": 0.0,
        "std": 0.8166947885246074,
        "iqr": 1.3515399098396301,
        "mad": 0.674490749835968,
        "mad_sigma": 0.9999999857068061,
        "skewness": -0.2361599395494817,
        "kurtosis_excess": -0.9967502184844625,
        "delta_mean_median": -0.06304458319010516
      },
      "e_s": {
        "n": 117,
        "nan_frac": 0.0,
        "mean": 0.5920694965200547,
        "median": 0.5071483850479126,
        "std": 0.6027659034158431,
        "iqr": 1.1341854929924011,
        "mad": 0.5815305709838867,
        "mad_sigma": 0.8621772245407104,
        "skewness": 0.0011033905449159994,
        "kurtosis_excess": -1.4291244468058026,
        "delta_mean_median": 0.0849211114721421
      },
      "e_m": {
        "n": 117,
        "nan_frac": 0.0,
        "mean": 0.05959702607116893,
        "median": 0.0,
        "std": 1.0577804872084842,
        "iqr": 1.2329546213150024,
        "mad": 0.6744906902313232,
        "mad_sigma": 0.9999998973369598,
        "skewness": 1.894719551784711,
        "kurtosis_excess": 7.6202545296869655,
        "delta_mean_median": 0.05959702607116893
      }
    }
  },
  "entropy_provisional": {},
  "tau_summary": {
    "axes": {
      "m": {
        "tau_sec": 4.0,
        "dt_sec": 4.0,
        "max_lag_sec": 60.0,
        "threshold": 0.36787944117144233,
        "nan_frac": 0.0,
        "nan_policy": "strict"
      },
      "d": {
        "tau_sec": 32.0,
        "dt_sec": 4.0,
        "max_lag_sec": 60.0,
        "threshold": 0.36787944117144233,
        "nan_frac": 0.0,
        "nan_policy": "strict"
      },
      "e": {
        "tau_sec": 8.0,
        "dt_sec": 4.0,
        "max_lag_sec": 60.0,
        "threshold": 0.36787944117144233,
        "nan_frac": 0.0,
        "nan_policy": "strict"
      }
    },
    "subcoords": {
      "m_a": {
        "tau_sec": 12.0,
        "dt_sec": 4.0,
        "max_lag_sec": 60.0,
        "threshold": 0.36787944117144233,
        "nan_frac": 0.0,
        "nan_policy": "strict"
      },
      "m_e": {
        "tau_sec": 16.0,
        "dt_sec": 4.0,
        "max_lag_sec": 60.0,
        "threshold": 0.36787944117144233,
        "nan_frac": 0.0,
        "nan_policy": "strict"
      },
      "m_o": {
        "tau_sec": 24.0,
        "dt_sec": 4.0,
        "max_lag_sec": 60.0,
        "threshold": 0.36787944117144233,
        "nan_frac": 0.0,
        "nan_policy": "strict"
      },
      "d_n": {
        "tau_sec": 8.0,
        "dt_sec": 4.0,
        "max_lag_sec": 60.0,
        "threshold": 0.36787944117144233,
        "nan_frac": 0.0,
        "nan_policy": "strict"
      },
      "d_l": {
        "tau_sec": 32.0,
        "dt_sec": 4.0,
        "max_lag_sec": 60.0,
        "threshold": 0.36787944117144233,
        "nan_frac": 0.0,
        "nan_policy": "strict"
      },