{
  "dataset_id": "ds003478:sub-111:rest_Rest_run-02",
  "subject": "sub-111",
  "session": null,
  "reliability_axes": {
    "m": 0.4532157311726239,
    "d": 0.9307038663845101,
    "e": 0.7851050342183633
  },
  "reliability_subcoords": {
    "m_a": 0.9352591953002475,
    "m_e": 0.887441330701111,
    "m_o": 0.8537947367377197,
    "d_n": 0.9593127583002412,
    "d_l": 0.9414451452860846,
    "d_s": 0.8972380833599349,
    "e_e": 0.6878445446048594,
    "e_s": 0.7258766526071603,
    "e_m": 0.8915548835775214
  }
}