{
  "dataset_id": "ds003478:sub-111:rest_Rest_run-02",
  "subject": "sub-111",
  "session": null,
  "coverage": {
    "epochs": 59,
    "seconds": 236.0
  },
  "artifacts": {
    "methods": [
      "none"
    ],
    "bad_eeg_channels": [],
    "n_bad_eeg_channels": 0,
    "stem_collisions": {}
  },
  "ensemble": {
    "var_by_subcoord": {
      "m_a": 0.0034935548901557922,
      "m_e": 0.02615944854915142,
      "m_o": 0.012896795757114887,
      "d_n": 0.004112666472792625,
      "d_l": 0.021877098828554153,
      "d_s": 0.1904485523700714,
      "e_e": 0.0,
      "e_s": 0.012749413028359413,
      "e_m": 0.0
    },
    "var_mean": 0.030193058877355523,
    "var_max": 0.1904485523700714
  },
  "reliability": {
    "axes": {
      "m": 0.4532157311726239,
      "d": 0.9307038663845101,
      "e": 0.7851050342183633
    },
    "subcoords": {
      "m_a": 0.9352591953002475,
      "m_e": 0.887441330701111,
      "m_o": 0.8537947367377197,
      "d_n": 0.9593127583002412,
      "d_l": 0.9414451452860846,
      "d_s": 0.8972380833599349,
      "e_e": 0.6878445446048594,
      "e_s": 0.7258766526071603,
      "e_m": 0.8915548835775214
    }
  },
  "dist_summary": {
    "axes": {
      "m": {
        "n": 59,
        "nan_frac": 0.0,
        "mean": 0.15421055841370154,
        "median": 0.18882112205028534,
        "std": 0.2764266083988698,
        "iqr": 0.39746485836803913,
        "mad": 0.18171120528131723,
        "mad_sigma": 0.2694050329500809,
        "skewness": -0.21004840618909423,
        "kurtosis_excess": -0.21406380054944973,
        "delta_mean_median": -0.0346105636365838
      },
      "d": {
        "n": 59,
        "nan_frac": 0.0,
        "mean": 1.0472379738654374,
        "median": 0.8901711702346802,
        "std": 1.2845351179399003,
        "iqr": 2.8340661600232124,
        "mad": 1.0994320809841156,
        "mad_sigma": 1.6300180032670497,
        "skewness": 0.3473534193682732,
        "kurtosis_excess": -1.3874870240554005,
        "delta_mean_median": 0.1570668036307572
      },
      "e": {
        "n": 59,
        "nan_frac": 0.0,
        "mean": 0.24115764736434667,
        "median": 0.17608743906021118,
        "std": 0.6870867876416267,
        "iqr": 0.7573003619909286,
        "mad": 0.3583179861307144,
        "mad_sigma": 0.5312422462373971,
        "skewness": 0.3450126731473817,
        "kurtosis_excess": 1.0797807563496455,
        "delta_mean_median": 0.06507020830413549
      }
    },
    "subcoords": {
      "m_a": {
        "n": 59,
        "nan_frac": 0.0,
        "mean": 0.4850104350786088,
        "median": -0.05414801090955734,
        "std": 1.315493117499764,
        "iqr": 2.662452921271324,
        "mad": 0.5446462258696556,
        "mad_sigma": 0.8074924944743513,
        "skewness": 0.6452064276395784,
        "kurtosis_excess": -1.1100293709979359,
        "delta_mean_median": 0.5391584459881662
      },
      "m_e": {
        "n": 59,
        "nan_frac": 0.0,
        "mean": -0.09924409432944416,
        "median": 0.15296323597431183,
        "std": 0.6728315883459732,
        "iqr": 1.1042464822530746,
        "mad": 0.36533625423908234,
        "mad_sigma": 0.5416475305348635,
        "skewness": -0.7058050471695114,
        "kurtosis_excess": -0.7984321791977926,
        "delta_mean_median": -0.25220733030375597
      },
      "m_o": {
        "n": 59,
        "nan_frac": 0.0,
        "mean": 0.008219730487819446,
        "median": 0.07739792764186859,
        "std": 0.8625634278222464,
        "iqr": 1.335458219051361,
        "mad": 0.6508796960115433,
        "mad_sigma": 0.964994237306714,
        "skewness": -0.3294310979814616,
        "kurtosis_excess": -0.6453172782832883,
        "delta_mean_median": -0.06917819715404915
      },
      "d_n": {
        "n": 59,
        "nan_frac": 0.0,
        "mean": 0.45468212588358736,
        "median": -0.09232130646705627,
        "std": 1.3102111173727382,
        "iqr": 2.458500176668167,
        "mad": 0.6647368371486664,
        "mad_sigma": 0.9855388347566127,
        "skewness": 0.7590969728640192,
        "kurtosis_excess": -0.8570472918123015,
        "delta_mean_median": 0.5470034323506436
      },
      "d_l": {
        "n": 59,
        "nan_frac": 0.0,
        "mean": 1.3189270531095691,
        "median": -0.07687090337276459,
        "std": 2.43002865637697,
        "iqr": 5.24375182390213,
        "mad": 0.6175011247396469,
        "mad_sigma": 0.9155071675390004,
        "skewness": 0.8057034332946509,
        "kurtosis_excess": -1.1733071596605718,
        "delta_mean_median": 1.3957979564823337
      },
      "d_s": {
        "n": 59,
        "nan_frac": 0.0,
        "mean": 1.3097126373421337,
        "median": 1.581037998199463,
        "std": 1.335208772432449,
        "iqr": 2.6262387856841087,
        "mad": 1.3500068187713623,
        "mad_sigma": 2.001520109510422,
        "skewness": -0.1674858208450454,
        "kurtosis_excess": -1.5303078757156097,
        "delta_mean_median": -0.27132536085732917
      },
      "e_e": {
        "n": 59,
        "nan_frac": 0.0,
        "mean": 0.1030846506483474,
        "median": 0.0,
        "std": 1.1022927404669405,
        "iqr": 1.3895322233438492,
        "mad": 0.674490749835968,
        "mad_sigma": 0.9999999857068061,
        "skewness": -0.09054028573315409,
        "kurtosis_excess": 0.3038901012430366,
        "delta_mean_median": 0.1030846506483474
      },
      "e_s": {
        "n": 59,
        "nan_frac": 0.0,
        "mean": 0.4614809150412931,
        "median": 0.35035645961761475,
        "std": 0.44976300440538636,
        "iqr": 0.5484027862548828,
        "mad": 0.21151047945022583,
        "mad_sigma": 0.3135854368329048,
        "skewness": 0.7493858188664599,
        "kurtosis_excess": 0.29891539679933476,
        "delta_mean_median": 0.11112445542367838
      },
      "e_m": {
        "n": 59,
        "nan_frac": 0.0,
        "mean": -0.400121626207384,
        "median": 0.0,
        "std": 1.6480396617269208,
        "iqr": 3.37245374917984,
        "mad": 0.674490749835968,
        "mad_sigma": 0.9999999857068061,
        "skewness": -0.05091512253154502,
        "kurtosis_excess": -0.7868764839981517,
        "delta_mean_median": -0.400121626207384
      }
    }
  },
  "entropy_provisional": {},
  "tau_summary": {
    "axes": {
      "m": {
        "tau_sec": 4.0,
        "dt_sec": 4.0,
        "max_lag_sec": 60.0,
        "threshold": 0.36787944117144233,
        "nan_frac": 0.0,
        "nan_policy": "strict"
      },
      "d": {
        "tau_sec": 36.0,
        "dt_sec": 4.0,
        "max_lag_sec": 60.0,
        "threshold": 0.36787944117144233,
        "nan_frac": 0.0,
        "nan_policy": "strict"
      },
      "e": {
        "tau_sec": 8.0,
        "dt_sec": 4.0,
        "max_lag_sec": 60.0,
        "threshold": 0.36787944117144233,
        "nan_frac": 0.0,
        "nan_policy": "strict"
      }
    },
    "subcoords": {
      "m_a": {
        "tau_sec": 44.0,
        "dt_sec": 4.0,
        "max_lag_sec": 60.0,
        "threshold": 0.36787944117144233,
        "nan_frac": 0.0,
        "nan_policy": "strict"
      },
      "m_e": {
        "tau_sec": 28.0,
        "dt_sec": 4.0,
        "max_lag_sec": 60.0,
        "threshold": 0.36787944117144233,
        "nan_frac": 0.0,
        "nan_policy": "strict"
      },
      "m_o": {
        "tau_sec": 28.0,
        "dt_sec": 4.0,
        "max_lag_sec": 60.0,
        "threshold": 0.36787944117144233,
        "nan_frac": 0.0,
        "nan_policy": "strict"
      },
      "d_n": {
        "tau_sec": 40.0,
        "dt_sec": 4.0,
        "max_lag_sec": 60.0,
        "threshold": 0.36787944117144233,
        "nan_frac": 0.0,
        "nan_policy": "strict"
      },
      "d_l": {
        "tau_sec": 40.0,
        "dt_sec": 4.0,
        "max_lag_sec": 60.0,
        "threshold": 0.36787944117144233,
        "nan_frac": 0.0,
        "nan_policy": "strict"
      },
      "d_s": {
        "tau_sec": 32.0,