{
  "dataset_id": "ds003478:sub-055:rest_Rest_run-01",
  "subject": "sub-055",
  "session": null,
  "reliability_axes": {
    "m": 0.8322670509410994,
    "d": 0.7632775834829226,
    "e": 0.8502831121750349
  },
  "reliability_subcoords": {
    "m_a": 0.7540463308197417,
    "m_e": 0.8274395309158347,
    "m_o": 0.8987987431181489,
    "d_n": 0.7909491343999699,
    "d_l": 0.751523119503044,
    "d_s": 0.8214239888353314,
    "e_e": 0.9211888598149207,
    "e_s": 0.7624339450462605,
    "e_m": 0.5524949087006267
  }
}