{
  "dataset_id": "ds003478:sub-055:rest_Rest_run-01",
  "subject": "sub-055",
  "session": null,
  "coverage": {
    "epochs": 123,
    "seconds": 492.0
  },
  "artifacts": {
    "methods": [
      "none"
    ],
    "bad_eeg_channels": [],
    "n_bad_eeg_channels": 0,
    "stem_collisions": {}
  },
  "ensemble": {
    "var_by_subcoord": {
      "m_a": 0.0007023175712674856,
      "m_e": 0.007156254258006811,
      "m_o": 0.00026466837152838707,
      "d_n": 0.012489947490394115,
      "d_l": 0.05561414361000061,
      "d_s": 0.035418685525655746,
      "e_e": 0.0,
      "e_s": 0.0054128291085362434,
      "e_m": 0.0
    },
    "var_mean": 0.01300653843726549,
    "var_max": 0.05561414361000061
  },
  "reliability": {
    "axes": {
      "m": 0.8322670509410994,
      "d": 0.7632775834829226,
      "e": 0.8502831121750349
    },
    "subcoords": {
      "m_a": 0.7540463308197417,
      "m_e": 0.8274395309158347,
      "m_o": 0.8987987431181489,
      "d_n": 0.7909491343999699,
      "d_l": 0.751523119503044,
      "d_s": 0.8214239888353314,
      "e_e": 0.9211888598149207,
      "e_s": 0.7624339450462605,
      "e_m": 0.5524949087006267
    }
  },
  "dist_summary": {
    "axes": {
      "m": {
        "n": 123,
        "nan_frac": 0.0,
        "mean": -0.08402301968222983,
        "median": -0.22866223752498627,
        "std": 0.48366754449796145,
        "iqr": 0.632607638835907,
        "mad": 0.2698553651571274,
        "mad_sigma": 0.40008756438195703,
        "skewness": 0.5339848607582358,
        "kurtosis_excess": -0.12580721857653288,
        "delta_mean_median": 0.14463921784275643
      },
      "d": {
        "n": 123,
        "nan_frac": 0.0,
        "mean": 0.5426022743851673,
        "median": 0.5377028584480286,
        "std": 0.9342381201189609,
        "iqr": 1.406926617026329,
        "mad": 0.8087123334407806,
        "mad_sigma": 1.1989969055593013,
        "skewness": 0.565337170229248,
        "kurtosis_excess": -0.5064075827337113,
        "delta_mean_median": 0.004899415937138718
      },
      "e": {
        "n": 123,
        "nan_frac": 0.0,
        "mean": 0.0759467390494618,
        "median": 0.14098994433879852,
        "std": 0.34646825495130934,
        "iqr": 0.525272972881794,
        "mad": 0.2202608436346054,
        "mad_sigma": 0.32655872677266595,
        "skewness": 0.0768116993441725,
        "kurtosis_excess": 0.13646656674060065,
        "delta_mean_median": -0.06504320528933673
      }
    },
    "subcoords": {
      "m_a": {
        "n": 123,
        "nan_frac": 0.0,
        "mean": -0.05314423281669132,
        "median": 0.031923744827508926,
        "std": 0.9903539086999941,
        "iqr": 0.8938381373882294,
        "mad": 0.4370736815035343,
        "mad_sigma": 0.6480054401971399,
        "skewness": -1.6389816356235563,
        "kurtosis_excess": 9.018964387380167,
        "delta_mean_median": -0.08506797764420024
      },
      "m_e": {
        "n": 123,
        "nan_frac": 0.0,
        "mean": -0.11114701750968409,
        "median": -0.017499009147286415,
        "std": 0.30711253526880594,
        "iqr": 0.5363238677382469,
        "mad": 0.23265542648732662,
        "mad_sigma": 0.34493493531011044,
        "skewness": -0.5020230635050136,
        "kurtosis_excess": -0.9351233370369174,
        "delta_mean_median": -0.09364800836239767
      },
      "m_o": {
        "n": 123,
        "nan_frac": 0.0,
        "mean": -0.09341557739620529,
        "median": 0.04187125712633133,
        "std": 0.8442196617604901,
        "iqr": 1.3676532208919525,
        "mad": 0.7035899236798286,
        "mad_sigma": 1.0431424208477138,
        "skewness": 0.8477560922038407,
        "kurtosis_excess": 3.257782146406912,
        "delta_mean_median": -0.13528683452253662
      },
      "d_n": {
        "n": 123,
        "nan_frac": 0.0,
        "mean": 0.06937837493189467,
        "median": -0.07504984736442566,
        "std": 0.7260000488584643,
        "iqr": 0.4598817229270935,
        "mad": 0.21907328069210052,
        "mad_sigma": 0.3247980459541082,
        "skewness": 4.839304678967589,
        "kurtosis_excess": 34.541567721747064,
        "delta_mean_median": 0.14442822229632032
      },
      "d_l": {
        "n": 123,
        "nan_frac": 0.0,
        "mean": 0.7836870600779852,
        "median": 0.8830975890159607,
        "std": 1.3979706247410644,
        "iqr": 2.446593314409256,
        "mad": 1.3305512070655823,
        "mad_sigma": 1.9726752195954322,
        "skewness": 0.16325747947855182,
        "kurtosis_excess": -1.414224206989661,
        "delta_mean_median": -0.09941052893797553
      },
      "d_s": {
        "n": 123,
        "nan_frac": 0.0,
        "mean": 0.6816109472173986,
        "median": 0.13104596734046936,
        "std": 1.437269380895893,
        "iqr": 2.2534236907958984,
        "mad": 0.8276828825473785,
        "mad_sigma": 1.2271226416647434,
        "skewness": 0.6966732375761686,
        "kurtosis_excess": -0.8517026478271155,
        "delta_mean_median": 0.5505649798769292
      },
      "e_e": {
        "n": 123,
        "nan_frac": 0.0,
        "mean": -0.30003071851967794,
        "median": 0.0,
        "std": 0.8814032479885548,
        "iqr": 1.498493641614914,
        "mad": 0.674490749835968,
        "mad_sigma": 0.9999999857068061,
        "skewness": -0.43660881871262003,
        "kurtosis_excess": -0.9022026401670851,
        "delta_mean_median": -0.30003071851967794
      },
      "e_s": {
        "n": 123,
        "nan_frac": 0.0,
        "mean": 0.5015853021929904,
        "median": 0.5002994537353516,
        "std": 0.7141956231782751,
        "iqr": 1.0217687636613846,
        "mad": 0.5135918259620667,
        "mad_sigma": 0.76145124117136,
        "skewness": 0.04328916568935445,
        "kurtosis_excess": -0.8450964992029251,
        "delta_mean_median": 0.001285848457638794
      },
      "e_m": {
        "n": 123,
        "nan_frac": 0.0,
        "mean": 1.932111324000407,
        "median": 0.0,
        "std": 3.0538752338681325,
        "iqr": 6.429466396570206,
        "mad": 0.674490749835968,
        "mad_sigma": 0.9999999857068061,
        "skewness": 0.5246672764444174,
        "kurtosis_excess": -1.6470354768430453,
        "delta_mean_median": 1.932111324000407
      }
    }
  },
  "entropy_provisional": {},
  "tau_summary": {
    "axes": {
      "m": {
        "tau_sec": 24.0,
        "dt_sec": 4.0,
        "max_lag_sec": 60.0,
        "threshold": 0.36787944117144233,
        "nan_frac": 0.0,
        "nan_policy": "strict"
      },
      "d": {
        "tau_sec": 16.0,
        "dt_sec": 4.0,
        "max_lag_sec": 60.0,
        "threshold": 0.36787944117144233,
        "nan_frac": 0.0,
        "nan_policy": "strict"
      },
      "e": {
        "tau_sec": 24.0,
        "dt_sec": 4.0,
        "max_lag_sec": 60.0,
        "threshold": 0.36787944117144233,
        "nan_frac": 0.0,
        "nan_policy": "strict"
      }
    },
    "subcoords": {
      "m_a": {
        "tau_sec": 8.0,
        "dt_sec": 4.0,
        "max_lag_sec": 60.0,
        "threshold": 0.36787944117144233,
        "nan_frac": 0.0,
        "nan_policy": "strict"
      },
      "m_e": {
        "tau_sec": 32.0,
        "dt_sec": 4.0,
        "max_lag_sec": 60.0,
        "threshold": 0.36787944117144233,
        "nan_frac": 0.0,
        "nan_policy": "strict"
      },
      "m_o": {
        "tau_sec": 36.0,
        "dt_sec": 4.0,
        "max_lag_sec": 60.0,
        "threshold": 0.36787944117144233,
        "nan_frac": 0.0,
        "nan_policy": "strict"
      },
      "d_n": {
        "tau_sec": 8.0,
        "dt_sec": 4.0,
        "max_lag_sec": 60.0,
        "threshold": 0.36787944117144233,
        "nan_frac": 0.0,
        "nan_policy": "strict"
      },
      "d_l": {
        "tau_sec": 16.0,
        "dt_sec": 4.0,
        "max_lag_sec": 60.0,
        "threshold": 0.36787944117144233,
        "nan_frac": 0.0,
        "nan_policy": "strict"
      },