{
  "dataset_id": "ds003478:sub-063:rest_Rest_run-02",
  "subject": "sub-063",
  "session": null,
  "reliability_axes": {
    "m": 0.7358549851222677,
    "d": 0.7781436749985502,
    "e": 0.6003160126491104
  },
  "reliability_subcoords": {
    "m_a": 0.7050075642784532,
    "m_e": 0.9222731924472343,
    "m_o": 0.9116892293580947,
    "d_n": 0.936090085247259,
    "d_l": 0.7259937322649781,
    "d_s": 0.8068946283422943,
    "e_e": 0.703154011313578,
    "e_s": 0.4239430498087752,
    "e_m": null
  }
}