{
  "dataset_id": "ds003478:sub-063:rest_Rest_run-02",
  "subject": "sub-063",
  "session": null,
  "coverage": {
    "epochs": 51,
    "seconds": 204.0
  },
  "artifacts": {
    "methods": [
      "none"
    ],
    "bad_eeg_channels": [],
    "n_bad_eeg_channels": 0,
    "stem_collisions": {}
  },
  "ensemble": {
    "var_by_subcoord": {
      "m_a": 0.01205657608807087,
      "m_e": 0.02096778154373169,
      "m_o": 0.003944170195609331,
      "d_n": 0.004177944269031286,
      "d_l": 0.10635362565517426,
      "d_s": 0.12060705572366714,
      "e_e": 0.0,
      "e_s": 0.02837381698191166,
      "e_m": 0.0
    },
    "var_mean": 0.03294233005079958,
    "var_max": 0.12060705572366714
  },
  "reliability": {
    "axes": {
      "m": 0.7358549851222677,
      "d": 0.7781436749985502,
      "e": 0.6003160126491104
    },
    "subcoords": {
      "m_a": 0.7050075642784532,
      "m_e": 0.9222731924472343,
      "m_o": 0.9116892293580947,
      "d_n": 0.936090085247259,
      "d_l": 0.7259937322649781,
      "d_s": 0.8068946283422943,
      "e_e": 0.703154011313578,
      "e_s": 0.4239430498087752,
      "e_m": null
    }
  },
  "dist_summary": {
    "axes": {
      "m": {
        "n": 51,
        "nan_frac": 0.0,
        "mean": -0.032071634990108365,
        "median": -0.00512031652033329,
        "std": 0.5432065403902452,
        "iqr": 0.4961947351694107,
        "mad": 0.24811034463346004,
        "mad_sigma": 0.36784839695356786,
        "skewness": -0.736251684079128,
        "kurtosis_excess": 1.0824467750149864,
        "delta_mean_median": -0.026951318469775075
      },
      "d": {
        "n": 51,
        "nan_frac": 0.0,
        "mean": 0.7866065972941179,
        "median": 0.8198808431625366,
        "std": 1.1159390824373434,
        "iqr": 2.2857198417186737,
        "mad": 1.1326583623886108,
        "mad_sigma": 1.6792792880773544,
        "skewness": 0.0542092502860533,
        "kurtosis_excess": -1.5534168211022459,
        "delta_mean_median": -0.03327424586841876
      },
      "e": {
        "n": 51,
        "nan_frac": 0.0,
        "mean": 0.26565391324716164,
        "median": 0.2912672758102417,
        "std": 0.7401824789276509,
        "iqr": 0.780248373746872,
        "mad": 0.40033555030822754,
        "mad_sigma": 0.5935374868869782,
        "skewness": -0.05278569193516514,
        "kurtosis_excess": 1.7596031414415059,
        "delta_mean_median": -0.025613362563080055
      }
    },
    "subcoords": {
      "m_a": {
        "n": 51,
        "nan_frac": 0.0,
        "mean": -0.4412611646431626,
        "median": -0.12733791768550873,
        "std": 1.100406746689201,
        "iqr": 1.5773535370826721,
        "mad": 0.5693229287862778,
        "mad_sigma": 0.8440781742185354,
        "skewness": -1.6106803044160094,
        "kurtosis_excess": 4.280587636534535,
        "delta_mean_median": -0.3139232469576539
      },
      "m_e": {
        "n": 51,
        "nan_frac": 0.0,
        "mean": 0.037334284457542444,
        "median": 0.12251907587051392,
        "std": 0.4176599245242053,
        "iqr": 0.42897044122219086,
        "mad": 0.1937732994556427,
        "mad_sigma": 0.28728829377293585,
        "skewness": -2.1923213740362177,
        "kurtosis_excess": 8.784262380994381,
        "delta_mean_median": -0.08518479141297147
      },
      "m_o": {
        "n": 51,
        "nan_frac": 0.0,
        "mean": 0.4468711814203975,
        "median": -0.05932444706559181,
        "std": 1.6687138413626659,
        "iqr": 1.2525969445705414,
        "mad": 0.6797590889036655,
        "mad_sigma": 1.0078108252085745,
        "skewness": 1.2435684967564697,
        "kurtosis_excess": 0.7521417566682294,
        "delta_mean_median": 0.5061956284859893
      },
      "d_n": {
        "n": 51,
        "nan_frac": 0.0,
        "mean": 0.7156260771786466,
        "median": -0.01163327693939209,
        "std": 1.76355564280884,
        "iqr": 1.1092497557401657,
        "mad": 0.4103914499282837,
        "mad_sigma": 0.6084463636636733,
        "skewness": 1.6919843476689747,
        "kurtosis_excess": 1.5274276220142537,
        "delta_mean_median": 0.7272593541180387
      },
      "d_l": {
        "n": 51,
        "nan_frac": 0.0,
        "mean": 0.7369415194672697,
        "median": 0.06383198499679565,
        "std": 1.5652325976610046,
        "iqr": 3.0345955193042755,
        "mad": 0.7830632328987122,
        "mad_sigma": 1.1609695490956307,
        "skewness": 0.5444972831536459,
        "kurtosis_excess": -1.3824642017761362,
        "delta_mean_median": 0.6731095344704741
      },
      "d_s": {
        "n": 51,
        "nan_frac": 0.0,
        "mean": 1.058805265263015,
        "median": 1.0641958713531494,
        "std": 1.3931745303339247,
        "iqr": 2.703026756644249,
        "mad": 1.3538156151771545,
        "mad_sigma": 2.007167031061649,
        "skewness": 0.14963446867305832,
        "kurtosis_excess": -1.4496642160114932,
        "delta_mean_median": -0.005390606090134309
      },
      "e_e": {
        "n": 51,
        "nan_frac": 0.0,
        "mean": -0.17572070518052021,
        "median": 0.0,
        "std": 1.4307905832088417,
        "iqr": 1.2980338782072067,
        "mad": 0.674490749835968,
        "mad_sigma": 0.9999999857068061,
        "skewness": -0.255667464222673,
        "kurtosis_excess": 1.1263940647427004,
        "delta_mean_median": -0.17572070518052021
      },
      "e_s": {
        "n": 51,
        "nan_frac": 0.0,
        "mean": 0.877925933283918,
        "median": 0.9830605983734131,
        "std": 0.5653458401070569,
        "iqr": 0.929314061999321,
        "mad": 0.4290332794189453,
        "mad_sigma": 0.6360847400665283,
        "skewness": -0.17910518432311034,
        "kurtosis_excess": -0.8223860512877863,
        "delta_mean_median": -0.1051346650894951
      },
      "e_m": {
        "n": 51,
        "nan_frac": 0.0,
        "mean": 0.11764705882352941,
        "median": 0.0,
        "std": 0.831890330807703,
        "iqr": 0.0,
        "mad": 0.0,
        "mad_sigma": 0.0,
        "skewness": 6.929646455628166,
        "kurtosis_excess": 46.02000000000001,
        "delta_mean_median": 0.11764705882352941
      }
    }
  },
  "entropy_provisional": {
    "e_m": {
      "var": 0.6920415224913496,
      "n_unique": 2,
      "nan_frac": 0.0,
      "provisional": true
    }
  },
  "tau_summary": {
    "axes": {
      "m": {
        "tau_sec": 12.0,
        "dt_sec": 4.0,
        "max_lag_sec": 60.0,
        "threshold": 0.36787944117144233,
        "nan_frac": 0.0,
        "nan_policy": "strict"
      },
      "d": {
        "tau_sec": 16.0,
        "dt_sec": 4.0,
        "max_lag_sec": 60.0,
        "threshold": 0.36787944117144233,
        "nan_frac": 0.0,
        "nan_policy": "strict"
      },
      "e": {
        "tau_sec": 8.0,
        "dt_sec": 4.0,
        "max_lag_sec": 60.0,
        "threshold": 0.36787944117144233,
        "nan_frac": 0.0,
        "nan_policy": "strict"
      }
    },
    "subcoords": {
      "m_a": {
        "tau_sec": 8.0,
        "dt_sec": 4.0,
        "max_lag_sec": 60.0,
        "threshold": 0.36787944117144233,
        "nan_frac": 0.0,
        "nan_policy": "strict"
      },
      "m_e": {
        "tau_sec": 8.0,
        "dt_sec": 4.0,
        "max_lag_sec": 60.0,
        "threshold": 0.36787944117144233,
        "nan_frac": 0.0,
        "nan_policy": "strict"
      },
      "m_o": {
        "tau_sec": 16.0,
        "dt_sec": 4.0,
        "max_lag_sec": 60.0,
        "threshold": 0.36787944117144233,
        "nan_frac": 0.0,
        "nan_policy": "strict"
      },
      "d_n": {
        "tau_sec": 20.0,
        "dt_sec": 4.0,
        "max_lag_sec": 60.0,
        "threshold": 0.36787944117144233,
        "nan_frac": 0.0,
        "nan_policy": "strict"
      },
      "d_l": {
        "tau_sec": 20.0,
        "dt_sec": 4.0,
        "max_lag_sec": 60.0,
        "threshold": 0.36787944117144233,
        "nan_frac": 0.0,