{
  "dataset_id": "ds003478:sub-011:rest_Rest_run-01",
  "subject": "sub-011",
  "session": null,
  "reliability_axes": {
    "m": 0.48675977825049765,
    "d": 0.9274972681661969,
    "e": 0.5590475208255486
  },
  "reliability_subcoords": {
    "m_a": 0.8958151362223189,
    "m_e": 0.5888624871107002,
    "m_o": 0.543002695844456,
    "d_n": 0.37987380198407444,
    "d_l": 0.9492699923374974,
    "d_s": 0.9459767607893846,
    "e_e": 0.5700026041376021,
    "e_s": 0.8876375457081948,
    "e_m": 0.6133632790225825
  }
}