{
  "dataset_id": "ds003478:sub-011:rest_Rest_run-01",
  "subject": "sub-011",
  "session": null,
  "coverage": {
    "epochs": 129,
    "seconds": 516.0
  },
  "artifacts": {
    "methods": [
      "none"
    ],
    "bad_eeg_channels": [],
    "n_bad_eeg_channels": 0,
    "stem_collisions": {}
  },
  "ensemble": {
    "var_by_subcoord": {
      "m_a": 0.0021688523702323437,
      "m_e": 0.00531129352748394,
      "m_o": 0.0006686080014333129,
      "d_n": 0.009906440041959286,
      "d_l": 0.17898477613925934,
      "d_s": 0.11492659896612167,
      "e_e": 0.0,
      "e_s": 0.013640239834785461,
      "e_m": 0.0
    },
    "var_mean": 0.0361785343201417,
    "var_max": 0.17898477613925934
  },
  "reliability": {
    "axes": {
      "m": 0.48675977825049765,
      "d": 0.9274972681661969,
      "e": 0.5590475208255486
    },
    "subcoords": {
      "m_a": 0.8958151362223189,
      "m_e": 0.5888624871107002,
      "m_o": 0.543002695844456,
      "d_n": 0.37987380198407444,
      "d_l": 0.9492699923374974,
      "d_s": 0.9459767607893846,
      "e_e": 0.5700026041376021,
      "e_s": 0.8876375457081948,
      "e_m": 0.6133632790225825
    }
  },
  "dist_summary": {
    "axes": {
      "m": {
        "n": 129,
        "nan_frac": 0.0,
        "mean": 0.11431370396888996,
        "median": 0.12386739999055862,
        "std": 0.4311387369856382,
        "iqr": 0.5870430767536163,
        "mad": 0.278167299926281,
        "mad_sigma": 0.4124108388707042,
        "skewness": 0.1732166355158282,
        "kurtosis_excess": 0.7984475669170443,
        "delta_mean_median": -0.009553696021668667
      },
      "d": {
        "n": 129,
        "nan_frac": 0.0,
        "mean": 0.8916081971192892,
        "median": 0.24665357172489166,
        "std": 1.3090814788198264,
        "iqr": 2.6593771278858185,
        "mad": 0.8997587710618973,
        "mad_sigma": 1.3339823539763689,
        "skewness": 0.15861831416024327,
        "kurtosis_excess": -1.767308141003626,
        "delta_mean_median": 0.6449546253943975
      },
      "e": {
        "n": 129,
        "nan_frac": 0.0,
        "mean": 0.26736314766029573,
        "median": 0.23339244723320007,
        "std": 0.7342490581132657,
        "iqr": 0.6666511967778206,
        "mad": 0.3459415137767792,
        "mad_sigma": 0.5128928883254528,
        "skewness": 0.2493203080148858,
        "kurtosis_excess": 1.7156478540347129,
        "delta_mean_median": 0.03397070042709566
      }
    },
    "subcoords": {
      "m_a": {
        "n": 129,
        "nan_frac": 0.0,
        "mean": 0.23640633223202917,
        "median": -0.04760666564106941,
        "std": 0.8174286754401031,
        "iqr": 1.6606990993022919,
        "mad": 0.6846163086593151,
        "mad_sigma": 1.0150121392183005,
        "skewness": 0.1562108032729268,
        "kurtosis_excess": -1.586560258162346,
        "delta_mean_median": 0.2840129978730986
      },
      "m_e": {
        "n": 129,
        "nan_frac": 0.0,
        "mean": -0.15667025176014088,
        "median": -0.2200225442647934,
        "std": 0.4194287181857871,
        "iqr": 0.6007628887891769,
        "mad": 0.2782342880964279,
        "mad_sigma": 0.412510155531764,
        "skewness": 0.07095446449062143,
        "kurtosis_excess": -0.5798992731161601,
        "delta_mean_median": 0.06335229250465252
      },
      "m_o": {
        "n": 129,
        "nan_frac": 0.0,
        "mean": 0.27729982222148847,
        "median": 0.11601037532091141,
        "std": 1.1232334695089623,
        "iqr": 1.192457765340805,
        "mad": 0.6276506260037422,
        "mad_sigma": 0.9305548181131481,
        "skewness": 0.9675829985036849,
        "kurtosis_excess": 1.0704525585351536,
        "delta_mean_median": 0.16128944690057706
      },
      "d_n": {
        "n": 129,
        "nan_frac": 0.0,
        "mean": 0.18654820779266285,
        "median": -0.013476228341460228,
        "std": 0.9565110499581883,
        "iqr": 0.6943949162960052,
        "mad": 0.3280827943235636,
        "mad_sigma": 0.4864155508641153,
        "skewness": 2.3823148162489147,
        "kurtosis_excess": 6.810653484937864,
        "delta_mean_median": 0.20002443613412307
      },
      "d_l": {
        "n": 129,
        "nan_frac": 0.0,
        "mean": 1.2519706068632677,
        "median": -0.03923331946134567,
        "std": 1.905886906020645,
        "iqr": 3.9754579067230225,
        "mad": 0.5918631032109261,
        "mad_sigma": 0.8774962368205189,
        "skewness": 0.3308275958897638,
        "kurtosis_excess": -1.8187630061741618,
        "delta_mean_median": 1.2912039263246133
      },
      "d_s": {
        "n": 129,
        "nan_frac": 0.0,
        "mean": 1.0952968645349954,
        "median": 0.09628355503082275,
        "std": 1.840317873766661,
        "iqr": 3.688357174396515,
        "mad": 1.259416937828064,
        "mad_sigma": 1.8672115520238874,
        "skewness": 0.14450659873733257,
        "kurtosis_excess": -1.7791911571974042,
        "delta_mean_median": 0.9990133095041727
      },
      "e_e": {
        "n": 129,
        "nan_frac": 0.0,
        "mean": -0.006889978217957325,
        "median": 0.0,
        "std": 1.2673544707693865,
        "iqr": 1.3539126515388489,
        "mad": 0.6744906902313232,
        "mad_sigma": 0.9999998973369598,
        "skewness": 0.22996637554937235,
        "kurtosis_excess": 1.3605328021688337,
        "delta_mean_median": -0.006889978217957325
      },
      "e_s": {
        "n": 129,
        "nan_frac": 0.0,
        "mean": 0.6597349218619887,
        "median": 0.6400691270828247,
        "std": 0.5818087739606439,
        "iqr": 1.0992827415466309,
        "mad": 0.5727623701095581,
        "mad_sigma": 0.8491774899244308,
        "skewness": -0.07020124880599417,
        "kurtosis_excess": -1.4472674863229982,
        "delta_mean_median": 0.01966579477916397
      },
      "e_m": {
        "n": 129,
        "nan_frac": 0.0,
        "mean": -0.07114771739110466,
        "median": 0.0,
        "std": 1.0559803955096805,
        "iqr": 1.3331931233406067,
        "mad": 0.674490749835968,
        "mad_sigma": 0.9999999857068061,
        "skewness": -0.4309433676943476,
        "kurtosis_excess": -0.15218692850221993,
        "delta_mean_median": -0.07114771739110466
      }
    }
  },
  "entropy_provisional": {},
  "tau_summary": {
    "axes": {
      "m": {
        "tau_sec": 8.0,
        "dt_sec": 4.0,
        "max_lag_sec": 60.0,
        "threshold": 0.36787944117144233,
        "nan_frac": 0.0,
        "nan_policy": "strict"
      },
      "d": {
        "tau_sec": 36.0,
        "dt_sec": 4.0,
        "max_lag_sec": 60.0,
        "threshold": 0.36787944117144233,
        "nan_frac": 0.0,
        "nan_policy": "strict"
      },
      "e": {
        "tau_sec": 8.0,
        "dt_sec": 4.0,
        "max_lag_sec": 60.0,
        "threshold": 0.36787944117144233,
        "nan_frac": 0.0,
        "nan_policy": "strict"
      }
    },
    "subcoords": {
      "m_a": {
        "tau_sec": 32.0,
        "dt_sec": 4.0,
        "max_lag_sec": 60.0,
        "threshold": 0.36787944117144233,
        "nan_frac": 0.0,
        "nan_policy": "strict"
      },
      "m_e": {
        "tau_sec": 8.0,
        "dt_sec": 4.0,
        "max_lag_sec": 60.0,
        "threshold": 0.36787944117144233,
        "nan_frac": 0.0,
        "nan_policy": "strict"
      },
      "m_o": {
        "tau_sec": 8.0,
        "dt_sec": 4.0,
        "max_lag_sec": 60.0,
        "threshold": 0.36787944117144233,
        "nan_frac": 0.0,
        "nan_policy": "strict"
      },
      "d_n": {
        "tau_sec": 8.0,
        "dt_sec": 4.0,
        "max_lag_sec": 60.0,
        "threshold": 0.36787944117144233,
        "nan_frac": 0.0,
        "nan_policy": "strict"
      },
      "d_l": {
        "tau_sec": 36.0,
        "dt_sec": 4.0,
        "max_lag_sec": 60.0,
        "threshold": 0.36787944117144233,
        "nan_frac": 0.0,
        "nan_policy": "strict"
      },