{
  "dataset_id": "ds003478:sub-104:rest_Rest_run-02",
  "subject": "sub-104",
  "session": null,
  "reliability_axes": {
    "m": 0.7678638256067558,
    "d": 0.6146308487057188,
    "e": 0.6444534625506019
  },
  "reliability_subcoords": {
    "m_a": 0.9442389131891952,
    "m_e": 0.6919615516515135,
    "m_o": 0.7958653919694295,
    "d_n": 0.7254150077551557,
    "d_l": 0.8198454196984015,
    "d_s": 0.7087784754987245,
    "e_e": 0.5987375465986907,
    "e_s": 0.7377433002182656,
    "e_m": 0.9165693762245274
  }
}