{
  "dataset_id": "ds003478:sub-104:rest_Rest_run-02",
  "subject": "sub-104",
  "session": null,
  "coverage": {
    "epochs": 32,
    "seconds": 128.0
  },
  "artifacts": {
    "methods": [
      "none"
    ],
    "bad_eeg_channels": [],
    "n_bad_eeg_channels": 0,
    "stem_collisions": {}
  },
  "ensemble": {
    "var_by_subcoord": {
      "m_a": 0.005223582498729229,
      "m_e": 0.0008638137369416654,
      "m_o": 0.012796709313988686,
      "d_n": 0.00307165808044374,
      "d_l": 0.03676832094788551,
      "d_s": 0.03696028143167496,
      "e_e": 3.0613272333779307e-13,
      "e_s": 0.028339048847556114,
      "e_m": 0.0
    },
    "var_mean": 0.013780379428614004,
    "var_max": 0.03696028143167496
  },
  "reliability": {
    "axes": {
      "m": 0.7678638256067558,
      "d": 0.6146308487057188,
      "e": 0.6444534625506019
    },
    "subcoords": {
      "m_a": 0.9442389131891952,
      "m_e": 0.6919615516515135,
      "m_o": 0.7958653919694295,
      "d_n": 0.7254150077551557,
      "d_l": 0.8198454196984015,
      "d_s": 0.7087784754987245,
      "e_e": 0.5987375465986907,
      "e_s": 0.7377433002182656,
      "e_m": 0.9165693762245274
    }
  },
  "dist_summary": {
    "axes": {
      "m": {
        "n": 32,
        "nan_frac": 0.0,
        "mean": -0.11513002013089135,
        "median": -0.1193266250193119,
        "std": 0.4297899966976327,
        "iqr": 0.5901746228337288,
        "mad": 0.29765531048178673,
        "mad_sigma": 0.44130376332029697,
        "skewness": -0.23613130394332715,
        "kurtosis_excess": -0.42937757700784607,
        "delta_mean_median": 0.004196604888420552
      },
      "d": {
        "n": 32,
        "nan_frac": 0.0,
        "mean": 0.04073032494488871,
        "median": 0.05593137443065643,
        "std": 0.5175916191563585,
        "iqr": 0.32209492288529873,
        "mad": 0.1660858616232872,
        "mad_sigma": 0.2462388984426856,
        "skewness": -0.3412578093233052,
        "kurtosis_excess": 0.5191493817378747,
        "delta_mean_median": -0.015201049485767726
      },
      "e": {
        "n": 32,
        "nan_frac": 0.0,
        "mean": 0.24775255302665755,
        "median": -0.008927845396101475,
        "std": 0.8772573881122196,
        "iqr": 0.7184962220489979,
        "mad": 0.4334157258272171,
        "mad_sigma": 0.642582155111432,
        "skewness": 1.0600788167875077,
        "kurtosis_excess": 0.388185545513247,
        "delta_mean_median": 0.256680398422759
      }
    },
    "subcoords": {
      "m_a": {
        "n": 32,
        "nan_frac": 0.0,
        "mean": -0.4317075174767524,
        "median": 0.008915308862924576,
        "std": 1.2021763173648874,
        "iqr": 1.9867713749408722,
        "mad": 0.6840062104165554,
        "mad_sigma": 1.014107607563585,
        "skewness": -1.0360897693278623,
        "kurtosis_excess": 0.136131692061924,
        "delta_mean_median": -0.440622826339677
      },
      "m_e": {
        "n": 32,
        "nan_frac": 0.0,
        "mean": 0.1392828748212196,
        "median": 0.26083268970251083,
        "std": 0.5715260391609686,
        "iqr": 0.7124552726745605,
        "mad": 0.38235872611403465,
        "mad_sigma": 0.5668850473366678,
        "skewness": -0.439443664608445,
        "kurtosis_excess": -0.7127238344071549,
        "delta_mean_median": -0.12154981488129124
      },
      "m_o": {
        "n": 32,
        "nan_frac": 0.0,
        "mean": 0.010094380759255728,
        "median": 0.06734857335686684,
        "std": 0.7250739830816032,
        "iqr": 1.2035817354917526,
        "mad": 0.6405306458473206,
        "mad_sigma": 0.9496507355332374,
        "skewness": 0.09820518103985311,
        "kurtosis_excess": -1.091962047678614,
        "delta_mean_median": -0.05725419259761111
      },
      "d_n": {
        "n": 32,
        "nan_frac": 0.0,
        "mean": 0.20990573056042194,
        "median": 0.13282182067632675,
        "std": 0.8361800603356367,
        "iqr": 1.1681789830327034,
        "mad": 0.5923561453819275,
        "mad_sigma": 0.8782272211432457,
        "skewness": 0.6392796774387439,
        "kurtosis_excess": 0.13435795415639218,
        "delta_mean_median": 0.07708390988409519
      },
      "d_l": {
        "n": 32,
        "nan_frac": 0.0,
        "mean": -0.15110280679073185,
        "median": 0.20179739594459534,
        "std": 0.9641181115665837,
        "iqr": 0.6713061705231667,
        "mad": 0.351966917514801,
        "mad_sigma": 0.521826151907444,
        "skewness": -1.5755192554490605,
        "kurtosis_excess": 1.4872607812237755,
        "delta_mean_median": -0.3529002027353272
      },
      "d_s": {
        "n": 32,
        "nan_frac": 0.0,
        "mean": 0.30042840633541346,
        "median": 0.2706664800643921,
        "std": 0.6805787130533726,
        "iqr": 0.7706009298563004,
        "mad": 0.4433773308992386,
        "mad_sigma": 0.657351230791211,
        "skewness": 0.5794129595026631,
        "kurtosis_excess": -0.21602216269651997,
        "delta_mean_median": 0.029761926271021366
      },
      "e_e": {
        "n": 32,
        "nan_frac": 0.0,
        "mean": 0.01112898497376591,
        "median": 0.0,
        "std": 0.949443681824454,
        "iqr": 1.3490048050880432,
        "mad": 0.674490749835968,
        "mad_sigma": 0.9999999857068061,
        "skewness": 0.20025913746855267,
        "kurtosis_excess": -0.2546953802706442,
        "delta_mean_median": 0.01112898497376591
      },
      "e_s": {
        "n": 32,
        "nan_frac": 0.0,
        "mean": 0.5647658704547212,
        "median": 0.08835203945636749,
        "std": 1.1154642772338446,
        "iqr": 1.3364762663841248,
        "mad": 0.48978620767593384,
        "mad_sigma": 0.7261570315003395,
        "skewness": 1.3711113863058773,
        "kurtosis_excess": 0.8095750728002686,
        "delta_mean_median": 0.47641383099835366
      },
      "e_m": {
        "n": 32,
        "nan_frac": 0.0,
        "mean": 0.4004789013415575,
        "median": 0.0,
        "std": 1.358008227686949,
        "iqr": 1.517604187130928,
        "mad": 0.674490749835968,
        "mad_sigma": 0.9999999857068061,
        "skewness": 1.390800485737938,
        "kurtosis_excess": 1.5107476781819873,
        "delta_mean_median": 0.4004789013415575
      }
    }
  },
  "entropy_provisional": {},
  "tau_summary": {
    "axes": {
      "m": {
        "tau_sec": 8.0,
        "dt_sec": 4.0,
        "max_lag_sec": 60.0,
        "threshold": 0.36787944117144233,
        "nan_frac": 0.0,
        "nan_policy": "strict"
      },
      "d": {
        "tau_sec": 8.0,
        "dt_sec": 4.0,
        "max_lag_sec": 60.0,
        "threshold": 0.36787944117144233,
        "nan_frac": 0.0,
        "nan_policy": "strict"
      },
      "e": {
        "tau_sec": 8.0,
        "dt_sec": 4.0,
        "max_lag_sec": 60.0,
        "threshold": 0.36787944117144233,
        "nan_frac": 0.0,
        "nan_policy": "strict"
      }
    },
    "subcoords": {
      "m_a": {
        "tau_sec": 12.0,
        "dt_sec": 4.0,
        "max_lag_sec": 60.0,
        "threshold": 0.36787944117144233,
        "nan_frac": 0.0,
        "nan_policy": "strict"
      },
      "m_e": {
        "tau_sec": 8.0,
        "dt_sec": 4.0,
        "max_lag_sec": 60.0,
        "threshold": 0.36787944117144233,
        "nan_frac": 0.0,
        "nan_policy": "strict"
      },
      "m_o": {
        "tau_sec": 12.0,
        "dt_sec": 4.0,
        "max_lag_sec": 60.0,
        "threshold": 0.36787944117144233,
        "nan_frac": 0.0,
        "nan_policy": "strict"
      },
      "d_n": {
        "tau_sec": 8.0,
        "dt_sec": 4.0,
        "max_lag_sec": 60.0,
        "threshold": 0.36787944117144233,
        "nan_frac": 0.0,
        "nan_policy": "strict"
      },
      "d_l": {
        "tau_sec": 8.0,
        "dt_sec": 4.0,
        "max_lag_sec": 60.0,
        "threshold": 0.36787944117144233,
        "nan_frac": 0.0,
        "nan_policy": "strict"
      },