{
  "dataset_id": "ds003478:sub-073:rest_Rest_run-02",
  "subject": "sub-073",
  "session": null,
  "reliability_axes": {
    "m": 0.8394121747115242,
    "d": 0.9346810992036461,
    "e": 0.6955229136864142
  },
  "reliability_subcoords": {
    "m_a": 0.9596871041492776,
    "m_e": 0.8139645475962425,
    "m_o": 0.8302037498411964,
    "d_n": 0.6807612426716191,
    "d_l": 0.9725524768658048,
    "d_s": 0.9165209016517186,
    "e_e": 0.7081152388026394,
    "e_s": 0.9170879552726131,
    "e_m": 0.7813631080899268
  }
}