{
  "dataset_id": "ds003478:sub-073:rest_Rest_run-02",
  "subject": "sub-073",
  "session": null,
  "coverage": {
    "epochs": 44,
    "seconds": 176.0
  },
  "artifacts": {
    "methods": [
      "none"
    ],
    "bad_eeg_channels": [],
    "n_bad_eeg_channels": 0,
    "stem_collisions": {}
  },
  "ensemble": {
    "var_by_subcoord": {
      "m_a": 0.020184405148029327,
      "m_e": 0.0206555537879467,
      "m_o": 0.0006853296654298902,
      "d_n": 0.002630489179864526,
      "d_l": 0.01628054305911064,
      "d_s": 0.004385604988783598,
      "e_e": 1.6263032587282567e-13,
      "e_s": 0.0003783729043789208,
      "e_m": 0.0
    },
    "var_mean": 0.007244477637078471,
    "var_max": 0.0206555537879467
  },
  "reliability": {
    "axes": {
      "m": 0.8394121747115242,
      "d": 0.9346810992036461,
      "e": 0.6955229136864142
    },
    "subcoords": {
      "m_a": 0.9596871041492776,
      "m_e": 0.8139645475962425,
      "m_o": 0.8302037498411964,
      "d_n": 0.6807612426716191,
      "d_l": 0.9725524768658048,
      "d_s": 0.9165209016517186,
      "e_e": 0.7081152388026394,
      "e_s": 0.9170879552726131,
      "e_m": 0.7813631080899268
    }
  },
  "dist_summary": {
    "axes": {
      "m": {
        "n": 44,
        "nan_frac": 0.0,
        "mean": -0.035906455839391456,
        "median": 0.025193111039698124,
        "std": 0.4012942455592172,
        "iqr": 0.4709974080324173,
        "mad": 0.22944715525954962,
        "mad_sigma": 0.34017835238780825,
        "skewness": -0.7442663398081485,
        "kurtosis_excess": 0.12631972678870484,
        "delta_mean_median": -0.06109956687908958
      },
      "d": {
        "n": 44,
        "nan_frac": 0.0,
        "mean": 0.5425296813588251,
        "median": 0.010984126012772322,
        "std": 1.1090064322479416,
        "iqr": 1.944915533065796,
        "mad": 0.4436667296104133,
        "mad_sigma": 0.6577802933203988,
        "skewness": 0.5027675577744035,
        "kurtosis_excess": -1.2854377445016716,
        "delta_mean_median": 0.5315455553460527
      },
      "e": {
        "n": 44,
        "nan_frac": 0.0,
        "mean": 0.1426107224754312,
        "median": 0.13491041958332062,
        "std": 0.4411910286457778,
        "iqr": 0.5294502209872007,
        "mad": 0.26526323705911636,
        "mad_sigma": 0.3932792752638459,
        "skewness": -0.33640765410370693,
        "kurtosis_excess": -0.04856727839867814,
        "delta_mean_median": 0.007700302892110572
      }
    },
    "subcoords": {
      "m_a": {
        "n": 44,
        "nan_frac": 0.0,
        "mean": -0.07188423485918478,
        "median": -0.03383145295083523,
        "std": 0.8274101995644054,
        "iqr": 1.0717231556773186,
        "mad": 0.6896189507097006,
        "mad_sigma": 1.022429056322202,
        "skewness": -0.8077980967108275,
        "kurtosis_excess": -0.16866208818292527,
        "delta_mean_median": -0.038052781908349556
      },
      "m_e": {
        "n": 44,
        "nan_frac": 0.0,
        "mean": -0.0434059735853225,
        "median": -0.017066776752471924,
        "std": 0.37289855999122995,
        "iqr": 0.6047258302569389,
        "mad": 0.3049868196249008,
        "mad_sigma": 0.45217345877587795,
        "skewness": -0.3200773242281923,
        "kurtosis_excess": -0.5579411538442116,
        "delta_mean_median": -0.026339196832850575
      },
      "m_o": {
        "n": 44,
        "nan_frac": 0.0,
        "mean": 0.022829010320658035,
        "median": 0.0504643302410841,
        "std": 0.7339771104743738,
        "iqr": 1.0871857702732086,
        "mad": 0.5570367276668549,
        "mad_sigma": 0.825862652438879,
        "skewness": 0.07951785290431293,
        "kurtosis_excess": -0.9049104376312971,
        "delta_mean_median": -0.027635319920426064
      },
      "d_n": {
        "n": 44,
        "nan_frac": 0.0,
        "mean": 0.0010452640496871688,
        "median": 0.021130673587322235,
        "std": 0.6303571460961409,
        "iqr": 0.7401193082332611,
        "mad": 0.38253404200077057,
        "mad_sigma": 0.5671449706703424,
        "skewness": 0.5453105656701035,
        "kurtosis_excess": 0.9976913341861935,
        "delta_mean_median": -0.020085409537635067
      },
      "d_l": {
        "n": 44,
        "nan_frac": 0.0,
        "mean": 0.811221697283062,
        "median": -0.030683666467666626,
        "std": 1.5664610746545355,
        "iqr": 2.8781462609767914,
        "mad": 0.7018098533153534,
        "mad_sigma": 1.040503288525343,
        "skewness": 0.6134737913664653,
        "kurtosis_excess": -1.3494443015371897,
        "delta_mean_median": 0.8419053637507287
      },
      "d_s": {
        "n": 44,
        "nan_frac": 0.0,
        "mean": 0.7225824062797156,
        "median": -0.053064025938510895,
        "std": 1.6012891494551453,
        "iqr": 2.8402839079499245,
        "mad": 0.7929543778300285,
        "mad_sigma": 1.1756341605708003,
        "skewness": 0.5404766967214104,
        "kurtosis_excess": -1.2523206480754785,
        "delta_mean_median": 0.7756464322182265
      },
      "e_e": {
        "n": 44,
        "nan_frac": 0.0,
        "mean": -0.062396985732696274,
        "median": 1.5329569578170776e-06,
        "std": 0.8448717713589409,
        "iqr": 1.3089921176433563,
        "mad": 0.674490749835968,
        "mad_sigma": 0.9999999857068061,
        "skewness": -0.36548922147726387,
        "kurtosis_excess": -0.9525714017009501,
        "delta_mean_median": -0.06239851868965409
      },
      "e_s": {
        "n": 44,
        "nan_frac": 0.0,
        "mean": 0.4271069529720328,
        "median": 0.3607639670372009,
        "std": 0.6005649254640301,
        "iqr": 1.1213506981730461,
        "mad": 0.5537672862410545,
        "mad_sigma": 0.8210153785809874,
        "skewness": 0.14470650467830645,
        "kurtosis_excess": -1.3993130547248216,
        "delta_mean_median": 0.0663429859348319
      },
      "e_m": {
        "n": 44,
        "nan_frac": 0.0,
        "mean": 0.07157404585318132,
        "median": 1.862645149230957e-07,
        "std": 1.5392571500165206,
        "iqr": 1.3480364084243774,
        "mad": 0.674490749835968,
        "mad_sigma": 0.9999999857068061,
        "skewness": 0.12991266737038398,
        "kurtosis_excess": 1.1585720536743498,
        "delta_mean_median": 0.0715738595886664
      }
    }
  },
  "entropy_provisional": {},
  "tau_summary": {
    "axes": {
      "m": {
        "tau_sec": 8.0,
        "dt_sec": 4.0,
        "max_lag_sec": 60.0,
        "threshold": 0.36787944117144233,
        "nan_frac": 0.0,
        "nan_policy": "strict"
      },
      "d": {
        "tau_sec": 24.0,
        "dt_sec": 4.0,
        "max_lag_sec": 60.0,
        "threshold": 0.36787944117144233,
        "nan_frac": 0.0,
        "nan_policy": "strict"
      },
      "e": {
        "tau_sec": 8.0,
        "dt_sec": 4.0,
        "max_lag_sec": 60.0,
        "threshold": 0.36787944117144233,
        "nan_frac": 0.0,
        "nan_policy": "strict"
      }
    },
    "subcoords": {
      "m_a": {
        "tau_sec": 12.0,
        "dt_sec": 4.0,
        "max_lag_sec": 60.0,
        "threshold": 0.36787944117144233,
        "nan_frac": 0.0,
        "nan_policy": "strict"
      },
      "m_e": {
        "tau_sec": 8.0,
        "dt_sec": 4.0,
        "max_lag_sec": 60.0,
        "threshold": 0.36787944117144233,
        "nan_frac": 0.0,
        "nan_policy": "strict"
      },
      "m_o": {
        "tau_sec": 8.0,
        "dt_sec": 4.0,
        "max_lag_sec": 60.0,
        "threshold": 0.36787944117144233,
        "nan_frac": 0.0,
        "nan_policy": "strict"
      },
      "d_n": {
        "tau_sec": 8.0,
        "dt_sec": 4.0,
        "max_lag_sec": 60.0,
        "threshold": 0.36787944117144233,
        "nan_frac": 0.0,
        "nan_policy": "strict"
      },
      "d_l": {
        "tau_sec": 28.0,
        "dt_sec": 4.0,
        "max_lag_sec": 60.0,
        "threshold": 0.36787944117144233,