{
  "dataset_id": "ds003478:sub-014:rest_Rest_run-02",
  "subject": "sub-014",
  "session": null,
  "reliability_axes": {
    "m": 0.2780865796347975,
    "d": 0.9456236419871993,
    "e": 0.5528122239632878
  },
  "reliability_subcoords": {
    "m_a": 0.9518989588983648,
    "m_e": 0.574321334288627,
    "m_o": 0.6421194000856858,
    "d_n": 0.47342237225280837,
    "d_l": 0.9932362736655128,
    "d_s": 0.9467564733747329,
    "e_e": 0.6846145365304477,
    "e_s": 0.9107361516719266,
    "e_m": null
  }
}