{
  "dataset_id": "ds003478:sub-004:rest_Rest_run-02",
  "subject": "sub-004",
  "session": null,
  "reliability_axes": {
    "m": 0.7747649440393948,
    "d": 0.5312006258212915,
    "e": 0.7608968727271483
  },
  "reliability_subcoords": {
    "m_a": 0.7199402174476786,
    "m_e": 0.7399436425468344,
    "m_o": 0.7722273985259884,
    "d_n": 0.24037661946952266,
    "d_l": 0.6556724581337239,
    "d_s": 0.7742398683518533,
    "e_e": 0.8286223420158881,
    "e_s": 0.6458038680735724,
    "e_m": null
  }
}