{
  "dataset_id": "ds003478:sub-097:rest_Rest_run-01",
  "subject": "sub-097",
  "session": null,
  "reliability_axes": {
    "m": 0.8746813109672071,
    "d": 0.5728194224737643,
    "e": 0.8063512534068529
  },
  "reliability_subcoords": {
    "m_a": 0.8531054091989755,
    "m_e": 0.8157777052903031,
    "m_o": 0.8241651725275254,
    "d_n": 0.532191029318727,
    "d_l": 0.5658946947422642,
    "d_s": 0.7580762568343834,
    "e_e": 0.8887864153782702,
    "e_s": 0.900325345254901,
    "e_m": 0.761439101010263
  }
}