{
  "dataset_id": "ds003478:sub-097:rest_Rest_run-01",
  "subject": "sub-097",
  "session": null,
  "coverage": {
    "epochs": 125,
    "seconds": 500.0
  },
  "artifacts": {
    "methods": [
      "none"
    ],
    "bad_eeg_channels": [],
    "n_bad_eeg_channels": 0,
    "stem_collisions": {}
  },
  "ensemble": {
    "var_by_subcoord": {
      "m_a": 0.011076297610998154,
      "m_e": 0.0014778830809518695,
      "m_o": 0.001844357349909842,
      "d_n": 0.001322828233242035,
      "d_l": 0.004443678073585033,
      "d_s": 0.0074526043608784676,
      "e_e": 0.0,
      "e_s": 0.0017684425693005323,
      "e_m": 0.0
    },
    "var_mean": 0.003265121253207326,
    "var_max": 0.011076297610998154
  },
  "reliability": {
    "axes": {
      "m": 0.8746813109672071,
      "d": 0.5728194224737643,
      "e": 0.8063512534068529
    },
    "subcoords": {
      "m_a": 0.8531054091989755,
      "m_e": 0.8157777052903031,
      "m_o": 0.8241651725275254,
      "d_n": 0.532191029318727,
      "d_l": 0.5658946947422642,
      "d_s": 0.7580762568343834,
      "e_e": 0.8887864153782702,
      "e_s": 0.900325345254901,
      "e_m": 0.761439101010263
    }
  },
  "dist_summary": {
    "axes": {
      "m": {
        "n": 125,
        "nan_frac": 0.0,
        "mean": 0.07300383451581001,
        "median": -0.08774201571941376,
        "std": 0.582250422110518,
        "iqr": 0.9464388191699982,
        "mad": 0.4367760270833969,
        "mad_sigma": 0.6475641377538442,
        "skewness": 0.5222907063392123,
        "kurtosis_excess": -0.9071154138536035,
        "delta_mean_median": 0.16074585023522375
      },
      "d": {
        "n": 125,
        "nan_frac": 0.0,
        "mean": 0.2438398064766079,
        "median": 0.2603851854801178,
        "std": 0.44691805223764586,
        "iqr": 0.5193772464990616,
        "mad": 0.2758793532848358,
        "mad_sigma": 0.4090187291800976,
        "skewness": 0.09593024912763214,
        "kurtosis_excess": 0.5110325986445803,
        "delta_mean_median": -0.016545379003509886
      },
      "e": {
        "n": 125,
        "nan_frac": 0.0,
        "mean": -0.028268517151009292,
        "median": -0.017385302111506462,
        "std": 0.3093986859299033,
        "iqr": 0.372321292757988,
        "mad": 0.18289138190448284,
        "mad_sigma": 0.27115476281158624,
        "skewness": 0.09509584623483654,
        "kurtosis_excess": 0.22716542119371486,
        "delta_mean_median": -0.01088321503950283
      }
    },
    "subcoords": {
      "m_a": {
        "n": 125,
        "nan_frac": 0.0,
        "mean": -0.047360472746193406,
        "median": -0.18309460580348969,
        "std": 0.7605239884456696,
        "iqr": 1.218993902206421,
        "mad": 0.5505476146936417,
        "mad_sigma": 0.816241893544793,
        "skewness": 0.06277964883540042,
        "kurtosis_excess": -0.8747652368299863,
        "delta_mean_median": 0.13573413305729629
      },
      "m_e": {
        "n": 125,
        "nan_frac": 0.0,
        "mean": 0.08555472668260336,
        "median": 0.05976118519902229,
        "std": 0.2594895404787981,
        "iqr": 0.42935167998075485,
        "mad": 0.20066258683800697,
        "mad_sigma": 0.29750235124602914,
        "skewness": 0.14898237396771663,
        "kurtosis_excess": -1.0888663537907846,
        "delta_mean_median": 0.025793541483581067
      },
      "m_o": {
        "n": 125,
        "nan_frac": 0.0,
        "mean": 0.2234991532564163,
        "median": 0.028493842110037804,
        "std": 1.032622875774667,
        "iqr": 1.6685346961021423,
        "mad": 0.7481517400592566,
        "mad_sigma": 1.1092097698118537,
        "skewness": 0.5075411477637547,
        "kurtosis_excess": -0.7908064375580337,
        "delta_mean_median": 0.1950053111463785
      },
      "d_n": {
        "n": 125,
        "nan_frac": 0.0,
        "mean": 0.2912167758345604,
        "median": 0.22592014074325562,
        "std": 0.4526399961806334,
        "iqr": 0.5812566578388214,
        "mad": 0.28157007694244385,
        "mad_sigma": 0.4174557960748672,
        "skewness": 0.7897382254156351,
        "kurtosis_excess": 0.30895597248743556,
        "delta_mean_median": 0.06529663509130479
      },
      "d_l": {
        "n": 125,
        "nan_frac": 0.0,
        "mean": 0.2362547032237053,
        "median": 0.3787119686603546,
        "std": 0.646443499972173,
        "iqr": 0.7723465263843536,
        "mad": 0.3285452723503113,
        "mad_sigma": 0.4871012207865715,
        "skewness": -0.21621304876182637,
        "kurtosis_excess": 0.1971516155102111,
        "delta_mean_median": -0.14245726543664933
      },
      "d_s": {
        "n": 125,
        "nan_frac": 0.0,
        "mean": 0.18145160381495953,
        "median": 0.021453293040394783,
        "std": 0.9021704875103541,
        "iqr": 1.4610364437103271,
        "mad": 0.7114362400025129,
        "mad_sigma": 1.0547753694277255,
        "skewness": 0.5528650266378473,
        "kurtosis_excess": -0.6748659669373,
        "delta_mean_median": 0.15999831077456475
      },
      "e_e": {
        "n": 125,
        "nan_frac": 0.0,
        "mean": -0.13735903827659784,
        "median": 0.0,
        "std": 0.7985105545192895,
        "iqr": 1.3531805276870728,
        "mad": 0.674490749835968,
        "mad_sigma": 0.9999999857068061,
        "skewness": -0.34686595574060325,
        "kurtosis_excess": -1.051400709879211,
        "delta_mean_median": -0.13735903827659784
      },
      "e_s": {
        "n": 125,
        "nan_frac": 0.0,
        "mean": 0.10504092475771903,
        "median": 0.2572970390319824,
        "std": 0.7399942817328247,
        "iqr": 1.3156993389129639,
        "mad": 0.5962029695510864,
        "mad_sigma": 0.8839305226564407,
        "skewness": -0.09994697228707937,
        "kurtosis_excess": -1.0913341611483716,
        "delta_mean_median": -0.1522561142742634
      },
      "e_m": {
        "n": 125,
        "nan_frac": 0.0,
        "mean": 0.3075677881240845,
        "median": 0.0,
        "std": 1.234901032196611,
        "iqr": 1.348981499671936,
        "mad": 0.674490749835968,
        "mad_sigma": 0.9999999857068061,
        "skewness": 1.5563445583396012,
        "kurtosis_excess": 2.4217539418856724,
        "delta_mean_median": 0.3075677881240845
      }
    }
  },
  "entropy_provisional": {},
  "tau_summary": {
    "axes": {
      "m": {
        "tau_sec": 24.0,
        "dt_sec": 4.0,
        "max_lag_sec": 60.0,
        "threshold": 0.36787944117144233,
        "nan_frac": 0.0,
        "nan_policy": "strict"
      },
      "d": {
        "tau_sec": 8.0,
        "dt_sec": 4.0,
        "max_lag_sec": 60.0,
        "threshold": 0.36787944117144233,
        "nan_frac": 0.0,
        "nan_policy": "strict"
      },
      "e": {
        "tau_sec": 12.0,
        "dt_sec": 4.0,
        "max_lag_sec": 60.0,
        "threshold": 0.36787944117144233,
        "nan_frac": 0.0,
        "nan_policy": "strict"
      }
    },
    "subcoords": {
      "m_a": {
        "tau_sec": 24.0,
        "dt_sec": 4.0,
        "max_lag_sec": 60.0,
        "threshold": 0.36787944117144233,
        "nan_frac": 0.0,
        "nan_policy": "strict"
      },
      "m_e": {
        "tau_sec": 20.0,
        "dt_sec": 4.0,
        "max_lag_sec": 60.0,
        "threshold": 0.36787944117144233,
        "nan_frac": 0.0,
        "nan_policy": "strict"
      },
      "m_o": {
        "tau_sec": 20.0,
        "dt_sec": 4.0,
        "max_lag_sec": 60.0,
        "threshold": 0.36787944117144233,
        "nan_frac": 0.0,
        "nan_policy": "strict"
      },
      "d_n": {
        "tau_sec": 8.0,
        "dt_sec": 4.0,
        "max_lag_sec": 60.0,
        "threshold": 0.36787944117144233,
        "nan_frac": 0.0,
        "nan_policy": "strict"
      },
      "d_l": {
        "tau_sec": 8.0,
        "dt_sec": 4.0,
        "max_lag_sec": 60.0,
        "threshold": 0.36787944117144233,
        "nan_frac": 0.0,
        "nan_policy": "strict"
      },