{
  "dataset_id": "ds003478:sub-089:rest_Rest_run-02",
  "subject": "sub-089",
  "session": null,
  "reliability_axes": {
    "m": 0.5864736476771296,
    "d": 0.8348210978027317,
    "e": 0.8590019544420061
  },
  "reliability_subcoords": {
    "m_a": 0.6267966557461261,
    "m_e": 0.7048309292685025,
    "m_o": 0.9001634617238,
    "d_n": 0.3193719246243169,
    "d_l": 0.8439882475327073,
    "d_s": 0.8470734036623313,
    "e_e": 0.9026308701409179,
    "e_s": 0.6748539372110677,
    "e_m": 0.5959878337695956
  }
}