{
  "dataset_id": "ds003478:sub-089:rest_Rest_run-02",
  "subject": "sub-089",
  "session": null,
  "coverage": {
    "epochs": 40,
    "seconds": 160.0
  },
  "artifacts": {
    "methods": [
      "none"
    ],
    "bad_eeg_channels": [],
    "n_bad_eeg_channels": 0,
    "stem_collisions": {}
  },
  "ensemble": {
    "var_by_subcoord": {
      "m_a": 0.001527533633634448,
      "m_e": 0.02122347056865692,
      "m_o": 0.0025342507287859917,
      "d_n": 0.016986079514026642,
      "d_l": 0.23969116806983948,
      "d_s": 0.35834142565727234,
      "e_e": 2.351105421460886e-13,
      "e_s": 0.01552921999245882,
      "e_m": 0.0
    },
    "var_mean": 0.07287034979610109,
    "var_max": 0.35834142565727234
  },
  "reliability": {
    "axes": {
      "m": 0.5864736476771296,
      "d": 0.8348210978027317,
      "e": 0.8590019544420061
    },
    "subcoords": {
      "m_a": 0.6267966557461261,
      "m_e": 0.7048309292685025,
      "m_o": 0.9001634617238,
      "d_n": 0.3193719246243169,
      "d_l": 0.8439882475327073,
      "d_s": 0.8470734036623313,
      "e_e": 0.9026308701409179,
      "e_s": 0.6748539372110677,
      "e_m": 0.5959878337695956
    }
  },
  "dist_summary": {
    "axes": {
      "m": {
        "n": 40,
        "nan_frac": 0.0,
        "mean": -0.049903332837857306,
        "median": -0.12399911507964134,
        "std": 0.3430210316623295,
        "iqr": 0.3852922301739454,
        "mad": 0.2054789923131466,
        "mad_sigma": 0.30464315400347114,
        "skewness": 1.2462453291419346,
        "kurtosis_excess": 1.7899788072160208,
        "delta_mean_median": 0.07409578224178404
      },
      "d": {
        "n": 40,
        "nan_frac": 0.0,
        "mean": 0.506064162729308,
        "median": 0.32046620547771454,
        "std": 1.0063540889601565,
        "iqr": 1.6660091876983643,
        "mad": 0.7814304381608963,
        "mad_sigma": 1.1585487676173447,
        "skewness": 0.5698181265908397,
        "kurtosis_excess": -1.0794000440081686,
        "delta_mean_median": 0.18559795725159345
      },
      "e": {
        "n": 40,
        "nan_frac": 0.0,
        "mean": 0.2670571559574455,
        "median": 0.24236202985048294,
        "std": 0.29843350766344734,
        "iqr": 0.48148513678461313,
        "mad": 0.2179996259510517,
        "mad_sigma": 0.32320624543502924,
        "skewness": 0.25976820817353197,
        "kurtosis_excess": -0.8134363540118952,
        "delta_mean_median": 0.02469512610696256
      }
    },
    "subcoords": {
      "m_a": {
        "n": 40,
        "nan_frac": 0.0,
        "mean": -0.014636861276812851,
        "median": 0.07065929658710957,
        "std": 0.7775678368864682,
        "iqr": 1.3316049426794052,
        "mad": 0.6610822211951017,
        "mad_sigma": 0.9801205011438577,
        "skewness": -0.1749555668634281,
        "kurtosis_excess": -1.1387077276473174,
        "delta_mean_median": -0.08529615786392242
      },
      "m_e": {
        "n": 40,
        "nan_frac": 0.0,
        "mean": -0.21913263866445049,
        "median": -0.18364211916923523,
        "std": 0.2947611132103217,
        "iqr": 0.3908092565834522,
        "mad": 0.19233891367912292,
        "mad_sigma": 0.2851616734206676,
        "skewness": 0.03789796862881034,
        "kurtosis_excess": -0.48749473480186856,
        "delta_mean_median": -0.035490519495215256
      },
      "m_o": {
        "n": 40,
        "nan_frac": 0.0,
        "mean": 0.1083431359846145,
        "median": 0.035034176893532276,
        "std": 0.8044970582015027,
        "iqr": 1.213524803519249,
        "mad": 0.6035746904090047,
        "mad_sigma": 0.8948598360003903,
        "skewness": 0.43949604272028536,
        "kurtosis_excess": -0.7882431908076382,
        "delta_mean_median": 0.07330895909108222
      },
      "d_n": {
        "n": 40,
        "nan_frac": 0.0,
        "mean": -0.016460011713206768,
        "median": -0.12483617663383484,
        "std": 0.5249986350060268,
        "iqr": 0.40541107952594757,
        "mad": 0.20413747429847717,
        "mad_sigma": 0.30265421939492226,
        "skewness": 1.7317829576689057,
        "kurtosis_excess": 3.2015546860322983,
        "delta_mean_median": 0.10837616492062807
      },
      "d_l": {
        "n": 40,
        "nan_frac": 0.0,
        "mean": 0.7645507106557489,
        "median": 0.17121246084570885,
        "std": 1.4976574247208767,
        "iqr": 2.5799629390239716,
        "mad": 0.8231164813041687,
        "mad_sigma": 1.2203524951815605,
        "skewness": 0.6090704507222551,
        "kurtosis_excess": -1.1963453921128078,
        "delta_mean_median": 0.59333824981004
      },
      "d_s": {
        "n": 40,
        "nan_frac": 0.0,
        "mean": 0.6821467619389295,
        "median": 0.37571218609809875,
        "std": 1.528583037586469,
        "iqr": 2.4562525153160095,
        "mad": 1.0596009492874146,
        "mad_sigma": 1.5709643674135207,
        "skewness": 0.5691244059458166,
        "kurtosis_excess": -1.023662632870736,
        "delta_mean_median": 0.3064345758408308
      },
      "e_e": {
        "n": 40,
        "nan_frac": 0.0,
        "mean": 0.15732048638164997,
        "median": 0.0,
        "std": 0.7728607786772104,
        "iqr": 1.2092743143439293,
        "mad": 0.6744907796382904,
        "mad_sigma": 1.0000000298917293,
        "skewness": 0.07093762022761926,
        "kurtosis_excess": -1.1640964332745756,
        "delta_mean_median": 0.15732048638164997
      },
      "e_s": {
        "n": 40,
        "nan_frac": 0.0,
        "mean": 0.4486829493194818,
        "median": 0.35176868736743927,
        "std": 0.5819608214401135,
        "iqr": 0.6248375996947289,
        "mad": 0.2196527197957039,
        "mad_sigma": 0.32565712236911054,
        "skewness": -0.29595606734172264,
        "kurtosis_excess": 0.19372241383480437,
        "delta_mean_median": 0.09691426195204256
      },
      "e_m": {
        "n": 40,
        "nan_frac": 0.0,
        "mean": -0.37733645222615453,
        "median": 1.1408701539039612e-07,
        "std": 1.1614336618194807,
        "iqr": 1.0606692433357239,
        "mad": 0.6744907796382904,
        "mad_sigma": 1.0000000298917293,
        "skewness": -0.9117073676169565,
        "kurtosis_excess": -0.021660450271730802,
        "delta_mean_median": -0.3773365663131699
      }
    }
  },
  "entropy_provisional": {},
  "tau_summary": {
    "axes": {
      "m": {
        "tau_sec": 8.0,
        "dt_sec": 4.0,
        "max_lag_sec": 60.0,
        "threshold": 0.36787944117144233,
        "nan_frac": 0.0,
        "nan_policy": "strict"
      },
      "d": {
        "tau_sec": 24.0,
        "dt_sec": 4.0,
        "max_lag_sec": 60.0,
        "threshold": 0.36787944117144233,
        "nan_frac": 0.0,
        "nan_policy": "strict"
      },
      "e": {
        "tau_sec": 20.0,
        "dt_sec": 4.0,
        "max_lag_sec": 60.0,
        "threshold": 0.36787944117144233,
        "nan_frac": 0.0,
        "nan_policy": "strict"
      }
    },
    "subcoords": {
      "m_a": {
        "tau_sec": 8.0,
        "dt_sec": 4.0,
        "max_lag_sec": 60.0,
        "threshold": 0.36787944117144233,
        "nan_frac": 0.0,
        "nan_policy": "strict"
      },
      "m_e": {
        "tau_sec": 8.0,
        "dt_sec": 4.0,
        "max_lag_sec": 60.0,
        "threshold": 0.36787944117144233,
        "nan_frac": 0.0,
        "nan_policy": "strict"
      },
      "m_o": {
        "tau_sec": 32.0,
        "dt_sec": 4.0,
        "max_lag_sec": 60.0,
        "threshold": 0.36787944117144233,
        "nan_frac": 0.0,
        "nan_policy": "strict"
      },
      "d_n": {
        "tau_sec": 8.0,
        "dt_sec": 4.0,
        "max_lag_sec": 60.0,
        "threshold": 0.36787944117144233,
        "nan_frac": 0.0,
        "nan_policy": "strict"
      },
      "d_l": {
        "tau_sec": 24.0,
        "dt_sec": 4.0,
        "max_lag_sec": 60.0,
        "threshold": 0.36787944117144233,
        "nan_frac": 0.0,