{
  "dataset_id": "ds003478:sub-041:rest_Rest_run-01",
  "subject": "sub-041",
  "session": null,
  "reliability_axes": {
    "m": 0.736207096102135,
    "d": 0.4603527598376299,
    "e": 0.8215454103943923
  },
  "reliability_subcoords": {
    "m_a": 0.59257050950827,
    "m_e": 0.7567243892281554,
    "m_o": 0.8202650468068816,
    "d_n": 0.43056967270518165,
    "d_l": 0.4257168224130347,
    "d_s": 0.7640099650291855,
    "e_e": 0.9057953513359213,
    "e_s": 0.7568770073487976,
    "e_m": null
  }
}