{
  "dataset_id": "ds003478:sub-041:rest_Rest_run-01",
  "subject": "sub-041",
  "session": null,
  "coverage": {
    "epochs": 123,
    "seconds": 492.0
  },
  "artifacts": {
    "methods": [
      "none"
    ],
    "bad_eeg_channels": [],
    "n_bad_eeg_channels": 0,
    "stem_collisions": {}
  },
  "ensemble": {
    "var_by_subcoord": {
      "m_a": 0.00247038877569139,
      "m_e": 0.013098416849970818,
      "m_o": 0.0027843588031828403,
      "d_n": 0.0014980771811679006,
      "d_l": 0.0038830647245049477,
      "d_s": 0.0008319175685755908,
      "e_e": 0.0,
      "e_s": 0.005230671726167202,
      "e_m": 0.0
    },
    "var_mean": 0.0033107661810289654,
    "var_max": 0.013098416849970818
  },
  "reliability": {
    "axes": {
      "m": 0.736207096102135,
      "d": 0.4603527598376299,
      "e": 0.8215454103943923
    },
    "subcoords": {
      "m_a": 0.59257050950827,
      "m_e": 0.7567243892281554,
      "m_o": 0.8202650468068816,
      "d_n": 0.43056967270518165,
      "d_l": 0.4257168224130347,
      "d_s": 0.7640099650291855,
      "e_e": 0.9057953513359213,
      "e_s": 0.7568770073487976,
      "e_m": null
    }
  },
  "dist_summary": {
    "axes": {
      "m": {
        "n": 123,
        "nan_frac": 0.0,
        "mean": 0.03559846076470747,
        "median": -0.14247426390647888,
        "std": 0.574357720672803,
        "iqr": 0.9203131049871445,
        "mad": 0.31287437677383423,
        "mad_sigma": 0.4638675510048866,
        "skewness": -0.2356865535839285,
        "kurtosis_excess": 1.5087976193528938,
        "delta_mean_median": 0.17807272467118634
      },
      "d": {
        "n": 123,
        "nan_frac": 0.0,
        "mean": 0.09080377456209646,
        "median": 0.16853664815425873,
        "std": 0.5620653715739753,
        "iqr": 0.5293395221233368,
        "mad": 0.2740585580468178,
        "mad_sigma": 0.406319218160212,
        "skewness": 0.5566984649958073,
        "kurtosis_excess": 3.3769716602116366,
        "delta_mean_median": -0.07773287359216227
      },
      "e": {
        "n": 123,
        "nan_frac": 0.0,
        "mean": 0.06166555160444563,
        "median": 0.053692057728767395,
        "std": 0.45057004702823594,
        "iqr": 0.6207285523414612,
        "mad": 0.30175845324993134,
        "mad_sigma": 0.44738708278834816,
        "skewness": 0.4827868115777772,
        "kurtosis_excess": -0.1741049093321645,
        "delta_mean_median": 0.007973493875678236
      }
    },
    "subcoords": {
      "m_a": {
        "n": 123,
        "nan_frac": 0.0,
        "mean": -0.04050339447765997,
        "median": -0.044071488082408905,
        "std": 0.8599751395701798,
        "iqr": 1.1278392970561981,
        "mad": 0.6106389090418816,
        "mad_sigma": 0.9053332465454935,
        "skewness": -2.6587356132744233,
        "kurtosis_excess": 16.5647604086664,
        "delta_mean_median": 0.003568093604748933
      },
      "m_e": {
        "n": 123,
        "nan_frac": 0.0,
        "mean": 0.07210972417918284,
        "median": 0.07381149381399155,
        "std": 0.33135719915856104,
        "iqr": 0.41028354689478874,
        "mad": 0.1988658383488655,
        "mad_sigma": 0.294838491936028,
        "skewness": -1.8491038737444518,
        "kurtosis_excess": 10.47391870371277,
        "delta_mean_median": -0.0017017696348087114
      },
      "m_o": {
        "n": 123,
        "nan_frac": 0.0,
        "mean": 0.095825029306144,
        "median": -0.11310559511184692,
        "std": 0.8697816206771809,
        "iqr": 1.3983114361763,
        "mad": 0.6687304973602295,
        "mad_sigma": 0.9914598353862762,
        "skewness": 0.5573346951066798,
        "kurtosis_excess": -0.640822309293847,
        "delta_mean_median": 0.20893062441799093
      },
      "d_n": {
        "n": 123,
        "nan_frac": 0.0,
        "mean": 0.17360673178502214,
        "median": 0.09804883599281311,
        "std": 0.6332762814089672,
        "iqr": 0.6205044984817505,
        "mad": 0.29925277829170227,
        "mad_sigma": 0.44367216909527774,
        "skewness": 2.070951158268161,
        "kurtosis_excess": 9.60892400916292,
        "delta_mean_median": 0.07555789579220903
      },
      "d_l": {
        "n": 123,
        "nan_frac": 0.0,
        "mean": 0.05325373940593828,
        "median": 0.24109680950641632,
        "std": 0.6628192320961643,
        "iqr": 0.9087012112140656,
        "mad": 0.3362979143857956,
        "mad_sigma": 0.49859528786838053,
        "skewness": -0.23721504086507436,
        "kurtosis_excess": 0.22209335029499755,
        "delta_mean_median": -0.18784307010047804
      },
      "d_s": {
        "n": 123,
        "nan_frac": 0.0,
        "mean": 0.05290930381998783,
        "median": -0.009953632950782776,
        "std": 0.7998618813895608,
        "iqr": 1.2480766773223877,
        "mad": 0.6092051714658737,
        "mad_sigma": 0.9032075872153044,
        "skewness": 0.6802107488249677,
        "kurtosis_excess": 0.2602760071735437,
        "delta_mean_median": 0.06286293677077061
      },
      "e_e": {
        "n": 123,
        "nan_frac": 0.0,
        "mean": -0.16897423576745318,
        "median": 0.0,
        "std": 0.774825577908544,
        "iqr": 1.416813224554062,
        "mad": 0.674490749835968,
        "mad_sigma": 0.9999999857068061,
        "skewness": -0.06298769085731994,
        "kurtosis_excess": -1.1452159624628007,
        "delta_mean_median": -0.16897423576745318
      },
      "e_s": {
        "n": 123,
        "nan_frac": 0.0,
        "mean": 0.37848873981615394,
        "median": 0.3272767961025238,
        "std": 0.8616898926816731,
        "iqr": 1.249209240078926,
        "mad": 0.639906495809555,
        "mad_sigma": 0.9487253706872463,
        "skewness": 0.6472766148843927,
        "kurtosis_excess": -0.17347776786717883,
        "delta_mean_median": 0.05121194371363014
      },
      "e_m": {
        "n": 123,
        "nan_frac": 0.0,
        "mean": 0.04878048780487805,
        "median": 0.0,
        "std": 0.5387980983993786,
        "iqr": 0.0,
        "mad": 0.0,
        "mad_sigma": 0.0,
        "skewness": 10.954825271144738,
        "kurtosis_excess": 118.00819672131142,
        "delta_mean_median": 0.04878048780487805
      }
    }
  },
  "entropy_provisional": {
    "e_m": {
      "var": 0.2903033908387865,
      "n_unique": 2,
      "nan_frac": 0.0,
      "provisional": true
    }
  },
  "tau_summary": {
    "axes": {
      "m": {
        "tau_sec": 12.0,
        "dt_sec": 4.0,
        "max_lag_sec": 60.0,
        "threshold": 0.36787944117144233,
        "nan_frac": 0.0,
        "nan_policy": "strict"
      },
      "d": {
        "tau_sec": 8.0,
        "dt_sec": 4.0,
        "max_lag_sec": 60.0,
        "threshold": 0.36787944117144233,
        "nan_frac": 0.0,
        "nan_policy": "strict"
      },
      "e": {
        "tau_sec": 12.0,
        "dt_sec": 4.0,
        "max_lag_sec": 60.0,
        "threshold": 0.36787944117144233,
        "nan_frac": 0.0,
        "nan_policy": "strict"
      }
    },
    "subcoords": {
      "m_a": {
        "tau_sec": 8.0,
        "dt_sec": 4.0,
        "max_lag_sec": 60.0,
        "threshold": 0.36787944117144233,
        "nan_frac": 0.0,
        "nan_policy": "strict"
      },
      "m_e": {
        "tau_sec": 8.0,
        "dt_sec": 4.0,
        "max_lag_sec": 60.0,
        "threshold": 0.36787944117144233,
        "nan_frac": 0.0,
        "nan_policy": "strict"
      },
      "m_o": {
        "tau_sec": 36.0,
        "dt_sec": 4.0,
        "max_lag_sec": 60.0,
        "threshold": 0.36787944117144233,
        "nan_frac": 0.0,
        "nan_policy": "strict"
      },
      "d_n": {
        "tau_sec": 8.0,
        "dt_sec": 4.0,
        "max_lag_sec": 60.0,
        "threshold": 0.36787944117144233,
        "nan_frac": 0.0,
        "nan_policy": "strict"
      },
      "d_l": {
        "tau_sec": 8.0,
        "dt_sec": 4.0,
        "max_lag_sec": 60.0,
        "threshold": 0.36787944117144233,